Factura,RECOMENDACION,Transporte,DIRECCION,COSTO,Nombre_Cliente,Nombre_Extran,Quantity,DESTINO,FECHA DE ENVIO,ESTATUS,FECHA ACTUAL,SERVICIO,FECHA DE PROGRAMACION
241835,SANCHEZ,Sanchez Barcelata C.Regreso,"DIEGO RIVERA 120, ZONA HOTELERA LAS GLORIAS, 48333, PUERTO VALLARTA, JAL",94.814,INMOBILIARIA ZIG,HOTEL PLAZA PELICANOS,10,"PUERTO VALLARTA, JAL.",05/08/2026 17:01,,,,05/08/2026
241836,TRES GUERRAS,Cobro Destino,"AV. JOSE MARIA GONZALEZ #552, ZAPOTLATENA Y FRACC CONDE PERIFERIA, 49000, CD GUZMAN, JAL",60,UTTSA INN,WYNDHAM CD GUZMAN,2,"CD GUZMAN, JAL.",05/08/2026 17:01,,,,05/08/2026
241837,TRES GUERRAS,Cobro Regreso,"BLVD DE LOS GANADEROS 1274, PERISUR, 83294, HERMOSILLO, SON",135.86,CH HERMOSILLO,COUTYARD MARRIOT HERMOSILLO A0095790,2,"HERMOSILLO, SON.",05/08/2026 17:01,,,,05/08/2026
241838,TRES GUERRAS,Cobro Regreso,"BLVD ADOLFO LOPEZ MATEOS No. 2003, BUGAMBILIAS, 37270, LEON, GTO",60,SERVICIOS COMERCIALES LEON ESTADIO,CITY PLUS LEON CENTRO DE CONVENCIONES (CPLEO),1,"LEON, GTO.",04/08/2026 17:28,,,,04/08/2026
241839,TRES GUERRAS,Cobro Regreso,"PASEO DE LA COLINA S/N, VISTA HERMOSA, 40880, IXTAPA ZIHUATANEJO, GRO",89,TOURS DE GOLF MEXICO,PACIFICA RESORTS IXTAPA,25,"IXTAPA ZIHUATANEJO, GRO.",04/08/2026 17:28,,,,04/08/2026
241841,TRES GUERRAS,Cobro Regreso,"PERIFERICO RAUL LOPEZ SANCHEZ 10995, LOS VIÑEDOS, 27019, TORREON, COA",54.69,COMPA&IA HOTELERA DE LA LAGUNA,"HAMPTON TORREÓN-AIRPORT GALERÍAS, MEXICO (TRCHA)",4,"TORREON, COA.",04/08/2026 17:28,,,,04/08/2026
241842,TRES GUERRAS,Cobro Regreso,"BOULEVARD HEROES DE CHAPULTEPEC  1702 INT B, CENTRO, 98000, ZACATECAS, ZAC",60,IMPULSORA PLAZA DE ZACATECAS,"HAMPTON ZACATECAS, MEXICO (ZCLHX)",1,"ZACATECAS, ZAC.",04/08/2026 17:28,,,,04/08/2026
241843,TRES GUERRAS,Cobro Regreso,"CARRETERA FEDERAL 45 IRAPUATO SALAMANCA, RESIDENCIAL LAS GLORIAS, 36766, SALAMANCA, GTO",133.34,BAJIO HOSPITALIDAD DE MEXICO,"HAMPTON SALAMANCA BAJIO, MEXICO (QROSA)",2,"SALAMANCA, GTO.",04/08/2026 17:28,,,,04/08/2026
241844,TRES GUERRAS,Cobro Destino,"BLVD. AEROPUERTO MIGUEL ALEMAN S/N, PARQUE INDUSTRIAL, 52000, TOLUCA, MEX",60,IMPULSORA PLAZA JUAREZ,CITY JUNIOR AEROPUERTO (CJTLC),1,"TOLUCA, MEX.",04/08/2026 17:28,,,,04/08/2026
241845,TRES GUERRAS,Cobro Destino,"HAVRE #21, JUAREZ, 06600, CIUDAD DE MEXICO, DF2",308.3,IMPULSORA PLAZA CELAYA,CITY EXPRESS PLUS EBC REFORMA (CEEBC),3,"CIUDAD DE MEXICO, DF2.",04/08/2026 17:28,,,,04/08/2026
241846,TRES GUERRAS,Cobro Regreso,"Paseo Tollocan Oriente 1132, Santa Ana Tlapaltitlán, 50160, TOLUCA, DF2",60,OPERACIONES HOTELERAS DE IXTAPAN DE LA SAL,FIESTA AMERICANA HACIENDA IXTAPAN DE LA SAL (FAHI),2,"TOLUCA, DF2.",04/08/2026 17:28,,,,04/08/2026
241847,TRES GUERRAS,Cobro Regreso,"Paseo Tollocan Oriente 1132, Santa Ana Tlapaltitlán, 50160, TOLUCA, DF2",60,OPERACIONES HOTELERAS DE IXTAPAN DE LA SAL,FIESTA AMERICANA HACIENDA IXTAPAN DE LA SAL (FAHI),1,"TOLUCA, DF2.",04/08/2026 17:28,,,,04/08/2026
241848,TRES GUERRAS,Cobro Regreso,"BLVD ADOLFO RUIZ CORTINES, GUADALUPE, 14388, TLALPAN, DF2",51.26705882,IMPULSORA PLAZA TIJUANA,CITY PLUS PERIFERICO SUR TLALPAN (CPPST),1,"TLALPAN, DF2.",04/08/2026 17:28,,,,04/08/2026
241850,TRES GUERRAS,Cobro Regreso,"CARRETERA FEDERAL PARAISO - EL BELLOTE S/N, LA CEIBA, 86607, PARAISO, TAB",89,IMPULSORA PLAZA DOS BOCAS,CITY EXPRESS PARAISO (CEPAT),1,"PARAISO, TAB.",04/08/2026 17:28,,,,04/08/2026
241851,TRES GUERRAS,Cobro Destino,"BLVD ADOLFO LOPEZ MATEOS No. 2003, BUGAMBILIAS, 37270, LEON, GTO",60,SERVICIOS COMERCIALES LEON ESTADIO,CITY JUNIOR CENTRO DE CONVENCIONES (CJLEO),5,"LEON, GTO.",04/08/2026 17:28,,,,04/08/2026
241855,TRES GUERRAS,Cobro Regreso,"BLVD ADOLFO LOPEZ MATEOS No. 2003, BUGAMBILIAS, 37270, LEON, GTO",60,SERVICIOS COMERCIALES LEON ESTADIO,CITY PLUS LEON CENTRO DE CONVENCIONES (CPLEO),1,"LEON, GTO.",04/08/2026 17:28,,,,04/08/2026
241861,TRES GUERRAS,Cobro Regreso,"ANILLO VIAL II FRAY JUNIPERO SERRA #1500, ARBOLEDAS, 76140, QUERETARO, QUE",400,KUMA DESARROLLOS,HILTON QUERETARO,21,"QUERETARO, QUE.",04/08/2026 17:28,,,,04/08/2026
241868,TRES GUERRAS,RedExpress C.Regreso,"BLVD.HAROLD R.PAPE 1909  JARDINES DE LA SALLE, JARDINES DE LA SALLE, 25750, MONCLOVA, COA",89,FIDEICOMISO F/1596,FIESTA INN MONCLOVA (FIMNC),2,"MONCLOVA, COA.",,,,,04/08/2026
241869,TRES GUERRAS,Cobro Regreso,"BLVD.PASEO DEL AEROPUERTO No.502, MOCTEZUMA 2DA. SECCION, 15530, MEXICO, DF",308.3,GRUPO POSADAS,FIESTA INN AEROPUERTO FIAPT,3,"MEXICO, DF.",,,,,04/08/2026
241870,TRES GUERRAS,Cobro Regreso,"PLAZA DE LA PAZ 105, PUERTO INTERIOR, 36275, SILAO DE LA VICTORIA, GTO",60,HOTELES EJECUTIVOS DEL PUERTO INTERIOR,FIESTA INN SILAO AEROPUERTO BAJIO (FISIL),1,"SILAO DE LA VICTORIA, GTO.",04/08/2026 17:28,,,,04/08/2026
241871,TRES GUERRAS,Cobro Regreso,"AV.JUAREZ No.76, CENTRO, 06600, MEXICO, DF",308.3,GRUPO POSADAS,FIESTA INN MEXICO CENTRO HISTORICO  (FICEN),1,"MEXICO, DF.",04/08/2026 17:28,,,,04/08/2026
241872,TRES GUERRAS,One Paqueteria C.Regreso,"MERCADERES No. 20, SAN JOSE INSURGENTES, 03900, MEXICO, DF",308.3,GRUPO POSADAS,FIESTA INN INSURGENTES SUR (FITIN),1,"MEXICO, DF.",04/08/2026 17:28,,,,04/08/2026
241873,TRES GUERRAS,Cobro Regreso,"BOULEVARD CRISTOBAL COLON # 26, FRACC. JARDINES DE LAS ANIMAS, 91190, XALAPA, VER",89,FIDEICOMISO F/1596,ONE XALAPA (1JLPA),15,"XALAPA, VER.",04/08/2026 17:28,,,,04/08/2026
241874,TRES GUERRAS,Cobro Regreso,"AVENIDA MONTAÑA MONARCA NORTE 1000, DESARROLLO MONTAÑA MONARCA, 58350, MORELIA, MCH",60,FIDEICOMISO F/1596,FIESTA INN MORELIA ALTOZANO (FIMOA),2,"MORELIA, MCH.",04/08/2026 17:28,,,,04/08/2026
241875,SANCHEZ,Cobro Regreso,"CARRETERA BARRA DE NAVIDAD KM 4.5, ZONA HOTELERA SUR, 38390, PUERTO VALLARTA, JAL",94.814,PAKEAH,"HILTON VALLARTA RIVIERA ALL-INCLUSIVE RESORT,PUERTO VALLARTA,MEXICO (PVRPA)",10,"PUERTO VALLARTA, JAL.",04/08/2026 17:28,,,,04/08/2026
241876,TRES GUERRAS,Cobro Regreso,"AVE PERIFERICO DE LA JUVENTUD 3501 PAD 02, PUERTA DE HIERRO, 31207, CHIHUAHUA, CHI",631.28,CONTROLADORA HOTELERA POH,ONE FASHION MALL CHIHUAHUA (1CHPJ),10,"CHIHUAHUA, CHI.",04/08/2026 17:28,,,,04/08/2026
241877,TRES GUERRAS,Cobro Regreso,"AV.JUAREZ No.76, CENTRO, 06600, MEXICO, DF",308.3,GRUPO POSADAS,FIESTA INN MEXICO CENTRO HISTORICO  (FICEN),1,"MEXICO, DF.",04/08/2026 17:28,,,,04/08/2026
241879,SANCHEZ,Cobro Regreso,"BLVD.FCO MEDINA ASCENCIO 2179, ZONA HOTELERA NORTE, 48333, PTO. VALLARTA, JAL",37.026,SERVICIOS ADMINISTRATIVOS LOS TULES,FIESTA AMERICANA PTO VALLARTA FAPV,3000,"PTO. VALLARTA, JAL.",04/08/2026 17:28,,,,04/08/2026
241880,TRES GUERRAS,Cobro Regreso,"AV.COSTERA MIGUEL ALEMAN # 97, CLUB DEPORTIVO, 39690, ACAPULCO, GRO",2306.95,GRUPO POSADAS,FIESTA AMERICANA VILLAS ACAPULCO (FACA),4000,"ACAPULCO, GRO.",04/08/2026 17:28,,,,04/08/2026
241883,SANCHEZ,Cobro Regreso,"Paseo de los Cocoteros # 18 Villa 8, Fracc. Naútico Turistico, 63732, NUEVO VALLARTA, NAY",92.2325,DIAMOND HOTELS NUEVO VALLARTA,BARCELO OCCIDENTAL GRAND NUEVO VALLARTA,20,"NUEVO VALLARTA, NAY.",04/08/2026 17:28,,,,04/08/2026
241887,TRES GUERRAS,Cobro Regreso,"BLVD TIJUANA ZONA INDUSTRIAL N°17226, OTAY CONSTITUYENTES, 22457, TIJUANA, BC",3892.58,FIDEICOMISO F/1596,HILTON GARDEN INN TIJUANA,1,"TIJUANA, BC.",04/08/2026 17:28,,,,04/08/2026
241888,TRES GUERRAS,Cobro Regreso,"BLVD TIJUANA ZONA INDUSTRIAL N°17226, OTAY CONSTITUYENTES, 22457, TIJUANA, BC",3892.58,FIDEICOMISO F/1596,HILTON GARDEN INN TIJUANA,2,"TIJUANA, BC.",04/08/2026 17:28,,,,04/08/2026
241890,SANCHEZ,Cobro Regreso,"FCO MED ASCENCIO 2479, ZONA HOTELERA NORTE, 48333, PUERTO VALLARTA, JAL",94.814,FIDEICOMISO F/1596,FIESTA INN PUERTO VALLARTA LA ISLA (FIPVT),4,"PUERTO VALLARTA, JAL.",04/08/2026 17:28,,,,04/08/2026
241893,TRES GUERRAS,Cobro Regreso,"AV. ALFREDO DEL MAZO #547, SAN LORENZO TEPALTITLAN, 50010, TOLUCA, DF2",60,ECO XL,CITY JUNIOR ZONA INDUSTRIAL (CJTCC),1,"TOLUCA, DF2.",04/08/2026 17:28,,,,04/08/2026
241894,TRES GUERRAS,Cobro Regreso,"LIBRAMIENTO SUR-PONIENTE #2950, SANTA ELENA, 29060, TUXTLA GUTIERREZ, CHS",89,TURISTICA DEL SUR,CITY EXPRESS TUXTLA GUTIERREZ (CETGZ),2,"TUXTLA GUTIERREZ, CHS.",04/08/2026 17:28,,,,04/08/2026
241895,TRES GUERRAS,Cobro Regreso,"CARRETERA LIBRE TIJUANA- ENSENADA, 362, REFORMA, 22710, PLAYAS DE ROSARITO, BC",89,IMPULSORA PLAZA JUAREZ,CITY EXPRESS ROSARITO (CEROS),1,"PLAYAS DE ROSARITO, BC.",04/08/2026 17:28,,,,04/08/2026
241896,PAQMEX,Cobro Regreso,"AV PEDRO CARDENAS No 3993, INFONAVIT BUENAVISTA, 87390, MATAMOROS, TAM",52,IMPULSORA PLAZA TIJUANA,CITY EXPRESS MATAMOROS (CEMAT),2,"MATAMOROS, TAM.",04/08/2026 17:28,,,,04/08/2026
241897,ONE,Cobro Regreso,"CIRCUITO JUAN PABLO II No. 1743, LA NORIA, 72410, PUEBLA, PUE",153.75,IMPULSORA PLAZA LA NORIA,CITY JUNIOR PUEBLA ANGELOPOLIS (CJPAN ),4,"PUEBLA, PUE.",04/08/2026 17:28,,,,04/08/2026
241898,TRES GUERRAS,Cobro Regreso,"GUERRERO #117, LA TRINIDAD SANCTORUM, 72730, CUAUTLANCINGO, PUE",400,GENERADORA Y DESARROLLADORA DE PROYECTOS Y SERVICIOS,CITY JUNIOR PUEBLA FINSA (CJPAU),2,"CUAUTLANCINGO, PUE.",04/08/2026 17:28,,,,04/08/2026
241899,TRES GUERRAS,Cobro Regreso,"COLIMA #93 SUR, SAN ANTONIO, 63159, TEPIC, NAY",54.69,INNOVACION SUSTENTABLE MAREN,CITY EXPRESS TEPIC (CETPQ),2,"TEPIC, NAY.",04/08/2026 17:28,,,,04/08/2026
241900,TRES GUERRAS,Cobro Regreso,"BLVD. EMILIO SANCHEZ PIEDRAS, CUAHUTEMOC, 90300, APIZACO, TLA",60,LA ESTACION DE APIZACO,CITY EXPRESS APIZACO (CETXA),1,"APIZACO, TLA.",04/08/2026 17:28,,,,04/08/2026
241901,TRES GUERRAS,Cobro Regreso,"MANUEL AVILA CAMACHO 1007 95 CUAHUTEMOC, JARDINES DE SANTA MONICA, 54050, TLANEPANTLA, CMX",60,IMPULSORA PLAZA CELAYA,CITY PLUS MUNDO E (CPSTM),2,"TLANEPANTLA, CMX.",04/08/2026 17:28,,,,04/08/2026
241902,TRES GUERRAS,Cobro Regreso,"PROL. BLVD. COSTERO # 2849 LOTE B-1 A-2 M-29, CARLOS PACHECO, 22890, ENSENADA, BC",148.34,IMPULSORA PLAZA TIJUANA OTAY,CITY EXPRESS ENSENADA (CEESE),1,"ENSENADA, BC.",04/08/2026 17:28,,,,04/08/2026
241903,TRES GUERRAS,Cobro Regreso,"ALDMA #410, BARRIO DE JALATLACO, 68080, OAXACA, OAX",89,IMPULSORA PLAZA SANTO DOMINGO,CITY CENTRO OAXACA (CCOAX),5,"OAXACA, OAX.",04/08/2026 17:28,,,,04/08/2026
241904,TRES GUERRAS,Cobro Regreso,"LATERAL SUR AUTOPISTA MEXICO-PUEBLA KM 117 No. 3, LA TRINIDAD SANCTORUM, 72730, CUAUTLANCINGO, PUE",400,GENERADORA Y DESARROLLADORA DE PROYECTOS Y SERVICIOS,CITY EXPRESS PUEBLA FINSA (CEPAU),1,"CUAUTLANCINGO, PUE.",04/08/2026 17:28,,,,04/08/2026
241905,TRES GUERRAS,Cobro Regreso,"AV REPUBLICA DE CUBA 39, CUAUHTEMOC, 21200, MEXICALI, BC",3892.58,IMPULSORA PLAZA CELAYA,CITY EXPRES PLUS MEXICALI (CPMXL),2,"MEXICALI, BC.",04/08/2026 17:28,,,,04/08/2026
241906,TRES GUERRAS,Cobro Regreso,"CARRETERA LA PAZ - PICHILINGUE KM 2.5 S/N, LOMAS DE PALMIRA, 23010, LA PAZ, BCS",113.86,IMPULSORA PLAZA VILLA HERMOSA,CITY EXPRESS LA PAZ (CELAP),1,"LA PAZ, BCS.",04/08/2026 17:28,,,,04/08/2026
241907,TRES GUERRAS,Cobro Regreso,"CARRETERA 57 #157, LA MERCEDES, 78394, SAN LUIS POTOSI, SLP",60,INMUEBLES MAJOPA,CITY JUNIOR SAN LUIS ZONA INDUSTRIAL (CJSLI),2,"SAN LUIS POTOSI, SLP.",04/08/2026 17:28,,,,04/08/2026
241908,TRES GUERRAS,Cobro Regreso,"AVENIDA 5 DE FEBRERO NO.9200, ZONA INDUSTRIAL BENITO JUAREZ, 76100, QUERETARO, QUE",400,IMPULSORA PLAZA JURICA,CITY EXPRESS QUERETARO JURICA (CEQRJ),4,"QUERETARO, QUE.",04/08/2026 17:28,,,,04/08/2026
241909,TRES GUERRAS,Cobro Regreso,"BLVD ELISEO MENDOZA BERRUETO #2501, SAN FELIPE, 26070, PIEDRAS NEGRAS, COA",89,IMPULSORA PLAZA TIJUANA,CITY EXPRESS PIEDRAS NEGRAS (CEPDS),3,"PIEDRAS NEGRAS, COA.",04/08/2026 17:28,,,,04/08/2026
241911,TRES GUERRAS,Cobro Regreso,"LEIBNITZ #120, NUEVA ANZURES, 11590, CIUDAD DE MEXICO, CMX",102.6333333,IMPULSORA PLAZA CELAYA,CITY SUITES ANZURES (CSANZ),1,"CIUDAD DE MEXICO, CMX.",04/08/2026 17:28,,,,04/08/2026
241912,TRES GUERRAS,Cobro Destino,"BLVD ADOLFO LOPEZ MATEOS No. 2003, BUGAMBILIAS, 37270, LEON, GTO",60,SERVICIOS COMERCIALES LEON ESTADIO,CITY JUNIOR CENTRO DE CONVENCIONES (CJLEO),6,"LEON, GTO.",04/08/2026 17:28,,,,04/08/2026
241913,TRES GUERRAS,Cobro Regreso,"AV. DR. MANUEL NAVA No.200, LOMAS DE LOS FILTROS, 78210, SAN LUIS POTOSI, SLP",60,IMPULSORA PLAZA GUANAJUATO,CITY EXPRESS SAN LUIS POTOSI ZONA UNIVERSITARIA (CESLU),3,"SAN LUIS POTOSI, SLP.",04/08/2026 17:28,,,,04/08/2026
241914,TRES GUERRAS,Cobro Regreso,"AVENIDA HIDALGO 2005-A, SMITH, 89140, TAMPICO, TAM",60,IMPULSORA PLAZA TAMAULIPAS,CITY EXPRESS PLUS TAMPICO (CPTAM),3,"TAMPICO, TAM.",04/08/2026 17:28,,,,04/08/2026
241915,TRES GUERRAS,Cobro Regreso,"CARR. CENTRAL MEXICO-SLP #2150, FRACC. INDUSTRIAS, 78399, SAN LUIS POTOSI, SLP",60,IMPULSORA PLAZA JUAREZ,CITY EXPRESS SAN LUIS POTOSI ZONA INDUSTRIAL (CESLP),2,"SAN LUIS POTOSI, SLP.",04/08/2026 17:28,,,,04/08/2026
241916,PAQMEX,Tres Guerras C.Destino,"BOULEVARD COSTERO S/N, PLAYA MIRAMAR, 89540, CIUDAD MADERO, TAM",104,CENTRO VACACIONAL MIRAMAR SOLIDARIDAD,CLUB MAEVA MIRAMAR,30,"CIUDAD MADERO, TAM.",04/08/2026 17:28,,,,04/08/2026
241917,TRES GUERRAS,Cobro Regreso,"BLVD. RIO SONORA NORTE No. 96, VADO DEL RÍO, 83078, HERMOSILLO, SON",135.86,IMPULSORA PLAZA HERMOSILLO,CITY EXPRESS HERMOSILLO (CEHMO),2,"HERMOSILLO, SON.",04/08/2026 17:28,,,,04/08/2026
241918,TRES GUERRAS,Cobro Regreso,"BLVD PERIFERICO LUIS ECHEVERRIA ALVAREZ #1630, REPUBLICA NORTE, 25280, SALTILLO, COA",133.34,IMPULSORA PLAZA JUAREZ,CITY EXPRESS SALTILLO NORTE (CESAL),2,"SALTILLO, COA.",04/08/2026 17:28,,,,04/08/2026
241920,TRES GUERRAS,Cobro Regreso,"LATERAL AUTOPISTA MEXICO QUERETARO #2103, ESTRELLA, 76030, QUERETARO, QUE",400,IMPULSORA PLAZA JUAREZ,CITY EXPRESS QUERETARO (CEQRO),2,"QUERETARO, QUE.",04/08/2026 17:28,,,,04/08/2026
241923,TRES GUERRAS,Cobro Regreso,"BLVD. SALMON GONZALEZ BLANCO #4350, PATRIA NUEVA, 29045, TUXTLA GUTIERREZ, CHS",89,IMPULSORA PLAZA JUAREZ,CITY JUNIOR TUXTLA GUTIERREZ POLIFORUM (CJTGZ),2,"TUXTLA GUTIERREZ, CHS.",04/08/2026 17:28,,,,04/08/2026
241924,TRES GUERRAS,Cobro Regreso,"AVENIDA DE LA INDUSTRIA #10680, LA LAGUNA DE LA PUERTA, 89609, ALTAMIRA, TAM",200,IMPULSORA PLAZA ALTAMIRA,CITY EXPRESS ALTAMIRA (CEALT),2,"ALTAMIRA, TAM.",04/08/2026 17:28,,,,04/08/2026
241925,TRES GUERRAS,Cobro Regreso,"AV. HIDALGO #5820, LOMAS DEL CHAIREL, 89360, TAMPICO, TAM",60,IMPULSORA PLAZA TAMAULIPAS,CITY EXPRESS TAMPICO (CETAM),4,"TAMPICO, TAM.",04/08/2026 17:28,,,,04/08/2026
241926,TRES GUERRAS,Cobro Regreso,"AV. ADOLFO RUIZ CORTINEZ #12, SECTOR FUNDADORES AH KIM PECH, 24028, SAN FRANCISCO DE CAMPECHE, CAM",89,IMPULSORA PLAZA JUAREZ,CITY EXPRESS CAMPECHE (CECPE),1,"SAN FRANCISCO DE CAMPECHE, CAM.",,,,,04/08/2026
241927,PAQMEX,Cobro Regreso,"CARR. REYNOSA-MATAMOROS KM 81 + 1500  S/N, PARQUE INDUSTRIAL REYNOSA  SECCION NORTE, 88788, REYNOSA, TAM",52,IMPULSORA PLAZA JUAREZ,CITY EXPRESS REYNOSA AEROPUERTO (CEREA),2,"REYNOSA, TAM.",04/08/2026 17:28,,,,04/08/2026
241928,ONE,Cobro Destino,"AV. PANAMERICANA 119, CENTRO, 20900, JESUS MARIA AGUASCALIENTES, AGS",50.42,ANGELICA RODRIGUEZ GONZALEZ,MOTEL LAS CABAÑAS,8,"JESUS MARIA AGUASCALIENTES, AGS.",04/08/2026 17:28,,,,04/08/2026
241929,TRES GUERRAS,Cobro Destino,"BLVD. HERMANOS ALDAMA No. 2620, EJIDO POMPA, 37499, LEON, GTO",60,VILLA BAJIO,HOTEL VILLA MAGNA,10,"LEON, GTO.",,,,,04/08/2026
241931,SANCHEZ,Cobro Regreso,"BLVD FRANCISCO MEDINA ASCENCIO #2860, ZONA HOTELERA NORTE, 48333, PUERTO VALLARTA, JAL",94.814,IMPULSORA PLAZA VILLA HERMOSA,CITY EXPRESS PLUS PUERTO VALLARTA (CPPVT),1,"PUERTO VALLARTA, JAL.",05/08/2026 16:09,,,,04/08/2026
241932,TRES GUERRAS,Cobro Regreso,"CARRETERA TIJUANA-ENSENADA KM 104 S/N, EL SAUZAL, 22760, ENSENADA, BC",148.34,INMOBILIARIA HOTELERA PLAZA ENSENADA,CITY EXPRESS PLUS ENSENADA (CPESE),2,"ENSENADA, BC.",,,,,04/08/2026
241934,TRES GUERRAS,Cobro Destino,"AVENIDA LAZARO CARDENAS 450, CENTRO, 61600, PATZCUARO, MCH",60,CORPORATIVO TURISTICO GB,POSADA DE DON VASCO,2,"PATZCUARO, MCH.",05/08/2026 16:09,,,,05/08/2026
241935,TRES GUERRAS,Cobro Regreso,"CALLE 60 No 346 No INT UNIDAD B ENTRE 33-A Y 35, CENTRO, 97000, MERIDA, YUC",445,IMPULSORA PLAZA CIUDAD DEL CARMEN,CITY EXPRESS PLUS MERIDA (CPMID),2,"MERIDA, YUC.",05/08/2026 16:09,,,,05/08/2026
241936,TRES GUERRAS,Cobro Regreso,"BLVD. ADOLFO LOPEZ MATEOS OTE 3002-A, SAN ISIDRO DE JEREZ, 37530, LEON, GTO",60,IMPULSORA PLAZA JUAREZ,CITY EXPRESS LEON (CELEO),1,"LEON, GTO.",05/08/2026 16:09,,,,05/08/2026
241937,TRES GUERRAS,Cobro Regreso,"AV. REFORMA S/N, LAGOS, 88290, NVO. LAREDO, TAM",52,ALLIANCE HOTEL MANAGEMENT,REAL INN NUEVO LAREDO,2,"NVO. LAREDO, TAM.",05/08/2026 16:09,,,,05/08/2026
241938,TRES GUERRAS,Cobro Regreso,"BLVD. LUIS ENRIQUE ENCINAS JHONSON S/N, LAS QUINTAS, 85448, GUAYMAS, SON",52.35666667,IMPULSORA PLAZA SAN CARLOS,CITY EXPRESS GUAYMAS (CEGYM),3,"GUAYMAS, SON.",05/08/2026 16:09,,,,05/08/2026
241939,TRES GUERRAS,Cobro Regreso,"CIRCUITO BOSQUES DE LA TRINIDAD 220, PLAN DE AYALA, 29020, TUXTLA GUTIERREZ, CHS",89,INSUMOS DE LIMPIEZA E HIGIENE,INSUMOS DE LIMPIEZA E HIGIENE,1,"TUXTLA GUTIERREZ, CHS.",05/08/2026 16:09,,,,05/08/2026
241945,TRES GUERRAS,Cobro Destino,"AV FRANCISCO I MADERO PONIENTE #313, CENTRO, 58000, MORELIA, MCH",60,TURISTICA LATINA,HOTEL ALAMEDA CENTRO HISTORICO,1,"MORELIA, MCH.",05/08/2026 16:09,,,,05/08/2026
241947,TRES GUERRAS,Cobro Regreso,"CARR.TRANSPENINSULAR KM. 10.3, FRACC.CABO DEL SOL, 23410, CABO SAN LUCAS, BCS",987.15,GRUPO POSADAS,FIESTA AMERICANA GRAND LOS CABOS (FALC),10,"CABO SAN LUCAS, BCS.",05/08/2026 16:09,,,,05/08/2026
241951,TRES GUERRAS,Cobro Regreso,"AV.PERIFERICA NTE.S/N ESQ.AV.CONCORDIA Y AV.31 COL, PETROLERA, 24170, CD.DEL CARMEN, CAM",62.69583333,PROMOTORA TURISTICA KAN-PECH,FIESTA INN CD DEL CARMEN (FICDC),2,"CD.DEL CARMEN, CAM.",05/08/2026 16:09,,,,05/08/2026
241953,TRES GUERRAS,Cobro Regreso,"AV. 5 DE FEBRERO No. 108, NIÑOS HEROES, 76010, QUERETARO, QUE",400,FIDEICOMISO F/1596,FIESTA INN QUERETARO (FIQRO),6,"QUERETARO, QUE.",05/08/2026 16:09,,,,05/08/2026
241954,ONE,Cobro Regreso,"CARRETERA PANAMERICANA KM 11.2, EJIDO DE PEÑUELAS, 20396, AGUASCALIENTES, AGS",50.42,OPERADORA DE NEGOCIOS E INMOBILIARIA AURORA,"HAMPTON AGUASCALIENTES AIRPORT, MEXICO (AGUHX)",2,"AGUASCALIENTES, AGS.",05/08/2026 16:09,,,,05/08/2026
241964,TRES GUERRAS,Cobro Destino,"AUTOPISTA MEXICO QUERETARO KM 42.5, BARRIO TEXCACOA, 54600, TEPOTZOTLAN, MEX",60,IMPULSORA PLAZA CELAYA,CITY EXPRESS TEPOTZOTLAN (CETPO),1,"TEPOTZOTLAN, MEX.",05/08/2026 16:09,,,,05/08/2026
241965,TRES GUERRAS,Cobro Regreso,"BLVD. TOMAS FERNANDEZ # 7810, PARTIDO DOBLADO, 32424, JUAREZ, CHI",52,IMPULSORA PLAZA JUAREZ,CITY EXPRESS CIUDAD JUAREZ(CECJS) / JIPJUA,2,"JUAREZ, CHI.",05/08/2026 16:09,,,,05/08/2026
241966,TRES GUERRAS,Cobro Destino,"BOULEVARD FRANCISCO VILLA 4301, 20 DE NOVIEMBRE, 34234, DURANGO, DUR",260,OPERADORA MISION DURANGO,HOTEL MISION EXPRESS DURANGO,2,"DURANGO, DUR.",05/08/2026 16:09,,,,05/08/2026
241968,TRES GUERRAS,Cobro Regreso,"BLVD ADOLFO LOPEZ MATEOS 1717, LOS GAVILANES, 37266, LEON, GTO",60,HOSPRO,"HAMPTON LEON, GUANAJUATO, MEXICO (BJXLG)",2,"LEON, GTO.",05/08/2026 16:09,,,,05/08/2026
241969,SANCHEZ,Cobro Regreso,"CARRETERA A TEPIC 155 BULEVARD NAYARIT Y CALLE INGRESO, LAS JARRETADERAS, 63735, NUEVO VALLARTA, NAY",92.2325,GOVACACIONES,"HAMPTON NUEVO VALLARTA, MEXICO (PVRNV)",6,"NUEVO VALLARTA, NAY.",05/08/2026 16:09,,,,05/08/2026
241970,TRES GUERRAS,Cobro Regreso,"CALZADA DE TLALPAN #1561, PORTALES, 03300, MEXICO, CMX",102.6333333,VANEMO,CITY EXPRESS TLALPAN (CETLA),3,"MEXICO, CMX.",05/08/2026 16:09,,,,05/08/2026
241971,TRES GUERRAS,Cobro Regreso,"BOULEVARD BELISARIO DOMINGUEZ 1641, CORREDOR COMERCIAL, 29056, TUXTLA GUTIERREZ, CHS",89,HOTELES VALLE DEL GRIJALVA,"HILTON GARDEN INN TUXTLA GUTIERREZ, MEXICO (TGZGI)",2,"TUXTLA GUTIERREZ, CHS.",05/08/2026 16:09,,,,05/08/2026
241972,TRES GUERRAS,Cobro Regreso,"BOULEVARD BELISARIO DOMINGUEZ 1641, CORREDOR COMERCIAL, 29056, TUXTLA GUTIERREZ, CHS",89,HOTELES VALLE DEL GRIJALVA,"HILTON GARDEN INN TUXTLA GUTIERREZ, MEXICO (TGZGI)",1,"TUXTLA GUTIERREZ, CHS.",05/08/2026 16:09,,,,05/08/2026
241973,TRES GUERRAS,Cobro Regreso,"BLVD. JURICA LA CAMPANA 914, RESIDENCIAL CALETTO, 76230, QUERETARO, QUE",400,GRAN CASA BUSINESS HOTEL,"HAMPTON QUERETARO, JURIQUILLA (QROJQ)",2,"QUERETARO, QUE.",05/08/2026 16:09,,,,05/08/2026
241975,TRES GUERRAS ,Cobro Regreso,"PUERTO DE ABRIGO  PROLONGACION AEROPUERTO EXT:SM 003  INT:M 113, ELECTRICISTAS, 77400, ISLA MUJERES, QR",266.6666667,OPERADORA TURISTICA MARENA,WORLDMARK BY WYNDHAM ISLA MUJERES,4,"ISLA MUJERES, QR.",05/08/2026 16:09,,,,05/08/2026
241976,TRES GUERRAS,Cobro Regreso,"BLVD VENUSTIANO CARRANZA 8800, VALLE HERMOSO, 25208, SALTILLO, COA",133.34,SERVICIOS TURISTICOS DE SALTILLO,VOCO SALTILLO (SLWVC,1,"SALTILLO, COA.",05/08/2026 16:09,,,,05/08/2026
241977,TRES GUERRAS,Cobro Regreso,"BLVD.AVILA CAMACHO#1263 ESQ.ITURBIDE, RICARDO FLORES, 91936, VERACRUZ, VER",445,HOTELES PUERTO BELLO,HOWARD JOHNSON VERACRUZ BY WYNDHAM,9,"VERACRUZ, VER.",,,,,05/08/2026
241985,TRES GUERRAS,Cobro Regreso,"CALZADA GUADALUPE #236, VALLEJO, 07870, CIUDAD DE MEXICO, CMX",102.6333333,OPERADORA DE HOTELES CELV,CITY EXPRESS LA VILLA (CEVIL),2,"CIUDAD DE MEXICO, CMX.",05/08/2026 16:09,,,,05/08/2026
241988,TRES GUERRAS,Cobro Regreso,"PASEO DE LAS ARTES 800, TECNOLOGICO, 26080, PIEDRAS NEGRAS, COA",89,ADMINISTRADORA INOVA RBC,"HAMPTON PIEDRAS NEGRAS, MEXICO (PDSHX)",2,"PIEDRAS NEGRAS, COA.",05/08/2026 16:09,,,,05/08/2026
241989,ONE,Cobro Regreso,"RETORNO FUNDIDORA 100, OBRERA, 64010, MONTERREY, NL",51.36571429,OPERADORA DE HOTELES FUNDIDORA,HOLIDAY INN PARQUE FUNDIDORA (MILENIUM) (MTYCC),2,"MONTERREY, NL.",05/08/2026 16:09,,,,05/08/2026
241992,TRES GUERRAS,Cobro Regreso,"CRISTOBAL COLON 58 OTE, CENTRO, 80000, CULIACAN, SIN",52.35666667,HOSPITALIDAD LATINA,WYNDHAM EXECUTIVO CULIACAN,5,"CULIACAN, SIN.",05/08/2026 16:09,,,,05/08/2026
241994,TRES GUERRAS,Cobro Regreso,"AV PLAZA HIDALGO 304 Y 306, PUERTO INTERIOR, 36275, SILAO DE LA VICTORIA, GTO",60,ALKOER,STAYBRIDGE SUITES SILAO (BJXPI),3,"SILAO DE LA VICTORIA, GTO.",05/08/2026 16:09,,,,05/08/2026
241995,TRES GUERRAS,Cobro Regreso,"BLVD. GARCIA MORALES 567, EL LLANO, 83210, HERMOSILLO, SON",135.86,OPERADORA DIQUI,HOLIDAY INN & SUITES HERMOSILLO AEROPUERTO (HMOAA),3,"HERMOSILLO, SON.",05/08/2026 16:09,,,,05/08/2026
241996,ONE,Cobro Regreso,"BLVD.AEROPUERTO 171, PARQUE INDUSTRIAL NEXXUS, 66600, MONTERREY, NL",51.36571429,FIDEICOMISO IRREVOCABLE DB/1616,CROWNE PLAZA MONTERREY AEROPUERTO(MTYCP),7,"MONTERREY, NL.",05/08/2026 16:09,,,,05/08/2026
241997,TRES GUERRAS,Cobro Regreso,"CARRETERA TRANSISTMICA KM 293.9, GRANADILLO, 70613, SALINA CRUZ, OAX",89,PROMOTORA TURISTICA DE OAXACA,CITY EXPRESS SALINA CRUZ (CESCX),2,"SALINA CRUZ, OAX.",05/08/2026 16:09,,,,05/08/2026
241998,TRES GUERRAS,Cobro Regreso,"BLVD. MANUEL AVILA CAMACHO #2374, COSTA DE ORO 2DA. SECCION, 94299, BOCA DEL RIO, VER",2306.95,IMPULSORA PLAZA CELAYA,CITY EXPRESS VERACRUZ (CEVER),2,"BOCA DEL RIO, VER.",05/08/2026 16:09,,,,05/08/2026
241999,TRES GUERRAS,Cobro Regreso,"AV ISLA DE TRIS LOTE 8 Y 9, PALMIRA, 24195, DEL CARMEN, CAM",62.69583333,ESTANCIAS EXTENDIDAS,EXTENDED SUITES CIUDAD DEL CARMEN AEROPUERTO,5,"DEL CARMEN, CAM.",05/08/2026 16:09,,,,05/08/2026
242000,TRES GUERRAS,Cobro Regreso,"RAMON RIVERA LARA #8651, PARTIDO SENECU, 32545, CIUDAD JUAREZ, CHI",135.86,ESTANCIAS EXTENDIDAS,EXTENDED SUITES CIUDAD JUAREZ CONSULADO,4,"CIUDAD JUAREZ, CHI.",05/08/2026 16:09,,,,05/08/2026
242001,TRES GUERRAS,Cobro Regreso,"MARIA MONTESSORI LT 1 Y 2 #4102, FRACCIONAMIENTO LAS MISIONES, 31115, CHIHUAHUA, CHI",631.28,ESTANCIAS EXTENDIDAS,EXTENDED SUITES CHIHUAHUA LA JUVENTUD,5,"CHIHUAHUA, CHI.",05/08/2026 16:09,,,,05/08/2026
242002,TRES GUERRAS,Cobro Regreso,"AVENIDA LUIS VEGA Y MONROY 410, COLINAS DEL CIMATARIO, 76090, QUERETARO, QUE",400,HOSPITALIDAD QUERETANA,"DOUBLETREE QUERETARO, MEXICO (QRODT)",1,"QUERETARO, QUE.",05/08/2026 16:09,,,,05/08/2026
242006,TRES GUERRAS,Cobro Regreso,"JAVIER ANAYA VILLAZON #104, SANTA ROSA, 96538, COATZACOALCOS, VER",65,ESTANCIAS EXTENDIDAS,HOTEL EXTENDED SUITES COATZACOALCOS FORUM,5,"COATZACOALCOS, VER.",05/08/2026 16:09,,,,05/08/2026
242008,TRES GUERRAS,Cobro Regreso,"20-A #284 INT X 5-B Y17, REVOLUCION MEXICO, 97204, MERIDA, YUC",445,ESTANCIAS EXTENDIDAS,EXTENDED SUITES MERIDA,3,"MERIDA, YUC.",05/08/2026 16:09,,,,05/08/2026
242010,TRES GUERRAS,Cobro Regreso,"CALZADA MANUEL GOMEZ MORIN #886, RIVERA DEL GONZALEZ ORTEGA, 21240, MEXICALI, BC",3892.58,ESTANCIAS EXTENDIDAS,HOTEL EXTENDED SUITES MEXICALI CATAVIÑA,2,"MEXICALI, BC.",05/08/2026 16:09,,,,05/08/2026
242011,ONE,Cobro Regreso,"AV. AYUNTAMIENTO #102, OBRAJE, 20230, AGUASCALIENTES, AGS",50.42,OPERADORA DE HOTELES DE AGUASCALIENTES,CITY JUNIOR AGUASCALIENTES CENTRO (CJAGU),2,"AGUASCALIENTES, AGS.",05/08/2026 16:09,,,,05/08/2026
242012,TRES GUERRAS,Cobro Regreso,"CALLE MIGUEL ALEMAN 737, ZONA NORTE, 85040, CIUDAD OBREGON, SON",52.69,HOTELERIA SUSTENTABLE DEL PACIFICO,HOLIDAY INN EXPRESS & SUITES CIUDAD OBREGON (CENAR),2,"CIUDAD OBREGON, SON.",05/08/2026 16:09,,,,05/08/2026
242013,TRES GUERRAS,Cobro Regreso,"BLVD. DE LAS FEDERACIONES KM 1260 No. 4023, BARRIO DE ACHICHIMÁ ACAPETAHUA, 30039, COMITÁN DE DOMÍNGUEZ, CHS",89,OPERASUR,CITY EXPRESS COMITAN (CECJT),2,"COMITÁN DE DOMÍNGUEZ, CHS.",05/08/2026 16:09,,,,05/08/2026
242014,TRES GUERRAS,Cobro Regreso,"ANDADOR PLAZA LOMAS 52, LOMAS DEL TECNOLOGICO, 78215, SAN LUIS POTOSI, SLP",60,IMPULSORA PLAZA LA ESTANCIA,CITY EXPRESS PLUS SAN LUIS POTOSI (CPSLP),2,"SAN LUIS POTOSI, SLP.",05/08/2026 16:09,,,,05/08/2026
242015,TRES GUERRAS,Cobro Regreso,"YAMAN NUMERO 113, VILLA PUERTO CEIBA, 86610, PARAISO, TAB",89,YAMAN,"HAMPTON PARAISO, TABASCO, MEXICO (AGUPT)",3,"PARAISO, TAB.",05/08/2026 16:09,,,,05/08/2026
242018,TRES GUERRAS,Cobro Destino,"BLVD. DE LAS NACIONES KM 15.05, COL. PLAN DE LOS AMATES, 39897, ACAPULCO DE JUAREZ, GRO",52,INMOBILIARIA IDEEO ONE EXPRESS,INMOBILIARIA IDEEO ONE EXPRESS,4,"ACAPULCO DE JUAREZ, GRO.",05/08/2026 16:09,,,,05/08/2026
242019,TRES GUERRAS,Cobro Destino,"CANAL DE STA. CLARA No. 1,, BARRIO DE LA COCEPCION, 76800, SAN JUAN DEL RIO, QUE",60,OPERADORA AVILA,HOTEL CASTELO,6,"SAN JUAN DEL RIO, QUE.",,,,,05/08/2026
242021,TRES GUERRAS,Cobro Regreso,"KM 0.5 CAMINO VIEJO A SAN JOSE DEL CABO, EL MEDANO, 23450, CABO SAN LUCAS, BCS",987.15,OPERADORA PALMAR CABO,VILLAS DEL PALMAR LOS CABOS,6,"CABO SAN LUCAS, BCS.",05/08/2026 16:09,,,,05/08/2026
242022,TRES GUERRAS,Cobro Regreso,"AV.COSTERA MIGUEL ALEMAN 121, FRACC. MAGALLANES, 39670, ACAPULCO DE JUAREZ, GRO",52,SERVICIOS EXTERNOS PARA HOTELES,EMPORIO ACAPULCO,20,"ACAPULCO DE JUAREZ, GRO.",05/08/2026 16:09,,,,05/08/2026
242023,TRES GUERRAS,Cobro Destino,"TLAQUEPAQUE No. 1 ANTES 210, LAS PALMAS, 62050, CUERNAVACA, MOR",0,TURISMO POSADA LAS FLORES,HOTEL QUINTA LAS FLORES,2,"CUERNAVACA, MOR.",,,,,05/08/2026
242024,ONE,One Paqueteria C.Regreso,"OCAMPO 443, CENTRO, 64000, MONTERREY, NL",51.36571429,COMPAÑIA EXPLOTADORA DE INMUEBLES MONTERREY,GAMMA MONTERREY ANCIRA (GMTAN),4,"MONTERREY, NL.",05/08/2026 16:09,,,,05/08/2026
242025,TRES GUERRAS,Cobro Regreso,"AV VILLAS DE IRAPUATO #621, 1 DE MAYO, 36644, IRAPUATO, GTO",400,HOTELES CASA INN,CASA INN BUSINESS HOTEL IRAPUATO,2,"IRAPUATO, GTO.",05/08/2026 16:09,,,,05/08/2026
242026,TRES GUERRAS,Cobro Regreso,"CALLE 20 A POR 3 C Y 5 A NUMERO 288, XCUMPICH, 97204, MERIDA, YUC",445,INMOBILIARIA PENINSULAR DG,"HAMPTON MERIDA, YUCATAN, MEXICO (MIDHX)",2,"MERIDA, YUC.",,,,,05/08/2026
242031,TRES GUERRAS,Cobro Regreso,"PASEO USUMANCITA Num.1708, CARRIZAL, 86038, VILLAHERMOSA CENTRO, TAB",89,ALTA HOTELERIA,CROWNE PLAZA VILLAHERMOSA (VSAMX),2,"VILLAHERMOSA CENTRO, TAB.",05/08/2026 16:09,,,,05/08/2026
242032,TRES GUERRAS,Cobro Regreso,"BOULEVARD J.MANUEL CLOUTHIER 245, JARDINES DEL CAMPESTRE, 37128, LEON, GTO",60,OPERCROWN,CROWNE PLAZA LEON A0155975 (BJXCP),2,"LEON, GTO.",05/08/2026 16:09,,,,05/08/2026
242033,TRES GUERRAS,Cobro Regreso,"AV PROLONGACION IGNACIO ZARAGOZA 99 INTERIOR 1, JARDINES DE LA HACIENDA, 76180, QUERETARO, QUE",400,HOSPITALIDAD CORREGIDORA DE QUERETARO,"HILTON GARDEN INN QUERETARO, MEXICO (QROPI)",2,"QUERETARO, QUE.",05/08/2026 16:09,,,,05/08/2026
242034,TRES GUERRAS,Cobro Destino,"CALLE ESQUINA 12 EXT 10 S/N, COSTA VERDE, 94294, BOCA DEL RIO, VER",2306.95,HOTELESEUROMEXICOBOCA,HOTEL PARIS FC VERACRUZ,4,"BOCA DEL RIO, VER.",,,,,05/08/2026
242036,SANCHEZ,Cobro Regreso,"Carr. a Barra de Navidad Km. 11.5, S/N, ZONA HOTELERA SUR, 48294, PUERTO VALLARTA, JAL",94.814,BCO MISMALOYA,BARCELO PUERTO VALLARTA,40,"PUERTO VALLARTA, JAL.",05/08/2026 16:09,,,,05/08/2026
242037,TRES GUERRAS,One Paqueteria C.Destino,"AV. EJERCITO MEXICANO 216  ESQ. EMILIANO ZAPATA, PRIMERO DE MAYO NORTE, 94297, BOCA DEL RIO, VER",2306.95,ALEJANDRA MARISCAL RUEDA,HOTEL IBIZA VERACRUZ,5,"BOCA DEL RIO, VER.",05/08/2026 16:09,,,,05/08/2026
242038,TRES GUERRAS,Cobro Regreso,"TENIENTE AZUETA 3, BUROCRATAS, 28259, MANZANILLO, COL",60,HOTELES DEL CAMINO DE COLIMA,HOTEL ZAR MANZANILLO,25,"MANZANILLO, COL.",,,,,05/08/2026
242044,TRES GUERRAS,Cobro Regreso,"PLAZA DE LA PAZ No. 102, PUERTO INTERIOR, 36275, SILAO, GTO",200,INVERSIONES HOTELERAS LEON-BAJIO,FAIRFIELD INN AND SUITES SILAO,1,"SILAO, GTO.",05/08/2026 16:09,,,,05/08/2026
242047,TRES GUERRAS,Cobro Destino,"PADRE HIDALGO 1490, SANTA ANA PACUECO, 36910, PENJAMO, GTO",60,MOTEL DEL CAMPO,MOTEL DEL CAMPO,1,"PENJAMO, GTO.",05/08/2026 16:09,,,,05/08/2026
242049,TRES GUERRAS,Cobro Regreso,"Lerdo #23 poniente, CENTRO, 63000, TEPIC, NAY",54.69,JORGE HUMBERTO SANCHEZ IBARRA,HOTEL FRAYJUNIPERO,30,"TEPIC, NAY.",05/08/2026 16:09,,,,05/08/2026
242050,TRES GUERRAS,Cobro Destino,"PRIVADA DEL GALLO 1525, LA AURORA, 44460, GUADALAJARA, JAL",0,VENTAS DE MOSTRADOR,VENTAS DE MOSTRADOR,1,"GUADALAJARA, JAL.",05/08/2026 16:09,,,,05/08/2026
242051,TRES GUERRAS,Cobro Regreso,"AV. REFORMA S/N, LAGOS, 88290, NVO. LAREDO, TAM",52,ALLIANCE HOTEL MANAGEMENT,REAL INN NUEVO LAREDO,2,"NVO. LAREDO, TAM.",05/08/2026 16:09,,,,05/08/2026
242052,TRES GUERRAS,Cobro Destino,"AV. HIDALGO #109 SUR, CENTRO, 99000, FRESNILLO, ZAC",60,TURIFRESNO,HOTEL DEL FRESNO,2,"FRESNILLO, ZAC.",,,,,05/08/2026
242054,TRES GUERRAS,Cobro Regreso,"AV. EJE NOR-ORIENTE LUIS DONALDO COLOSIO No. 203, SANTA LUCIA, 38080, CELAYA, GTO",100,HOTELES Y DESARROLLOS BCG,CITY EXPRESS CELAYA GALERIAS (CECEG),2,"CELAYA, GTO.",05/08/2026 16:09,,,,05/08/2026
242056,TRES GUERRAS,Cobro Regreso,"BLVD PASEO SOLIDARIDAD #15595, EJIDO LO DE JUAREZ, 36630, IRAPUATO, GTO",400,IMPULSORA HOTELERA DE IRAPUATO,CITY EXPRESS IRAPUATO NORTE (CEIRN),2,"IRAPUATO, GTO.",,,,,05/08/2026
242061,TRES GUERRAS,Cobro Destino,"CALLE RIO SINALOA 1, GUADALUPE, 80220, CULIACAN, SIN",52.35666667,SERVICIOS TURCASA,HOTEL SAN LUIS,6,"CULIACAN, SIN.",06/08/2026 16:58,,,,07/08/2026
242063,TIBSA C.Destino,TIBSA C.Destino,"AV.ZARAGOZA NO.267-B, CENTRO, 73080, XICOTEPEC DE JUAREZ, PUE",53.1,HOTELES MI RANCHITO,HOTEL MI RANCHITO,5,"XICOTEPEC DE JUAREZ, PUE.",,,,,07/08/2026
242064,TRES GUERRAS,Cobro Regreso,"ANTONIO DOVALI JAIME 70, SANTA FE, 01219, ALVARO OBREGON, CMX",77.075,OPERADORA DE HOTELES SAMARA,"HILTON MEXICO CITY SANTA FE, MEXICO (MEXSA)",3,"ALVARO OBREGON, CMX.",07/08/2026 16:58,,,,07/08/2026
242065,TRES GUERRAS,Cobro Destino,"AV FRANCISCO I MADERO PONIENTE #313, CENTRO, 58000, MORELIA, MCH",60,TURISTICA LATINA,HOTEL ALAMEDA CENTRO HISTORICO,12,"MORELIA, MCH.",07/08/2026 16:58,,,,07/08/2026
242066,TRES GUERRAS,Cobro Regreso,"CARRET.MIGUEL ALEMAN 238 ESQ.CON OLIMPIA, NUEVA LINDA VISTA, 67110, GUADALUPE, NL",60,DESARROLLOS INMOBILIARIOS MALSA,QUALITY INN MONTERREY LA FE (143216),2000,"GUADALUPE, NL.",,,,,07/08/2026
242068,TRES GUERRAS,Tres Guerras C.Destino,"LIBRAMIENTO M.PEREZ TREVIÑO No.2300, TECNOLOGICO, 26080, PIEDRAS NEGRAS, COA",89,SALINAS OPERADORA,HOTEL COUNTRY HILL,4,"PIEDRAS NEGRAS, COA.",07/08/2026 16:58,,,,07/08/2026
242069,TRES GUERRAS,Cobro Regreso,"BOULEVARD ATLIXCAYOTL 2528, RESERVA TERRITORIAL ATLIXCAYOTL, 72830, SAN ANDRES, PUE",60,OPERADORA TURISTICA SEBASTOPOL,"HILTON GARDEN INN PUEBLA ANGELÓPOLIS, MEXICO (PBCGI)",6,"SAN ANDRES, PUE.",06/08/2026 16:58,,,,07/08/2026
242071,TRES GUERRAS,Cobro Regreso,"LOTE 12, MANZANA 25 DEL PREDIO DENOMINADO, ENSENADA BLANCA, 23895, LORETO, BCS",113.86,OPERADORA BAHIA DE LORETO,VILLAS DEL PALMAR LORETO,2000,"LORETO, BCS.",06/08/2026 16:58,,,,07/08/2026
242072,TRES GUERRAS,Cobro Regreso,"BOULEVARD ATLIXCAYOTL 2528, RESERVA TERRITORIAL ATLIXCAYOTL, 72830, SAN ANDRES, PUE",60,OPERADORA TURISTICA SEBASTOPOL,"HILTON GARDEN INN PUEBLA ANGELÓPOLIS, MEXICO (PBCGI)",1,"SAN ANDRES, PUE.",06/08/2026 16:58,,,,07/08/2026
242073,TRES GUERRAS,Cobro Regreso,"CALZADA NIÑOS HEROES DE CHAPULTEPEC  #300, CENTRO, 68000, OAXACA DE JUAREZ, OAX",89,PROMOTORA TURISTICA DE OAXACA,CITY EXPRESS OAXACA (CEOAX),3,"OAXACA DE JUAREZ, OAX.",06/08/2026 16:58,,,,07/08/2026
242074,TRES GUERRAS,Cobro Regreso,"AV. UNIVERSIDAD 375, CENTRO, 78000, SAN LUIS POTOSI, SLP",60,INVERSIONES POTOSINAS,HOTEL PANORAMA,3,"SAN LUIS POTOSI, SLP.",07/08/2026 16:58,,,,07/08/2026
242075,TRES GUERRAS,Cobro Destino,"GUADALUPE VICTORIA 26, MORELIA CENTRO, 58000, MORELIA, MCH",60,ADMINISTRADORA TURISTICA MS,HOTEL RYMMA,4,"MORELIA, MCH.",07/08/2026 16:58,,,,07/08/2026
242078,TRES GUERRAS,Cobro Destino,"AV VICENTE GUERRERO 18, CENTRO, 59600, ZAMORA, MCH",133.34,INMOBILIARIA FALME,EL HOTEL BUSINESS CLASS,2,"ZAMORA, MCH.",07/08/2026 16:58,,,,07/08/2026
242079,TRES GUERRAS,Tres Guerras Ocurre Oficina,"BOULEVARD ADOLFO RUIZ CORTINES 1328, CAZONES, 93230, POZA RICA DE HIDALGO, VER",89,HOTELES EURO MEXICO POZA RICA,HOTEL PARIS FC,4,"POZA RICA DE HIDALGO, VER.",07/08/2026 16:58,,,,07/08/2026
242082,TRES GUERRAS,Cobro Destino,"AV.ALVARO OBREGON 1710, CENTRO, 23000, LA PAZ, BCS",113.86,NAYTA,SEVEN CROWN MALECON,3,"LA PAZ, BCS.",07/08/2026 16:58,,,,07/08/2026
242084,ONE,Cobro Destino,"AV INDEPENDENCIA 1860, JARDINES DE LA CONCEPCION, 20120, AGUASCALIENTES, AGS",50.42,SERGIO QUEZADA LEOS,HOTEL VIVE PLACE,2,"AGUASCALIENTES, AGS.",07/08/2026 16:58,,,,07/08/2026
242086,TRES GUERRAS,Cobro Destino,"GABRIEL LEYVA 405 NORTE, CENTRO, 81200, LOS MOCHIS, SIN",52,RB OPERADORA TURISTICA,WYNDHAM LOS MOCHIS,1,"LOS MOCHIS, SIN.",07/08/2026 16:58,,,,07/08/2026
242087,TRES GUERRAS,Cobro Regreso,"CALLE GALEANA 42, ACAPANTZINGO, 62440, CUERNAVACA, MOR",400,OPERADORA HANNAHMAY,HOLIDAY INN CUERNAVACA (CVJMX),2,"CUERNAVACA, MOR.",07/08/2026 16:58,,,,07/08/2026
242088,TRES GUERRAS,Cobro Regreso,"PERIFERICO CARLOS PELLICER CAMARA 4000, LA CHOCA, 86037, VILLAHERMOSA, TAB",89,SERVICIOS TURISTICOS Y HOTELEROS VILLAHERMOSA,HOLIDAY INN EXPRESS VILLAHERMOSA TABASCO 2000 (VSASA),4,"VILLAHERMOSA, TAB.",07/08/2026 16:58,,,,07/08/2026
242090,ONE,Cobro Regreso,"JOSE MARIA CHAVEZ  #101, CENTRO, 20000, AGUASCALIENTES, AGS",50.42,OPERADORA RIO GRANDE,QUALITY INN AGUASCALIENTES (143211),1,"AGUASCALIENTES, AGS.",07/08/2026 16:58,,,,07/08/2026
242091,SANCHEZ,Cobro Regreso,"CARRETERA BARRA DE NAVIDAD KM 4.5, ZONA HOTELERA SUR, 38390, PUERTO VALLARTA, JAL",94.814,PAKEAH,"HILTON VALLARTA RIVIERA ALL-INCLUSIVE RESORT,PUERTO VALLARTA,MEXICO (PVRPA)",5,"PUERTO VALLARTA, JAL.",07/08/2026 16:58,,,,07/08/2026
242092,TRES GUERRAS,Cobro Regreso,"CALZADA ADOLFO  LOPEZ MATEOS 3616 H, SAN LORENZO TEOTIPILCO, 75855, TEHUACAN, PUE",89,IMPULSORA BHAMDOUN,CITY EXPRESS TEHUACAN (CETCN),5,"TEHUACAN, PUE.",07/08/2026 16:58,,,,07/08/2026
242093,TRES GUERRAS,Cobro Regreso,"AV PASEO DEL PALMAR 6101, MARINA MAZATLAN, 82103, MAZATLAN, SIN",51.37931034,HOTELERIA MZT,CITY EXPRESS PLUS MAZATLAN (CPMZT),3,"MAZATLAN, SIN.",06/08/2026 16:58,,,,07/08/2026
242096,TRES GUERRAS,Cobro Regreso,"AV CONSTITUYENTES  2, CENTRO, 77710, PLAYA DEL CARMEN, QR",84,INMOBILIARIA Y PROYECTOS TRPLAYA,HYATT VIVID PLAYA DEL CARMEN,40,"PLAYA DEL CARMEN, QR.",,,,,07/08/2026
242097,TRES GUERRAS,Cobro Regreso,"CARRETERA FEDERAL CHETUMAL, PUERTO  JUAREZ KM 298, SOLIDARIDAD, 77710, PLAYA DEL CARMEN, QR",84,HOTEL HOYO UNO,ALILA MAYAKOBA,1,"PLAYA DEL CARMEN, QR.",07/08/2026 16:58,,,,07/08/2026
242098,TRES GUERRAS,Cobro Regreso,"CARRETERA FEDERAL CHETUMAL, PUERTO  JUAREZ KM 298, SOLIDARIDAD, 77710, PLAYA DEL CARMEN, QR",84,HOTEL HOYO UNO,ALILA MAYAKOBA,8,"PLAYA DEL CARMEN, QR.",07/08/2026 16:58,,,,07/08/2026
242099,TRES GUERRAS,One Paqueteria C.Regreso,"AV REVOLUCION #333, TACUBAYA, 11870, CDMX, CMX",60,HOTEL FLAMINGOS PLAZA,COURTYARD MEXICO CITY REVOLUCION,10,"CDMX, CMX.",07/08/2026 16:58,,,,07/08/2026
242100,TRES GUERRAS,Cobro Regreso,"BLVD.AEROPUERTO 400, PARQUE INDUSTRIAL MILEMIUM, 66600, APODACA, NL",60,FIDEICOMISO IRREVOCABLE DB/1616,HOLIDAY INN EXPRESS & SUITES MONTERREY AEROPUERTO(MTYZO),4,"APODACA, NL.",06/08/2026 17:01,,,,07/08/2026
242101,TRES GUERRAS,Cobro Regreso,"BLVD. LA MARINA 2207 INT A, MARINA, 82103, MAZATLAN, SIN",51.37931034,NUS ADMINISTRADORA DE INMUEBLES,WYNDHAM GARDEN MAZATLAN (MZTWM),2,"MAZATLAN, SIN.",06/08/2026 17:01,,,,07/08/2026
242104,SANCHEZ,Cobro Regreso,"CARRETERA FEDERAL LIBRE 200 TEPIC-PUERTO VALLARTA, EL MONTEON, 63724, COMPOSTELA, NAY",36.66375,MAJAHUA RESORTS,ONE & ONLY MANDARINA,9,"COMPOSTELA, NAY.",07/08/2026 17:01,,,,07/08/2026
242105,SANCHEZ,Cobro Regreso,"CARRETERA FEDERAL LIBRE 200 TEPIC-PUERTO VALLARTA, EL MONTEON, 63724, COMPOSTELA, NAY",36.66375,MAJAHUA RESORTS,ONE & ONLY MANDARINA,1,"COMPOSTELA, NAY.",,,,,07/08/2026
242106,TRES GUERRAS,Cobro Destino,"CARRETERA 180 KM 147, , 95870, CATEMACO, VER",89,HOTEL LA FINCA,HOTEL LA FINCA,10,"CATEMACO, VER.",07/08/2026 16:58,,,,07/08/2026
242108,ONE,Cobro Regreso,"JOSE MARIA CHAVEZ  #101, CENTRO, 20000, AGUASCALIENTES, AGS",50.42,OPERADORA RIO GRANDE,QUALITY INN AGUASCALIENTES (143211),2,"AGUASCALIENTES, AGS.",07/08/2026 15:42,,,,07/08/2026
242109,MAS APRISA,Fletera Sugerida x Comentarios C.Destino,"AV. CORREGIDORA #1180, NUEVA, 60673, APATZINGAN, MCH",0,ROBERTO GARCIA MEDINA,HOTEL POSADA DEL SOL,6,"APATZINGAN, MCH.",07/08/2026 15:42,,,,07/08/2026
242110,TRES GUERRAS,Cobro Regreso,"AV BENITO JUAREZ 1270, VALLE DORADO, 78399, SAN LUIS POTOSI, SLP",60,TURISTICA ARIZONA,HOLIDAY INN EXPRESS SAN LUIS POTOSI A0201813 (SLPMV),1,"SAN LUIS POTOSI, SLP.",07/08/2026 15:42,,,,07/08/2026
242111,TRES GUERRAS,Cobro Regreso,"AV PASEO DE LA REFORMA No 334, JUAREZ, 06600, MEXICO, CMX",102.6333333,OPERADORA METROPOL,CITY PLUS REFORMA DEL ANGEL (CEANG),10,"MEXICO, CMX.",07/08/2026 15:42,,,,07/08/2026
242113,ONE,One Paqueteria C.Destino,"JUAN DE PALAFOX Y MENDOZA # 205, CENTRO, 72000, PUEBLA, PUE",153.75,HOTEL DEL PORTAL,HOTEL DEL PORTAL,13,"PUEBLA, PUE.",07/08/2026 15:42,,,,07/08/2026
242114,TRES GUERRAS,Cobro Regreso,"CARRETERA GASA DE INCORPORACION A CARRETERA QERETARO SAN LUIS POTOSI 681, JURICA, 76100, QUERETARO, QUE",400,HOSPITALIDAD DE JURIQUILLA,"HOMEWOOD SUITES QUERETARO, MEXICO (QROHW)",2,"QUERETARO, QUE.",07/08/2026 15:42,,,,07/08/2026
242115,TRES GUERRAS,Cobro Regreso,"PASEO DE LOS HEROES 9902, ZONA URBANA RIO, 22010, TIJUANA, BC",3892.58,ADMINISTRADORA DE HOTELES GRT,REAL INN TIJUANA,2,"TIJUANA, BC.",07/08/2026 15:42,,,,07/08/2026
242116,TRES GUERRAS,Cobro Destino,"AV. REFORMA SUR #206, CENTRO, 75700, TEHUACAN, PUE",89,HOTEL DE SERVICIOS DE TEHUACAN,HOTEL CASA REAL DE TEHUACAN,2,"TEHUACAN, PUE.",07/08/2026 15:42,,,,07/08/2026
242117,ONE,Cobro Regreso,"AV.PASEO TOLLOCAN ORIENTE 750, FRANCISCO I. MADERO, 52170, METEPEC, MEX",50.723,SERVICIOS GLOBALES EN HOTELERIA DEL ESTADO DE MEXICO,CROWNE PLAZA TOLUCA (TLUCP),2,"METEPEC, MEX.",07/08/2026 15:42,,,,07/08/2026
242118,TRES GUERRAS,Cobro Destino,"LAZARO CARDENAS #9, ALAMOS CENTRO, 85760, ALAMOS, SON",111.25,ALAMOS TEX HOTEL,ALAMOS BONITO CENTRO HISTORICO,12,"ALAMOS, SON.",07/08/2026 15:42,,,,07/08/2026
242119,TRES GUERRAS,Cobro Regreso,"REVILLAGIGEDO #23, CENTRO AREA 5, 06050, CUAUHTEMOC, CMX",60,CADAG,CITY EXPRESS CIUDAD DE MEXICO ALAMEDA (CEALM),2,"CUAUHTEMOC, CMX.",07/08/2026 15:42,,,,07/08/2026
242120,SANCHEZ,Cobro Regreso,"CARRETERA BARRA DE NAVIDAD KM 4.5, ZONA HOTELERA SUR, 38390, PUERTO VALLARTA, JAL",94.814,PAKEAH,"HILTON VALLARTA RIVIERA ALL-INCLUSIVE RESORT,PUERTO VALLARTA,MEXICO (PVRPA)",3,"PUERTO VALLARTA, JAL.",07/08/2026 15:42,,,,07/08/2026
242121,TRES GUERRAS,Cobro Regreso,"KM 18.4 CARRETERA TRANSPENINSULAR SJC-CSL, LOMAS DEL TULE, 23405, SAN  JOSE DEL CABO, BCS",247.36,ALMACENES PALACE RESORTS,LE BLANC CABOS,2,"SAN  JOSE DEL CABO, BCS.",07/08/2026 15:42,,,,07/08/2026
242122,TRES GUERRAS,Cobro Regreso,"AV EJE NOR-ORIENTE 215 INT MANZANA 177, , 38080, CELAYA, GTO",100,OVQ CELAYA,CANDLEWOOD SUITES CELAYA (BJXCA),2,"CELAYA, GTO.",07/08/2026 15:42,,,,07/08/2026
242123,TRES GUERRAS,Cobro Regreso,"KM 18.4 CARRETERA TRANSPENINSULAR SJC-CSL, LOMAS DEL TULE, 23405, SAN  JOSE DEL CABO, BCS",247.36,ALMACENES PALACE RESORTS,LE BLANC CABOS,2,"SAN  JOSE DEL CABO, BCS.",07/08/2026 15:42,,,,07/08/2026
242125,TRES GUERRAS,Cobro Regreso,"CARR MEXICO TOLUCA 5454, EL YAQUI, 05320, MEXICO, CMX",102.6333333,HOTEL SI CIUDAD DE MEXICO SENDERO,SLEEP INN MEXICO (143224),1,"MEXICO, CMX.",07/08/2026 15:42,,,,07/08/2026
242127,TRES GUERRAS,Tres Guerras Ocurre Oficina,"CARR MEXICO PACHUCA KM 3.48, EJIDO DE SANTA MATILDE, 42119, PACHUCA, HID",60,HOTELES ECOTURISTICOS MEXICANOS,HOTEL EL PARAISO MINERAL DEL CHICO,2,"PACHUCA, HID.",07/08/2026 15:42,,,,07/08/2026
242128,TRES GUERRAS,Cobro Regreso,"CALLE 3 NUMERO 55 ENTRE BARROS SIERRA Y AV SANTA FE, LOMAS DE SANTA FE, 01219, , CMX",60,OPERADORA 26 SANTA FE,"DOUBLETREE MEXICO CITY SANTA FE, MEXICO (MEXST)",2,", CMX.",07/08/2026 15:42,,,,07/08/2026
242129,TRES GUERRAS,Cobro Regreso,"BLVD GANADEROS 1248 PERISUR HERMOSILLO, , 83294, HERMOSILLO, SON",135.86,GRUPO HOTELERO HISPANOAMERICANO,CITY EXPRESS HERMOSILLO EXPO (CEHME),2,"HERMOSILLO, SON.",07/08/2026 15:42,,,,07/08/2026
242131,TRES GUERRAS,Cobro Regreso,"PROLONGACION AVENIDA ALVARO OBREGON NUMERO 4200, NUEVO NOGALES, 84092, NOGALES, SON",89,IMPULSORA PLAZA TIJUANA,CITY EXPRESS NOGALES (CENOG),2,"NOGALES, SON.",07/08/2026 15:42,,,,07/08/2026
242132,PAQMEX,Cobro Regreso,"BLVD HIDALGO No 480, LOMAS REAL DE LOMAS, 88730, REYNOSA, TAM",52,IMPULSORA PLAZA REYNOSA,CITY EXPRESS REYNOSA (CEREX),2,"REYNOSA, TAM.",07/08/2026 15:42,,,,07/08/2026
242133,TRES GUERRAS,Cobro Regreso,"AVENIDA LUIS VEGA Y MONROY 410, COLINAS DEL CIMATARIO, 76090, QUERETARO, QUE",400,HOSPITALIDAD QUERETANA,"DOUBLETREE QUERETARO, MEXICO (QRODT)",2,"QUERETARO, QUE.",07/08/2026 15:42,,,,07/08/2026
242134,TRES GUERRAS,Cobro Regreso,"BLVD ADOLFO LOPEZ MATEOS 201, CENTRO CIVICO, 21000, MEXICALI, BC",3892.58,FIDEICOMISO F/1596,ALTEQUIPA,61,"MEXICALI, BC.",07/08/2026 15:42,,,,07/08/2026
242136,TRES GUERRAS,Cobro Regreso,"Paseo Río Sonora Norte 172, PROYECTO RÍO SONORA, 83270, HERMOSILLO, SON",135.86,FIDEICOMISO IRREVOCABLE DB/1616,HAMPTON HERMOSILLO MEXICO (HMORS),4,"HERMOSILLO, SON.",07/08/2026 15:42,,,,07/08/2026
242137,TRES GUERRAS,Cobro Regreso,"CARR MIGUEL ALEMAN KM 23.7 SN, , 66615, APODACA, NL",60,HOTELERA DE APODACA,"HAMPTON MONTERREY-AIRPORT, N.L., MEXICO (MTYAP)",2,"APODACA, NL.",07/08/2026 15:42,,,,07/08/2026
242139,TRES GUERRAS,Cobro Destino,"AV TECNOLOGICO 2661, LAGOS DEL COUNTRY, 63175, TEPIC, NAY",54.69,OPERADORA TURISTICA IM,OPERADORA TURISTICA IM,2,"TEPIC, NAY.",07/08/2026 17:47,,,,07/08/2026
242141,TRES GUERRAS,Cobro Destino,"ROSALES 292, FRACC JARDINES DE VIRGINIA, 94294, BOCA DEL RIO, VER",2306.95,VERONICA ROMERO VALDEZ,HOTEL AROMAS CAMPESTRE,2,"BOCA DEL RIO, VER.",07/08/2026 17:47,,,,07/08/2026
242142,ONE,Cobro Destino,"AV. 3 PTE 524, CENTRO, 72000, PUEBLA, PUE",153.75,OPERADORA Y COMERCIALIZADORA DE HOTELES GRL,CASA HAUS HOTEL,1,"PUEBLA, PUE.",07/08/2026 17:47,,,,07/08/2026
242143,TRES GUERRAS,Cobro Destino,"CARRETERA A MIELERAS KM 1.5 S/N, MONTEBELLO, 27274, TORREON, COA",54.69,QR TORREON,AZUL TALAVERA,1,"TORREON, COA.",07/08/2026 17:47,,,,07/08/2026
242145,CASTORES,Cobro Destino,"CALLE HIDALGO PTE. SN, CENTRO, 89780, GOMEZ FARIAS, TAM",0,HOTEL CUMBRES DEL CIELO,HOTEL CUMBRES DEL CIELO,2,"GOMEZ FARIAS, TAM.",13/08/2026 16:19,,,,07/08/2026
242146,TRES GUERRAS,Cobro Destino,"VENUSTIANO CARRANZA 69, CENTRO (AREA 1), 06000, CUAUHTEMOC, CMX",60,OPERADORA DE HOTELES UMBRAL,"CURIO - A COLLECTION BY HILTON UMBRAL, MEXICO (MEXUB)",1,"CUAUHTEMOC, CMX.",07/08/2026 17:47,,,,07/08/2026
242147,TRES GUERRAS,Cobro Destino,"RAMON CORRAL DE DIOS S/N, LA VENTA, 76800, SAN JUAN DEL RIO, QUE",60,OPERADORA TURISTICA GOMARTI,HOTEL HACIENDA LA VENTA,5,"SAN JUAN DEL RIO, QUE.",07/08/2026 17:47,,,,07/08/2026
242149,TRES GUERRAS,Cobro Destino,"PIRINDAS #435, FELIX IRETA, 58070, MORELIA, MCH",60,SERVICIOS TURISTICOS MAZZ,GRAND CATALAGUA,2,"MORELIA, MCH.",07/08/2026 17:47,,,,07/08/2026
242150,TRES GUERRAS,Cobro Regreso,"Rio Misisipi # 58, Cuauhtemoc Delegación cuauhtémoc, 06500, CIUDAD DE MEXICO, CMX",102.6333333,BOTANICAROMATICA,XINU,2,"CIUDAD DE MEXICO, CMX.",07/08/2026 17:47,,,,07/08/2026
242152,TINY PACK,Cobro Regreso,"DE LOS ENEBROS No.449, LOS MANGOS II, 82128, MAZATLAN, SIN",51.37931034,MARCO ANTONIO GUERRERO NORIS,MG COMERCIALIZADORA,40,"MAZATLAN, SIN.",06/08/2026 17:01,,,,07/08/2026
242153,SANCHEZ,Cobro Destino,"CALLE JUAREZ 122, CENTRO, 48300, PUERTO VALLARTA, JAL",94.814,OPERADORA REAL DE CUALE,HOTEL ENCINO,6,"PUERTO VALLARTA, JAL.",07/08/2026 17:47,,,,07/08/2026
242156,TRES GUERRAS,Cobro Regreso,"AV. PLAYA GAVIOTAS#100, FRACC. ZONA DORADA, 82110, MAZATLAN, SIN",51.37931034,FOMENTO TURISTICO DE MAZATLAN,GAVIANNA MAZATLAN,30,"MAZATLAN, SIN.",06/08/2026 17:01,,,,07/08/2026
242164,TRES GUERRAS,Cobro Destino,"CARR FEDERAL MEXICO - PACHUCA KM 34.50 MANZANA 1 LOTE 1E, FRACC. SIERRA HERMOSA, 55749, SANTA CRUZ TECÁMAC, MEX",60,REHAT HOTELS,HOTEL VERTICCA,1,"SANTA CRUZ TECÁMAC, MEX.",07/08/2026 17:47,,,,07/08/2026
242165,TRES GUERRAS,Cobro Regreso,"BLVD MANUEL AVILA CAMACHO LOTE 5, COSTA DE ORO 1ERA SECCION, 94299, BOCA DEL RIO VERACRUZ, VER",445,PROMOTORA PLATINIUM,"HILTON GARDEN INN BOCA DEL RIO, VERACRUZ MEXICO (VERBR)",4,"BOCA DEL RIO VERACRUZ, VER.",07/08/2026 17:47,,,,07/08/2026
242166,TRES GUERRAS,Cobro Destino,"AVENIDA CRESCENCIO ROSAS 21, SAN ANTONIO, 29250, SAN CRISTOBAL DE LAS CASAS, CHS",89,OPERADORA TURISTICA SAN MARCOS,HOTEL SAN MARCOS,4,"SAN CRISTOBAL DE LAS CASAS, CHS.",07/08/2026 17:47,,,,07/08/2026
242167,TRES GUERRAS,Cobro Destino,"AV PERIFERICO CARLOS PELLICER CARMARA 629, PRIMERO DE MAYO, 86190, VILLAHERMOSA, TAB",89,FONTAU,AUTO HOTEL COSTA AZUL,12,"VILLAHERMOSA, TAB.",07/08/2026 17:47,,,,07/08/2026
242168,TRES GUERRAS,Cobro Destino,"CIRCUITO BALCONES #137 INT1, BALCONES DE JURIQUILLA, 76230, QUERETARO, QUE",400,GRUPO VAZCORBARSA,HACIENDA TOVARES,3,"QUERETARO, QUE.",07/08/2026 17:47,,,,07/08/2026
242171,TRES GUERRAS,Cobro Regreso,"BLVD. SANCHES TABOADA #9589, MARRON, 22015, TIJUANA, BC",3892.58,IMPULSORA SUITES RIO,CITY SUITES TIJUANA RIO (CSTIR),3,"TIJUANA, BC.",07/08/2026 17:47,,,,07/08/2026
242172,TRES GUERRAS,Cobro Regreso,"JUAREZ No 1, JUSTO SIERRA, 24114, DEL CARMEN, CAM",62.69583333,IMPULSORA PLAZA CIUDAD DEL CARMEN,CITY EXPRESS CIUDAD DEL CARMEN (CECME ),1,"DEL CARMEN, CAM.",07/08/2026 17:47,,,,07/08/2026
242173,TRES GUERRAS,Cobro Regreso,"CARRETERA FEDERAL SLP-QRO 10685, EL SALITRE, 76127, QUERETARO, QUE",400,ATENCION RAPIDA HOSPITALARIA,STAYBRIDGE SUITES QUERETARO (MQESB),1,"QUERETARO, QUE.",07/08/2026 17:47,,,,07/08/2026
242174,TRES GUERRAS,Cobro Regreso,"PASEO DE LA CHOCA 107, TABASCO 2000, 86035, VILLAHERMOSA, TAB",89,INMOBILIARIA RIG,COUTYARD MARRIOT VILLAHERMOSA TABASCO A0099667,1,"VILLAHERMOSA, TAB.",07/08/2026 17:47,,,,07/08/2026
242175,TRES GUERRAS,Tres Guerras Ocurre Oficina,"INDEPENDENCIA 6, CENTRO, 76340, JALPAN DE SERRA, QUE",60,PROMOTORA TURISTICA TREGA,HOTEL MARIA DEL CARMEN,5,"JALPAN DE SERRA, QUE.",07/08/2026 17:47,,,,07/08/2026
242176,FLETES DE REGRESO,Cobro Regreso,"KM 3 5 C PALENQUE OCOSINGO S/N, NUTUTUN, 29960, PALENQUE, CHS",52,HECTOR FRANCISCO VILLA AGUERO,GAMMA PALENQUE NUTUTUN,8,"PALENQUE, CHS.",07/08/2026 17:47,,,,07/08/2026
242177,TRES GUERRAS,Cobro Regreso,"MELCHOR OCAMPO # 717, CENTRO, 68000, OAXACA DE JUAREZ, OAX",89,AUDELIA PEREZ LEON,PRODUCTOS DE LIMPIEZA DEL VALLE,60,"OAXACA DE JUAREZ, OAX.",07/08/2026 17:47,,,,07/08/2026
242179,TRES GUERRAS,Cobro Destino,"JACARANDAS 122, SAN MARCOS, 42831, TULA DE ALLENDE, HID",133.34,M&C&S PROMOTORES INTERNACIONALES ESPECIALIZADOS HOTELERIA,HOTEL REAL DEL BOSQUE,1,"TULA DE ALLENDE, HID.",07/08/2026 17:47,,,,07/08/2026
242180,TRES GUERRAS,Cobro Destino,"MELCHOR OCAMPO 200, CENTRO, 42800, TULA DE ALLENDE, HID",133.34,M&C&S PROMOTORES INTERNACIONALES ESPECIALIZADOS HOTELERIA,HOTEL LIZBETH,1,"TULA DE ALLENDE, HID.",07/08/2026 17:47,,,,07/08/2026
242181,TRES GUERRAS,Cobro Destino,"ZARAGOZA 106, CENTRO, 42800, TULA DE ALLENDE, HID",133.34,M&C&S PROMOTORES INTERNACIONALES ESPECIALIZADOS HOTELERIA,HOTEL REAL CATEDRAL,2,"TULA DE ALLENDE, HID.",07/08/2026 17:47,,,,07/08/2026
242182,TRES GUERRAS,Cobro Regreso,"BLVD VENUSTIANO CARRANZA 8800, VALLE HERMOSO, 25208, SALTILLO, COA",133.34,SERVICIOS TURISTICOS DE SALTILLO,VOCO SALTILLO (SLWVC,2,"SALTILLO, COA.",07/08/2026 17:47,,,,07/08/2026
242183,TRES GUERRAS,Cobro Regreso,"AV VENUSTIANO CARRANZA #1513, LOS ALAMOS, 78174, SAN LUIS POTOSI, SLP",60,IMPULSORA PLAZA JUAREZ,CITY JUNIOR SAN LUIS POTOSI CARRANZA (CJSLP),4,"SAN LUIS POTOSI, SLP.",07/08/2026 17:47,,,,07/08/2026
242184,ONE,Cobro Destino,"BLVD. JUAN PABLO II  #1755, LA NORIA, 72410, PUEBLA, PUE",153.75,IMPULSORA PLAZA LA NORIA,CITY EXPRESS PUEBLA ANGELOPOLIS (CEPAN),4,"PUEBLA, PUE.",07/08/2026 17:47,,,,07/08/2026
242185,TRES GUERRAS,Cobro Regreso,"REPUBLICA DE URUGUAY #45, CENTRO HISTORICO, 06000, CIUDAD DE MEXICO, CMX",102.6333333,IMPULSORA PLAZA CELAYA,CITY CENTRO CIUDAD DE MEXICO (CCMEX),3,"CIUDAD DE MEXICO, CMX.",07/08/2026 17:47,,,,07/08/2026
242186,TRES GUERRAS,Cobro Regreso,"BLVD FELIZ RAMIREZ 756, LAS PALMAS, 47440, LAGOS DE MORENO, JAL",60,OPERADORA DE SERVICIOS HOTELEROS SAPE,CITY EXPRESS DE LAGOS DE MORENO (CELDM),3,"LAGOS DE MORENO, JAL.",07/08/2026 17:47,,,,07/08/2026
242187,TRES GUERRAS,Cobro Regreso,"CALZADA VALLEJO #1090, SANTA CRUZ DE LAS SALINAS, 02300, CDMX, CMX",60,FIDEICOMISO F/1596,COURTYARD MARRIOTT MEXICO CITY VALLEJO A0097805,2,"CDMX, CMX.",07/08/2026 17:47,,,,07/08/2026
242188,TRES GUERRAS,Cobro Regreso,"CALZADA VALLEJO #1090, SANTA CRUZ DE LAS SALINAS, 02300, CDMX, CMX",60,FIDEICOMISO F/1596,COURTYARD MARRIOTT MEXICO CITY VALLEJO A0097805,2,"CDMX, CMX.",07/08/2026 17:47,,,,07/08/2026
242189,TRES GUERRAS,Cobro Destino,"RAMON CORRAL DE DIOS S/N, LA VENTA, 76800, SAN JUAN DEL RIO, QUE",60,OPERADORA TURISTICA GOMARTI,HOTEL HACIENDA LA VENTA,4,"SAN JUAN DEL RIO, QUE.",07/08/2026 17:47,,,,07/08/2026
242190,TRES GUERRAS,Cobro Regreso,"BLVD MIGUEL ALEMAN 177, SAN PEDRO TOTOLTEPEC, 50226, TOLUCA, MEX",60,OPERADORA EL GRAN HOTEL,COURTYARD MARRIOTT AEROPUERTO TOLUCA A0088678,4,"TOLUCA, MEX.",07/08/2026 17:47,,,,07/08/2026
242191,TRES GUERRAS,Cobro Regreso,"MANUEL GOMEZ MORIN # 856, RIVERA MEXICALI, 21259, MEXICALI, BC",3892.58,LODGMENT OPERATOR,FAIRFIELD MEXICALI A0145391,1,"MEXICALI, BC.",07/08/2026 17:47,,,,07/08/2026
242192,TRES GUERRAS,Cobro Regreso,"BLVD FRANCISCO VILLA 102, ORIENTAL, 37510, LEON, GTO",60,CH LEON,COURTYARD BY MARRIOTT LEON AT THE POLIFORUM  A0101010,2,"LEON, GTO.",07/08/2026 17:47,,,,07/08/2026
242193,ONE,Cobro Regreso,"HERMANOS SERDAN 141, AMOR, 72140, PUEBLA, PUE",153.75,INMOBILIARIA HOTELERA EL PRESIDENTE SAN JOSE DEL CABO,PRESIDENTE INTERCONTINENTAL PUEBLA,3,"PUEBLA, PUE.",07/08/2026 17:47,,,,07/08/2026
242194,TRES GUERRAS,Cobro Regreso,"AV 5 DE FEBRERO #1351-B, CARRILLO, 76120, SANTIAGO DE QUERETARO, QUE",400,SERVICIOS EMPRESARIALES DE MARIA AUXILIADORA,COURTYARD MARRIOT QUERETARO A0093637,5,"SANTIAGO DE QUERETARO, QUE.",07/08/2026 17:47,,,,07/08/2026
242195,TRES GUERRAS,Tres Guerras C.Regreso,"BLVD EL GRECO # 45, EL GRECO, 84066, NOGALES, SON",89,FIDEICOMISO F/1596,FAIRFIELD MARRIOT NOGALES A0097801,3,"NOGALES, SON.",11/08/2026 10:21,,,,12/08/2026
242196,TINY PACK,Cobro Destino,"PASEO DEL CAMPESTRE #389, FRACC. CAMPESTRE LA ROSITA, 27250, TORREON, COA",54.69,RINCON DEL MONTERO,RINCON DEL MONTERO,1,"TORREON, COA.",11/08/2026 10:21,,,,12/08/2026
242198,TRES GUERRAS,Cobro Regreso,"CALLE 4 PERIFÉRICO ENTRE CALLE 7 Y 9C, SANTA RITA CHOLUL, 97130, MERIDA, YUC",445,OPERADORA SX DEL SURESTE,CITY JUNIOR MERIDA ALTABRISA (CJMID),1,"MERIDA, YUC.",10/08/2026 11:37,,,,10/08/2026
242200,TRES GUERRAS,Cobro Regreso,"BLVD. KUKULCAN KM. 7.5, ZONA HOTELERA, 77500, CANCUN, QR",84,INMOBILIARIA HOTELERA EL PRESIDENTE SAN JOSE DEL CABO,PRESIDENTE INTERCONTINENTAL CANCUN,3,"CANCUN, QR.",10/08/2026 11:37,,,,10/08/2026
242201,TRES GUERRAS,Cobro Regreso,"PASEO DE LA CHOCA 107, TABASCO 2000, 86035, VILLAHERMOSA, TAB",89,INMOBILIARIA RIG,COUTYARD MARRIOT VILLAHERMOSA TABASCO A0099667,5,"VILLAHERMOSA, TAB.",10/08/2026 11:37,,,,10/08/2026
242203,TRES GUERRAS,Cobro Regreso,"CAMPOS ELISEOS 218, POLANCO, 11560, Ciudad de Mexico, CMX",102.6333333,INMOBILIARIA HOTELERA EL PRESIDENTE SAN JOSE DEL CABO,PRESIDENTE INTERCONTINENTAL POLANCO,15,"Ciudad de Mexico, CMX.",10/08/2026 11:37,,,,10/08/2026
242206,TRES GUERRAS,Cobro Destino,"CIRCUITO BALCONES #137 INT1, BALCONES DE JURIQUILLA, 76230, QUERETARO, QUE",400,GRUPO VAZCORBARSA,HACIENDA TOVARES,2,"QUERETARO, QUE.",10/08/2026 11:37,,,,10/08/2026
242207,TRES GUERRAS,Cobro Regreso,"CARRETERA A CHANKANAB KM. 6.5, ZONA HOTELERA SUR COZUMEL, 77600, COZUMEL, QR",84,INMOBILIARIA HOTELERA EL PRESIDENTE SAN JOSE DEL CABO,PRESIDENTE INTERCONTINENTAL COZUMEL,4,"COZUMEL, QR.",10/08/2026 11:37,,,,10/08/2026
242208,TRES GUERRAS,Cobro Regreso,"CALLE IGNACIO ALDAMA 405, CENTRO HISTORICO, 78000, SAN LUIS POTOSI, SLP",60,IMPULSORA PLAZA TIJUANA,CITY CENTRO SAN LUIS POTOSI (CCSLP),3,"SAN LUIS POTOSI, SLP.",10/08/2026 11:37,,,,10/08/2026
242212,TRES GUERRAS,Cobro Regreso,"AV PROLONGACION 27 DE FEBRERO NO 2804, ATASTA DE SERRA, 86100, VILLAHERMOSA, TAB",89,INMOBILIARIA PENINSULAR DG,"HAMPTON VILLAHERMOSA, TABASCO, MEXICO (VSATA)",1,"VILLAHERMOSA, TAB.",10/08/2026 11:37,,,,10/08/2026
242214,TRES GUERRAS,Cobro Destino,"PERIF RAUL LPZ SANCHEZ 5000 P, EL FRESNO RES FRACC TRN, 27018, TORREÓN, COA",54.69,OPERADORA DE HOTELES PENTA,COURTYARD TORREON,5,"TORREÓN, COA.",10/08/2026 11:37,,,,10/08/2026
242215,TRES GUERRAS,Cobro Regreso,"Blvd. John Spark 4, Reserva Territorial Duport Ostion, 96536, Coatzacoalcos, VER",65,HOTELERA DUPORT,HOLIDAY INN COATZACOALCOS (MTTCO),1,"Coatzacoalcos, VER.",10/08/2026 11:37,,,,10/08/2026
242217,TRES GUERRAS,Tres Guerras C.Destino,"CARRETERA SAN LUIS RIO VERDE KM. 127.5, CENTRO, 79610, RIO VERDE, SLP",60,GRUPO HOTELERO MARIA DOLORES DE RIOVERDE,HOTEL MARIA DOLORES DE RIO VERDE,5,"RIO VERDE, SLP.",10/08/2026 11:37,,,,10/08/2026
242221,TRES GUERRAS,Cobro Regreso,"BLVD.BENITO JUAREZ No.1342, COL.JARDINES DEL VALLE, 21270, MEXICALI, BC",3892.58,IMPULSORA PLAZA TIJUANA,CITY EXPRESS MEXICALI (CEMXL),1,"MEXICALI, BC.",10/08/2026 11:37,,,,10/08/2026
242222,TRES GUERRAS,Cobro Regreso,"AV. FRANCISCO I. MADERO 418 MEZZANINE 3, CENTRO, 86000, TABASCO, TAB",89,PROFIT RENTABILIDAD OPERATIVA,GAMMA VILLAHERMOSA (GVLCE),1,"TABASCO, TAB.",10/08/2026 11:37,,,,10/08/2026
242223,TRES GUERRAS,Cobro Destino,"AUTOPISTA TORREÓN SAN PEDRO #3303, VILLA LAS MARGARITAS, 27106, TORREON, COA",54.69,INMOBILIARIA VILLA JARDIN,WYNDHAM TORREON,1,"TORREON, COA.",10/08/2026 11:37,,,,10/08/2026
242227,TRES GUERRAS,Cobro Regreso,"BLVD.BERNARDO QUINTANA 4100-1, BALCON CAMPESTRE, 76100, QUERETARO, QUE",400,FIDEICOMISO IRREVOCABLE DB/1616,"HAMPTON QUERETARO TECNOLOGICO, MEXICO (QROHT)",1,"QUERETARO, QUE.",10/08/2026 11:37,,,,10/08/2026
242228,TRES GUERRAS,Cobro Destino,"BLVD. LUIS DONALDO COLOSIO 442-A, BENITO JUAREZ ORIENTE, 63175, TEPIC, NAY",54.69,NICANDRO ARELLANO BENAVIDES,MOTEL AMORE MIO,2,"TEPIC, NAY.",10/08/2026 11:37,,,,10/08/2026
242236,TRES GUERRAS,Cobro Regreso,"AV ISLA DE TRIS 57 B, PALMIRA, 25154, CIUDAD DEL CARMEN, CAM",62.69583333,OPERADORA HOTELERA DEL MANGLAR,COURTYARD BY MARRIOTT CIUDAD DEL CARMEN CAMPECHE A0093680,4,"CIUDAD DEL CARMEN, CAM.",10/08/2026 11:37,,,,10/08/2026
242237,TRES GUERRAS,Cobro Regreso,"CARRETERA SALTILLO-MONTERREY 6580-3, JARDINES COLONIALES, 25270, SALTILLO, COA",133.34,FIDEICOMISO IRREVOCABLE DB/1616,HOLIDAY INN EXPRESS SALTILLO(SLWZO),40,"SALTILLO, COA.",10/08/2026 11:37,,,,10/08/2026
242238,TRES GUERRAS,Cobro Regreso,"CARRETERA SALTILLO-MONTERREY 6580-3, JARDINES COLONIALES, 25270, SALTILLO, COA",133.34,FIDEICOMISO IRREVOCABLE DB/1616,HOLIDAY INN EXPRESS SALTILLO(SLWZO),1,"SALTILLO, COA.",10/08/2026 11:37,,,,10/08/2026
242239,PAQMEX,Cobro Regreso,"BLVD. ADOLFO LOPEZ MATEOS #890, SIERRA GORDA, 87050, VICTORIA, TAM",52,HOTELERIA Y SERVICIOS REFORMA,CITY EXPRESS CIUDAD VICTORIA (CECVM),2,"VICTORIA, TAM.",13/08/2026 16:19,,,,10/08/2026
242240,TRES GUERRAS,Cobro Destino,"KM.2.5 CARRETERA LA PIEDAD, MARGARITAS, 59300, LA PIEDAD, MCH",400,HOTELERA BAJO LERMA,HOLIDAY INN LA PIEDAD (LPDEX),2,"LA PIEDAD, MCH.",10/08/2026 11:37,,,,10/08/2026
242241,TRES GUERRAS,Cobro Regreso,"JUAREZ 70, CENTRO, 06010, DELEGACION CUAUHTEMOC, CMX",60,OPERADORA HOTEL CENTRO HISTORICO,"HILTON MEXICO CITY/REFORMA, MEXICO (MEXRF)",5,"DELEGACION CUAUHTEMOC, CMX.",10/08/2026 11:37,,,,10/08/2026
242243,ONE,Cobro Regreso,"AV FUNDADORES #1000, VALLE DEL MIRADOR, 64750, MONTERREY, NL",51.36571429,MONTERREY HOSPITALITY SERVICES,"HILTON MONTERREY VALLE, MEXICO (MTYVO",2,"MONTERREY, NL.",10/08/2026 11:37,,,,10/08/2026
242244,ONE,Cobro Regreso,"AV MIGUEL ALEMAN 5331, CERRADAS DE LINDA VISTA, 67130, GUADALUPE, NL",60,SINERGIA INMOBILIARIA DE MEXICO,CITY EXPRESS MONTERREY LINDAVISTA (CEMTL),1,"GUADALUPE, NL.",10/08/2026 11:37,,,,10/08/2026
242245,ONE,Cobro Regreso,"AV. SAN JERONIMO #311, SAN JERÓNIMO, 05348, MONTERREY, NL",51.36571429,IMPULSORA PLAZA JUAREZ,CITY EXPRESS PLUS MONTERREY GALERIAS  (CPMSJ),7,"MONTERREY, NL.",10/08/2026 11:37,,,,10/08/2026
242246,TRES GUERRAS,Cobro Regreso,"CALZADA HEROES DE CHAPULTEPEC No.1700, FRACC. CIUDAD ARGENTUM, 98047, ZACATECAS, ZAC",60,IMPULSORA PLAZA DE ZACATECAS,CITY EXPRESS ZACATECAS (CEZCL),2,"ZACATECAS, ZAC.",10/08/2026 11:37,,,,10/08/2026
242248,TRES GUERRAS,Cobro Regreso,"AVE. DEL MAR #1223, TELLERIA, 82017, MAZATLAN, SIN",51.37931034,OPERADORA DE HOTELES AVANTTI,HOLIDAY INN EXPRESS MAZATLAN,1,"MAZATLAN, SIN.",10/08/2026 11:37,,,,10/08/2026
242249,TRES GUERRAS,Cobro Destino,"CALLE 12 NO. 226, COSTA VERDE, 94294, BOCA DEL RIO, VER",2306.95,FCH CLIPPERTON,HOTEL & SUITES CLIPPERTON,4,"BOCA DEL RIO, VER.",10/08/2026 11:37,,,,10/08/2026
242250,TRES GUERRAS,Cobro Regreso,"AV. MILIMEX No. 120, PARQUE INDUSTRIAL MILIMEX, 66637, APODACA, NL",60,PROMOTORA DEVI,HOLIDAY INN & SUITES MONTERREY APODACA (MTYMI),5,"APODACA, NL.",10/08/2026 11:37,,,,10/08/2026
242251,TRES GUERRAS,Cobro Regreso,"AV. EJERCITO NACIONAL #769 TORRE B INT PISO 14, GRANADA, 11520, MIGUEL HIDALGO, CMX",100,SERVICIOS HOTELEROS ICP,PRESIDENTE INTERCONTINENTAL MIYANA,5,"MIGUEL HIDALGO, CMX.",10/08/2026 11:37,,,,10/08/2026
242252,TRES GUERRAS,Cobro Regreso,"AVENIDA CENTRAL PONIENTE 1254, EL MAGUEY, 29000, TUXTLA, CHS",52,OPERADORA DE ESTANCIAS CREATIVAS,HOLIDAY INN EXPRESS TUXTLA GUTIERREZ LA MARIMBA (TGZRF),1,"TUXTLA, CHS.",10/08/2026 11:37,,,,10/08/2026
242253,TINY PACK OCURRE,Tiny Pack C Ocurre Oficina,"SOLIDARIDAD #101, LA LABOR, 33029, DELICIAS, CHI",55.69,MARCOS ALFREDO RAMOS SANDOVAL,MARCOS ALFREDO RAMOS SANDOVAL,1,"DELICIAS, CHI.",10/08/2026 11:37,,,,10/08/2026
242254,TRES GUERRAS,Cobro Regreso,"CAMINO A LAS 3 CRUCES 149, SALTITO DE GUADALUPE, 37760, SAN MIGUEL DE ALLENDE, GTO",133.34,OPERADORA TURISTICA OMV,"TAPESTRY COLLECTION BY HILTON ALBOR SAN MIGUEL DE ALLENDE, MEXICO (BJXUP)",1,"SAN MIGUEL DE ALLENDE, GTO.",10/08/2026 11:37,,,,10/08/2026
242257,TRES GUERRAS,Cobro Regreso,"INDEPENDENCIA 100 A, LA RIVERA, 92870, TUXPAN, VER",89,HOTELES VERACRUZ TUXPAN,COURTYARD TUXPAN,1,"TUXPAN, VER.",10/08/2026 11:37,,,,10/08/2026
242258,TRES GUERRAS,Cobro Regreso,"BLVD.MANUEL AVILA CAMACHO No. 707, FLORES MAGON, 91900, VERACRUZ, VER",445,INMOBILIARIA CIDRAS,"DOUBLETREE VERACRUZ, MEXICO ((VERMA)",8,"VERACRUZ, VER.",10/08/2026 11:37,,,,10/08/2026
242259,TRES GUERRAS,Cobro Regreso,"CARRETERA FEDERAL 307 KM 333 850, , 77569, CANCUN, QR",84,HOSPITALITY SERVICES MAYA,"HILTON CANCUN AN ALL-INCLUSIVE RESORT, MEXICO (CUNQR)",2,"CANCUN, QR.",10/08/2026 11:37,,,,10/08/2026
242260,TRES GUERRAS,Cobro Regreso,"BLVD.MANUEL AVILA CAMACHO No. 707, FLORES MAGON, 91900, VERACRUZ, VER",445,INMOBILIARIA CIDRAS,"DOUBLETREE VERACRUZ, MEXICO ((VERMA)",8,"VERACRUZ, VER.",10/08/2026 11:37,,,,10/08/2026
242262,TRES GUERRAS,Cobro Regreso,"LOTE 12, MANZANA 25 DEL PREDIO DENOMINADO, ENSENADA BLANCA, 23895, LORETO, BCS",113.86,OPERADORA BAHIA DE LORETO,VILLAS DEL PALMAR LORETO,10,"LORETO, BCS.",10/08/2026 11:37,,,,10/08/2026
242263,SANCHEZ,Cobro Regreso,"AVENIDA PASEO COCOTEROS No.750 SUR, FLAMINGOS, 63732, NUEVO VALLARTA, NAY",92.2325,OPERADORA PALMAR VALLARTA,VILLAS DEL PALMAR FLAMINGOS,1,"NUEVO VALLARTA, NAY.",13/08/2026 16:19,,,,10/08/2026
242264,TRES GUERRAS,Cobro Regreso,"Rio Misisipi # 58, Cuauhtemoc Delegación cuauhtémoc, 06500, Ciudad de Mexico, CMX",102.6333333,BOTANICAROMATICA,XINU,1,"Ciudad de Mexico, CMX.",10/08/2026 11:37,,,,10/08/2026
242265,TRES GUERRAS,Cobro Regreso,"Rio Misisipi # 58, Cuauhtemoc Delegación cuauhtémoc, 06500, Ciudad de Mexico, CMX",102.6333333,BOTANICAROMATICA,XINU,1,"Ciudad de Mexico, CMX.",10/08/2026 11:37,,,,10/08/2026
242266,TRES GUERRAS,Cobro Regreso,"Rio Misisipi # 58, Cuauhtemoc Delegación cuauhtémoc, 06500, Ciudad de Mexico, CMX",102.6333333,BOTANICAROMATICA,XINU,1,"Ciudad de Mexico, CMX.",10/08/2026 11:37,,,,10/08/2026
242269,TRES GUERRAS,Cobro Regreso,"BOULEVARD EVERARDO MARQUEZ #100, CUESCO, 42080, PACHUCA, HID",60,OPERAJOYA,HOTEL LA JOYA,1,"PACHUCA, HID.",11/08/2026 10:21,,,,11/08/2026
242271,TRES GUERRAS,Cobro Regreso,"BLVD. ADOLFO LOPEZ MATEOS ORIENTE 1250, LAS INSURGENTES, 38080, CELAYA, GTO",100,ZIG INMOBILIARIA DELGADO,REAL INN CELAYA,3,"CELAYA, GTO.",11/08/2026 10:21,,,,11/08/2026
242273,TRES GUERRAS,Cobro Regreso,"BOULEVARD ATLIXCAYOTL 2528, RESERVA TERRITORIAL ATLIXCAYOTL, 72830, SAN ANDRES, PUE",60,OPERADORA TURISTICA SEBASTOPOL,"HILTON GARDEN INN PUEBLA ANGELÓPOLIS, MEXICO (PBCGI)",1,"SAN ANDRES, PUE.",11/08/2026 10:21,,,,11/08/2026
242276,TRES GUERRAS,Cobro Destino,"CALZADA RUIZ CORTINES 258, COSTA VERDE, 94294, BOCA DEL RIO, VER",2306.95,HOTEL BELLO VERACRUZ,HOTEL BELLO VERACRUZ,10,"BOCA DEL RIO, VER.",,,,,11/08/2026
242277,ONE,Cobro Regreso,"AV ALFONSO REYES 550, REGINA, 64240, MONTERREY, NL",51.36571429,IMPULSORA PLAZA TIJUANA,CITY EXPRESS MONTERREY UNIVERSIDAD (CEMTS),1,"MONTERREY, NL.",11/08/2026 10:21,,,,11/08/2026
242278,TRES GUERRAS,Cobro Regreso,"BLVD BENITO JUAREZ 4, BAHIA DE TANGOLUNDA, 70989, HUATULCO, OAX",779.77,OPERADORA BAHIA DE TANGOLUNDA,DREAMS HUATULCO (DREHU)   A0099149,4,"HUATULCO, OAX.",11/08/2026 10:21,,,,11/08/2026
242281,TRES GUERRAS,Cobro Regreso,"BOULEVARD ATLIXCAYOTL 2528, RESERVA TERRITORIAL ATLIXCAYOTL, 72830, SAN ANDRES, PUE",60,OPERADORA TURISTICA SEBASTOPOL,"HILTON GARDEN INN PUEBLA ANGELÓPOLIS, MEXICO (PBCGI)",4,"SAN ANDRES, PUE.",11/08/2026 10:21,,,,11/08/2026
242282,TRES GUERRAS,Cobro Regreso,"CARRET.MIGUEL ALEMAN 238 ESQ.CON OLIMPIA, NUEVA LINDA VISTA, 67110, GUADALUPE, NL",60,DESARROLLOS INMOBILIARIOS MALSA,QUALITY INN MONTERREY LA FE (143216),5,"GUADALUPE, NL.",11/08/2026 10:21,,,,11/08/2026
242283,TRES GUERRAS,Cobro Regreso,"CARRET.MIGUEL ALEMAN 238 ESQ.CON OLIMPIA, NUEVA LINDA VISTA, 67110, GUADALUPE, NL",60,DESARROLLOS INMOBILIARIOS MALSA,QUALITY INN MONTERREY LA FE (143216),40,"GUADALUPE, NL.",11/08/2026 10:21,,,,11/08/2026
242284,PAQMEX,Cobro Regreso,"BOULEVARD TAMAULIPAS 2539, RESIDENCIAL CABAÑAS VICTORIA, 87025, VICTORIA, TAM",52,HOTELERA CARCUR CASTAÑEDA,"HAMPTON CIUDAD VICTORIA, MEXICO (CDJVC)",6,"VICTORIA, TAM.",13/08/2026 16:18,,,,11/08/2026
242286,TRES GUERRAS,Cobro Regreso,"CAMINO AL AEROPUERTO 590, RINCONADA DE LOS MAGUEYES, 78100, SAN LUIS POTOSI, SLP",60,ADMINISTRADORA INN POTOSINA,RADISSON SAN LUIS POTOSI AEROPUERTO (148705),3,"SAN LUIS POTOSI, SLP.",11/08/2026 10:21,,,,11/08/2026
242287,ONE,Cobro Regreso,"JOSE MARIA CHAVEZ  #101, CENTRO, 20000, AGUASCALIENTES, AGS",50.42,OPERADORA RIO GRANDE,QUALITY INN AGUASCALIENTES (143211),1,"AGUASCALIENTES, AGS.",11/08/2026 10:21,,,,11/08/2026
242289,TRES GUERRAS,Cobro Regreso,"BLVD.MANUEL AVILA CAMACHO No. 707, FLORES MAGON, 91900, VERACRUZ, VER",445,INMOBILIARIA CIDRAS,"DOUBLETREE VERACRUZ, MEXICO ((VERMA)",5,"VERACRUZ, VER.",11/08/2026 10:21,,,,11/08/2026
242292,TRES GUERRAS,Tres Guerras Ocurre Oficina,"CALLE FRANCIA 1100, VICENTE GUERRERO, 89580, CUIDAD DE MEXICO, TAM",0,JAVIER RODOLFO MONTIEL LUNA,JAVIER RODOLFO MONTIEL LUNA,6,"CUIDAD DE MEXICO, TAM.",11/08/2026 10:21,,,,11/08/2026
242295,TINY PACK,Cobro Destino,"AUTOPISTA TORREÓN SAN PEDRO #3303, VILLA LAS MARGARITAS, 27106, TORREON, COA",54.69,INMOBILIARIA VILLA JARDIN,WYNDHAM TORREON,1,"TORREON, COA.",11/08/2026 10:21,,,,11/08/2026
242296,TINY PACK,Cobro Destino,"AUTOPISTA TORREÓN SAN PEDRO #3303, VILLA LAS MARGARITAS, 27106, TORREON, COA",54.69,INMOBILIARIA VILLA JARDIN,WYNDHAM TORREON,3,"TORREON, COA.",11/08/2026 10:21,,,,11/08/2026
242297,TRES GUERRAS,Tres Guerras C.Regreso,"CARRETERA FEDERAL LIBRE TRANSPENINSULAR SAN LUCAS -SAN JOSE MARGEN DERECHO KM 19.5, CABO REAL, 23400, SAN JOSE DEL CABO, BCS",247.36,FIDEICOMISO HLC OPERADOR FID/2986,HILTON GRAND VACATIONS LA PACIFICA LOS CABOS BY HILTON CLUB (SJDGV),10,"SAN JOSE DEL CABO, BCS.",11/08/2026 10:21,,,,11/08/2026
242298,TRES GUERRAS,Cobro Regreso,"CALLE PASEO MALECON LOTE 11, FONATUR LOS CABOS, 23400, SAN JOSE DEL CABO, BCS",247.36,AHC PROFESSIONALS,"HILTON GRAND VACATIONS CABO AZUL, MX (SJDCA)",1,"SAN JOSE DEL CABO, BCS.",11/08/2026 10:21,,,,11/08/2026
242299,ONE,Cobro Regreso,"CIRCUITO JUAN PABLO II 1936, EX HACIENDA LA NORIA, 72410, PUEBLA, PUE",153.75,FIDEICOMISO IRREVOCABLE DB/1616,HOLIDAY INN PUEBLA LA NORIA (PUELN),1,"PUEBLA, PUE.",11/08/2026 10:21,,,,11/08/2026
242300,TRES GUERRAS,Cobro Regreso,"BAHIA CABO SAN LUCAS KM.4.5, CAMINO A SN JOSE DE CABO, 23410, CABO SAN LUCAS, BCS",987.15,MX RIUSA II,RIU PALACE CABO SAN LUCAS,1,"CABO SAN LUCAS, BCS.",11/08/2026 10:21,,,,11/08/2026
242301,TRES GUERRAS,Cobro Destino,"BLVD. ISSSTE #3, ZACATIPAN, 79981, TAMAZUNCHALE, SLP",0,FRANCISCO FELIU ZERON,FRANCISCO FELIU ZERON,1,"TAMAZUNCHALE, SLP.",,,,,11/08/2026
242305,TRES GUERRAS,Cobro Regreso,"PORTAL BRAVO 14, CENTRO, 37000, LEON, GTO",60,HOTELES MODERNOS,RAMADA PLAZA LEON,1,"LEON, GTO.",11/08/2026 10:21,,,,11/08/2026
242306,TINY PACK,Cobro Regreso,"PLAYA GAVIOTA #420, ZONA DORADA, 82110, MAZATLAN, SIN",51.37931034,DESARROLLOS TURISTICOS CLAMI,HOLIDAY INN MAZATLAN (MZTRS),3,"MAZATLAN, SIN.",11/08/2026 10:21,,,,11/08/2026
242307,TRES GUERRAS,Cobro Regreso,"AV REAL DE LOMAS 1000, LAS LOMAS 4A SECCION, 78218, SAN LUIS POTOSI, SLP",60,HOSPITALIDAD REAL DE LOMAS,"HILTON SAN LUIS POTOSI, MEXICO (SLPHH)",3,"SAN LUIS POTOSI, SLP.",11/08/2026 10:21,,,,11/08/2026
242308,ONE,Cobro Regreso,"JAMES SULLIVAN #35, SAN RAFAEL, 06470, CIUDAD DE MEXICO, CMX",102.6333333,IMPULSORA PLAZA TIJUANA,CITY JUNIOR SULLIVAN (CJSUL),4,"CIUDAD DE MEXICO, CMX.",11/08/2026 10:21,,,,11/08/2026
242309,PAQMEX,Cobro Regreso,"CARR. MONTERREY SALTILLO #1135, PUERTA DE LAS MITRAS, 66350, SANTA CATARINA, NL",141.25,IMPULSORA PLAZA JUAREZ,CITY EXPRESS MONTERREY SANTA CATARINA (CEMTY),4,"SANTA CATARINA, NL.",13/08/2026 16:18,,,,11/08/2026
242310,TRES GUERRAS,Cobro Regreso,"MANUEL J. CLOUTHIER #451-5, MARIA ISABEL, 32600, CD JUAREZ, CHI",52,ADRIANA ALVAREZ ALVAREZ,INSUMOS DEL NORTE,1,"CD JUAREZ, CHI.",13/08/2026 16:16,,,,11/08/2026
242311,TRES GUERRAS,Cobro Regreso,"BOULEVARD MALECON SAN JOSE S/N, ZONA HOTELERA, 23400, LOS CABOS, BCS",113.86,DECAMERON,DECAMERON ALL INCLUSIVE HOTELS & RESORTS A0157902,20,"LOS CABOS, BCS.",11/08/2026 10:21,,,,11/08/2026
242312,SANCHEZ,Cobro Regreso,"CALLE LAZARO CARDENAS 150, COLONIA LA DORADA, 63732, BUCERIAS, NAY",35.05257143,DECAMERON,DECAMERON COMPLEX A0157904,20,"BUCERIAS, NAY.",13/08/2026 16:19,,,,11/08/2026
242313,TRES GUERRAS,Cobro Regreso,"BLVD. AGUA CALIENTE #9985, CALETTE DE LA DELEFACION ZONA CENTRO, 22024, TIJUANA, BC",3892.58,IMPULSORA PLAZA VILLA HERMOSA,CITY EXPRESS PLUS TIJUANA TOREO (CPTIJ),1,"TIJUANA, BC.",11/08/2026 10:21,,,,11/08/2026
242314,TRES GUERRAS,Cobro Regreso,"CARRETERA 57 S/N, LOMAS DEL MIRADOR, 26070, PIEDRAS NEGRAS, COA",89,MOTELES CASA BLANCA,QUALITY INN PIEDRAS NEGRAS (143217),3,"PIEDRAS NEGRAS, COA.",11/08/2026 10:21,,,,11/08/2026
242315,TRES GUERRAS,Cobro Regreso,"AV. UNIVERSIDAD 501 NTE., ROBLE, 66450, SAN NICOLAS DE LOS GARZA, NL",60,OPERADORA DE HOTELES LA FE,WYNDHAM GARDEN MONTERREY NORTE (HIN),1,"SAN NICOLAS DE LOS GARZA, NL.",11/08/2026 10:21,,,,11/08/2026
242316,TRES GUERRAS,Cobro Regreso,"PERIFERICO DE LA JUVENTUD #6108, DESARROLLO COMERCIAL EL SAUCITO, 31110, CHIHUAHUA, CHI",631.28,IMPULSORA PLAZA GUADALUPE,CITY EXPRESS CHIHUAHUA (CECHI),4,"CHIHUAHUA, CHI.",11/08/2026 10:21,,,,11/08/2026
242317,TRES GUERRAS,Cobro Regreso,"CALLE F # 2473, LIBERTAD, 21030, MEXICALI, BC",3892.58,DISTRIBUIDORA JOFA,DISTRIBUIDORA JOFA,5,"MEXICALI, BC.",13/08/2026 16:16,,,,11/08/2026
242318,TRES GUERRAS,Cobro Destino,"PRIVADA DEL GALLO 1525, LA AURORA, 44460, GUADALAJARA, JAL",0,VENTAS DE MOSTRADOR,VENTAS DE MOSTRADOR,1,"GUADALAJARA, JAL.",11/08/2026 10:21,,,,12/08/2026
242319,TRES GUERRAS,Cobro Regreso,"AV PRIMERO DE MAYO 223, SAN PEDRO DE LOS PINOS, 03800, CIUDAD DE MEXICO, CMX",102.6333333,OPERADORA HOTELERA ROYAL,HOLIDAY INN CIUDAD DE MEXICO TRADE CENTER A0206024 (MEXTC),1,"CIUDAD DE MEXICO, CMX.",11/08/2026 10:21,,,,11/08/2026
242320,TRES GUERRAS,Cobro Destino,"PRIVADA DEL GALLO 1525, LA AURORA, 44460, GUADALAJARA, JAL",0,VENTAS DE MOSTRADOR,VENTAS DE MOSTRADOR,1,"GUADALAJARA, JAL.",11/08/2026 10:21,,,,12/08/2026
242321,TRES GUERRAS,Cobro Regreso,"AV.HIDALGO NO.3408-A, FLORES, 89220, TAMPICO, TAM",60,TAMPICO INN,COMFORT INN TAMPICO (143207),10,"TAMPICO, TAM.",11/08/2026 10:21,,,,11/08/2026
242323,ONE,Tres Guerras C.Regreso,"JOSE MARIA CHAVEZ # 2010, CD.INDUSTRIAL, 20290, AGUASCALIENTES, AGS",50.42,FIDEICOMISO F/1596,ONE AGUASCALIENTES SUR (1AGCI),80,"AGUASCALIENTES, AGS.",11/08/2026 10:21,,,,11/08/2026
242327,TRES GUERRAS,Cobro Destino,"MELCHOR OCAMPO #165, CENTRO, 78000, SAN LUIS POTOSI, SLP",60,DESINPO,DESINPO,1,"SAN LUIS POTOSI, SLP.",11/08/2026 10:21,,,,11/08/2026
242328,TRES GUERRAS,Cobro Regreso,"DR ATL #2282, ZONA URBANA RIO TIJUANA, 22010, TIJUANA, BC",3892.58,IMPULSORA CITY RIO,CITY EXPRESS TIJUANA RIO (CETIR),5,"TIJUANA, BC.",11/08/2026 10:21,,,,11/08/2026
242329,TINY PACK,Cobro Destino,"BLVD JESUS GARCIA MORALES 569 A, EL LLANITO, 83174, HERMOSILLO, SON",135.86,OPERADORA DIQUI,COMFORT INN HERMOSILLO AEROPUERTO (143197),1,"HERMOSILLO, SON.",11/08/2026 10:21,,,,11/08/2026
242330,TRES GUERRAS,Cobro Regreso,"BOULEVARD ADOLFO LOPEZ MATEOS 2500 E INT 3, SAN ISIDRO DE JEREZ, 37530, LEON, GTO",60,ANTARES OPERADORA HOTELERA Y DE SERVICIOS,SLEEP INN LEON ANTARES (143228),6,"LEON, GTO.",11/08/2026 10:21,,,,11/08/2026
242331,TINY PACK,Cobro Regreso,"AVENIDA CAMARON SABALO 51, ZONA DORADA, 82110, MAZATLAN, SIN",51.37931034,OPERADORA TORNAZ DE MAZATLAN,EMPORIO MAZATLAN,10,"MAZATLAN, SIN.",11/08/2026 10:21,,,,11/08/2026
242332,TRES GUERRAS,Cobro Regreso,"CALLE SIN NOMBRE 100 ESQ. CARRETERA FEDERAL PT, GUANAJAY, 86600, PARAISO, TAB",89,OPERADORA TURISTICA RABATTE,HOLIDAY INN EXPRESS PARAISO DOS BOCAS (VSAGA),3,"PARAISO, TAB.",11/08/2026 10:21,,,,11/08/2026
242333,ONE,Cobro Regreso,"AV REVOLUCION #2703, LADRILLERA, 64830, MONTERREY, NL",51.36571429,IMPULSORA PLAZA VILLA HERMOSA,CITY EXPRESS PLUS MONTERREY SUR (CEMTR),5,"MONTERREY, NL.",11/08/2026 10:21,,,,11/08/2026
242336,TRES GUERRAS,Cobro Regreso,"CALLE F # 2473, LIBERTAD, 21030, MEXICALI, BC",3892.58,DISTRIBUIDORA JOFA,DISTRIBUIDORA JOFA,13,"MEXICALI, BC.",13/08/2026 16:16,,,,11/08/2026
242339,FLETES DE REGRESO,Cobro Regreso,"Entre Calle HOTEL OASIS AKUMAL Y Calle HACIENDA DOÑA ISABEL SN, Akumal, 77776, Tulum, QR",80,REPRESENTACIONES TURISTICAS MEXICO,BAHIA PRINCIPE,18,"Tulum, QR.",13/08/2026 16:19,,,,11/08/2026
242343,TRES GUERRAS,Cobro Destino,"PRIVADA DE HORACIO 18, POLANCO, 11560, DELEGACION MIGUEL HIDALGO, CMX",100,HOTEL & FOOD BUSINESS GROUP,HOTEL PRIVADA DE HORACIO 18,2,"DELEGACION MIGUEL HIDALGO, CMX.",13/08/2026 16:16,,,,12/08/2026
242344,TRES GUERRAS,Cobro Destino,"AV.ACUEDUCTO # 3805, FRAY ANTONIO DE LISBOA, 58254, MORELIA, MCH",60,TUROTEL,TUROTEL MORELIA,1,"MORELIA, MCH.",13/08/2026 16:17,,,,12/08/2026
242345,TRES GUERRAS,Cobro Regreso,"CARRETERA TAMPICO MANTE KM 16.5, LAGUNAS DE MIRALTA, 89605, ALTAMIRA, TAM",200,FIDEICOMISO IRREVOCABLE DB/1616,HOLIDAY INN ALTAMIRA TAMAULIPAS(TAMAL),1,"ALTAMIRA, TAM.",13/08/2026 16:14,,,,12/08/2026
242348,ONE,Cobro Destino,"AV JUAREZ 3309, LA PAZ A, 72160, PUEBLA, PUE",153.75,GIBALMI CONSORCIO EMPRESARIAL,HOTEL JF GRAND,3,"PUEBLA, PUE.",13/08/2026 16:19,,,,12/08/2026
242349,TRES GUERRAS,Cobro Regreso,"CARRETERA 45 SILAO-LEON 550 KM 152, PREDIO ROSA DE CASTILLA, 36126, SILAO, GTO",200,OPERADORA DECORI SILAO,"HAMPTON SILAO-AEROPUERTO BAJIO, MEXICO (BJXSG)",2,"SILAO, GTO.",13/08/2026 16:16,,,,12/08/2026
242350,TRES GUERRAS,Cobro Regreso,"BOULEVARD PUERTO AEREO #75, INDUSTRIAL PUERTO AEREO, 15710, VENUSTIANO CARRANZA, CMX",60,LIVING AEROPUERTO 75,TRU BY HILTON AEROPUERTO MEXICO,3,"VENUSTIANO CARRANZA, CMX.",13/08/2026 16:17,,,,12/08/2026
242352,SANCHEZ,Cobro Regreso,"AV.COSTERA Y LA PLAYA Y NUEVO VALLARTA NAYARIT, , 63732, NUEVO VALLARTA, NAY",92.2325,OPERADORA COMPOSTELA VALLARTA,SAMBA VALLARTA BY EMPORIO,5,"NUEVO VALLARTA, NAY.",14/08/2026 16:30,,,,12/08/2026
242353,SANCHEZ,Cobro Regreso,"AV.COSTERA Y LA PLAYA Y NUEVO VALLARTA NAYARIT, , 63732, NUEVO VALLARTA, NAY",92.2325,OPERADORA COMPOSTELA VALLARTA,SAMBA VALLARTA BY EMPORIO,5,"NUEVO VALLARTA, NAY.",14/08/2026 16:30,,,,12/08/2026
242357,ONE,Cobro Destino,"JOSE MARIA CHAVEZ #1305, CD.INDUSTRIAL, 20290, AGUASCALIENTES, AGS",50.42,OPERADORA HOTELERA AVION,HOTEL LA VID,15,"AGUASCALIENTES, AGS.",13/08/2026 16:19,,,,12/08/2026
242360,TRES GUERRAS,Cobro Regreso,"BLANCARTE 151, CENTRO, 22800, ENSENADA, BC",148.34,OPERADORA HOTELERA RAYMA,HOLIDAY INN EXPRESS & SUITES ENSENADA A0198992 (TIJEN),1,"ENSENADA, BC.",13/08/2026 16:16,,,,12/08/2026
242362,ONE,Cobro Regreso,"AV 31 PONIENTE 3333, LAS ANIMAS, 72400, PUEBLA, PUE",153.75,IMAGIKALI,CLICK EFFICIENCY COURTYARD PUEBLA LAS ANIMAS A0089983,1,"PUEBLA, PUE.",13/08/2026 16:19,,,,12/08/2026
242364,TRES GUERRAS,Tres Guerras C.Regreso,"CARRETERA FEDERAL LIBRE TRANSPENINSULAR SAN LUCAS -SAN JOSE MARGEN DERECHO KM 19.5, CABO REAL, 23400, SAN JOSE DEL CABO, BCS",247.36,FIDEICOMISO HLC OPERADOR FID/2986,HILTON GRAND VACATIONS LA PACIFICA LOS CABOS BY HILTON CLUB (SJDGV),8,"SAN JOSE DEL CABO, BCS.",13/08/2026 16:15,,,,12/08/2026
242365,TRES GUERRAS,Cobro Regreso,"AV REAL DE LOMAS 1000, LAS LOMAS 4A SECCION, 78218, SAN LUIS POTOSI, SLP",60,HOSPITALIDAD REAL DE LOMAS,"HILTON SAN LUIS POTOSI, MEXICO (SLPHH)",3,"SAN LUIS POTOSI, SLP.",13/08/2026 16:17,,,,12/08/2026
242366,TRES GUERRAS,Cobro Destino,"PLAYA LA ROPA S/N, , 40880, ZIHUATANEJO, GRO",89,OPERADORA DE HOTELES VILLA MEXICANA,HOTEL VILLA MEXICANA ZIHUATANEJO,10,"ZIHUATANEJO, GRO.",13/08/2026 16:17,,,,12/08/2026
242367,ONE,Cobro Regreso,"MELCHOR OCAMPO 1002, CENTRO, 64000, MONTERREY, NL",51.36571429,IMPULSORA PLAZA LA PALMA,CITY PLUS MONTERREY CENTRO (CPMTC),1,"MONTERREY, NL.",13/08/2026 16:19,,,,12/08/2026
242368,TRES GUERRAS,Cobro Regreso,"CALLE 3 NUMERO 55 ENTRE BARROS SIERRA Y AV SANTA FE, LOMAS DE SANTA FE, 01219, , CMX",60,OPERADORA 26 SANTA FE,"DOUBLETREE MEXICO CITY SANTA FE, MEXICO (MEXST)",2,", CMX.",13/08/2026 16:17,,,,12/08/2026
242370,TRES GUERRAS,Cobro Regreso,"BLVD ADOLFO LOPEZ MATEOS 2126, SAN ISIDRO, 37530, LEON, GTO",60,OPERADORA TURISTICA SANTO NIÑO,"HILTON GARDEN INN LEON, MEXICO (BJXAD)",1,"LEON, GTO.",13/08/2026 16:17,,,,12/08/2026
242371,TRES GUERRAS,Cobro Regreso,"CALLE PASEO MALECON LOTE 11, FONATUR LOS CABOS, 23400, SAN JOSE DEL CABO, BCS",247.36,AHC PROFESSIONALS,"HILTON GRAND VACATIONS CABO AZUL, MX (SJDCA)",9,"SAN JOSE DEL CABO, BCS.",13/08/2026 16:15,,,,12/08/2026
242372,TRES GUERRAS,Cobro Regreso,"TOLSTOI #22, ANZURES, 11590, MIGUEL HIDALGO, CMX",100,OPERADORA DE HOTELES CATEDRAL,HILTON GARDEN INN MEXICO CITY POLANCO (MEXPL),5,"MIGUEL HIDALGO, CMX.",13/08/2026 16:17,,,,12/08/2026
242374,TRES GUERRAS,Cobro Regreso,"BOULEVARD ADOLFO LOPEZ MATEOS OTE 1260, LAS INSURGENTES, 38080, CELAYA, GTO",100,USSU DESARROLLOS,"DOUBLETREE CELAYA, MEXICO (CYWCE)",1,"CELAYA, GTO.",13/08/2026 16:15,,,,12/08/2026
242375,TRES GUERRAS,Cobro Regreso,"BLVD.MANUEL AVILA CAMACHO No. 707, FLORES MAGON, 91900, VERACRUZ, VER",445,INMOBILIARIA CIDRAS,"DOUBLETREE VERACRUZ, MEXICO ((VERMA)",10,"VERACRUZ, VER.",13/08/2026 16:17,,,,12/08/2026
242376,TRES GUERRAS,Cobro Regreso,"JUAREZ 70, CENTRO, 06010, DELEGACION CUAUHTEMOC, CMX",60,OPERADORA HOTEL CENTRO HISTORICO,"HILTON MEXICO CITY/REFORMA, MEXICO (MEXRF)",5,"DELEGACION CUAUHTEMOC, CMX.",13/08/2026 16:17,,,,12/08/2026
242377,ONE,Cobro Regreso,"AV FUNDADORES #1000, VALLE DEL MIRADOR, 64750, MONTERREY, NL",51.36571429,MONTERREY HOSPITALITY SERVICES,"HILTON MONTERREY VALLE, MEXICO (MTYVO",5,"MONTERREY, NL.",13/08/2026 16:19,,,,12/08/2026
242380,TRES GUERRAS,Cobro Destino,"MORELOS #12 NORTE, CENTRO, 76750, TEQUISQUIAPAN, QUE",60,HOTEL LA GRANJA,HOTEL  BOUTIQUE LA GRANJA,1,"TEQUISQUIAPAN, QUE.",13/08/2026 16:18,,,,12/08/2026
242385,TRES GUERRAS,Cobro Destino,"CALLE PASTEUR SUR # 39, CENTRO, 76000, QUERETARO, QUE",400,GRUPO HOTELERO 12-12,HOTEL BOUTIQUE CASA LORETA,2,"QUERETARO, QUE.",13/08/2026 16:18,,,,12/08/2026
242387,TRES GUERRAS,Cobro Regreso,"CARRETERA 45 SILAO-LEON 550 KM 152, PREDIO ROSA DE CASTILLA, 36126, SILAO, GTO",200,OPERADORA DECORI SILAO,"HAMPTON SILAO-AEROPUERTO BAJIO, MEXICO (BJXSG)",2,"SILAO, GTO.",13/08/2026 16:16,,,,12/08/2026
242388,TRES GUERRAS,Cobro Regreso,"CALZADA AGUSTIN GARCIA LOPEZ  1298, LAS QUINTAS, 85448, GUAYMAS, SON",52.35666667,HOTELERIA SUSTENTABLE DEL PACIFICO,HOLIDAY INN EXPRESS GUAYMAS (GYMSO),1,"GUAYMAS, SON.",13/08/2026 16:18,,,,12/08/2026
242389,TRES GUERRAS,Cobro Regreso,"J GUADALUPE TORRES 158, EL PASEO, 78320, SAN LUIS POTOSI, SLP",60,TURISTICA DINAMICA DE SAN LUIS,COMFORT INN SAN LUIS POTOSI (143206),3,"SAN LUIS POTOSI, SLP.",13/08/2026 16:18,,,,12/08/2026
242390,TRES GUERRAS,Cobro Regreso,"J GUADALUPE TORRES 158, EL PASEO, 78320, SAN LUIS POTOSI, SLP",60,TURISTICA DINAMICA DE SAN LUIS,COMFORT INN SAN LUIS POTOSI (143206),2,"SAN LUIS POTOSI, SLP.",13/08/2026 16:18,,,,12/08/2026
242391,SANCHEZ,Cobro Regreso,"CARRETERA BARRA DE NAVIDAD KM 4.5, ZONA HOTELERA SUR, 38390, PUERTO VALLARTA, JAL",94.814,PAKEAH,"HILTON VALLARTA RIVIERA ALL-INCLUSIVE RESORT,PUERTO VALLARTA,MEXICO (PVRPA)",1,"PUERTO VALLARTA, JAL.",,,,,12/08/2026
242392,ONE,Tres Guerras C.Regreso,"BLVD JOSE MARIA CHAVEZ 1925, SAN PEDRO, 20280, AGUASCALIENTES, AGS",50.42,OPERADORA OEA,ENCORE AGUASCALIENTES A0191473,12,"AGUASCALIENTES, AGS.",11/08/2026 10:21,,,,12/08/2026
242393,SANCHEZ,Cobro Regreso,"BLVD. FRANCISCO MEDINA ASCENCIO 3650, VILLA LAS FLORES, 48335, PUERTO VALLARTA, JAL",94.814,OPERADORA DE HOTELES FLOSOL,HOLIDAY INN & SUITES PUERTO VALLARTA (PVRIF),8,"PUERTO VALLARTA, JAL.",14/08/2026 16:30,,,,12/08/2026
242394,TINY PACK,Cobro Destino,"CARRETERA INTERNACIONAL NORTE #4798, S/N, 80020, CULIACAN, SIN",52.35666667,IMPULSORA CARITEL,IMPULSORA CARITEL,1,"CULIACAN, SIN.",14/08/2026 16:27,,,,12/08/2026
242396,TINY PACK,Cobro Destino,"AV. INSURGENTES # 310 PTE., CENTRO, 63000, TEPIC, NAY",54.69,OPERADORA HOTELERA DEL PACIFICO EMACU,HOTEL EJECUTIVO URBAN HOTEL,4,"TEPIC, NAY.",14/08/2026 16:27,,,,12/08/2026
242397,TRES GUERRAS,Cobro Regreso,"PERIFERICO SUR PONIENTE 2255, BUROCRATICA, 29060, TUXTLA GUTIERREZ, CHS",89,PRECASA DEL SUR,DIVERXO,6,"TUXTLA GUTIERREZ, CHS.",13/08/2026 16:18,,,,12/08/2026
242398,TRES GUERRAS,Cobro Regreso,"PERIFERICO SUR PONIENTE 2255, BUROCRATICA, 29060, TUXTLA GUTIERREZ, CHS",89,BELENDA MARTINEZ,AUTO HOTEL EL SUMIDERO,12,"TUXTLA GUTIERREZ, CHS.",13/08/2026 16:18,,,,12/08/2026
242399,PAQMEX,Cobro Regreso,"BLVD. MIGUEL HIDALGO 1002, VALLE ALTO, 88710, REYNOSA, TAM",52,FDNR PROVEEDORA,LA QUINTA WYNDHAM REYNOSA TAMAULIPAS,8,"REYNOSA, TAM.",14/08/2026 16:30,,,,12/08/2026
242400,TRES GUERRAS,Cobro Destino,"PERIFERICO LUIS ECHEVERRIA #350 A, LOURDES, 25070, SALTILLO, COA",133.34,IMPULSORA PLAZA TIJUANA,CITY EXPRESS SALTILLO SUR (CESLW),1,"SALTILLO, COA.",13/08/2026 16:18,,,,12/08/2026
242401,TRES GUERRAS,Cobro Regreso,"RIO LERMA #237 ANEXO A, CUAUHTEMOC, 06500, CDMX, CMX",60,HOTELES ROMANO,LAILA HOTELS,8,"CDMX, CMX.",13/08/2026 16:18,,,,12/08/2026
242402,TRES GUERRAS,Cobro Regreso,"MANUEL J. CLOUTHIER #451-5, MARIA ISABEL, 32600, CD JUAREZ, CHI",52,ADRIANA ALVAREZ ALVAREZ,INSUMOS DEL NORTE,10,"CD JUAREZ, CHI.",13/08/2026 16:18,,,,12/08/2026
242405,TRES GUERRAS,Cobro Regreso,"AV. LAZARO CARDENAS #9, FRACC. LAS ANIMAS, 91190, XALAPA, VER",89,HOTELERA DE XALAPA,HOTEL HB XALAPA,9,"XALAPA, VER.",13/08/2026 16:17,,,,12/08/2026
242406,TRES GUERRAS,Cobro Destino,"BLANCARTE 130, ZONACENTRO, 22800, ENSENADA, BC",148.34,MOTELES DE CALIFORNIA,POSADA EL REY SOL,2,"ENSENADA, BC.",13/08/2026 16:17,,,,12/08/2026
242409,TRES GUERRAS,Cobro Regreso,"BLVD. AEROPUERTO MIGUEL ALEMÁN 55 B, PARQUE INDUSTRIAL LERMA, 52000, MÉXICO, DF2",308.3,IMPULSORA PLAZA JUAREZ,CITY EXPRESS TOLUCA (CETLC),8,"MÉXICO, DF2.",13/08/2026 16:17,,,,12/08/2026
242410,TRES GUERRAS,Cobro Regreso,"CARRETERA MEXICO ACAPULCO KM 88.60, DELICIAS CUERNAVACA, 62330, CUERNAVACA, MOR",400,FIDEICOMISO F/1596,ONE CUERNAVACA (1CVGL),14,"CUERNAVACA, MOR.",13/08/2026 16:17,,,,12/08/2026
242411,TRES GUERRAS,Tres Guerras C.Regreso,"AVENIDA UNIVERSIDAD VERACRUZANA KM.8.5, SANTA ROSA, 96536, COATZACOALCOS, VER",65,FIDEICOMISO F/1596,ONE COATZACOALCOS (1CTFR),10,"COATZACOALCOS, VER.",13/08/2026 16:17,,,,12/08/2026
242412,TRES GUERRAS,Cobro Regreso,"CALLE VILLASANA #656, 20 DE NOVIEMBRE, 22100, TIJUANA, BC",3892.58,DISTRIBUIDORA JOFA,DISTRIBUIDORA JOFA,1,"TIJUANA, BC.",13/08/2026 16:17,,,,12/08/2026
242413,TRES GUERRAS,Cobro Destino,"POLIGONO 3 RANCHO EL CHIVATITO S/N, TIERRA SANTA VALLE DE GUADALUPE, 22750, ENSENADA, BC",148.34,BIENES Y SERVICIOS CDM,ENTREVALLE HOTEL BOUTIQUE,2,"ENSENADA, BC.",13/08/2026 16:17,,,,12/08/2026
242414,TRES GUERRAS,Cobro Regreso,"AVENIDA BENITO JUAREZ #3963 C, LAS MERCEDES, 78394, SAN LUIS POTOSI, SLP",60,OPERADORA MSLP,MICROTEL SAN LUIS,1,"SAN LUIS POTOSI, SLP.",13/08/2026 16:15,,,,12/08/2026
242415,TRES GUERRAS,Cobro Regreso,"JUAN SALVADOR AGRAZ #69, SANTA FE CUAJIMALPA, 05348, CUAJIMALPA DE MORELOS, DF2",60,IMPULSORA PLAZA MADERO,CITY EXPRESS PLUS SANTA FE (CESFE),8,"CUAJIMALPA DE MORELOS, DF2.",13/08/2026 16:15,,,,12/08/2026
242416,TRES GUERRAS,Cobro Regreso,"AUTOPISTA TIJUANA-ENSENADA # 2501, ZONA PLAYITAS, 22860, ENSENADA, BC",148.34,COMPAÑIA MEXICANA DE INVERSIONES TURISTICAS,HOTEL LUCERNA ENSENADA,5,"ENSENADA, BC.",13/08/2026 16:17,,,,12/08/2026
242417,TRES GUERRAS,Cobro Regreso,"AV. INDEPENDENCIA #118 A, LA RIVERA, 92870, TUXPAN, VER",89,INMOBILIARIA TSEMACH,CITY EXPRESS TUXPAN (CETXP),2,"TUXPAN, VER.",13/08/2026 16:17,,,,12/08/2026
242419,TRES GUERRAS,Cobro Regreso,"ORIENTE 6  892 Entre Sur 17 y 19, CENTRO, 94300, ORIZABA, VER",89,OPERADORA DECORI ORIZABA,HOLIDAY INN ORIZABA (VEROZ),1,"ORIZABA, VER.",13/08/2026 16:17,,,,12/08/2026
242420,ONE,One Paqueteria C.Regreso,"PARROQUIA 1056 ENTRADA APROVEEDORES A ESPALDAS, SANTA CRUZ ATOYAC, 03310, MEXICO, CMX",102.6333333,HOTEL ROYAL PLAZA,,,"MEXICO, CMX.",14/08/2026 16:27,,,,13/08/2026
242421,ONE,Cobro Regreso,"Av Hermanos Serdan 810 INT SN, El Riego Sur, 72160, Puebla, PUE",153.75,HOTEL ROYAL PLAZA,,,"Puebla, PUE.",14/08/2026 16:27,,,,13/08/2026
242425,TRES GUERRAS,Cobro Regreso,"BLVD INSURGENTES #5950, EL LAGO, 22210, TIJUANA, BC",3892.58,IMPULSORA PLAZA JUAREZ,,,"TIJUANA, BC.",14/08/2026 16:28,,,,13/08/2026
242426,TRES GUERRAS,Cobro Regreso,"BLVD. FRANCISCO VILLA No. 4021, 20 DE NOVIEMBRE, 34234, DURANGO, DUR",260,IMPULSORA PLAZA GUADIANA,,,"DURANGO, DUR.",14/08/2026 16:28,,,,13/08/2026
242427,TRES GUERRAS,Cobro Destino,"ALVARO OBREGON No.51, CENTRO, 47180, ARANDAS, JAL",60,HOSPEDAJE DE ARANDAS,,,"ARANDAS, JAL.",14/08/2026 16:28,,,,13/08/2026
242428,TRES GUERRAS,Cobro Destino,"AV. INSURGENTES PTE #100, CENTRO, 63000, TEPIC, NAY",54.69,INDUSTRIA HOTELERA DE NAYARIT,,,"TEPIC, NAY.",14/08/2026 16:28,,,,13/08/2026
242429,TRES GUERRAS,Cobro Destino,"KM.2.5 CARRETERA LA PIEDAD, MARGARITAS, 59300, LA PIEDAD, MCH",400,HOTELERA BAJO LERMA,,,"LA PIEDAD, MCH.",14/08/2026 16:29,,,,13/08/2026
242430,TRES GUERRAS,Cobro Destino,"AVENIDA LAZARO CARDENAS 450, CENTRO, 61600, PATZCUARO, MCH",60,CORPORATIVO TURISTICO GB,,,"PATZCUARO, MCH.",14/08/2026 16:28,,,,13/08/2026
242431,CASTORES,Cobro Destino,"AV 10 DE JULIO 455, FRANCISCO I MADERO, 24190, CIUDAD DEL CARMEN, CAM",62.69583333,OPERADORA RECREO LAGUNERO,,,"CIUDAD DEL CARMEN, CAM.",14/08/2026 16:29,,,,13/08/2026
242432,ONE,Cobro Regreso,"AV. PASEO SAN GERARDO No. 101, SAN GERARDO, 20348, AGUASCALIENTES, AGS",50.42,OPERADORA HOTELERA AGSDTL,,,"AGUASCALIENTES, AGS.",14/08/2026 16:27,,,,13/08/2026
242434,TRES GUERRAS,Tres Guerras C.Regreso,"AV  COUNTRY CLUB TABLAJE 27440 LOTE 1 INTERIOR SUB CONDOMINIO YVR 1, SIN NOMBRE, 97308, MERIDA, YUC",445,MULTISERVICIOS INMOBILIARIOS TURISTICOS,,,"MERIDA, YUC.",14/08/2026 16:29,,,,13/08/2026
242435,TRES GUERRAS,Cobro Destino,"CARRT AL NTE ENTRE KM 3.5 Y PR, LA PRESITA BADIRAGUATO, 80935, CULIACAN, SIN",52.35666667,INMOBILIARIA DE LAS RIAS BAJAS,,,"CULIACAN, SIN.",14/08/2026 16:28,,,,13/08/2026
242436,TRES GUERRAS,Cobro Regreso,"CARRETERA A CHANKANAB KM. 6.5, ZONA HOTELERA SUR COZUMEL, 77600, COZUMEL, QR",84,INMOBILIARIA HOTELERA EL PRESIDENTE SAN JOSE DEL CABO,,,"COZUMEL, QR.",14/08/2026 16:30,,,,13/08/2026
242443,ONE,Cobro Destino,"AV JUAREZ 3309, LA PAZ A, 72160, Puebla, PUE",153.75,GIBALMI CONSORCIO EMPRESARIAL,,,"Puebla, PUE.",14/08/2026 16:27,,,,13/08/2026
242444,TRES GUERRAS,Cobro Regreso,"AV. COSTERA MIGUEL ALEMAN 2310, FRACC. COSTA AZUL, 39840, ACAPULCO, GRO",2306.95,HOTELES ROMANO,,,"ACAPULCO, GRO.",14/08/2026 16:29,,,,13/08/2026
242445,TRES GUERRAS,Cobro Regreso,"CAMINO AL AEROPUERTO 590, RINCONADA DE LOS MAGUEYES, 78100, SAN LUIS POTOSI, SLP",60,ADMINISTRADORA INN POTOSINA,,,"SAN LUIS POTOSI, SLP.",14/08/2026 16:28,,,,13/08/2026
242446,TRES GUERRAS,Cobro Regreso,"AV LOS LAGOS 105, LOS LAGOS, 78397, SAN LUIS POTOSI, SLP",60,DESARROLLADORA GRAND HOTEL,,,"SAN LUIS POTOSI, SLP.",14/08/2026 16:29,,,,13/08/2026
242448,TRES GUERRAS,Cobro Regreso,"BLVD ADOLFO LOPEZ MATEOS 1717, LOS GAVILANES, 37266, LEON, GTO",60,HOSPRO,,,"LEON, GTO.",14/08/2026 16:29,,,,13/08/2026
242449,ONE,Cobro Regreso,"BOULEVARD LUIS DONALDO COLOSIO MURRIETA 404, VALLE DE LAS TROJES, 20115, AGUASCALIENTES, AGS",50.42,HOSPRO,,,"AGUASCALIENTES, AGS.",14/08/2026 16:27,,,,13/08/2026
242450,TRES GUERRAS,Cobro Destino,"CALLE 8 #1315 Y AV.11, BELLAVISTA, 94580, CORDOBA, VER",89,HB CORDOBA,,,"CORDOBA, VER.",14/08/2026 16:28,,,,13/08/2026
242451,ONE,Cobro Destino,"AV JUAREZ 3309, LA PAZ A, 72160, Puebla, PUE",153.75,GIBALMI CONSORCIO EMPRESARIAL,,,"Puebla, PUE.",,,,,13/08/2026
242452,PAQMEX,Cobro Regreso,"ALLENDE NO. 814, ZONA CENTRO, 87000, CD. VICTORIA TAMAULIPAS, TAM",52,VICTORIA INN,,,"CD. VICTORIA TAMAULIPAS, TAM.",14/08/2026 16:26,,,,13/08/2026
242454,PAQMEX,Cobro Destino,"AVENIDA PEDRO CARDENAS  5117, FRACC VICTORIA, 87390, MATAMOROS, TAM",52,OPERADORA RESIDENCIAL DE MATAMOROS,,,"MATAMOROS, TAM.",14/08/2026 16:27,,,,13/08/2026
242457,TRES GUERRAS,Cobro Destino,"CARRETERA FEDERAL 70 SAN LUIS RIOVERDE #207, EL REFUGIO, 79650, CIUDAD FERNANDEZ, SLP",60,NORMA ALICIA PADRON SALAZAR,,,"CIUDAD FERNANDEZ, SLP.",14/08/2026 16:28,,,,13/08/2026
242459,TRES GUERRAS,Cobro Regreso,"PROLONGACIÓN SIERRA LEONA 810, GARITA DE JALISCO, 78294, SAN LUIS POTOSÍ, SLP",60,ARDIP GRUPO HOTELERO,,,"SAN LUIS POTOSÍ, SLP.",14/08/2026 16:29,,,,13/08/2026
242462,TRES GUERRAS,Cobro Regreso,"KAPPA #5028, PARQUE INDUSTRIAL MILENIUM, 66600, APODACA, NL",60,IMPULSORA PLAZA JUAREZ,,,"APODACA, NL.",14/08/2026 16:27,,,,13/08/2026
242463,TRES GUERRAS,Cobro Regreso,"Calle 33 A, número 505 A, CENTRO, 97000, MERIDA, YUC",445,CONSORCIO HOTELERO,,,"MERIDA, YUC.",14/08/2026 16:28,,,,13/08/2026
242466,TRES GUERRAS,Aprisa C.Destino,"BOULEVARD PASEO IXTAPA SIN NUMERO, ZONA HOTELERA, 40884, ZIHUATANEJO DE AZUETA, GRO",1950,"RIALBE, OPERADORA DE HOTELES",,,"ZIHUATANEJO DE AZUETA, GRO.",14/08/2026 16:29,,,,13/08/2026
242468,TRES GUERRAS,Cobro Regreso,"AV. JOSEFA ORTIZ DE DOMINGUEZ #801, JUAREZ, 85870, NAVOJOA, SON",89,COMERCIALIZADORA SANITARIA,,,"NAVOJOA, SON.",14/08/2026 16:27,,,,13/08/2026
242469,TRES GUERRAS,Cobro Regreso,"CAMINO AL AEROPUERTO 590, RINCONADA DE LOS MAGUEYES, 78100, SAN LUIS POTOSI, SLP",60,ADMINISTRADORA INN POTOSINA,,,"SAN LUIS POTOSI, SLP.",14/08/2026 16:28,,,,13/08/2026
242470,TRES GUERRAS,Aprisa C.Destino,"BOULEVARD PASEO IXTAPA SIN NUMERO, ZONA HOTELERA, 40884, ZIHUATANEJO DE AZUETA, GRO",1950,"RIALBE, OPERADORA DE HOTELES",,,"ZIHUATANEJO DE AZUETA, GRO.",14/08/2026 16:29,,,,13/08/2026
242471,TRES GUERRAS,Cobro Regreso,"KM 18.4 CARRETERA TRANSPENINSULAR SJC-CSL, LOMAS DEL TULE, 23405, SAN  JOSE DEL CABO, BCS",247.36,ALMACENES PALACE RESORTS,,,"SAN  JOSE DEL CABO, BCS.",14/08/2026 16:30,,,,13/08/2026
242472,TRES GUERRAS,Cobro Regreso,"BLVD. HAROLD R PAPE #2008, JARDINES DEL VALLE, 25732, MONCLOVA, COA",89,FDNR PROVEEDORA,,,"MONCLOVA, COA.",14/08/2026 16:28,,,,13/08/2026
242473,TRES GUERRAS,Cobro Regreso,"BLVD. HAROLD R PAPE #2008, JARDINES DEL VALLE, 25732, MONCLOVA, COA",89,FDNR PROVEEDORA,,,"MONCLOVA, COA.",14/08/2026 16:28,,,,13/08/2026
242474,TRES GUERRAS,Transportes Castores C.Destino,"SAN PABLO No.119, SAN ANTONIO, 51200, VALLE DE BRAVO, MEX",60,MARGARITA ESTRADA ROBLES,,,"VALLE DE BRAVO, MEX.",14/08/2026 16:28,,,,13/08/2026
242475,SANCHEZ,Sanchez Barcelata C.Regreso,"AV TEPIC NORTE 473, MEZCALES, 63732, BAHIA DE BANDERAS, NAY",33.1662234,GEORGINA GUADALUPE VILLASEÑOR DEL CASTILLO,,,"BAHIA DE BANDERAS, NAY.",,,,,13/08/2026
242476,TRES GUERRAS,Cobro Regreso,"BOULEVARD ATLIXCAYOTL 2528, RESERVA TERRITORIAL ATLIXCAYOTL, 72830, SAN ANDRES, PUE",60,OPERADORA TURISTICA SEBASTOPOL,,,"SAN ANDRES, PUE.",14/08/2026 16:29,,,,13/08/2026
242477,TRES GUERRAS,Cobro Regreso,"AV ISLA DE TRIS 28 A, FRACCIONAMIENTO RESIDENCIAL SAN MIGUEL, 24157, CIUDAD DEL CARMEN, CAM",62.69583333,PROYECTOS PROCAR,,,"CIUDAD DEL CARMEN, CAM.",14/08/2026 16:29,,,,13/08/2026
242478,TRES GUERRAS,Cobro Destino,"CALLE CARRETERA MARTINEZ TLAPACOYAN S/N, LOMAS DEL MIRADOR, 93607, MARTINEZ DE LA TORRE, VER",89,EXPERIENCIAS TURISTICAS VIVEE,,,"MARTINEZ DE LA TORRE, VER.",14/08/2026 16:29,,,,13/08/2026
242479,TRES GUERRAS,Cobro Destino,"ZARAGOZA PONIENTE #100, CENTRO, 43600, TULANCINGO, HID",0,HOTEL GENISA,,,"TULANCINGO, HID.",14/08/2026 16:29,,,,13/08/2026
242481,TRES GUERRAS,Cobro Regreso,"ESCUDERO 702, SAN FELIPE, 31203, CHIHUAHUA, CHI",631.28,TINGA,,,"CHIHUAHUA, CHI.",14/08/2026 16:30,,,,13/08/2026
242482,ONE,Cobro Regreso,"CARRETERA PANAMERICANA SUR KM 52 S/N, CARRETERA PANAMERICANA, 20345, AGUASCALIENTES, AGS",50.42,INMOBILIARIA HOTELERA EL PRESIDENTE SAN JOSE DEL CABO,,,"AGUASCALIENTES, AGS.",14/08/2026 16:27,,,,13/08/2026
242483,TRES GUERRAS,Cobro Regreso,"BOULEVARD MIGUEL ALEMÁN  55, PARQUE INDUSTRIAL LERMA, 52000, TOLUCA, MEX",60,FIDEICOMISO IRREVOCABLE DB/1616,,,"TOLUCA, MEX.",14/08/2026 16:29,,,,13/08/2026
242484,TINY PACK,Cobro Destino,"AV. ENRIQUE DUNANT SUR #829 C, MORELOS, 81460, GUAMUCHIL, SIN",0,PRESSTOL INMOBILIARIA,,,"GUAMUCHIL, SIN.",,,,,14/08/2026
242485,FLETES DE REGRESO,Cobro Regreso,"CALLE 9 PONIENTE MANZANA 65 LOTE 01, LA VELETA, 77760, Tulum, QR",80,THINGMEX,,,"Tulum, QR.",,,,,14/08/2026
242487,ONE,Cobro Destino,"CARRETERA A LAREDO KM 16, BALCONES DEL NORTE, 66052, GENERAL ESCOBEDO, NL",50.42692308,SERRA DO SUIDO,,,"GENERAL ESCOBEDO, NL.",14/08/2026 16:26,,,,14/08/2026
242489,TRES GUERRAS,Cobro Destino,"CARRETERA ORIENTE (HIDALGO)  #23, SAN ANTONIO, 45922, CHAPALA, JAL",60,OPERADORA CLINICA DEL LAGO DE CHAPALA,,,"CHAPALA, JAL.",14/08/2026 16:26,,,,14/08/2026
242491,TINY PACK,Cobro Destino,"CALZADA RAUL CERVANTES AHUMADA #1024, CALLEJONES DE GUASAVITO, 81101, GUASAVE, SIN",52.22846154,ORGANIZACION MARISOR,,,"GUASAVE, SIN.",,,,,14/08/2026
242493,TRES GUERRAS,Cobro Regreso,"CORREDOR COMERCIAL MANITOBA KM 6 NO. 650, MANITOBA, 31607, CUAUHTEMOC, CHI",89,OPTUMA,,,"CUAUHTEMOC, CHI.",14/08/2026 16:26,,,,14/08/2026
242494,TRES GUERRAS,Cobro Regreso,"BLVD. VILLAS DE IRAPUATO No. 1362, EJIDO IRAPUATO, 36643, IRAPUATO, GTO",400,IMPULSORA PLAZA TIJUANA,,,"IRAPUATO, GTO.",14/08/2026 16:26,,,,14/08/2026
242495,TRES GUERRAS,Cobro Regreso,"CARRETERA  CANCUN-CHETUMAL KM. 22 EN EL EXTERIOR LADO TIERRA CUN20111, OTRA NO ESPECIFICADA EN CATALOGO, 77569, CANCUN, QR",84,TRTG RESORTS INV,,,"CANCUN, QR.",14/08/2026 16:26,,,,14/08/2026
242501,TRES GUERRAS,Cobro Regreso,"PERIFERICO PASEO DE LA REPUBLICA No.5000, EJIDAL OCOLUSEN, 58295, MORELIA, MCH",60,FORSA EXPRESS,,,"MORELIA, MCH.",14/08/2026 16:26,,,,14/08/2026
242503,TRES GUERRAS,Cobro Destino,"CALZADA DE LA RODILLA DEL DIABLO 20, LA QUINTA, 60030, URUAPAN, MCH",60,JORGE LUIS MONROY OCHOA,,,"URUAPAN, MCH.",14/08/2026 16:26,,,,14/08/2026
242507,TRES GUERRAS,Cobro Destino,"CARRETERA LIBRE TIJUANA-MEXICALI N/N A UN LADO DE PLAZA SENDERO, EL FLORIDO, 22247, TIJUANA, BC",3892.58,IMPULSORA PLAZA HIDALGO,,,"TIJUANA, BC.",14/08/2026 16:26,,,,14/08/2026
242508,TRES GUERRAS,Cobro Regreso,"BLVD BELISARIO DOMINGUEZ KM  1081, JARDINES DE TUXTLA, 29020, TUXTLA, CHS",52,OPERADORA DE ESTANCIAS CREATIVAS,,,"TUXTLA, CHS.",14/08/2026 16:26,,,,14/08/2026
242509,TRES GUERRAS,Cobro Destino,"CARDENAL 100, VALLE DEL SOL SEGUNDA SECCION, 42082, PACHUCA, HID",60,SAUL JESUS GOMEZ RODRIGUEZ,,,"PACHUCA, HID.",14/08/2026 16:26,,,,14/08/2026
242511,TINY PACK,Cobro Regreso,"DE LOS ENEBROS No.449, LOS MANGOS II, 82128, MAZATLAN, SIN",51.37931034,MARCO ANTONIO GUERRERO NORIS,,,"MAZATLAN, SIN.",14/08/2026 16:26,,,,14/08/2026
242512,TRES GUERRAS,Cobro Destino,"AV. VENUSTIANO CARRANZA #890, MODERNA, 78233, SAN LUIS POTOSI, SLP",60,IMPERIAL REAL PLAZA,,,"SAN LUIS POTOSI, SLP.",14/08/2026 16:26,,,,14/08/2026
242513,SANCHEZ,Cobro Regreso,"CARRETERA FEDERAL LIBRE 200 TEPIC-PUERTO VALLARTA, EL MONTEON, 63724, COMPOSTELA, NAY",36.66375,MAJAHUA RESORTS,,,"COMPOSTELA, NAY.",,,,,14/08/2026
242514,ONE,Cobro Regreso,"CIRCUITO JUAN PABLO II 1936, EX HACIENDA LA NORIA, 72410, PUEBLA, PUE",153.75,FIDEICOMISO IRREVOCABLE DB/1616,,,"PUEBLA, PUE.",14/08/2026 16:26,,,,14/08/2026
242515,TRES GUERRAS,Cobro Regreso,"ALHONDIGA 100, SAN JAVIER, 36020, GUANAJUATO, GTO",60,FIDEICOMISO IRREVOCABLE DB/1616,,,"GUANAJUATO, GTO.",14/08/2026 16:26,,,,14/08/2026
242516,TRES GUERRAS,Cobro Destino,"CARRETERA INTERNACIONAL KM. 545, FIGUEROA, 68070, OAXACA DE JUAREZ, OAX",89,HOTEL VICTORIA,,,"OAXACA DE JUAREZ, OAX.",14/08/2026 16:26,,,,14/08/2026
242519,TRES GUERRAS,Cobro Regreso,"AVENIDA DE LA INDUSTRIA #10680, LA LAGUNA DE LA PUERTA, 89609, ALTAMIRA, TAM",200,IMPULSORA PLAZA ALTAMIRA,,,"ALTAMIRA, TAM.",14/08/2026 16:26,,,,14/08/2026
242521,ONE,Cobro Regreso,"AV. JOSE MARIA CHAVEZ 1512, JARDINES DE LA ASUNCION, 20270, AGUASCALIENTES, AGS",50.42,EDCO TURISMO AGUASCALIENTES,,,"AGUASCALIENTES, AGS.",14/08/2026 16:26,,,,14/08/2026
242522,ONE,Cobro Regreso,"AV. JUAREZ PUEBLA #1309, CENTRO, 72000, PUEBLA, PUE",153.75,ADMINISTRADORA HOTELES LOA,,,"PUEBLA, PUE.",14/08/2026 16:26,,,,14/08/2026
242523,TRES GUERRAS,Cobro Regreso,"KM 6.5 CARRETERA  A LA BARRA  S/N, LA CALZADA, 92773, TUXPAN, VER",89,GRUPO INMOBILIARIO RICSHER,,,"TUXPAN, VER.",14/08/2026 16:25,,,,14/08/2026
242524,TRES GUERRAS,Cobro Regreso,"AV. UNIVERSIDAD 501 NTE., ROBLE, 66450, SAN NICOLAS DE LOS GARZA, NL",60,OPERADORA DE HOTELES LA FE,,,"SAN NICOLAS DE LOS GARZA, NL.",14/08/2026 16:26,,,,14/08/2026
242525,FLEGUMESA,Cobro Destino,"ARTICULO 123 NUMERO 74 ENTRE SEBASTIAN ORTIZ, MARIA LUISA, 68310, SAN JUAN BAUTISTA TUXTEPEC, OAX",52,ALEJANDRA BRAVO AGUIRRE,,,"SAN JUAN BAUTISTA TUXTEPEC, OAX.",,,,,14/08/2026
242526,TRES GUERRAS,Cobro Destino,"DORADO S/N, VALENTIN DIAZ, 91697, VERACRUZ, VER",445,INMOBILIARIA BARRA DE MIÑO,,,"VERACRUZ, VER.",14/08/2026 16:26,,,,14/08/2026
242527,TINY PACK,Cobro Regreso,"AV DOMINGO QUIROZ Y MORA 132, CENTRO, 83600, CABORCA, SON",52.35666667,PROMOTORA GA,,,"CABORCA, SON.",,,,,14/08/2026
242528,PAQMEX,Cobro Destino,"BLVD.COSTERO 504, PLAYA MIRAMAR, 89540, CD MADERO, TAM",104,ADMINISTRADORA TURISTICA DEL GOLFO,,,"CD MADERO, TAM.",26/08/2026 17:33,,,,14/08/2026
242529,TRES GUERRAS,Cobro Destino,"AV HIDALGO#1147, CENTRO, 31500, CUAUHTEMOC, CHI",89,CITLALLI ORDOÑEZ SOTO,,,"CUAUHTEMOC, CHI.",14/08/2026 16:26,,,,14/08/2026
242530,TRES GUERRAS,Cobro Destino,"CONSTITUCION 5, CENTRO, 40000, IGUALA, GRO",60.93548387,HOTEL MARIA ISABEL DE IGUALA,,,"IGUALA, GRO.",14/08/2026 16:26,,,,14/08/2026
242532,TRES GUERRAS,Cobro Regreso,"JUAREZ No 1, JUSTO SIERRA, 24114, DEL CARMEN, CAM",62.69583333,IMPULSORA PLAZA CIUDAD DEL CARMEN,,,"DEL CARMEN, CAM.",14/08/2026 16:26,,,,14/08/2026
242536,ONE,Cobro Destino,"CALLE 2 ORIENTE 808 INTERIOR 1, CENTRO, 72000, PUEBLA, PUE",153.75,,HOTEL CASA AZULAI PUEBLA,1,"PUEBLA, PUE.",,,,,17/08/2026
242537,TRES GUERRAS,Cobro Regreso,"CARRETERA TLAX-APIZACO CALLE INDEPENDENCIA KM 10, SANTA MARIA ATLLIHUETZIAN, 90459, YAUHQUEMEHCAN, TLA",60,,HOLIDAY INN TLAXCALA (PBCAX),5,"YAUHQUEMEHCAN, TLA.",,,,,17/08/2026
242541,ONE,Cobro Regreso,"AV. JUAREZ PUEBLA #1309, CENTRO, 72000, PUEBLA, PUE",153.75,,COMFORT INN PUEBLA (143202),3,"PUEBLA, PUE.",,,,,17/08/2026
242544,TINY PACK,Cobro Regreso,"BLVD. INDEPENDENCIA No. 3595, EL FRESNO, 27018, TORREON, COA",54.69,,REAL INN TORREON,6,"TORREON, COA.",,,,,17/08/2026
242545,TRES GUERRAS,Cobro Destino,"CALLE 8 #1315 Y AV.11, BELLAVISTA, 94580, CORDOBA, VER",89,,HOTEL HB,1,"CORDOBA, VER.",,,,,17/08/2026
242546,ONE,Cobro Regreso,"PASEO DE LA REFORMA 124, JUAREZ, 06600, MEXICO, CMX",102.6333333,,EMPORIO REFORMA,10,"MEXICO, CMX.",,,,,17/08/2026
242549,TRES GUERRAS,Cobro Destino,"BLVD MEXICO-LAREDO 1418 LOCAL B TACOS RICHARD l, ZONA CENTRO, 79000, CIUDAD VALLES, SLP",89,,LAS YAKAS,4,"CIUDAD VALLES, SLP.",,,,,17/08/2026
242552,TRES GUERRAS ,Cobro Destino,"AVENIDA FRANCISCO I MADERO SUR 144, GOMEZ PALACIO CENTRO, 35000, GOMEZ PALACIO, DUR",0,,HOTEL POSADA DEL RIO,10,"GOMEZ PALACIO, DUR.",,,,,17/08/2026
242556,TRES GUERRAS,Cobro Regreso,"PASEO DE LA REFORMA #1, TABACALERA, 06030, CDMX, DF",60,,BARCELO MEXICO REFORMA,5,"CDMX, DF.",,,,,17/08/2026
242557,TRES GUERRAS,Cobro Regreso,"BOULEVARD PUERTO AEREO #75, INDUSTRIAL PUERTO AEREO, 15710, VENUSTIANO CARRANZA, CMX",60,,TRU BY HILTON AEROPUERTO MEXICO,4,"VENUSTIANO CARRANZA, CMX.",,,,,17/08/2026
242561,FLETES DE REGRESO,Cobro Regreso,"BOULEVARD LUIS DONALDO COLOSIO SUPERMANZANA 305 MANZANA 1 LOTE 2 Y 3 INT S 2 2, LAGOS DEL SOL, 77533, BENITO JUAREZ, QR",84,,COURTYARD BY MARRIOTT CANCUN A0091523,8,"BENITO JUAREZ, QR.",,,,,17/08/2026
242562,TINY PACK,Cobro Regreso,"AV  PLAYA GAVIOTAS 214, Zona Dorada, 82110, MAZATLAN, SIN",51.37931034,,COURTYARD MAZATLAN A0157919,2,"MAZATLAN, SIN.",,,,,17/08/2026
242563,TRES GUERRAS,Tres Guerras C.Destino,"AV. BENITO JUAREZ NORTE # 202, VICENTE GUERRERO, 22920, ENSENADA, BC",148.34,,HOTEL POSADA SAN MARTIN,4,"ENSENADA, BC.",,,,,17/08/2026
242565,TRES GUERRAS,Cobro Destino,"BLVD. MANUEL AVILA CAMACHO #2374, COSTA DE ORO 2DA. SECCION, 94299, BOCA DEL RIO, VER",2306.95,,CITY EXPRESS VERACRUZ (CEVER),2,"BOCA DEL RIO, VER.",,,,,17/08/2026
242567,ONE,Cobro Destino,"EJE 6 SUR   #540, CENTRAL DE ABASTOS DEL IZTAPALAPA, 09040, Ciudad de Mexico, CMX",102.6333333,,CITY EXPRESS CENTRAL DE ABASTOS (CECEA),1,"Ciudad de Mexico, CMX.",,,,,17/08/2026
242568,TRES GUERRAS,Cliente Pasa por Mercancia,"LA PAZ ORIENTE 418, SAN JUAN COSALA, 45820, JOCOTEPEC, JAL",60,,TERMAL COSALA,2,"JOCOTEPEC, JAL.",,,,,17/08/2026
242571,SANCHEZ,Cobro Regreso,"CARRETERA FEDERAL LIBRE 200 TEPIC-PUERTO VALLARTA, EL MONTEON, 63724, COMPOSTELA, NAY",36.66375,,ONE & ONLY MANDARINA,9,"COMPOSTELA, NAY.",,,,,17/08/2026
242572,TRES GUERRAS,Cobro Regreso,"KM 6.5 CARRETERA  A LA BARRA  S/N, LA CALZADA, 92773, TUXPAN, VER",89,,HOLIDAY INN EXPRESS TUXPAN A0200403 (PAZRL),4,"TUXPAN, VER.",,,,,17/08/2026
242576,TRES GUERRAS,Cobro Regreso,"AV PLAZA HIDALGO 304 Y 306, PUERTO INTERIOR, 36275, SILAO DE LA VICTORIA, GTO",60,,STAYBRIDGE SUITES SILAO (BJXPI),3,"SILAO DE LA VICTORIA, GTO.",,,,,17/08/2026
242577,TRES GUERRAS,Cobro Regreso,"BLVD. GALERÍAS SALTILLO NO. 375-1, PARQUE CENTRO, 25279, SALTILLO, COA",133.34,,COURTYARD SALTILLO (SLWCS) A0100469,5,"SALTILLO, COA.",,,,,17/08/2026
242580,TRES GUERRAS,Cobro Regreso,"BLVD A RUIZ CORTINES 3533, FRACC DE LAS AMERICA, 94299, BOCA DEL RIO, VER",2306.95,,"HAMPTON VERACRUZ BOCA DEL RIO, VERACRUZ, MEXICO (VERAC)",4,"BOCA DEL RIO, VER.",,,,,17/08/2026
242581,TRES GUERRAS,Cobro Regreso,"AUT.MEXICO-QRO.KM. 32.5, LECHERIA, 54900, TULTITLAN, MEX",60,,FIESTA INN PERINORTE (FIPER),1,"TULTITLAN, MEX.",,,,,17/08/2026
242582,TINY PACK,Cobro Regreso,"CALZ CAMARON SABALO No. 6291, Zona Dorada, 82110, MAZATLAN, SIN",51.37931034,,SUNVIVIA,9,"MAZATLAN, SIN.",,,,,17/08/2026
242587,CASTORES,Cobro Regreso,"BOULEVARD PASEO IXTAPA LOTE 02, ZONA HOTELERA 1 IXTAPA, 40880, ZIHUATANEJO DE AZUETA, GRO",1950,,HOLIDAY INN RESORT IXTAPA (ZIHHA),20,"ZIHUATANEJO DE AZUETA, GRO.",,,,,18/08/2026
242588,TRES GUERRAS,Cobro Regreso,"MANUEL MARQUEZ DE LEON #2415, Condominio Vista Coral., EL MANGLITO, 23060, LA PAZ, BCS",113.86,,LIVE AQUA RESIDENCE CLUB LA PAZ,2,"LA PAZ, BCS.",,,,,18/08/2026
242589,TRES GUERRAS,Cobro Regreso,"AV LOS LAGOS 105, LOS LAGOS, 78397, SAN LUIS POTOSI, SLP",60,,COURTYARD LOS LAGOS SAN LUIS POTOSI A0153234,5,"SAN LUIS POTOSI, SLP.",,,,,18/08/2026
242590,CASTORES,Cobro Regreso,"MISION DE LOS LAGOS #9020, PARTIDO IGLESIAS, 32668, JUAREZ, CHI",52,,COURTYARD CIUDAD JUAREZ A0100628,8,"JUAREZ, CHI.",,,,,18/08/2026
242591,TRES GUERRAS,Cobro Regreso,"BLVD. GALERÍAS SALTILLO NO. 375-1, PARQUE CENTRO, 25279, SALTILLO, COA",133.34,,COURTYARD SALTILLO (SLWCS) A0100469,5,"SALTILLO, COA.",,,,,18/08/2026
242592,TINY PACK,Cobro Regreso,"AV  PLAYA GAVIOTAS 214, Zona Dorada, 82110, MAZATLAN, SIN",51.37931034,,COURTYARD MAZATLAN A0157919,2,"MAZATLAN, SIN.",,,,,18/08/2026
242593,TRES GUERRAS,Cobro Regreso,"CARRETERA A NUEVO LAREDO 21521-A, NO ESPECIFICADA, 66600, APODACA, NL",60,,CITY EXPRESS MONTERREY NORTE (CEMTN),3,"APODACA, NL.",,,,,18/08/2026
242594,TRES GUERRAS,Cobro Regreso,"BLVD HAROLD R PAPE 200, GUADALUPE, 25750, MONCLOVA, COA",89,,HOLIDAY INN MONCLOVA (LOVMX),1,"MONCLOVA, COA.",,,,,18/08/2026
242595,ONE,Cobro Destino,"CARRETERA A MONCLOVA 501, CENTRO, 66050, GENERAL ESCOBEDO, NL",50.42692308,,MOTEL DON JUAN,7,"GENERAL ESCOBEDO, NL.",,,,,18/08/2026
242597,TRES GUERRAS,Cobro Destino,"CALLE CASCALOZUCHITL S/N, BUENOS AIRES, 23436, LOS CABOS, BCS",113.86,,HOTEL CACTUS INN,3,"LOS CABOS, BCS.",,,,,18/08/2026
242598,TRES GUERRAS,Cobro Regreso,"AVENIDA PRIMERO DE MAYO 226, SAN ANDRES ATOTO, 53500, NAUCALPAN DE JUAREZ, CMX",60,,HOLIDAY INN EXPRESS MEXICO TOREO (MEXAN),4,"NAUCALPAN DE JUAREZ, CMX.",,,,,18/08/2026
242599,TRES GUERRAS,Cobro Destino,"BOULEVARD AEROPUERTO 5001, PARQUE INDUSTRIAL MILENIUM, 66626, APODACA, NL",60,,BEST WESTERN PREMIER MONTERREY AEROPUERTO,1,"APODACA, NL.",,,,,18/08/2026
242600,TRES GUERRAS,Cobro Regreso,"AV. JUAREZ #310 ENTRE JESUS GARCIA Y JESUS ARLLANO, MIRASOL, 84160, MAGDALENA, SON",0,,COMSAN,1,"MAGDALENA, SON.",,,,,18/08/2026
242602,TRES GUERRAS,Cobro Destino,"OCAMPO 600, CENTRO, 47800, OCOTLAN, JAL",100,,HOTEL CASA RyS,1,"OCOTLAN, JAL.",,,,,18/08/2026
242603,TRES GUERRAS,Cobro Regreso,"AV. BENITO JUAREZ #3963, LAS MERCEDES, 78394, SAN LUIS POTOSI, SLP",60,,ENCORE SAN LUIS A0191479,20,"SAN LUIS POTOSI, SLP.",,,,,18/08/2026
242606,TRES GUERRAS,RedExpress C.Regreso,"BLVD.HAROLD R.PAPE 1909  JARDINES DE LA SALLE, JARDINES DE LA SALLE, 25750, MONCLOVA, COA",89,,FIESTA INN MONCLOVA (FIMNC),2,"MONCLOVA, COA.",,,,,18/08/2026
242607,TRES GUERRAS,Cobro Regreso,"BOULEVARD SANTA CRUZ 604, SANTA CRUZ SECTOR A, 70987, SANTA MARIA HUATULCO, OAX",779.77,,HOLIDAY INN HUATULCO (HUXHI),10,"SANTA MARIA HUATULCO, OAX.",,,,,18/08/2026
242608,CASTORES,Cobro Regreso,"BOULEVARD PASEO IXTAPA LOTE 02, ZONA HOTELERA 1 IXTAPA, 40880, ZIHUATANEJO DE AZUETA, GRO",1950,,HOLIDAY INN RESORT IXTAPA (ZIHHA),4,"ZIHUATANEJO DE AZUETA, GRO.",,,,,18/08/2026
242609,TRES GUERRAS,Cobro Destino,"LERDO DE TEJADA N°318, CENTRO, 47600, TEPATITLAN DE MORELOS, JAL",60,,HOTEL REAL VICTORIA,4,"TEPATITLAN DE MORELOS, JAL.",,,,,18/08/2026
242610,TRES GUERRAS,Cobro Destino,"PIRINDAS #435, FELIX IRETA, 58070, MORELIA, MCH",60,,GRAND CATALAGUA,2,"MORELIA, MCH.",,,,,18/08/2026
242611,TRES GUERRAS,Cobro Destino,"INDEPENDENCIA # 403 B, CENTRO, 33700, CAMARGO, CHI",89,,WIM HOTEL,4,"CAMARGO, CHI.",,,,,18/08/2026
242613,TRES GUERRAS,Cobro Regreso,"AV VIADUCTO RIO DE LA PIEDAD 515, GRANJAS MEXICO, 08400, IZTACALCO, CMX",60,,FIESTA AMERICANA VIADUCTO CHURUBUSCO (FFAXV),20,"IZTACALCO, CMX.",,,,,18/08/2026
242614,CASTORES,Tres Guerras Ocurre Oficina,"LAS TORRES No.1, REFORMA, 93210, POZA RICA, VER",55.5,,LA QUINTA POZA RICA,2,"POZA RICA, VER.",,,,,18/08/2026
242617,TRES GUERRAS,Cobro Regreso,"AV MIGUEL ALEMAN 5331, CERRADAS DE LINDA VISTA, 67130, GUADALUPE, NL",60,,CITY EXPRESS MONTERREY LINDAVISTA (CEMTL),1,"GUADALUPE, NL.",,,,,18/08/2026
242619,CASTORES,Cobro Regreso,"Heroico Colegio Militar 101, Nueva Vizcaya, 34080, Durango, DUR",260,,"HAMPTON DURANGO, MEXICO (DGOHX)",15,"Durango, DUR.",,,,,18/08/2026
242620,TINY PACK,Cobro Regreso,"CALLE DE LA JUVENTUD 5915 INTERIOR H, PREDIO LA CANTERA, 31216, CHIHUAHUA, CHI",631.28,,"HILTON GARDEN INN CHIHUAHUA, CHIHUAHUA, MEXICO (CUUCM)",10,"CHIHUAHUA, CHI.",,,,,18/08/2026
242624,ONE,Cobro Regreso,"AV. JOSE MARIA CHAVEZ 1512, JARDINES DE LA ASUNCION, 20270, AGUASCALIENTES, AGS",50.42,,"HAMPTON AGUASCALIENTES DOWNTOWN, MEXICO (AGUMX)",2,"AGUASCALIENTES, AGS.",,,,,18/08/2026
242625,TRES GUERRAS,Cobro Regreso,"LAZARO CARDENAS 2305, RESIDENCIAL SAN AGUSTIN, 66260, SAN PEDRO GARZA GARCIA, NL",60,,HOLIDAY INN MONTERREY VALLE(MTYZV),5,"SAN PEDRO GARZA GARCIA, NL.",,,,,18/08/2026
242627,PAQMEX,Cobro Regreso,"PASEO DE LAS ARTES 800, TECNOLOGICO, 26080, PIEDRAS NEGRAS, COA",89,,"HAMPTON PIEDRAS NEGRAS, MEXICO (PDSHX)",2,"PIEDRAS NEGRAS, COA.",,,,,18/08/2026
242628,ONE,Cobro Destino,"10 NORTE #1402, ALTO BARRIO, 72290, PUEBLA, PUE",153.75,,BANYAN TREE PUEBLA A0146926,3,"PUEBLA, PUE.",,,,,18/08/2026
242629,TRES GUERRAS,Cobro Regreso,"BLVD. SALMON GONZALEZ BLANCO #4350, PATRIA NUEVA, 29045, TUXTLA GUTIERREZ, CHS",89,,CITY JUNIOR TUXTLA GUTIERREZ POLIFORUM (CJTGZ),3,"TUXTLA GUTIERREZ, CHS.",,,,,18/08/2026
242630,FLETES DE REGRESO,Transportes Castores C.Destino,"CALLE 50 No.398-D X 29 Y 31, JESUS CARRANZA, 97109, MERIDA, YUC",445,,PROMASUR,3,"MERIDA, YUC.",,,,,18/08/2026
242631,TRES GUERRAS,Cobro Destino,"PASEO MISION DE LORETO FN399-C, FRACC. LORETO BAY, 23887, LORETO, BCS",113.86,,LORETO BAY CASAGO,2,"LORETO, BCS.",,,,,18/08/2026
242632,TRES GUERRAS,Cobro Destino,"PRIVADA UNIVERSIDAD N. 102-6, GUSTAVO DIAZ ORDAZ, 89108, TAMPICO, TAM",60,,MEDICA UNIVERSIDAD,2,"TAMPICO, TAM.",,,,,18/08/2026
242633,ONE,One Paqueteria C.Destino,"BLVD.LUIS DONALDO COLOSIO MURRIETA 792, TROJES DE ALONSO, 20116, AGUASCALIENTES, AGS",50.42,,HOTEL LAS TROJES,1,"AGUASCALIENTES, AGS.",,,,,18/08/2026
242634,TRES GUERRAS,Cobro Destino,"AV. COSTERA MIGUEL ALEMAN #159, MAGALLANES, 39670, ACAPULCO, GRO",2306.95,,HOTEL RITZ ACAPULCO,16,"ACAPULCO, GRO.",,,,,18/08/2026
242635,TRES GUERRAS,Cobro Destino,"CARR SJR TEQUIS KM11.5, SAN NICOLAS, 76770, TEQUISQUIAPAN, QUE",60,,OPERADORA VILLA ANTIGUA,1,"TEQUISQUIAPAN, QUE.",,,,,18/08/2026
242636,FLETES DE REGRESO,Cobro Regreso,"CALLE 45 # 332 COL.BENITO JUAREZ NORTE, C.P. 97119, 97119, MERIDA, YUC",445,,CITY EXPRESS MERIDA (CEMID),1,"MERIDA, YUC.",,,,,18/08/2026
242637,FLETES DE REGRESO,Cobro Regreso,"CALLE 33 A 504, CENTRO, 97000, MERIDA, YUC",445,,COURTYARD MARRIOTT MERIDA A0165799,5,"MERIDA, YUC.",,,,,18/08/2026
242638,TRES GUERRAS,Cobro Regreso,"CARRETERA FEDERAL SLP-QRO 10685, EL SALITRE, 76127, QUERETARO, QUE",400,,STAYBRIDGE SUITES QUERETARO (MQESB),2,"QUERETARO, QUE.",,,,,18/08/2026
242639,TRES GUERRAS,Cobro Regreso,"BLVD.ADOLFO RUIZ CORTINES 4298, FRACC COSTA DE ORO, 94299, BOCA DEL RIO, VER",2306.95,,HOLIDAY INN VERACRUZ (VCRMX),2,"BOCA DEL RIO, VER.",,,,,18/08/2026
242640,TRES GUERRAS,Cobro Destino,"PERIFERICO LUIS ECHEVERRIA #350 A, LOURDES, 25070, SALTILLO, COA",133.34,,CITY EXPRESS SALTILLO SUR (CESLW),3,"SALTILLO, COA.",,,,,18/08/2026
242641,TINY PACK,Cobro Regreso,"BOULEVARD TORREON-MATAMOROS 4050, EX-HACIENDA ANTIGUA LOS ANGELES, 27260, TORREON, COA",54.69,,CROWNE PLAZA TORREON(MILENIUM) (TRCRZ),5,"TORREON, COA.",,,,,18/08/2026
242642,TINY PACK,Cobro Regreso,"BLVD. DIEGO VALADEZ RIOS 99, DESARROLLO URBANO 3 RIOS, 80020, CULIACAN, SIN",52.35666667,,HOTEL LUCERNA CULIACAN,1,"CULIACAN, SIN.",,,,,18/08/2026
242643,SANCHEZ,Kora Express C.Destino,"HIDALGO  # 9 NTE., CENTRO, 63700, COMPOSTELA, NAY",36.66375,,HOTEL PLAZA DE COMPOSTELA,10,"COMPOSTELA, NAY.",,,,,18/08/2026
242644,TRES GUERRAS,Cobro Regreso,"Zona Aeropuerto SALTILLO-JARDINES COLONIALES, Carretera Saltillo-Monterrey 6580, 25270, SALTILLO, COA",133.34,,"HAMPTON SALTILLO, MEXICO (SLWHA)",4,"SALTILLO, COA.",,,,,18/08/2026
242645,TRES GUERRAS,Cobro Destino,"GUSTAVO BAZ #29, XOCOYAHUALCO, 54080, TLANEPANTLA, MEX",60,,CITY EXPRESS GUSTAVO BAZ (CEBAZ),1,"TLANEPANTLA, MEX.",,,,,18/08/2026
242647,TRES GUERRAS,Cobro Regreso,"BLANCARTE 151, CENTRO, 22800, ENSENADA, BC",148.34,,HOLIDAY INN EXPRESS & SUITES ENSENADA A0198992 (TIJEN),6,"ENSENADA, BC.",,,,,18/08/2026
242650,TRES GUERRAS,Cobro Regreso,"BLVD BENITO JUAREZ 4, BAHIA DE TANGOLUNDA, 70989, HUATULCO, OAX",779.77,,DREAMS HUATULCO (DREHU)   A0099149,2,"HUATULCO, OAX.",,,,,18/08/2026
242651,ONE,One Paqueteria C.Destino,"HORNEDO 337, CENTRO, 20000, AGUASCALIENTES, AGS",50.42,,HOTEL REAL PLAZA,12,"AGUASCALIENTES, AGS.",,,,,19/08/2026
242660,TRES GUERRAS,Cobro Regreso,"CARRETERA A PTO MADERO KM 3.5, LAS HORTENCIAS, 30797, TAPACHULA, CHS",445,,HOLIDAY INN EXPRESS TAPACHULA (TAPPF),1,"TAPACHULA, CHS.",,,,,19/08/2026
242661,TRES GUERRAS,Cobro Regreso,"MANUEL AVILA CAMACHO 1007 95 CUAHUTEMOC, JARDINES DE SANTA MONICA, 54050, TLANEPANTLA, CMX",60,,CITY PLUS MUNDO E (CPSTM),1,"TLANEPANTLA, CMX.",,,,,19/08/2026
242662,ONE,Cobro Regreso,"REPUBLICA DE URUGUAY #45, CENTRO HISTORICO, 06000, CIUDAD DE MEXICO, CMX",102.6333333,,CITY CENTRO CIUDAD DE MEXICO (CCMEX),1,"CIUDAD DE MEXICO, CMX.",,,,,19/08/2026
242663,ONE,Cobro Regreso,"HAVRE #21, JUAREZ, 06600, CIUDAD DE MEXICO, DF2",308.3,,CITY EXPRESS PLUS EBC REFORMA (CEEBC),1,"CIUDAD DE MEXICO, DF2.",,,,,19/08/2026
242664,TRES GUERRAS,Cobro Regreso,"AV BENITO JUAREZ 1270, VALLE DORADO, 78399, SAN LUIS POTOSI, SLP",60,,HOLIDAY INN EXPRESS SAN LUIS POTOSI A0201813 (SLPMV),1,"SAN LUIS POTOSI, SLP.",,,,,19/08/2026
242665,TRES GUERRAS,Cobro Regreso,"BLVD.KUKULKAN KM. 8.5 SECCION A LOTE 3, ZONA HOTELERA, 77500, CANCUN, QR",84,,FIESTA AMERICANA VILLAS CANCUN  FACU,24,"CANCUN, QR.",,,,,19/08/2026
242666,SANCHEZ,Cobro Regreso,"CAMINO INGRESO A LITIBU LOTE #15, HIGUERA BLANCA, 63734, BAHIA DE BANDERAS, NAY",33.1662234,,IBEROSTAR PUNTA MITA,20,"BAHIA DE BANDERAS, NAY.",01/09/2026 16:07,,,,19/08/2026
242669,TRES GUERRAS,Cobro Regreso,"AV. DR. MANUEL NAVA No.200, LOMAS DE LOS FILTROS, 78210, SAN LUIS POTOSI, SLP",60,,CITY EXPRESS SAN LUIS POTOSI ZONA UNIVERSITARIA (CESLU),2,"SAN LUIS POTOSI, SLP.",,,,,19/08/2026
242671,SANCHEZ,Sanchez Barcelata C.Regreso,"AV TEPIC NORTE 473, MEZCALES, 63732, BAHIA DE BANDERAS, NAY",33.1662234,,HOTEL STORE PUERTO VALLARTA,2,"BAHIA DE BANDERAS, NAY.",01/09/2026 16:07,,,,19/08/2026
242674,TRES GUERRAS,Cobro Regreso,"AUTOPISTA MEXICO QUERETARO KM 42.5, BARRIO TEXCACOA, 54600, TEPOTZOTLAN, MEX",60,,CITY EXPRESS TEPOTZOTLAN (CETPO),1,"TEPOTZOTLAN, MEX.",,,,,19/08/2026
242677,TRES GUERRAS,Cobro Regreso,"AV. DR. MANUEL NAVA No.200, LOMAS DE LOS FILTROS, 78210, SAN LUIS POTOSI, SLP",60,,CITY EXPRESS SAN LUIS POTOSI ZONA UNIVERSITARIA (CESLU),1,"SAN LUIS POTOSI, SLP.",,,,,19/08/2026
242678,TRES GUERRAS,Cobro Regreso,"AV 5 DE FEBRERO #9852, ZONA INDUSTRIAL BENITO JUAREZ, 76120, QUERETARO, QUE",400,,CITY SUITES QUERETARO (CSQRO),2,"QUERETARO, QUE.",,,,,19/08/2026
242680,TRES GUERRAS,Cobro Regreso,"BOULEVART MAUEL J CLUTIER 16651, RIO TIJUANA 3RA ETAPA, 22226, TIJUANA, BC",3892.58,,SLEEP INN TIJUANA (143236),1000,"TIJUANA, BC.",,,,,19/08/2026
242683,TRES GUERRAS,Cobro Regreso,"AVE. MORELOS SUR  133, LAS PALMAS, 62050, CUERNAVACA, MOR",400,,HOLIDAY INN EXPRESS & SUITES CUERNAVACA (CVJJH),1,"CUERNAVACA, MOR.",,,,,19/08/2026
242685,TRES GUERRAS,Cobro Regreso,"BLVD GENERAL LAZARO CARDENAS #16002, OTAY SECCION UNIVERSIDAD, 22427, TIJUANA, BC",3892.58,,CITY JUNIOR TIJUANA OTAY (CJTIO),2,"TIJUANA, BC.",,,,,19/08/2026
242686,TRES GUERRAS,Cobro Regreso,"Calzada Cetys 2650, Rivera, 21259, Mexicali, BC",3892.58,,COURTYARD MARRIOTT MEXICALI A0157920,2,"Mexicali, BC.",,,,,19/08/2026
242689,TRES GUERRAS,Cobro Destino,"JARDIN DE LA UNION No.12, CENTRO, 36000, GUANAJUATO, GTO",60,,HOTEL POSADA SANTA FE,4,"GUANAJUATO, GTO.",,,,,19/08/2026
242690,TINY PACK,Cobro Destino,"CALLE GARCIA VALDEZ NUM 2904, PARQUES DE SAN FELIPE, 31203, CHIHUAHUA, CHI",631.28,,MARTIN ALCARAZ GASTELUM,1,"CHIHUAHUA, CHI.",,,,,19/08/2026
242691,ONE,Cobro Regreso,"BOULEVARD DEL NIÑO POBLANO 3120, SAN JOSE VISTA HERMOSA, 72190, PUEBLA, PUE",153.75,,RADISSON PUEBLA ANGELOPOLIS (145137),3,"PUEBLA, PUE.",,,,,19/08/2026
242692,TINY PACK,Cobro Regreso,"AV. MIGUEL ALEMÁN #901 NORTE, AMPLIACION DEL SOL, 85010, OBREGON, SON",51.939375,,CITY EXPRESS CIUDAD OBREGON (CECEN),2,"OBREGON, SON.",,,,,19/08/2026
242696,SANCHEZ,Cobro Regreso,"AVENIDA PASEO COCOTEROS No.750 SUR, FLAMINGOS, 63732, NUEVO VALLARTA, NAY",92.2325,,VILLAS DEL PALMAR FLAMINGOS,3,"NUEVO VALLARTA, NAY.",01/09/2026 16:06,,,,19/08/2026
242697,ONE,Cobro Regreso,"CARRETERA PANAMERICANA SUR KM 52 S/N, CARRETERA PANAMERICANA, 20345, AGUASCALIENTES, AGS",50.42,,HOLIDAY INN & SUITES AGUASCALIENTES (AGUGP),3,"AGUASCALIENTES, AGS.",,,,,19/08/2026
242698,TRES GUERRAS,Cobro Regreso,"BOULEVARD BENITO JUAREZ 2151, INSURGENTES ESTE, 21280, Mexicali, BC",3892.58,,HOTEL LUCERNA MEXICALI,2,"Mexicali, BC.",,,,,19/08/2026
242700,SANCHEZ,Cobro Regreso,"CAMINO INGRESO A LITIBU LOTE #15, HIGUERA BLANCA, 63734, BAHIA DE BANDERAS, NAY",33.1662234,,IBEROSTAR PUNTA MITA,1,"BAHIA DE BANDERAS, NAY.",01/09/2026 16:06,,,,19/08/2026
242701,SANCHEZ,Cobro Regreso,"CAMINO INGRESO A LITIBU LOTE #15, HIGUERA BLANCA, 63734, BAHIA DE BANDERAS, NAY",33.1662234,,IBEROSTAR PUNTA MITA,2,"BAHIA DE BANDERAS, NAY.",01/09/2026 16:06,,,,19/08/2026
242702,SANCHEZ,Cobro Regreso,"CAMINO INGRESO A LITIBU LOTE #15, HIGUERA BLANCA, 63734, BAHIA DE BANDERAS, NAY",33.1662234,,IBEROSTAR PUNTA MITA,4,"BAHIA DE BANDERAS, NAY.",01/09/2026 16:06,,,,19/08/2026
242703,SANCHEZ,Cobro Regreso,"CAMINO INGRESO A LITIBU LOTE #15, HIGUERA BLANCA, 63734, BAHIA DE BANDERAS, NAY",33.1662234,,IBEROSTAR PUNTA MITA,2,"BAHIA DE BANDERAS, NAY.",01/09/2026 16:06,,,,19/08/2026
242704,TINY PACK,Cobro Regreso,"DEL TOREO #91, EL TOREO, 82120, MAZATLAN, SIN",51.37931034,,CITY EXPRESS MAZATLAN (CEMZT),4,"MAZATLAN, SIN.",,,,,19/08/2026
242705,TRES GUERRAS,Cobro Regreso,"MANUEL AVILA CAMACHO 1007 95 CUAHUTEMOC, JARDINES DE SANTA MONICA, 54050, TLANEPANTLA, CMX",60,,CITY PLUS MUNDO E (CPSTM),2,"TLANEPANTLA, CMX.",,,,,19/08/2026
242707,TRES GUERRAS,Cobro Regreso,"CALLE 60 NO. 22, PETROLERA, 24179, CARMEN, CAM",89,,CITY JUNIOR CIUDAD DEL CARMEN (CJCME),2,"CARMEN, CAM.",,,,,19/08/2026
242708,TRES GUERRAS,Cobro Regreso,"MANUEL J. CLOUTHIER #451-5, MARIA ISABEL, 32600, CD JUAREZ, CHI",52,,INSUMOS DEL NORTE,5,"CD JUAREZ, CHI.",,,,,19/08/2026
242709,TRES GUERRAS,Cobro Destino,"BLVD. MANUEL AVILA CAMACHO #2245, IGNACIO ZARAGOZA, 91910, VERACRUZ, VER",445,,HOTEL HOSTAL DE CORTES,15,"VERACRUZ, VER.",,,,,19/08/2026
242710,TRES GUERRAS,Cobro Destino,"AV NORBERTO TREVIÑO ZAPATA 4835, FRACC AMPLIACION VILLARREAL, 87027, VICTORIA, TAM",52,,CLINICA PROVIDENCIAL VICTORIA,1,"VICTORIA, TAM.",,,,,19/08/2026
242711,TINY PACK,Cobro Destino,"CALLE DIAGONAL REFORMA OTE 3620, CENTRO, 27000, TORREON COAHUILA, COA",54.69,,HOTEL PARAISO EXPRESS,3,"TORREON COAHUILA, COA.",,,,,19/08/2026
242712,KORA EXPRESS,Cobro Destino,"BENITO JUAREZ #83, CENTRO, 63830, SANTA MARIA DEL ORO, NAY",89.25,,KARINA MIREYA MONARREZ AVILEZ,2,"SANTA MARIA DEL ORO, NAY.",,,,,19/08/2026
242713,TRES GUERRAS,Tres Guerras C.Destino,"AV. JOSE MARIA GONZALEZ #670, LIB. PERIFERICO SUR 800, 49000, ZAPOTLAN EL GRANDE, JAL",60,,HOTEL KALI,2,"ZAPOTLAN EL GRANDE, JAL.",,,,,19/08/2026
242715,TRES GUERRAS,Cobro Destino,"AVENIDA UNIVERSIDAD 300, CENTRO, 78000, SAN LUIS POTOSI, SLP",60,,MARGARITA HOTEL BOUTIQUE,2,"SAN LUIS POTOSI, SLP.",,,,,19/08/2026
242716,TRES GUERRAS,Cobro Regreso,"ANILLO VIAL II FRAY JUNIPERO SERRA 1500, ARBOLEDAS, 76140, QUERETARO, QUE",400,,"HILTON QUERETARO, MEXICO (QROJS)",1,"QUERETARO, QUE.",,,,,19/08/2026
242717,TINY PACK,Cobro Regreso,"VIA LOMBARDIA 5702, DESARROLLO SAUCITO, 31110, CHIHUAHUA, CHI",631.28,,COURTYARD CHIHUAHUA(CUUCY) A0096789,2,"CHIHUAHUA, CHI.",,,,,19/08/2026
242718,TRES GUERRAS,Cobro Regreso,"AVENIDA 5 DE FEBRERO 110 BIS, NIÑOS HEROES, 76010, QUERETARO, QUE",400,,HOLIDAY INN EXPRESS & SUITES QUERETARO (MQERG),1,"QUERETARO, QUE.",,,,,19/08/2026
242720,TRES GUERRAS,Cobro Destino,"NICOLAS BRAVO #110, CENTRO, 60000, URUAPAN, MCH",60,,HOTEL REAL DE URUAPAN,2,"URUAPAN, MCH.",,,,,20/08/2026
242722,TRES GUERRAS,Cobro Regreso,"DOMINGO DIEZ 1099, DEL EMPLEADO, 62250, CUERNAVACA, MOR",400,,GAMMA CUERNAVACA,5,"CUERNAVACA, MOR.",,,,,20/08/2026
242723,TRES GUERRAS,Cobro Regreso,"AV. LAZARO CARDENAS #9, FRACC. LAS ANIMAS, 91190, XALAPA, VER",89,,HOTEL HB XALAPA,1,"XALAPA, VER.",,,,,20/08/2026
242725,TRES GUERRAS,Cobro Destino,"CALLE BOSQUE DE RADIATAS #10 INT PISO 3 OFICINA 302, BOSQUES DE LAS LOMAS, CUAJIMALPA DE MORELO, CUAJIMALPA DE MORELOS, CMX",60,,HOTEL BOUTIQUE UNICO AVANDARO,1,"CUAJIMALPA DE MORELOS, CMX.",,,,,20/08/2026
242726,TINY PACK,Cobro Destino,"CERRADA CASCABEL 104, VILLAS LAS PALMAS, 27023, TORREON, COA",54.69,,MOTEL LA MANSION,4,"TORREON, COA.",,,,,20/08/2026
242728,TINY PACK,Red Express C.Destino,"BOULEVARD INDEPENDENCIA 3851 ORIENTE, FRESNO, 27010, TORREON, COA",54.69,,HOTEL FRESNO GALERIAS,6,"TORREON, COA.",,,,,20/08/2026
242729,ONE,Cobro Destino,"16 DE SEPTIEMBRE #303, CENTRO, 72000, PUEBLA, PUE",153.75,,CASA ROSA GRAN HOTEL BOUTIQUE,2,"PUEBLA, PUE.",,,,,20/08/2026
242730,TRES GUERRAS,Cobro Destino,"CALZ RUIZ CORTINEZ NO 5256  INT B, OTRA NO ESPECIFICADA, 94299, BOCA DEL RIO, VER",2306.95,,HOTEL PLAZA SOL,19,"BOCA DEL RIO, VER.",,,,,20/08/2026
242731,TINY PACK,Cobro Destino,"BOULEVARD PERO INFANTE 2222, DESARROLLO URBANO TRES RIOS, 80020, CULIACAN, SIN",52.35666667,,HOTEL NAVOLA INN,1,"CULIACAN, SIN.",,,,,20/08/2026
242732,TRES GUERRAS,Cobro Destino,"CALLE MANUEL JOSE OTHON #118, CENTRO, 78520, CEDRAL, SLP",165.85,,HOTEL CAMPESTRE VILLAS DE ALCAZABA,3,"CEDRAL, SLP.",,,,,20/08/2026
242739,CASTORES,Cobro Regreso,"BOULEVARD TAMAULIPAS 2539, RESIDENCIAL CABAÑAS VICTORIA, 87025, VICTORIA, TAM",52,,BEST WESTERN SANTORINI,8,"VICTORIA, TAM.",,,,,20/08/2026
242740,TRES GUERRAS,Cobro Regreso,"CALZADA MANUEL GOMEZ MORIN 1950 INT 855 A, Rivera, 21259, Mexicali, BC",3892.58,,HOLIDAY INN EXPRESS & SUITES MEXICALI A0200941 (MXLBC),4,"Mexicali, BC.",,,,,20/08/2026
242741,TRES GUERRAS,Cobro Regreso,"AV 5 FEBRERO #110, NIÑOS HEROES, 76010, SANTIAGO DE QUERETARO, QUE",400,,HOLIDAY INN QUERETARO CENTRO HISTORICO A0223804 (MQEMX),1,"SANTIAGO DE QUERETARO, QUE.",,,,,20/08/2026
242742,TRES GUERRAS,Cobro Regreso,"AVENIDA RIO CHURUBUSCO  253, GRANJAS MEXICO, 08400, IZTACALCO, CMX",60,,HOLIDAY INN EXPRESS MEXICO AEROPUERTO A0200280 (MEXAI),7,"IZTACALCO, CMX.",,,,,20/08/2026
242745,TRES GUERRAS,Cobro Regreso,"CALLE VILLASANA #656, 20 DE NOVIEMBRE, 22100, TIJUANA, BC",3892.58,,DISTRIBUIDORA JOFA,5,"TIJUANA, BC.",,,,,20/08/2026
242746,TRES GUERRAS,Cobro Destino,"REVOLUCION DEL 1910 #1090 ENTRE MIGUEL HIDALGO Y MORELOS, CENTRO, 23000, LA PAZ, BCS",113.86,,SEVEN CROWN REVOLUCION,10,"LA PAZ, BCS.",,,,,20/08/2026
242747,TRES GUERRAS,Cobro Destino,"PROF. FERNANDO COTA SANDEZ S/N, EL ZACATAL, 23427, LOS CABOS, BCS",113.86,,HOTEL JAZULI,1,"LOS CABOS, BCS.",,,,,20/08/2026
242748,TRES GUERRAS,Cobro Regreso,"INSURGENTES VERACRUZANOS  210, FAROS, 91709, VERACRUZ, VER",445,,EMPORIO VERACRUZ,12,"VERACRUZ, VER.",,,,,20/08/2026
242753,TRES GUERRAS,Cobro Regreso,"AVENIDA DE LA INDUSTRIA #10680, LA LAGUNA DE LA PUERTA, 89609, ALTAMIRA, TAM",200,,CITY EXPRESS ALTAMIRA (CEALT),1,"ALTAMIRA, TAM.",,,,,20/08/2026
242754,TRES GUERRAS,Cobro Regreso,"BLVD.INSTITUTOS TECNOLOGICOS KM.711 MZA 28 LT 39, MORELOS, 96760, MINATITLAN, VER",445,,CITY EXPRESS MINATITLAN (CEMTT),3,"MINATITLAN, VER.",,,,,20/08/2026
242755,TRES GUERRAS,Cobro Regreso,"INSURGENTES VERACRUZANOS  210, FAROS, 91709, VERACRUZ, VER",445,,EMPORIO VERACRUZ,5,"VERACRUZ, VER.",,,,,20/08/2026
242757,TRES GUERRAS,Cobro Regreso,"BLVD TIJUANA ZONA INDUSTRIAL N°17226, OTAY CONSTITUYENTES, 22457, TIJUANA, BC",3892.58,,HILTON GARDEN INN TIJUANA,10,"TIJUANA, BC.",,,,,20/08/2026
242759,CASTORES,Aprisa C.Destino,"BOULEVARD PASEO IXTAPA SIN NUMERO, ZONA HOTELERA, 40884, ZIHUATANEJO DE AZUETA, GRO",1950,,BF IXTAPA,10,"ZIHUATANEJO DE AZUETA, GRO.",,,,,20/08/2026
242761,TRES GUERRAS,Cobro Regreso,"BLANCARTE 151, CENTRO, 22800, ENSENADA, BC",148.34,,HOLIDAY INN EXPRESS & SUITES ENSENADA A0198992 (TIJEN),4,"ENSENADA, BC.",,,,,20/08/2026
242762,TRES GUERRAS,Cobro Destino,"AV CONSTITUYENTES 16 INT 3, CENTRO, 76800, SAN JUAN DEL RIO, QUE",60,,BENJAMIN GIL ODRIOZOLA,1,"SAN JUAN DEL RIO, QUE.",,,,,20/08/2026
242763,TRES GUERRAS,Cobro Destino,"CALLE 5 DE MAYO 76, CENTRO, 27800, SAN PEDRO, COA",111.25,,HOTEL POSADA DOÑA ESTHER,2,"SAN PEDRO, COA.",,,,,20/08/2026
242764,TRES GUERRAS,Cobro Destino,"JACARANDAS 122, SAN MARCOS, 42831, TULA DE ALLENDE, HID",133.34,,HOTEL REAL DEL BOSQUE,1,"TULA DE ALLENDE, HID.",,,,,20/08/2026
242765,TRES GUERRAS,Cobro Regreso,"AV 5 FEBRERO #110, NIÑOS HEROES, 76010, SANTIAGO DE QUERETARO, QUE",400,,HOLIDAY INN QUERETARO CENTRO HISTORICO A0223804 (MQEMX),18,"SANTIAGO DE QUERETARO, QUE.",,,,,20/08/2026
242766,CASTORES,Cobro Destino,"CARR A REYNOSA KM 14.5 S/N, VAQUERIAS, 67250, JUAREZ, NL",52,,MOTEL VILLAMAGNA,8,"JUAREZ, NL.",,,,,20/08/2026
242767,PAQMEX,Cobro Destino,"AVENIDA EJERCITO MEXICANO  1435, LOMA DEL GALLO, 89460, MADERO, TAM",104,,HAFERSONS INN,1,"MADERO, TAM.",,,,,20/08/2026
242768,TRES GUERRAS,Cobro Destino,"ORIZABA 650, IGNACIO ZARAGOZA, 91910, VERACRUZ, VER",445,,HOTEL IMPALA,20,"VERACRUZ, VER.",,,,,20/08/2026
242770,ONE,Cobro Regreso,"AV FUNDIDORA SIN NUMERO, OBRERA, 64010, MONTERREY, NL",51.36571429,,HOLIDAY INN EXPRESS MONTERREY FUNDIDORA (MTYFU),1,"MONTERREY, NL.",,,,,20/08/2026
242772,TRES GUERRAS,Cobro Destino,"CESAR LOPEZ DE LARA # 107 NTE., ZONA CENTRO, 89000, TAMPICO, TAM",60,,HOTEL MONTECARLO,6,"TAMPICO, TAM.",,,,,20/08/2026
242773,TINY PACK,Cobro Destino,"CALLE RIO SINALOA 1, GUADALUPE, 80220, CULIACAN, SIN",52.35666667,,HOTEL SAN LUIS,4,"CULIACAN, SIN.",,,,,20/08/2026
242774,CASTORES,Cobro Regreso,"BLVD.FELIPE PESCADOR# 1401, ESPERANZA, 34080, Durango, DUR",260,,FIESTA INN DURANGO (FIDUR),2,"Durango, DUR.",,,,,20/08/2026
242775,TINY PACK,Cobro Destino,"CALLE 5A NORTE #506, SECTOR NORTE, 33000, DELICIAS, CHI",55.69,,DOWNTOWN LUXURY SUITES,3,"DELICIAS, CHI.",,,,,20/08/2026
242776,TRES GUERRAS,Cobro Destino,"CALLE NAPOLES 62 S/N, JUAREZ, 06600, CUAUHTEMOC, CMX",60,,HOTEL CLE,1,"CUAUHTEMOC, CMX.",,,,,20/08/2026
242778,TRES GUERRAS,Cobro Destino,"IBARRA #81, CENTRO, 61600, PATZCUARO, MCH",60,,HOTEL PUEBLO MAGICO,1,"PATZCUARO, MCH.",,,,,20/08/2026
242779,CASTORES,Cobro Regreso,"AMADO NERVO 805-A, CAVAZOS, 88720, REYNOSA, TAM",52,,DISTRIBUCIONES ESTRELLA,60,"REYNOSA, TAM.",,,,,20/08/2026
242780,TRES GUERRAS,Cobro Destino,"ZARAGOZA 11, CENTRO, 42800, TULA DE ALLENDE, HID",133.34,,BEST WESTERN TULA,1,"TULA DE ALLENDE, HID.",,,,,20/08/2026
242781,CASTORES,Cobro Destino,"GABRIEL LEYVA # 525 NORTE, CENTRO, 81200, LOS MOCHIS, SIN",52,,HOTEL Y MOTEL EL DORADO,5,"LOS MOCHIS, SIN.",,,,,20/08/2026
242783,ONE,Cobro Destino,"SINALOA 5 INTERIOR 212, ROMA NORTE, 06700, CDMX, DF2",54.62916667,,LUNA BOUTIQUE HOMES,1,"CDMX, DF2.",,,,,20/08/2026
242784,TINY PACK,Cobro Regreso,"BLVD. DIEGO VALADEZ RIOS 99, DESARROLLO URBANO 3 RIOS, 80020, CULIACAN, SIN",52.35666667,,HOTEL LUCERNA CULIACAN,1000,"CULIACAN, SIN.",,,,,20/08/2026
242785,TINY PACK,Cobro Regreso,"BLVD. GARCIA MORALES 567, EL LLANO, 83210, HERMOSILLO, SON",135.86,,HOLIDAY INN & SUITES HERMOSILLO AEROPUERTO (HMOAA),1000,"HERMOSILLO, SON.",,,,,20/08/2026
242786,PAQMEX,Cobro Regreso,"CARRETERA 57 S/N, LOMAS DEL MIRADOR, 26070, PIEDRAS NEGRAS, COA",89,,QUALITY INN PIEDRAS NEGRAS (143217),2000,"PIEDRAS NEGRAS, COA.",,,,,20/08/2026
242787,TRES GUERRAS,Cobro Regreso,"BLVD. KUKULCAN KM. 7.5, ZONA HOTELERA, 77500, CANCUN, QR",84,,PRESIDENTE INTERCONTINENTAL CANCUN,10,"CANCUN, QR.",,,,,20/08/2026
242788,TRES GUERRAS,Cobro Regreso,"AV DOCTOR GUSTAVO BAZ 4873, SAN PEDRO BARRIENTOS, 54010, TLALNEPANTLA DE BAZ, CMX",60,,RAMADA BY WIDHAM PERINORTE,1,"TLALNEPANTLA DE BAZ, CMX.",,,,,20/08/2026
242789,TRES GUERRAS,Aprisa C.Destino,"FRANCISCO I. MADERO #147 OCURRE MAS APRISA, CENTRO, 60950, LAZARO CARDENAS, MCH",89,,ARRENDADORA GALA,40,"LAZARO CARDENAS, MCH.",,,,,20/08/2026
242791,TRES GUERRAS,Cobro Regreso,"AVENIDA ROGELIO GONZALEZ CABALLERO 150, PARQUE INDUSTRIAL STIVA AEROPUERTO, 66626, APODACA, NL",60,,WYNDHAM GARDEN AEROPUERTO (WYA),6,"APODACA, NL.",,,,,20/08/2026
242793,TINY PACK,Cobro Regreso,"VIA LOMBARDIA 5702, DESARROLLO SAUCITO, 31110, CHIHUAHUA, CHI",631.28,,COURTYARD CHIHUAHUA(CUUCY) A0096789,30,"CHIHUAHUA, CHI.",,,,,20/08/2026
242795,TRES GUERRAS,Cobro Regreso,"AVENIDA PASEO DE LOS HEROES 18818, ZONA RIO, 22320, TIJUANA, BC",3892.58,,HOLIDAY INN VITA TIJUANA ZONA RIO  SPA TIJUANA (TIJZR),8,"TIJUANA, BC.",,,,,20/08/2026
242798,TRES GUERRAS,Cobro Regreso,"CALLE PASEO MALECON LOTE 11, FONATUR LOS CABOS, 23400, SAN JOSE DEL CABO, BCS",247.36,,"HILTON GRAND VACATIONS CABO AZUL, MX (SJDCA)",2,"SAN JOSE DEL CABO, BCS.",,,,,21/08/2026
242803,TINY PACK,Cobro Regreso,"BLVD. LA MARINA 2207 INT A, MARINA, 82103, MAZATLAN, SIN",51.37931034,,WYNDHAM GARDEN MAZATLAN (MZTWM),2,"MAZATLAN, SIN.",,,,,21/08/2026
242804,CASTORES,Tres Guerras Ocurre Oficina,"LAS TORRES No.1, REFORMA, 93210, POZA RICA, VER",55.5,,LA QUINTA POZA RICA,2,"POZA RICA, VER.",,,,,21/08/2026
242805,TRES GUERRAS,Cobro Regreso,"AV DOCTOR GUSTAVO BAZ 4873, SAN PEDRO BARRIENTOS, 54010, TLALNEPANTLA DE BAZ, CMX",60,,RAMADA BY WIDHAM PERINORTE,2,"TLALNEPANTLA DE BAZ, CMX.",,,,,21/08/2026
242806,TRES GUERRAS,One Paqueteria C.Regreso,"AV. BENITO JUAREZ 1230 B (CARRETERA 57), VALLE DORADO, 78399, SAN LUIS POTOSI, SLP",60,,COURTYARD MARRIOTT SAN LUIS POTOSI A0152894,1,"SAN LUIS POTOSI, SLP.",,,,,21/08/2026
242808,TRES GUERRAS,Cobro Regreso,"BLVD.AVILA CAMACHO#1263 ESQ.ITURBIDE, RICARDO FLORES, 91936, VERACRUZ, VER",445,,HOWARD JOHNSON VERACRUZ BY WYNDHAM,9,"VERACRUZ, VER.",,,,,21/08/2026
242812,SANCHEZ,Sanchez Barcelata C.Regreso,"AV TEPIC NORTE 473, MEZCALES, 63732, BAHIA DE BANDERAS, NAY",33.1662234,,HOTEL STORE PUERTO VALLARTA,24,"BAHIA DE BANDERAS, NAY.",26/08/2026 17:34,,,,21/08/2026
242816,TRES GUERRAS,Cobro Regreso,"BOULEVARD ATLIXCAYOTL 2528, RESERVA TERRITORIAL ATLIXCAYOTL, 72830, SAN ANDRES, PUE",60,,"HILTON GARDEN INN PUEBLA ANGELÓPOLIS, MEXICO (PBCGI)",3,"SAN ANDRES, PUE.",,,,,21/08/2026
242821,TRES GUERRAS,Cobro Destino,"KM.2.5 CARRETERA LA PIEDAD, MARGARITAS, 59300, LA PIEDAD, MCH",400,,HOLIDAY INN LA PIEDAD (LPDEX),1,"LA PIEDAD, MCH.",,,,,21/08/2026
242822,TINY PACK,Transportes Castores C.Regreso,"PERIFERICO RAUL LOPEZ SANCHEZ #5500, EL FRESNO, 27018, TORREON, COA",54.69,,CITY EXPRESS TORREON (CETRC),4,"TORREON, COA.",,,,,21/08/2026
242823,TINY PACK,Cobro Regreso,"BLVD.PASEO RIO SONORA NORTE # 98  PROYECTO RIO SON, PROYECTO RIO SONORA, 83270, HERMOSILLO, SON",135.86,,HOTEL LUCERNA HERMOSILLO,1,"HERMOSILLO, SON.",,,,,21/08/2026
242824,SANCHEZ,Sanchez Barcelata C.Regreso,"AV TEPIC NORTE 473, MEZCALES, 63732, BAHIA DE BANDERAS, NAY",33.1662234,,HOTEL STORE PUERTO VALLARTA,1,"BAHIA DE BANDERAS, NAY.",26/08/2026 17:34,,,,21/08/2026
242825,SANCHEZ,Cobro Regreso,"BLVD. FRANCISCO MEDINA ASCENCIO  KM. 3, ZONA HOTELERA NORTE, 48333, PTO. VALLARTA, JAL",37.026,,HOTEL VILLAS DEL PALMAR,3,"PTO. VALLARTA, JAL.",26/08/2026 17:34,,,,21/08/2026
242826,TRES GUERRAS,RedExpress C.Regreso,"BLVD.HAROLD R.PAPE 1909  JARDINES DE LA SALLE, JARDINES DE LA SALLE, 25750, MONCLOVA, COA",89,,FIESTA INN MONCLOVA (FIMNC),2,"MONCLOVA, COA.",,,,,21/08/2026
242827,CASTORES,Cobro Regreso,"BLVD.FELIPE PESCADOR# 1401, ESPERANZA, 34080, Durango, DUR",260,,FIESTA INN DURANGO (FIDUR),2,"Durango, DUR.",,,,,21/08/2026
242829,TRES GUERRAS,Cobro Destino,"AV PEÑUELAS 5 INT:3, SAN PEDRITO PEÑUELAS, 76148, QUERETARO, QUE",400,,EQUILIMP QUERETARO,10,"QUERETARO, QUE.",,,,,21/08/2026
242831,ONE,Cobro Regreso,"CALLE 4 NORTE #1206, CENTRO, 72000, PUEBLA, PUE",153.75,,SLEEP INN PUEBLA (143234),3,"PUEBLA, PUE.",,,,,21/08/2026
242832,TRES GUERRAS,Cobro Regreso,"BLVD. MANUEL AVILA CAMACHO #2374, COSTA DE ORO 2DA. SECCION, 94299, BOCA DEL RIO, VER",2306.95,,CITY EXPRESS VERACRUZ (CEVER),4,"BOCA DEL RIO, VER.",,,,,21/08/2026
242833,FLETES DE REGRESO,Fletes de Regreso C.Regreso,"CALLE 3A NUMERO 272 X 20 A, XCUMPICH, 97204, MERIDA, YUC",445,,RESIDENCE INN MERIDA BY MARRIOTT ( 2613 ),10,"MERIDA, YUC.",26/08/2026 17:34,,,,21/08/2026
242834,TRES GUERRAS,Cobro Regreso,"BOULVARD AUDI NORTE 3, CIUDAD MODELO, 75010, SAN JOSE CHIAPA, PUE",60,,LA QUINTA CIUDAD MODELO SAN JOSE CHIAPA,1,"SAN JOSE CHIAPA, PUE.",,,,,21/08/2026
242836,FLETES DE REGRESO,Cobro Regreso,"AV.COLON 498 X 60, MONTEJO, 97127, MERIDA, YUC",445,,HOLIDAY INN MERIDA (MIDMX),4,"MERIDA, YUC.",26/08/2026 17:34,,,,21/08/2026
242837,CASTORES,Cobro Regreso,"MANUEL J. CLOUTHIER #451-5, MARIA ISABEL, 32600, CD JUAREZ, CHI",52,,INSUMOS DEL NORTE,35,"CD JUAREZ, CHI.",,,,,21/08/2026
242838,TINY PACK,Cobro Regreso,"AV. JUAREZ #310 ENTRE JESUS GARCIA Y JESUS ARLLANO, MIRASOL, 84160, MAGDALENA, SON",0,,COMSAN,1,"MAGDALENA, SON.",,,,,21/08/2026
242839,TINY PACK,Tres Guerras Ocurre Oficina,"CALLE SIERRA GRANDE 143 A, LOMAS DE MAZATLAN, 82110, MAZATLAN, SIN",51.37931034,,JOSE DE JESUS ESPINO OSUNA,1,"MAZATLAN, SIN.",,,,,21/08/2026
242840,TINY PACK,Cobro Regreso,"BLVD. FRANCISCO EUSEBIO KINO SN, COUNTRY CLUB, 83010, HERMOSILLO, SON",135.86,,VOCO HERMOSILLO (HERMX),1,"HERMOSILLO, SON.",,,,,21/08/2026
242841,ONE,One Paqueteria C.Regreso,"MIGUEL HIDALGO Y COSTILLA 310, CENTRO, 64000, MONTERREY, NL",51.36571429,,WYNDHAM MONTERREY CENTRO,2,"MONTERREY, NL.",,,,,21/08/2026
242842,TINY PACK,Cobro Regreso,"BLVD. FRANCISCO EUSEBIO KINO SN, COUNTRY CLUB, 83010, HERMOSILLO, SON",135.86,,VOCO HERMOSILLO (HERMX),1,"HERMOSILLO, SON.",,,,,21/08/2026
242843,TRES GUERRAS,Cobro Regreso,"MELCHOR OCAMPO # 717, CENTRO, 68000, OAXACA DE JUAREZ, OAX",89,,PRODUCTOS DE LIMPIEZA DEL VALLE,10,"OAXACA DE JUAREZ, OAX.",26/08/2026 17:34,,,,21/08/2026
242844,TRES GUERRAS,Cobro Regreso,"CARRETERA A PUERTO MADERO PRIVADA PASEO DE LAS HORTENCIAS TRAMO 1. KM 3.5 S/N, FRACCIONAMIENTO LAS HORTENCIAS, 30797, TAPACHULA, CHS",445,,CITY EXPRESS TAPACHULA (CETAP),1,"TAPACHULA, CHS.",,,,,21/08/2026
242846,CASTORES,Cobro Destino,"BLVD. FRANCISCO VILLA 4315, 20 DE NOVIEMBRE, 34234, Durango, DUR",260,,HOLIDAY INN DURANGO A0210061 (DGOMX),1,"Durango, DUR.",,,,,21/08/2026
242847,CASTORES,Cobro Regreso,"CALLE SARIC Y ALTAR S/N LOCAL No. 9, LAS CONCHAS, 83550, PUERTO PEÑASCO, SON",52,,COMSAN,2,"PUERTO PEÑASCO, SON.",,,,,21/08/2026
242848,CASTORES,Cobro Regreso,"IGNACIO ZARAGOZA 8, CENTRO, 91000, XALAPA ENRIQUEZ, VER",52,,HOLIDAY INN EXPRESS XALAPA (JALEX),1,"XALAPA ENRIQUEZ, VER.",,,,,21/08/2026
242849,TRES GUERRAS,Cobro Regreso,"AV. TEJOCOTES  18, PRADOS DE SANTA CLARA, 54769, CUAUTITLÁN IZCALLI, MEX",0,,COURTYARD TIJUANA,1,"CUAUTITLÁN IZCALLI, MEX.",26/08/2026 17:34,,,,21/08/2026
242850,TRES GUERRAS,Cobro Regreso,"AV TEJOCOTES #18, CUAUTITLÁN IZCALLI, 54769, TIJUANA, DF2",0,,COURTYARD TIJUANA,174,"TIJUANA, DF2.",,,,,21/08/2026
242851,ONE,Cobro Destino,"PROLONGACION SAGREDO 253 INT 2, GUADALUPE INN, 01020, ALVARO OBREGÓN, CMX",77.075,,HABITACIONES EN RENTA DE MEXICO,2,"ALVARO OBREGÓN, CMX.",,,,,21/08/2026
242852,TRES GUERRAS,Cobro Destino,"BLVD.JESUS REYES HEROLES 17 A, ZONA CENTRO, 92800, TUXPAN, VER",89,,BEST WESTERN RIVIERA TUXPAN,9,"TUXPAN, VER.",,,,,21/08/2026
242853,ONE,Cobro Regreso,"ANTONIO DOVALI JAIME 70, SANTA FE, 01219, ALVARO OBREGON, CMX",77.075,,"HILTON MEXICO CITY SANTA FE, MEXICO (MEXSA)",1,"ALVARO OBREGON, CMX.",,,,,21/08/2026
242854,ONE,Cobro Destino,"AV. SAN FRANCISCO 330, LOMAS DE SAN FRANCISCO, 64710, MONTERREY, NL",51.36571429,,VN HOTEL,4,"MONTERREY, NL.",,,,,21/08/2026
242856,TRES GUERRAS,Cobro Regreso,"AV SALVADOR NAVA 3105, COLINAS DEL PARQUE, 78294, SAN LUIS POTOSI, SLP",60,,"HAMPTON SAN LUIS POTOSI, MEXICO (SLPHX)",1,"SAN LUIS POTOSI, SLP.",,,,,21/08/2026
242857,TRES GUERRAS,Cobro Regreso,"BLVD FRANCISCO VILLA 102, ORIENTAL, 37510, LEON, GTO",60,,COURTYARD BY MARRIOTT LEON AT THE POLIFORUM  A0101010,1,"LEON, GTO.",26/08/2026 17:34,,,,21/08/2026
242869,TRES GUERRAS,Cobro Destino,"PASEO DE MIRANDA OTE #2, FRACCIONAMIENTO MONTE MIRANDA, 76240, EL MARQUES, QUE",60,,CASA INN PREMIUM HOTEL QUERETARO,1,"EL MARQUES, QUE.",26/08/2026 17:32,,,,26/08/2026
242870,TRES GUERRAS,Cobro Destino,"PASEO DE MIRANDA OTE #2, FRACCIONAMIENTO MONTE MIRANDA, 76240, EL MARQUES, QUE",60,,CASA INN PREMIUM HOTEL QUERETARO,5,"EL MARQUES, QUE.",26/08/2026 17:32,,,,26/08/2026
242875,TRES GUERRAS,Cobro Regreso,"BLVD.ANTONIO ORTIZ MENA 2801, QUINTAS SOL, 31250, CHIHUAHUA, CHI",631.28,,FIESTA INN CHIHUAHUA (FICHI),15,"CHIHUAHUA, CHI.",26/08/2026 17:33,,,,26/08/2026
242878,TRES GUERRAS,Cobro Regreso,"ALVARO OBREGON No.691 PTE., CENTRO, 81200, LOS MOCHIS, SIN",52,,HOTEL BEST WESTERN LOS MOCHIS,4,"LOS MOCHIS, SIN.",26/08/2026 17:33,,,,26/08/2026
242879,PAQMEX,Cobro Regreso,"AV. PEDRO CARDENAS 5001, EXPO FIESTA NORTE, 87396, MATAMOROS, TAM",52,,HOLIDAY INN MATAMOROS (MAMTA),4,"MATAMOROS, TAM.",31/08/2026 10:00,,,,26/08/2026
242880,TRES GUERRAS,Cobro Regreso,"BOULEVARD ADOLFO LOPEZ MATEOS 2500 E INT 3, SAN ISIDRO DE JEREZ, 37530, LEON, GTO",60,,SLEEP INN LEON ANTARES (143228),1000,"LEON, GTO.",,,,,26/08/2026
242881,TINY PACK,Cobro Destino,"CALLE SEPTIMA #97, HEROICA CIUDAD DE CANANEA CENTRO, 84620, CANANEA, SON",53.19,,ROYAL SONORA,1,"CANANEA, SON.",26/08/2026 17:31,,,,26/08/2026
242883,CASTORES,Cobro Destino,"CARR. PALENQUE A ZONA ARQUEOLOGICA KM 3.3 SIN NUMERO, PALENQUE CENTRO, 29960, PALENQUE, CHS",52,,HOTEL CHAN-KAH RESORT VILLAJE,10,"PALENQUE, CHS.",31/08/2026 10:00,,,,26/08/2026
242885,TRES GUERRAS,Cobro Regreso,"BOULEVARD BENITO JUAREZ LOTE  7, FRACC BACOCHO, 71983, PUERTO ESCONDIDO, OAX",3892.58,,HOTEL ALDEA DEL BAZAR SPA BACOCHO,5,"PUERTO ESCONDIDO, OAX.",26/08/2026 17:33,,,,26/08/2026
242886,TRES GUERRAS,Cobro Regreso,"CALLE VILLASANA #656, 20 DE NOVIEMBRE, 22100, TIJUANA, BC",3892.58,,DISTRIBUIDORA JOFA,7,"TIJUANA, BC.",26/08/2026 17:33,,,,26/08/2026
242889,ONE,Cobro Destino,"3 ORIENTE 206, CENTRO, 72000, PUEBLA, PUE",153.75,,HOTEL PUEBLA DE ANTAÑO,2,"PUEBLA, PUE.",26/08/2026 17:31,,,,26/08/2026
242892,TRES GUERRAS,Cobro Regreso,"BLVD.ADOLFO RUIZ CORTINES 4298, FRACC COSTA DE ORO, 94299, BOCA DEL RIO, VER",2306.95,,HOLIDAY INN VERACRUZ (VCRMX),24,"BOCA DEL RIO, VER.",26/08/2026 17:33,,,,26/08/2026
242894,ONE,Cobro Regreso,"PASEO DE LA REFORMA 124, JUAREZ, 06600, MEXICO, CMX",102.6333333,,EMPORIO REFORMA,4,"MEXICO, CMX.",26/08/2026 17:31,,,,26/08/2026
242897,TRES GUERRAS,Cobro Destino,"XICOTENCATL 212, CENTRO, 68000, OAXACA DE JUAREZ, OAX",89,,CASA DIVINA OAXACA,2,"OAXACA DE JUAREZ, OAX.",26/08/2026 17:31,,,,26/08/2026
242898,TRES GUERRAS,Cobro Destino,"AV. 5 DE MAYO #6, CENTRO, 76750, TEQUISQUIAPAN, QUE",60,,HOTEL CASA BLANCA DE TEQUISQUIAPAN,8,"TEQUISQUIAPAN, QUE.",26/08/2026 17:32,,,,26/08/2026
242899,TRES GUERRAS,Cobro Regreso,"IGNACIO ZARAGOZA 8, CENTRO, 91000, XALAPA ENRIQUEZ, VER",52,,HOLIDAY INN EXPRESS XALAPA (JALEX),4,"XALAPA ENRIQUEZ, VER.",26/08/2026 17:33,,,,26/08/2026
242902,TRES GUERRAS,Cobro Regreso,"CALLE VICTORIA 409, CHIHUAHUA CENTRO, 31000, CHIHUAHUA, CHI",631.28,,IMPULSORA PROMOTORA DEL NORTE,4,"CHIHUAHUA, CHI.",,,,,26/08/2026
242903,TRES GUERRAS,Cobro Regreso,"LIBRAM SUR BENITO JUAREZ 3660, LAS FLORES, 80104, CULIACAN, SIN",52.35666667,,MICROTEL CULIACAN,10,"CULIACAN, SIN.",26/08/2026 17:31,,,,26/08/2026
242904,TRES GUERRAS,Cobro Regreso,"AV CAMARON SABALO 905, ZONA COSTERA, 82148, MAZATLAN, SIN",51.37931034,,"DOUBLETREE MAZATLAN, MEXICO (MZTDT)",2,"MAZATLAN, SIN.",26/08/2026 17:33,,,,26/08/2026
242906,TRES GUERRAS,Cobro Regreso,"BLVD.ADOLFO RUIZ CORTINES 4298, FRACC COSTA DE ORO, 94299, BOCA DEL RIO, VER",2306.95,,HOLIDAY INN VERACRUZ (VCRMX),3,"BOCA DEL RIO, VER.",26/08/2026 17:33,,,,26/08/2026
242907,TINY PACK,Cobro Regreso,"PERIFERICO RAUL LOPEZ SANCHEZ 10995, LOS VIÑEDOS, 27019, TORREON, COA",54.69,,"HAMPTON TORREÓN-AIRPORT GALERÍAS, MEXICO (TRCHA)",4,"TORREON, COA.",26/08/2026 17:31,,,,26/08/2026
242908,TRES GUERRAS,Cobro Regreso,"CALLE LAGO ISEO #77, ANAHUAC I SECCION, 11320, MIGUEL HIDALGO, CMX",100,,HOTEL BAJA CLUB,3,"MIGUEL HIDALGO, CMX.",26/08/2026 17:32,,,,26/08/2026
242909,SANCHEZ,Cobro Destino,"RETORNO LAURELES #11, FRACCIONAMIENTO SOL NUEVO, 63724, RINCON DE GUAYABITOS, NAY",35.35525,,HOTEL TORREBLANCA SUITES,3,"RINCON DE GUAYABITOS, NAY.",31/08/2026 10:00,,,,26/08/2026
242910,TRES GUERRAS,Cobro Regreso,"Blvd. Venustiano Carranza 8800, Valle Hermoso, 25208, Saltillo, COA",133.34,,HYATT SALTILLO,5,"Saltillo, COA.",26/08/2026 17:33,,,,26/08/2026
242911,TRES GUERRAS,Cobro Destino,"BLVD. ADOLFO RUIZ CORTINEZ # 1306, CAZONES, 93230, POZA RICA, VER",55.5,,HOTEL VICTORIA,2,"POZA RICA, VER.",26/08/2026 17:32,,,,26/08/2026
242912,PAQMEX,Cobro Regreso,"PLAZA PERIFERICO, CARR. LIBRE A MONTERREY-REYNOSA 1000, , 88730, REYNOSA, TAM",52,,"HAMPTON REYNOSA/ZONA INDUSTRIAL, MEXICO (REXHA)",2,"REYNOSA, TAM.",31/08/2026 10:00,,,,26/08/2026
242913,TRES GUERRAS,Cobro Destino,"BOULEVARD FRANCISCO VILLA 4301, 20 DE NOVIEMBRE, 34234, DURANGO, DUR",260,,HOTEL MISION EXPRESS DURANGO,4,"DURANGO, DUR.",26/08/2026 17:32,,,,26/08/2026
242914,TRES GUERRAS,Cobro Regreso,"AV. NIÑOS HEROES #1584, CENTRO, 22000, TIJUANA, BC",3892.58,,COMFORT INN SUITES TIJUANA 158276,1,"TIJUANA, BC.",26/08/2026 17:31,,,,26/08/2026
242915,TRES GUERRAS,Cobro Regreso,"BLVD. AEROPUERTO MIGUEL ALEMAN 125, REFORMA, 50200, TOLUCA, MEX",60,,MICROTEL TOLUCA(TLUMI),3,"TOLUCA, MEX.",26/08/2026 17:31,,,,26/08/2026
242916,TRES GUERRAS,Cobro Destino,"CARRETERA LIBRE GUANAJUATO - SILAO KM  7+700, MARFIL, 36250, GUANAJUATO, GTO",60,,AUTO HOTEL NOCHE BUENA,4,"GUANAJUATO, GTO.",26/08/2026 17:32,,,,26/08/2026
242918,ONE,Cobro Regreso,"AV 31 PONIENTE 3333, LAS ANIMAS, 72400, PUEBLA, PUE",153.75,,CLICK EFFICIENCY COURTYARD PUEBLA LAS ANIMAS A0089983,4,"PUEBLA, PUE.",26/08/2026 17:31,,,,26/08/2026
242919,TINY PACK,Cobro Destino,"AV TECNOLOGICO 2661, LAGOS DEL COUNTRY, 63175, TEPIC, NAY",54.69,,OPERADORA TURISTICA IM,3,"TEPIC, NAY.",26/08/2026 17:31,,,,26/08/2026
242920,TINY PACK,Cobro Regreso,"PERIFERICO RAUL LOPEZ SANCHEZ 10995, LOS VIÑEDOS, 27019, TORREON, COA",54.69,,"HAMPTON TORREÓN-AIRPORT GALERÍAS, MEXICO (TRCHA)",4,"TORREON, COA.",26/08/2026 17:31,,,,26/08/2026
242922,TRES GUERRAS,Cobro Destino,"BOULEVARD MANUEL PEREZ TREVIÑO 402 A, DON ANTONIO, 26069, PIEDRAS NEGRAS, COA",89,,QUINTA SAN CARLOS INN,10,"PIEDRAS NEGRAS, COA.",26/08/2026 17:32,,,,26/08/2026
242925,TRES GUERRAS,Cobro Regreso,"CARRETERA QUERETARO-SAN LUIS POTOSÍ #11515, EL SALITRE, 76230, QUERETARO, QUE",400,,ENCORE QUERETARO (EQRO),1,"QUERETARO, QUE.",31/08/2026 09:59,,,,27/08/2026
242927,TRES GUERRAS,Cobro Regreso,"TOLSTOI #22, ANZURES, 11590, MIGUEL HIDALGO, CMX",100,,HILTON GARDEN INN MEXICO CITY POLANCO (MEXPL),1,"MIGUEL HIDALGO, CMX.",31/08/2026 09:59,,,,27/08/2026
242930,TRES GUERRAS,Cobro Regreso,"CALLE 5 SUR, MZ 10C LT 06, EJIDO SUR, 77712, PLAYA DEL CARMEN, QR",84,,BIO SISTEMAS Y SUMINISTROS,2,"PLAYA DEL CARMEN, QR.",31/08/2026 09:53,,,,27/08/2026
242931,TRES GUERRAS,Cobro Regreso,"AV LOPEZ MATEOS 251, CONSTITUYENTES DE QUERETARO SECTOR 1, 66490, SAN NICOLAS DE LOS GARZA, NL",60,,COMFORT INN MONTERREY NORTE (143199),3,"SAN NICOLAS DE LOS GARZA, NL.",31/08/2026 09:53,,,,27/08/2026
242932,TRES GUERRAS,Cobro Regreso,"AV LOPEZ MATEOS 251, CONSTITUYENTES DE QUERETARO SECTOR 1, 66490, SAN NICOLAS DE LOS GARZA, NL",60,,COMFORT INN MONTERREY NORTE (143199),4,"SAN NICOLAS DE LOS GARZA, NL.",31/08/2026 09:53,,,,27/08/2026
242933,TRES GUERRAS,Cobro Regreso,"CAMINO AL AEROPUERTO 590, RINCONADA DE LOS MAGUEYES, 78100, SAN LUIS POTOSI, SLP",60,,RADISSON SAN LUIS POTOSI AEROPUERTO (148705),1,"SAN LUIS POTOSI, SLP.",31/08/2026 09:53,,,,27/08/2026
242934,TRES GUERRAS,Cobro Regreso,"CAMINO AL AEROPUERTO 590, RINCONADA DE LOS MAGUEYES, 78100, SAN LUIS POTOSI, SLP",60,,RADISSON SAN LUIS POTOSI AEROPUERTO (148705),1,"SAN LUIS POTOSI, SLP.",31/08/2026 09:53,,,,27/08/2026
242935,TRES GUERRAS,Cobro Regreso,"BLVD. HAROLD R PAPE #2008, JARDINES DEL VALLE, 25732, MONCLOVA, COA",89,,SLEEP INN MONCLOVA 143231,8,"MONCLOVA, COA.",31/08/2026 09:53,,,,27/08/2026
242936,ONE,Cobro Regreso,"CALLE 4 NORTE #1206, CENTRO, 72000, PUEBLA, PUE",153.75,,SLEEP INN PUEBLA (143234),4,"PUEBLA, PUE.",31/08/2026 10:00,,,,27/08/2026
242937,TRES GUERRAS,Cobro Regreso,"VASCONCELOS OTE 300, RESID S AGUSTIN, 66260, SAN PEDRO GARZA GARCIA, NL",60,,"CURIO - A COLLECTION BY HILTON MS MILENIUM MONTERREY, MEXICO (MTYMM)",20,"SAN PEDRO GARZA GARCIA, NL.",31/08/2026 09:53,,,,27/08/2026
242940,TRES GUERRAS,Cobro Destino,"CALLE CAOBA 383, LOS SAUCES, 63197, TEPIC, NAY",54.69,,MOTEL BARCELONA,4,"TEPIC, NAY.",31/08/2026 09:58,,,,27/08/2026
242941,TRES GUERRAS,Cobro Destino,"CALLE CAOBA 383, LOS SAUCES, 63197, TEPIC, NAY",54.69,,MOTEL BARCELONA,2,"TEPIC, NAY.",,,,,27/08/2026
242942,TRES GUERRAS,Cobro Destino,"JUAREZ 110 NTE, CENTRO, 78700, MATEHUALA, SLP",60,,HOTEL LA CASONA,4,"MATEHUALA, SLP.",31/08/2026 09:53,,,,27/08/2026
242943,TRES GUERRAS,Cobro Regreso,"SINALOA 31 SIN NUMERO, PEÑON DE LOS BAÑOS, 15520, MEXICO DELEGACION VENUSTIANO CARRANZA, DF",50.17772727,,COURTYARD MARRIOTT MEXICO AEROPUERTO A0091048,6,"MEXICO DELEGACION VENUSTIANO CARRANZA, DF.",31/08/2026 09:59,,,,27/08/2026
242944,TRES GUERRAS,Cobro Regreso,"PORTAL BRAVO 14, CENTRO, 37000, LEON, GTO",60,,RAMADA PLAZA LEON,2,"LEON, GTO.",31/08/2026 09:53,,,,27/08/2026
242946,PAQMEX,Cobro Destino,"CARRET.NACIONAL KM. 227, LAS BRISAS, 87180, CD. VICTORIA, TAM",52,,GRAN HOTEL LAS FUENTES,5,"CD. VICTORIA, TAM.",01/09/2026 16:09,,,,27/08/2026
242947,TRES GUERRAS,Cobro Regreso,"PASEO MALECON SN LOTE 5, ZONA HOTELERA, 23405, SAN JOSE DEL CABO, BCS",247.36,,HYATT ZIVA LOS CABOS,9,"SAN JOSE DEL CABO, BCS.",31/08/2026 09:59,,,,27/08/2026
242948,ONE,Cobro Regreso,"BLVD ATLIXCO #4303, LAS ANIMAS STA. ANITA, 72180, PUEBLA, PUE",153.75,,"TAPESTRY COLLECTION BY HILTON MM GRAND HOTEL PUEBLA, MEXICO (PBCMM)",1,"PUEBLA, PUE.",31/08/2026 10:00,,,,27/08/2026
242949,TRES GUERRAS,Cobro Regreso,"PERIFERICO RAUL LOPEZ SANCHEZ 10995, LOS VIÑEDOS, 27019, TORREON, COA",54.69,,"HAMPTON TORREÓN-AIRPORT GALERÍAS, MEXICO (TRCHA)",4,"TORREON, COA.",31/08/2026 09:59,,,,27/08/2026
242950,TRES GUERRAS,Cobro Regreso,"BLVD. PEDRO INFANTE CRUZ #2885, DESARROLLO URBANO 3 RIOS, 80020, CULIACAN, SIN",52.35666667,,HOTEL RIO EXPRESS,3,"CULIACAN, SIN.",31/08/2026 09:53,,,,27/08/2026
242951,TRES GUERRAS,Guadalajara Mérida C.Regreso,"REFORMA  # 2 FRACC. REAL DEL PUENTE, FRACC. REAL DEL PUENTE, 62790, XOCHITEPEC, MOR",400,,FIESTA AMERICANA CUERNAVACA  (FAHP),2,"XOCHITEPEC, MOR.",31/08/2026 10:00,,,,27/08/2026
242952,TRES GUERRAS,Cobro Destino,"AV FRANCISCO I MADERO PONIENTE #313, CENTRO, 58000, MORELIA, MCH",60,,HOTEL ALAMEDA CENTRO HISTORICO,12,"MORELIA, MCH.",31/08/2026 09:59,,,,27/08/2026
242955,TRES GUERRAS,Cobro Destino,"BOULEVARD EMILIO SANCHEZ PIEDRAS  104, CENTRO, 90300, PIZACO, TLA",0,,MESON DE ALFONSO,4,"PIZACO, TLA.",31/08/2026 09:53,,,,27/08/2026
242956,TRES GUERRAS,Cobro Regreso,"5 DE FEBRERO 407, ZONA CENTRO, 34000, DURANGO, DUR",260,,WYNDHAM DURANGO,2,"DURANGO, DUR.",31/08/2026 09:59,,,,27/08/2026
242957,TRES GUERRAS,Tres Guerras C.Regreso,"CARRETERA A PICHILINGUE KM 7.5 S/N LOCAL 47, LOMAS DE PALMIRA, 23010, LA PAZ, BCS",113.86,,INDIGO LA PAZ (LAPGO),5,"LA PAZ, BCS.",31/08/2026 09:58,,,,27/08/2026
242964,TRES GUERRAS,Cobro Regreso,"AV. PLAYA GAVIOTAS#100, FRACC. ZONA DORADA, 82110, MAZATLAN, SIN",51.37931034,,GAVIANNA MAZATLAN,20,"MAZATLAN, SIN.",31/08/2026 09:53,,,,27/08/2026
242966,TRES GUERRAS,Cobro Destino,"PRIVADA DEL GALLO 1525, LA AURORA, 44460, GUADALAJARA, JAL",0,,VENTAS DE MOSTRADOR,1,"GUADALAJARA, JAL.",,,,,27/08/2026
242973,TRES GUERRAS,Cobro Regreso,"VASCONCELOS OTE 300, RESID S AGUSTIN, 66260, SAN PEDRO GARZA GARCIA, NL",60,,"CURIO - A COLLECTION BY HILTON MS MILENIUM MONTERREY, MEXICO (MTYMM)",15,"SAN PEDRO GARZA GARCIA, NL.",31/08/2026 09:51,,,,27/08/2026
242974,TRES GUERRAS,Cobro Destino,"REVOLUCION DEL 1910 #1090 ENTRE MIGUEL HIDALGO Y MORELOS, CENTRO, 23000, LA PAZ, BCS",113.86,,SEVEN CROWN REVOLUCION,5,"LA PAZ, BCS.",31/08/2026 09:51,,,,27/08/2026
242975,TRES GUERRAS,Cobro Destino,"ENTRE AVENIDA ALEJANDRO CARDENAS Y HEROES OAXAQUEÑOS, ZICATELA, 70934, OAXACA PUERTO ESCONDIDO, DF2",0,,HOTEL UNICO LA PUNTA,3,"OAXACA PUERTO ESCONDIDO, DF2.",31/08/2026 09:51,,,,27/08/2026
242977,TRES GUERRAS,Cobro Regreso,"BOULEVARD AEROPUERTO 4001, PARQUE INDUSTRIAL FINSA, 66600, APODACA, NL",60,,CHN MONTERREY AEROPUERTO,3,"APODACA, NL.",31/08/2026 09:51,,,,27/08/2026
242981,TRES GUERRAS,Cobro Destino,"JUAN VALLE 18, CENTRO, 36000, GUANAJUATO, GTO",60,,HOTEL MESON DE JUAN VALLE,4,"GUANAJUATO, GTO.",31/08/2026 10:00,,,,27/08/2026
242982,TRES GUERRAS,Cobro Regreso,"JAVIER ANAYA VILLAZON  #102, SANTA ROSA, 96537, COATZACOALCOS, VER",65,,HOTEL ZAR COATZACOALCOS,15,"COATZACOALCOS, VER.",31/08/2026 10:00,,,,27/08/2026
242985,SANCHEZ,Cobro Destino,"RETORNO CEIBAS S/N LOTES 1 Y 2, CENTRO, 63724, RINCON DE GUAYABITOS, NAY",35.35525,,PARAISO DEL PESCADOR HOTEL & RV PARK,10,"RINCON DE GUAYABITOS, NAY.",01/09/2026 16:09,,,,27/08/2026
242986,TRES GUERRAS,Cobro Destino,"BLVD AGUSTIN OLACHEA AVILES 449, CENTRO, 23600, CD. CONSTITUCION, BCS",173.2,,HOTEL VICTORIA,1,"CD. CONSTITUCION, BCS.",31/08/2026 09:59,,,,27/08/2026
242988,TRES GUERRAS,Cobro Destino,"ALPES 119, LOMAS DEL CAMPESTRE, 98098, ZACATECAS, ZAC",60,,JOSE ALFREDO PERALES GAMBOA,2,"ZACATECAS, ZAC.",31/08/2026 09:59,,,,27/08/2026
242990,SANCHEZ,Cobro Regreso,"BLVD. FRANCISCO MEDINA ASCENCIO  KM. 3, ZONA HOTELERA NORTE, 48333, PTO. VALLARTA, JAL",37.026,,HOTEL VILLAS DEL PALMAR,2,"PTO. VALLARTA, JAL.",01/09/2026 16:09,,,,27/08/2026
242991,TRES GUERRAS,Cobro Regreso,"PASEO DE LA REFORMA 124, JUAREZ, 06600, MEXICO, CMX",102.6333333,,EMPORIO REFORMA,5,"MEXICO, CMX.",31/08/2026 09:59,,,,27/08/2026
242993,ONE,Cobro Regreso,"LATERAL AUTOPISTA MEXICO-PUEBLA 7719, RANCHO MORATILLA, 72110, PUEBLA, PUE",153.75,,HOLIDAY INN PUEBLA FINSA A0201874 (PUEVW),1,"PUEBLA, PUE.",31/08/2026 09:52,,,,27/08/2026
242994,TRES GUERRAS,Cobro Regreso,"AV. LUIS DONALDO COLOSIO #126, CENTRO, 83000, HERMOSILLO, SON",135.86,,COMSAN,15,"HERMOSILLO, SON.",31/08/2026 09:59,,,,27/08/2026
242995,TRES GUERRAS,Cobro Destino,"IGNACIO PESQUEIRA #921, LOS NARANJOS, 85835, NAVOJOA, SON",89,,HOTEL RIVI,3,"NAVOJOA, SON.",31/08/2026 09:59,,,,27/08/2026
242997,TRES GUERRAS,Cobro Regreso,"BLVD.KUKULKAN KM. 8.5 SECCION A LOTE 3, ZONA HOTELERA, 77500, CANCUN, QR",84,,FIESTA AMERICANA VILLAS CANCUN  FACU,4000,"CANCUN, QR.",31/08/2026 09:59,,,,27/08/2026
242998,TRES GUERRAS,Cobro Regreso,"MANUEL J. CLOUTHIER #451-5, MARIA ISABEL, 32600, CD JUAREZ, CHI",52,,INSUMOS DEL NORTE,10,"CD JUAREZ, CHI.",31/08/2026 09:59,,,,27/08/2026
242999,TRES GUERRAS,Cobro Regreso,"MANUEL J. CLOUTHIER #451-5, MARIA ISABEL, 32600, CD JUAREZ, CHI",52,,INSUMOS DEL NORTE,5,"CD JUAREZ, CHI.",31/08/2026 09:59,,,,27/08/2026
243000,TRES GUERRAS,Cobro Regreso,"BLVD.KUKULCAN KM. 16.5 LOTE 44   2a SECCION, ZONA HOTELERA, 77500, CANCUN, QR",84,,FIESTA AMERICANA CONDESA CANCUN FACC,2000,"CANCUN, QR.",31/08/2026 09:59,,,,27/08/2026
243002,TRES GUERRAS,Cobro Regreso,"AUT.MEXICO-QRO.KM. 32.5, LECHERIA, 54900, TULTITLAN, MEX",60,,FIESTA INN PERINORTE (FIPER),2000,"TULTITLAN, MEX.",31/08/2026 10:00,,,,27/08/2026
243003,TRES GUERRAS,Cobro Regreso,"CALLE VILLASANA #656, 20 DE NOVIEMBRE, 22100, TIJUANA, BC",3892.58,,DISTRIBUIDORA JOFA,6,"TIJUANA, BC.",31/08/2026 09:53,,,,27/08/2026
243004,TRES GUERRAS,Cobro Destino,"BOULEVARD KINO #197, COUNTRY CLUB, 83010, HERMOSILLO, SON",135.86,,HOTEL PLAZA DEL SOL,20,"HERMOSILLO, SON.",31/08/2026 09:53,,,,27/08/2026
243005,TRES GUERRAS,Cobro Regreso,"SOR JUANA INES DE LA CRUZ # 22, CENTRO, 54000, TLANEPANTLA, MEX",60,,FIESTA INN TLANEPANTLA (FFITLA),2000,"TLANEPANTLA, MEX.",31/08/2026 10:00,,,,27/08/2026
243007,FLETES DE REGRESO,Fletes de Regreso C.Regreso,"CARRCHET-ESCAR DESV.RUINASKOHUNLICH KM 5.6 F.VILLA, OTHON P.BLANCO, 77981, CHETUMAL, QR",304,,FIESTA AMERICANA EXPLOREAN KOHUNLICH (EXKO),2000,"CHETUMAL, QR.",01/09/2026 16:09,,,,27/08/2026
243008,TRES GUERRAS,Cobro Regreso,"CALZADA AGUSTIN GARCIA LOPEZ  1298, LAS QUINTAS, 85448, GUAYMAS, SON",52.35666667,,HOLIDAY INN EXPRESS GUAYMAS (GYMSO),1,"GUAYMAS, SON.",31/08/2026 10:00,,,,27/08/2026
243009,TRES GUERRAS,Cobro Regreso,"CALLE ZARATE 103, CENTRO, 68000, OAXACA, OAX",89,,FIESTA AMERICANA GRAND OAXACA FGOA (OOS),2000,"OAXACA, OAX.",31/08/2026 09:59,,,,27/08/2026
243010,TRES GUERRAS,Cobro Regreso,"CARR.TRANSPENINSULAR KM. 10.3, FRACC.CABO DEL SOL, 23410, CABO SAN LUCAS, BCS",987.15,,FIESTA AMERICANA GRAND LOS CABOS (FALC),2000,"CABO SAN LUCAS, BCS.",31/08/2026 10:00,,,,27/08/2026
243011,TRES GUERRAS,Cobro Regreso,"LIBRAMIENTO NORTE 3360, LA JOYA, 36169, SILAO, GTO",200,,HOLIDAY INN EXPRESS SILAO (MILENIUM) (BJXAS),1,"SILAO, GTO.",31/08/2026 09:59,,,,27/08/2026
243012,TRES GUERRAS,Cobro Regreso,"CARR.TRANSPENINSULAR KM. 10.3, FRACC.CABO DEL SOL, 23410, CABO SAN LUCAS, BCS",987.15,,FIESTA AMERICANA GRAND LOS CABOS (FALC),2000,"CABO SAN LUCAS, BCS.",31/08/2026 10:00,,,,27/08/2026
243013,TRES GUERRAS,Cobro Regreso,"PRIVADA DEL GALLO 1525, LA AURORA, 44460, GUADALAJARA, JAL",0,,VENTAS DE MOSTRADOR,5,"GUADALAJARA, JAL.",31/08/2026 09:59,,,,27/08/2026
243014,TRES GUERRAS,Cobro Regreso,"AV. PERSEO ORIENTE 2502, SAN MARTINITO, 72825, SAN ANDRES CHOLULA, PUE",79,,HOLIDAY INN EXPRESS & SUITES PUEBLA ANGELOPOLIS  (PUEAN),6,"SAN ANDRES CHOLULA, PUE.",31/08/2026 09:59,,,,27/08/2026
243016,TRES GUERRAS,Cobro Regreso,"AVENIDA LINCOLN 722, ZONA PRONAF, 32315, JUAREZ, CHI",52,,GAMMA CD JUAREZ,3000,"JUAREZ, CHI.",31/08/2026 09:52,,,,28/08/2026
243017,TRES GUERRAS,Cobro Regreso,"PROL.BLVD.M.AVILA CAMACHO S/N, FRACC. COSTA DE ORO, 94299, BOCA DEL RIO, VER",2306.95,,FIESTA AMERICANA GRAND VERACRUZ FAVZ,2000,"BOCA DEL RIO, VER.",31/08/2026 09:52,,,,28/08/2026
243018,TRES GUERRAS,Cobro Regreso,"AV 5 DE FEBRERO #1351-B, CARRILLO, 76120, SANTIAGO DE QUERETARO, QUE",400,,COURTYARD MARRIOT QUERETARO A0093637,2,"SANTIAGO DE QUERETARO, QUE.",31/08/2026 09:52,,,,28/08/2026
243021,TRES GUERRAS,Cobro Destino,"NARANJO #1100 ESQUINA DURAZNO, CHAPULTEPEC, 93240, POZA RICA, VER",55.5,,PINA CANO BORJA,8,"POZA RICA, VER.",31/08/2026 09:52,,,,28/08/2026
243026,TRES GUERRAS,Cobro Regreso,"CALLE RAMOS ARIZPE 96, CENTRO, 27980, PARRAS, COA",0,,HOTEL CASA DON FELIPE,5,"PARRAS, COA.",31/08/2026 09:52,,,,28/08/2026
243028,TRES GUERRAS,Tres Guerras C.Regreso,"AV  COUNTRY CLUB TABLAJE 27440 LOTE 1 INTERIOR SUB CONDOMINIO YVR 1, SIN NOMBRE, 97308, MERIDA, YUC",445,,YUCATAN COUNTRY CLUB,2,"MERIDA, YUC.",31/08/2026 09:51,,,,28/08/2026
243030,ONE,Cobro Regreso,"Calle Cabrera #147, Barrio San Carlos, 64102, MONTERREY, NL",51.36571429,,FARMASES,40,"MONTERREY, NL.",31/08/2026 09:52,,,,27/08/2026
243031,ONE,Cobro Regreso,"Calle Cabrera #147, Barrio San Carlos, 64102, MONTERREY, NL",51.36571429,,FARMASES,40,"MONTERREY, NL.",31/08/2026 09:52,,,,28/08/2026
243032,ONE,Cobro Regreso,"HERMANOS SERDAN 141, AMOR, 72140, PUEBLA, PUE",153.75,,PRESIDENTE INTERCONTINENTAL PUEBLA,2,"PUEBLA, PUE.",31/08/2026 09:52,,,,28/08/2026
243036,TRES GUERRAS,Cobro Regreso,"DE LOS ENEBROS No.449, LOS MANGOS II, 82128, MAZATLAN, SIN",51.37931034,,MG COMERCIALIZADORA,30,"MAZATLAN, SIN.",,,,,28/08/2026
243037,SANCHEZ,Sanchez Barcelata C.Regreso,"AV TEPIC NORTE 473, MEZCALES, 63732, BAHIA DE BANDERAS, NAY",33.1662234,,HOTEL STORE PUERTO VALLARTA,5,"BAHIA DE BANDERAS, NAY.",01/09/2026 16:09,,,,28/08/2026
243038,TRES GUERRAS,Cobro Regreso,"BARTOLOME DE LAS CASAS 599, CENTRO, 58000, MORELIA, MCH",60,,HOTEL HOWARD JOHNSON MORELIA,4,"MORELIA, MCH.",31/08/2026 09:52,,,,28/08/2026
243040,TRES GUERRAS,Cobro Destino,"LAMARTINE #619 INT 3, POLANCO, 11550, POLANCO V SECCION, CMX",60,,LA MARTINE 619,10,"POLANCO V SECCION, CMX.",31/08/2026 09:52,,,,28/08/2026
243041,TRES GUERRAS,Cobro Destino,"CALLE OLVIDO S/N ESQ. LA CONDESA, BARRIO SAN MIGUEL, 62520, TEPOZTLAN, MOR",60,,EL OLVIDO HOTEL BOUTIQUE-RESTAURANTE,1,"TEPOZTLAN, MOR.",31/08/2026 09:52,,,,28/08/2026
243043,TRES GUERRAS,Cobro Destino,"AV. COSTERA MIGUEL ALEMAN #159, MAGALLANES, 39670, ACAPULCO, GRO",2306.95,,HOTEL RITZ ACAPULCO,23,"ACAPULCO, GRO.",31/08/2026 09:51,,,,28/08/2026
243044,TRES GUERRAS,Cobro Destino,"CARRETERA PANORAMICA CARRIZO S/N, SAN JAVIER, 36020, GUANAJUATO, GTO",60,,HOTEL CORAZON MEXICANO,3,"GUANAJUATO, GTO.",31/08/2026 09:52,,,,28/08/2026
243045,ONE,Cobro Regreso,"CALLE LOS LAURELES # 401, LAS FLORES, 20220, AGUASCALIENTES, AGS",50.42,,FIESTA AMERICANA AGUASCALIENTES (FAAG),5,"AGUASCALIENTES, AGS.",31/08/2026 09:52,,,,28/08/2026
243046,TRES GUERRAS,Cobro Regreso,"PASEO LAZARO CARDENAS #1223, LA MAGDALENA, 60080, URUAPAN, MCH",60,,GARDEN INN URUAPAN,3,"URUAPAN, MCH.",01/09/2026 16:08,,,,28/08/2026
243047,TRES GUERRAS,Cobro Regreso,"CARRETERA TRANSPENINSULAR KM 29.5 HOTEL CORAL BAJA, ZONA HOTELERA, 23405, LOS CABOS, BCS",113.86,,WORLDMARK HOTEL CORAL BAJA,4,"LOS CABOS, BCS.",31/08/2026 09:52,,,,28/08/2026
243048,TRES GUERRAS,Cobro Destino,"AVENIDA HIDALGO 1002, CENTRO, 68000, OAXACA DE JUAREZ, OAX",89,,OPERADORA SIERRAZU,1,"OAXACA DE JUAREZ, OAX.",31/08/2026 09:52,,,,28/08/2026
243051,TRES GUERRAS,Cobro Regreso,"MICROPARQUE INDUSTRIAL AEROPUERTO BODEGA 8, LIBRAMIENTO OSCAR FLORES TAPIA #100, 25908, RAMOS ARIZPE, COA",400,,AERONAVES T S M,5,"RAMOS ARIZPE, COA.",,,,,28/08/2026
243054,TRES GUERRAS,Cobro Regreso,"CAMPOS ELISEOS 218, POLANCO, 11560, CIUDAD DE MEXICO, CMX",102.6333333,,PRESIDENTE INTERCONTINENTAL POLANCO,18,"CIUDAD DE MEXICO, CMX.",01/09/2026 16:08,,,,28/08/2026
243055,ONE,Cobro Regreso,"AV. INDEPENDENCIA 1703, TROJES DE CRISTAL, 20118, AGUASCALIENTES, AGS",50.42,,WYNDHAM GARDEN AGUASCALIENTES,1,"AGUASCALIENTES, AGS.",31/08/2026 09:52,,,,28/08/2026
243056,TRES GUERRAS,Cobro Regreso,"CAMPOS ELISEOS 218, POLANCO, 11560, CIUDAD DE MEXICO, CMX",102.6333333,,PRESIDENTE INTERCONTINENTAL POLANCO,15,"CIUDAD DE MEXICO, CMX.",01/09/2026 16:08,,,,28/08/2026
243057,LA ALTEÑA OCURRE,Fletera Sugerida x Comentarios C.Destino,"REVOLUCION MEXICANA LOCAL 28, CENTRO, 47142, SAN MIGUEL EL ALTO, JAL",0,,HOTEL MESON DE LOS CRISTEROS,2,"SAN MIGUEL EL ALTO, JAL.",01/09/2026 16:09,,,,28/08/2026
243058,TRES GUERRAS,Cobro Destino,"GABRIEL LEYVA 405 NORTE, CENTRO, 81200, LOS MOCHIS, SIN",52,,WYNDHAM LOS MOCHIS,1,"LOS MOCHIS, SIN.",31/08/2026 09:51,,,,28/08/2026
243059,SANCHEZ,Cobro Destino,"CALLE RETORNO CEDROS #10, N/A, 63724, RINCON DE GUAYABITOS, NAY",35.35525,,HOTEL & SUITES MAR Y SOL LAS PALMAS,5,"RINCON DE GUAYABITOS, NAY.",01/09/2026 16:09,,,,28/08/2026
243060,TRES GUERRAS,Cobro Destino,"NICOLAS BRAVO #46, CENTRO, 61100, CIUDAD HIDALGO, MCH",400,,AÑORANZA HOTEL BOUTIQUE,2,"CIUDAD HIDALGO, MCH.",31/08/2026 09:51,,,,28/08/2026
243061,TRES GUERRAS,Cobro Regreso,"BARTOLOME DE LAS CASAS 599, CENTRO, 58000, MORELIA, MCH",60,,HOTEL HOWARD JOHNSON MORELIA,11,"MORELIA, MCH.",31/08/2026 09:52,,,,28/08/2026
243063,TRES GUERRAS,Cobro Regreso,"CALLE F # 2473, LIBERTAD, 21030, MEXICALI, BC",3892.58,,DISTRIBUIDORA JOFA,5,"MEXICALI, BC.",31/08/2026 09:51,,,,28/08/2026
243064,TRES GUERRAS,Cobro Regreso,"BLVD A RUIZ CORTINES 3533, FRACC DE LAS AMERICA, 94299, BOCA DEL RIO, VER",2306.95,,"HAMPTON VERACRUZ BOCA DEL RIO, VERACRUZ, MEXICO (VERAC)",4,"BOCA DEL RIO, VER.",31/08/2026 09:52,,,,28/08/2026
243067,TRES GUERRAS,Cobro Regreso,"BULEVAR CORPORATIVO 177 MANZANA 1E LOTE 3A, PARQUE CENTRO, 25279, SALTILLO, COA",133.34,,STAYBRIDGE SALTILLO (SLWGP),3,"SALTILLO, COA.",,,,,31/08/2026
243068,ONE,Cobro Regreso,"CARRETERA MIGUEL ALEMAN KM 24 AEROPUERTO SN ENTRE TERMINAL A Y B, APODACA, 66600, APODACA, NL",60,,"HILTON GARDEN INN MONTERREY AIRPORT, NUEVO LEON, MEXICO (MTYAI)",6,"APODACA, NL.",01/09/2026 16:08,,,,31/08/2026
243069,ONE,Cobro Destino,"CALLE RIO DE LA PLATA 125, ROMA, 64700, Monterrey, NL",51.36571429,,GRUPO INGATLAN,2,"Monterrey, NL.",01/09/2026 16:08,,,,31/08/2026
243070,TRES GUERRAS,Cobro Destino,"PASEO DEL CONQUISTADOR $134, LOMAS DE CORTES, 62240, CUERNAVACA, MOR",400,,HOTEL VILLA DEL CONQUISTADOR,2,"CUERNAVACA, MOR.",01/09/2026 16:07,,,,31/08/2026
243076,TRES GUERRAS,Cobro Regreso,"AV FERROCARRIL CENTRAL 121 PISO 2, ZONA PLATEADA, 42084, PACHUCA, HID",60,,GRAN HOTEL & CASINO VIA DORADA,6,"PACHUCA, HID.",01/09/2026 16:08,,,,31/08/2026
243077,TRES GUERRAS,Cobro Regreso,"JUAREZ No 1, JUSTO SIERRA, 24114, DEL CARMEN, CAM",62.69583333,,CITY EXPRESS CIUDAD DEL CARMEN (CECME ),1,"DEL CARMEN, CAM.",01/09/2026 16:08,,,,31/08/2026
243078,TRES GUERRAS,Cobro Regreso,"BOULEVARD AEROPUERTO 5001, PARQUE INDUSTRIAL MILENIUM, 66626, APODACA, NL",60,,BEST WESTERN PREMIER MONTERREY AEROPUERTO,6,"APODACA, NL.",01/09/2026 16:07,,,,31/08/2026
243079,TRES GUERRAS,Cobro Destino,"CALLE 2 205, FRACCIONAMIENTO BOULEVARES, 98065, ZACATECAS, ZAC",60,,HOTELITO BOUTIQUE,1,"ZACATECAS, ZAC.",01/09/2026 16:08,,,,31/08/2026
243081,TRES GUERRAS,Cobro Destino,"I. ZARAGOZA S/N ESQ.ALVARO OBREGON, CENTRO, 23450, CABO SAN LUCAS, BCS",987.15,,HOTEL SANTA FE VILLA GROUP,4,"CABO SAN LUCAS, BCS.",01/09/2026 16:07,,,,31/08/2026
243082,TRES GUERRAS,Cobro Regreso,"AV SANTA TERESA 502 A, JURIQUILLA SANTA FE, 76147, QUERETARO, QUE",400,,CANDLEWOOD SUITES QUERETARO JURIQUILLA A0202645 (QROJA),2,"QUERETARO, QUE.",01/09/2026 16:07,,,,31/08/2026
243083,SANCHEZ,Sanchez Barcelata C.Regreso,"AV TEPIC NORTE 473, MEZCALES, 63732, BAHIA DE BANDERAS, NAY",33.1662234,,HOTEL STORE PUERTO VALLARTA,15,"BAHIA DE BANDERAS, NAY.",07/09/2026 11:10,,,,31/08/2026
243084,TRES GUERRAS,Cobro Regreso,"CALLE GALEANA 42, ACAPANTZINGO, 62440, CUERNAVACA, MOR",400,,HOLIDAY INN CUERNAVACA (CVJMX),10,"CUERNAVACA, MOR.",01/09/2026 16:07,,,,31/08/2026
243086,TRES GUERRAS,Cobro Regreso,"CARR. EJE 102 #210, ZONA INDUSTRIAL, 78395, SAN LUIS POTOSI, SLP",60,,HOTEL ESPLENDOR BY WYNDHAM SAN LUIS POTOSI MONARCA,1,"SAN LUIS POTOSI, SLP.",01/09/2026 16:08,,,,31/08/2026
243087,ONE,Cobro Regreso,"AV. INDEPENDENCIA 1703, TROJES DE CRISTAL, 20118, AGUASCALIENTES, AGS",50.42,,WYNDHAM GARDEN AGUASCALIENTES,2,"AGUASCALIENTES, AGS.",01/09/2026 16:08,,,,31/08/2026
243090,TRES GUERRAS,Cobro Regreso,"BLVD. AEROPUERTO MIGUEL ALEMAN S/N, PARQUE INDUSTRIAL, 52000, TOLUCA, MEX",60,,CITY JUNIOR AEROPUERTO (CJTLC),1,"TOLUCA, MEX.",01/09/2026 16:08,,,,31/08/2026
243091,TRES GUERRAS,Cobro Regreso,"BLVD. FRANCISCO EUSEBIO KINO SN, COUNTRY CLUB, 83010, HERMOSILLO, SON",135.86,,VOCO HERMOSILLO (HERMX),2,"HERMOSILLO, SON.",01/09/2026 16:08,,,,31/08/2026
243092,TRES GUERRAS,Cobro Regreso,"AV FERROCARRIL CENTRAL 121 PISO 2, ZONA PLATEADA, 42084, PACHUCA, HID",60,,GRAN HOTEL & CASINO VIA DORADA,1,"PACHUCA, HID.",01/09/2026 16:08,,,,31/08/2026
243093,TRES GUERRAS,Cobro Regreso,"PARDO No. 5, CENTRO, 36000, GUANAJUATO, GTO",60,,INDIGO GUANAJUATO (BJXGD) A0194694,1,"GUANAJUATO, GTO.",01/09/2026 16:08,,,,31/08/2026
243094,TRES GUERRAS,Cobro Regreso,"CARRETERA 45 SILAO-LEON 550 KM 152, PREDIO ROSA DE CASTILLA, 36126, SILAO, GTO",200,,"HAMPTON SILAO-AEROPUERTO BAJIO, MEXICO (BJXSG)",1,"SILAO, GTO.",01/09/2026 16:07,,,,31/08/2026
243095,TRES GUERRAS,Cobro Regreso,"BOULEVARD MIGUEL ALEMÁN  55, PARQUE INDUSTRIAL LERMA, 52000, TOLUCA, MEX",60,,HOLIDAY INN EXPRESS & SUITES TOLUCA APTO(TLUZO),2,"TOLUCA, MEX.",01/09/2026 16:07,,,,31/08/2026
243096,TRES GUERRAS,Cobro Regreso,"AV.COLON 498 X 60, MONTEJO, 97127, MERIDA, YUC",445,,HOLIDAY INN MERIDA (MIDMX),3,"MERIDA, YUC.",01/09/2026 16:07,,,,31/08/2026
243097,TRES GUERRAS,Cobro Regreso,"MANUEL J. CLOUTHIER #451-5, MARIA ISABEL, 32600, CD JUAREZ, CHI",52,,INSUMOS DEL NORTE,25,"CD JUAREZ, CHI.",01/09/2026 16:07,,,,31/08/2026
243102,SANCHEZ,Sanchez Barcelata C.Regreso,"AV TEPIC NORTE 473, MEZCALES, 63732, BAHIA DE BANDERAS, NAY",33.1662234,,HOTEL STORE PUERTO VALLARTA,2,"BAHIA DE BANDERAS, NAY.",01/09/2026 16:08,,,,31/08/2026
243103,TRES GUERRAS,Cobro Destino,"UNIVERSIDAD DE LAS AMERICAS 110, CARBONERAS, 42184, MINERAL DE LA REFORMA, HID",133.34,,HOTEL POSADA DEL ANGEL,3,"MINERAL DE LA REFORMA, HID.",01/09/2026 16:08,,,,31/08/2026
243104,TRES GUERRAS,Cobro Regreso,"CARR. FEDERAL PUEBLA ATLIXCO KILOMETRO 27.5 #2004 B, ATLIXCO CENTRO, 74200, ATLIXCO, PUE",200,,HOTEL EXPRESS ATLIXCO,2,"ATLIXCO, PUE.",01/09/2026 16:08,,,,31/08/2026
243105,TRES GUERRAS,Cobro Destino,"AV BELISARIO DOMINGUEZ 202, REFORMA, 68050, OAXACA, OAX",89,,HOSPITAL SAN LUCAS,3,"OAXACA, OAX.",,,,,31/08/2026
243107,TRES GUERRAS,Cobro Regreso,"PASEO TRIUNFO DE LA REPUBLICA # 3976, PARTIDO, 32030, CD.JUAREZ, CHI",52,,HOTEL LUCERNA CD JUAREZ,5,"CD.JUAREZ, CHI.",01/09/2026 16:07,,,,31/08/2026
243108,TRES GUERRAS,Cobro Regreso,"AV. PASEO DE LOS HÉROES #10902 INTERIOR 29, ZONA URBANA RIO TIJUANA, 22010, TIJUANA, BC",3892.58,,HOTEL LUCERNA TIJUANA,3,"TIJUANA, BC.",01/09/2026 16:07,,,,31/08/2026
243110,TRES GUERRAS,Cobro Regreso,"UNION 94, LA CRUZ, 8310, CIUDAD DE MEXICO, CMX",102.6333333,,HOTEL RIAZOR,1,"CIUDAD DE MEXICO, CMX.",,,,,31/08/2026
243117,,Cobro Destino,"CORONA OTE 11 B, ACAPONETA CENTRO, 63430, ACAPONETA, NAY",0,,HOTEL SAN LUIS,4,"ACAPONETA, NAY.",,,,,01/09/2026
243120,TRES GUERRAS,Cobro Destino,"CALLE PORFIRIO DIAZ #1, CENTRO, 76680, BERNAL, QUE",0,,HOTEL REAL DE LA PEÑA,7,"BERNAL, QUE.",,,,,01/09/2026
243121,TRES GUERRAS,Cobro Destino,"CALLE PORFIRIO DIAZ #1, CENTRO, 76680, BERNAL, QUE",0,,HOTEL REAL DE LA PEÑA,4,"BERNAL, QUE.",,,,,01/09/2026
243122,TRES GUERRAS,Cobro Destino,"BLANCARTE 130, ZONACENTRO, 22800, ENSENADA, BC",148.34,,POSADA EL REY SOL,3,"ENSENADA, BC.",,,,,01/09/2026
243128,TRES GUERRAS,Cobro Destino,"LIC. MANUEL GOMEZ MORIN #3960 INT 100, CENTRO SUR, 76090, QUERETARO, QUE",400,,PARKLIFE PROPERTIES QUERETARO,2,"QUERETARO, QUE.",,,,,01/09/2026
243130,TRES GUERRAS,Cobro Destino,"AV.MIGUEL NEGRETE # 1902, NUEVA, 21100, MEXICALI, BC",3892.58,,FIDEL ADOLFO RUIZ HERNANDEZ,1,"MEXICALI, BC.",,,,,01/09/2026
243131,ONE,Cobro Destino,"DE LA AMARGURA 227, LOMAS DE LA HERRADURA, 52785, HUIXQUILUCAN, DF2",0,,GUILLERMO LUIS TREISTMAN LIFSHITZ,1,"HUIXQUILUCAN, DF2.",,,,,01/09/2026
243132,TRES GUERRAS,Cobro Destino,"LAMARTINE #619 INT 3, POLANCO, 11550, POLANCO V SECCION, CMX",60,,LA MARTINE 619,3,"POLANCO V SECCION, CMX.",,,,,01/09/2026
243133,TRES GUERRAS,Cobro Destino,"BOULEVARD PASEO DEL MINERAL 101 ENTRE LOMA BONITA Y FCO VILLA, FRANCISCO VILLA, 99010, FRESNILLO, ZAC",60,,AVID FRESNILLO (ZCLAV),2,"FRESNILLO, ZAC.",,,,,01/09/2026
243135,TRES GUERRAS,Cobro Destino,"HIDALGO 66, CENTRO SUR-ESTE, 47600, TEPATITLAN, JAL",60,,HOTELES VIRREYES,5,"TEPATITLAN, JAL.",,,,,01/09/2026
243136,TRES GUERRAS,Cobro Destino,"1 PONIENTE 113, CENTRO, 75700, TEHUACAN, PUE",89,,HOTEL ZENITH TEHUACAN PUEBLA,2,"TEHUACAN, PUE.",,,,,01/09/2026
243138,TRES GUERRAS,Cobro Regreso,"MORENO VALLEY #188, CENTRO, 47000, SAN JUAN DE LOS LAGOS, JAL",60,,HOTEL SUITES AMD,1,"SAN JUAN DE LOS LAGOS, JAL.",,,,,01/09/2026
243140,SANCHEZ,Sanchez Barcelata C.Regreso,"AV TEPIC NORTE 473, MEZCALES, 63732, BAHIA DE BANDERAS, NAY",33.1662234,,HOTEL STORE PUERTO VALLARTA,12,"BAHIA DE BANDERAS, NAY.",,,,,01/09/2026
243141,SANCHEZ,Sanchez Barcelata C.Regreso,"AV TEPIC NORTE 473, MEZCALES, 63732, BAHIA DE BANDERAS, NAY",33.1662234,,HOTEL STORE PUERTO VALLARTA,5,"BAHIA DE BANDERAS, NAY.",,,,,01/09/2026
243145,TRES GUERRAS,Cobro Destino,"AV.20 DE NOVIEMBRE 257 OTE., VICTORIA DE DURANGO CENTRO, 34000, DURANGO, DUR",260,,HOTEL GOBERNADOR,4,"DURANGO, DUR.",,,,,01/09/2026
243146,TRES GUERRAS,Cobro Regreso,"TILOS 9, SANTA MARIA INSURGENTES, 06430, CUAHUTEMOC, CMX",60,,HOTEL LA MEDIA LUNA INN,8,"CUAHUTEMOC, CMX.",,,,,01/09/2026
243148,TRES GUERRAS,Cobro Regreso,"CARRETERA TIJUANA-ENSENADA KM 104 S/N, EL SAUZAL, 22760, ENSENADA, BC",148.34,,CITY EXPRESS PLUS ENSENADA (CPESE),2,"ENSENADA, BC.",,,,,01/09/2026
243149,TRES GUERRAS,Cobro Regreso,"CARRETERA 45 SILAO-LEON 550 KM 152, PREDIO ROSA DE CASTILLA, 36126, SILAO, GTO",200,,"HAMPTON SILAO-AEROPUERTO BAJIO, MEXICO (BJXSG)",2,"SILAO, GTO.",,,,,01/09/2026
243150,TRES GUERRAS,Cobro Regreso,"AV.1 No.2623 ENTRE CALLE 26 Y 28, PLAZA FUNDADORES  C.P. 94550, 94550, CORDOBA, VER",89,,COMFORT INN CORDOBA (143195),1,"CORDOBA, VER.",,,,,01/09/2026
243151,TRES GUERRAS,Cobro Destino,"CALLE 8 #1315 Y AV.11, BELLAVISTA, 94580, CORDOBA, VER",89,,HOTEL HB,3,"CORDOBA, VER.",,,,,01/09/2026
243152,TRES GUERRAS,Cobro Destino,"AV. LAZARO CARDENAS #421 INT 1, CENTRO, 60950, LAZARO CARDENAS, MCH",89,,SUITE & HOTEL CAMELINAS,4,"LAZARO CARDENAS, MCH.",,,,,01/09/2026
243158,TRES GUERRAS,Cobro Regreso,"CARRETERA JOROBA TULA KM 25.8 SN, LA LOMA CARDONAL, 42970, ATITALAQUIA, HID",60,,CITY EXPRESS BY MARRIOTT TULA (CETUL),1,"ATITALAQUIA, HID.",03/09/2026 20:32,,,,02/09/2026
243159,TRES GUERRAS,Cobro Regreso,"CAMINO A LAS 3 CRUCES 149, SALTITO DE GUADALUPE, 37760, SAN MIGUEL DE ALLENDE, GTO",133.34,,"TAPESTRY COLLECTION BY HILTON ALBOR SAN MIGUEL DE ALLENDE, MEXICO (BJXUP)",1,"SAN MIGUEL DE ALLENDE, GTO.",03/09/2026 20:33,,,,02/09/2026
243160,TRES GUERRAS,Cobro Regreso,"ANTONIO DOVALI JAIME 70, SANTA FE, 01219, ALVARO OBREGON, CMX",77.075,,"HILTON MEXICO CITY SANTA FE, MEXICO (MEXSA)",1,"ALVARO OBREGON, CMX.",03/09/2026 20:34,,,,02/09/2026
243163,TRES GUERRAS,Cobro Regreso,"CARRETERA FEDERAL 45 IRAPUATO SALAMANCA, RESIDENCIAL LAS GLORIAS, 36766, SALAMANCA, GTO",133.34,,"HAMPTON SALAMANCA BAJIO, MEXICO (QROSA)",1,"SALAMANCA, GTO.",03/09/2026 20:33,,,,02/09/2026
243164,TRES GUERRAS,Cobro Regreso,"AV. EJERCITO NACIONAL 5520, PARTIDO IGLESIAS, 32528, CD JUAREZ, CHI",52,,ONE CD JUAREZ ALAMEDA 1CJAL,10,"CD JUAREZ, CHI.",03/09/2026 20:34,,,,02/09/2026
243165,TRES GUERRAS,Cobro Regreso,"AV. EJERCITO NACIONAL 5520, PARTIDO IGLESIAS, 32528, CD JUAREZ, CHI",52,,ONE CD JUAREZ ALAMEDA 1CJAL,4,"CD JUAREZ, CHI.",,,,,02/09/2026
243168,APRISA,Aprisa C.Destino,"BOULEVARD PASEO IXTAPA SIN NUMERO, ZONA HOTELERA, 40884, ZIHUATANEJO DE AZUETA, GRO",1950,,BF IXTAPA,8,"ZIHUATANEJO DE AZUETA, GRO.",07/09/2026 11:11,,,,02/09/2026
243169,TRES GUERRAS,One Paqueteria C.Regreso,"MERCADERES No. 20, SAN JOSE INSURGENTES, 03900, MEXICO, DF",308.3,,FIESTA INN INSURGENTES SUR (FITIN),2000,"MEXICO, DF.",03/09/2026 20:33,,,,02/09/2026
243170,TRES GUERRAS,Cobro Regreso,"AV.JUAREZ No.76, CENTRO, 06600, MEXICO, DF",308.3,,FIESTA INN MEXICO CENTRO HISTORICO  (FICEN),1,"MEXICO, DF.",03/09/2026 20:34,,,,02/09/2026
243171,SANCHEZ,Cobro Regreso,"CARRETERA BARRA DE NAVIDAD KM 4.5, ZONA HOTELERA SUR, 38390, PUERTO VALLARTA, JAL",94.814,,"HILTON VALLARTA RIVIERA ALL-INCLUSIVE RESORT,PUERTO VALLARTA,MEXICO (PVRPA)",15,"PUERTO VALLARTA, JAL.",07/09/2026 11:11,,,,02/09/2026
243172,SANCHEZ,Cobro Regreso,"BLVD. FRANCISCO MEDINA ASCENCIO  KM. 3, ZONA HOTELERA NORTE, 48333, PTO. VALLARTA, JAL",37.026,,HOTEL VILLAS DEL PALMAR,2,"PTO. VALLARTA, JAL.",07/09/2026 11:11,,,,02/09/2026
243173,SANCHEZ,Cobro Regreso,"CARRETERA PUNTA DE MITA KM 8.5, DESARROLLO COSTA BANDERAS, 63734, BAHIA DE BANDERAS, NAY",33.1662234,,W PUNTA DE MITA,3,"BAHIA DE BANDERAS, NAY.",07/09/2026 11:11,,,,02/09/2026
243176,TRES GUERRAS,Cobro Regreso,"PASEO DE LA SOLIDARIDAD #16098, N/A, 36625, IRAPUATO, GTO",400,,MICROTEL IRAPUATO (A0191470),1,"IRAPUATO, GTO.",03/09/2026 20:33,,,,02/09/2026
243177,TRES GUERRAS,Cobro Regreso,"PASEO DE LA SOLIDARIDAD #16098, N/A, 36625, IRAPUATO, GTO",400,,MICROTEL IRAPUATO (A0191470),1,"IRAPUATO, GTO.",03/09/2026 20:33,,,,02/09/2026
243178,TRES GUERRAS,Cobro Regreso,"AV. ALFREDO DEL MAZO #547, SAN LORENZO TEPALTITLAN, 50010, TOLUCA, DF2",60,,CITY JUNIOR ZONA INDUSTRIAL (CJTCC),5,"TOLUCA, DF2.",03/09/2026 20:31,,,,02/09/2026
243179,TRES GUERRAS,Cobro Regreso,"CARRETERA TRANSISTMICA KM 293.9, GRANADILLO, 70613, SALINA CRUZ, OAX",89,,CITY EXPRESS SALINA CRUZ (CESCX),2,"SALINA CRUZ, OAX.",03/09/2026 20:32,,,,02/09/2026
243180,TRES GUERRAS,Cobro Regreso,"CARR. CENTRAL MEXICO-SLP #2150, FRACC. INDUSTRIAS, 78399, SAN LUIS POTOSI, SLP",60,,CITY EXPRESS SAN LUIS POTOSI ZONA INDUSTRIAL (CESLP),1,"SAN LUIS POTOSI, SLP.",03/09/2026 20:31,,,,02/09/2026
243181,ONE,Cobro Regreso,"CALZADA GUADALUPE #236, VALLEJO, 07870, CIUDAD DE MEXICO, CMX",102.6333333,,CITY EXPRESS LA VILLA (CEVIL),2,"CIUDAD DE MEXICO, CMX.",03/09/2026 20:34,,,,02/09/2026
243182,TRES GUERRAS,Cobro Regreso,"AV. BATALLON DE SAN PATRICIO 410, ZONA SAN AGUSTIN, 66260, SAN PEDRO GARZA GARCÍA, NL",60,,PRESIDENTE INTERCONTINENTAL MONTERREY,6,"SAN PEDRO GARZA GARCÍA, NL.",03/09/2026 20:33,,,,02/09/2026
243183,TRES GUERRAS,Cobro Regreso,"BLVD. CRISTOBAL COLON No.391, AMPLIACION JARDINES DE LAS ANIMAS, 91190, XALAPA, VER",89,,CITY EXPRESS XALAPA (CEJAL),1,"XALAPA, VER.",03/09/2026 20:31,,,,02/09/2026
243184,TRES GUERRAS,Cobro Regreso,"PRIVADA  SEGUNDO RETORNO OSA MENOR 4, RESERVA TERRITORIAL ATLIXCAYOTL, 72810, SAN ANDRES CHOLULA, PUE",79,,"HAMPTON PUEBLA, MEXICO (PBCHX)",10,"SAN ANDRES CHOLULA, PUE.",03/09/2026 20:33,,,,02/09/2026
243186,TRES GUERRAS,Cobro Regreso,"JOSE MARIA MORELOS 44, FRACC BUGAMBILIAS, 51900, IXTAPAN DE LA SAL, MEX",60,,FIESTA AMERICANA HACIENDA IXTAPAN DE LA SAL (FAHI),2,"IXTAPAN DE LA SAL, MEX.",03/09/2026 20:33,,,,02/09/2026
243187,TRES GUERRAS,Cobro Regreso,"INSURGENTES VERACRUZANOS  210, FAROS, 91709, VERACRUZ, VER",445,,EMPORIO VERACRUZ,5,"VERACRUZ, VER.",03/09/2026 20:33,,,,02/09/2026
243188,TRES GUERRAS,Cobro Regreso,"AV MIGUEL ALEMAN 5331, CERRADAS DE LINDA VISTA, 67130, GUADALUPE, NL",60,,CITY EXPRESS MONTERREY LINDAVISTA (CEMTL),1,"GUADALUPE, NL.",03/09/2026 20:34,,,,02/09/2026
243189,TRES GUERRAS,Cobro Regreso,"EJE NORTE ORIENTE 223, RIVERAS DEL CAMPESTRE, 38080, CELAYA, GTO",100,,"HAMPTON CELAYA, MEXICO (CYWCM)",1,"CELAYA, GTO.",03/09/2026 20:33,,,,02/09/2026
243190,TRES GUERRAS,Cobro Regreso,"CALLE ESTEREO Y DELFIN S/N, CANGREJOS, 23473, LOS CABOS, BCS",113.86,,2607 SOLAYA HOSPITALITY MANAGEMENT GROUP (HARD ROCK LOS CABOS),11,"LOS CABOS, BCS.",03/09/2026 20:33,,,,02/09/2026
243191,ONE,Cobro Regreso,"CIRCUITO JUAN PABLO II No. 1743, LA NORIA, 72410, PUEBLA, PUE",153.75,,CITY JUNIOR PUEBLA ANGELOPOLIS (CJPAN ),2,"PUEBLA, PUE.",03/09/2026 20:34,,,,02/09/2026
243192,TINY PACK,Cobro Regreso,"CARRETERA CANANEA AGUA PRIETA #2, CANANEA CENTRO, 84620, CANANEA, SON",53.19,,CITY EXPRESS CANANEA (CECNA),2,"CANANEA, SON.",07/09/2026 11:10,,,,02/09/2026
243194,TRES GUERRAS,Cobro Regreso,"BLVD TIJUANA ZONA INDUSTRIAL N°17226, OTAY CONSTITUYENTES, 22457, TIJUANA, BC",3892.58,,HILTON GARDEN INN TIJUANA,5,"TIJUANA, BC.",03/09/2026 20:33,,,,02/09/2026
243197,TRES GUERRAS,Cobro Regreso,"AV UNIVERSIDAD 1951 INTERIOR 133, OTAY UNIVERSIDAD, 22427, TIJUANA, BC",3892.58,,"HAMPTON TIJUANA OTAY, MEXICO (TIJTO)",5,"TIJUANA, BC.",03/09/2026 20:31,,,,02/09/2026
243198,ONE,Cobro Regreso,"BOULEVARD JOSE MARÍA CHAVEZ #1919, SAN PEDRO, 20280, AGUASCALIENTES, AGS",50.42,,CITY EXPRESS AGUASCALIENTES SUR (CEAGU),1,"AGUASCALIENTES, AGS.",03/09/2026 20:34,,,,02/09/2026
243199,TRES GUERRAS,Cobro Regreso,"ALDMA #410, BARRIO DE JALATLACO, 68080, OAXACA, OAX",89,,CITY CENTRO OAXACA (CCOAX),6,"OAXACA, OAX.",03/09/2026 20:33,,,,02/09/2026
243200,TRES GUERRAS,Cobro Regreso,"Periférico de la Juventud 6100, FRACC. LAS HACIENDAS, 31236, CHIHUAHUA, CHI",631.28,,"HAMPTON CHIHUAHUA CITY, MEXICO (CUUMX)",1,"CHIHUAHUA, CHI.",03/09/2026 20:34,,,,02/09/2026
243201,TRES GUERRAS,Cobro Regreso,"EJE 6 SUR   #540, CENTRAL DE ABASTOS DEL IZTAPALAPA, 09040, CIUDAD DE MEXICO, CMX",102.6333333,,CITY EXPRESS CENTRAL DE ABASTOS (CECEA),4,"CIUDAD DE MEXICO, CMX.",03/09/2026 20:33,,,,02/09/2026
243202,TRES GUERRAS,Cobro Regreso,"LATERAL AUTOPISTA MEXICO QUERETARO #2103, ESTRELLA, 76030, QUERETARO, QUE",400,,CITY EXPRESS QUERETARO (CEQRO),3,"QUERETARO, QUE.",03/09/2026 20:33,,,,02/09/2026
243203,TRES GUERRAS,Cobro Regreso,"MANUEL AVILA CAMACHO 1007 95 CUAHUTEMOC, JARDINES DE SANTA MONICA, 54050, TLANEPANTLA, CMX",60,,CITY PLUS MUNDO E (CPSTM),2,"TLANEPANTLA, CMX.",03/09/2026 20:33,,,,02/09/2026
243204,ONE,Cobro Regreso,"AV. SENDERO DIVISORIO NORTE 200, JOYAS DE ANAHUAC, 66058, CDAD. GRAL. ESCOBEDO, NL",0,,HOLIDAY INN EXPRESS & SUITES MONTERREY SENDERO NORTE,7,"CDAD. GRAL. ESCOBEDO, NL.",03/09/2026 20:34,,,,02/09/2026
243205,TRES GUERRAS,Cobro Regreso,"GUSTAVO BAZ #29, XOCOYAHUALCO, 54080, TLANEPANTLA, MEX",60,,CITY EXPRESS GUSTAVO BAZ (CEBAZ),2,"TLANEPANTLA, MEX.",03/09/2026 20:33,,,,02/09/2026
243206,TRES GUERRAS,Cobro Regreso,"BLVD. AGUA CALIENTE #9985, CALETTE DE LA DELEFACION ZONA CENTRO, 22024, TIJUANA, BC",3892.58,,CITY EXPRESS PLUS TIJUANA TOREO (CPTIJ),2,"TIJUANA, BC.",03/09/2026 20:32,,,,02/09/2026
243208,TRES GUERRAS,Cobro Regreso,"AV. CESAR LOPEZ DE LARA #3940, MILITAR, 88289, NUEVO LAREDO, TAM",52,,CITY EXPRESS NUEVO LAREDO (CENLD),1,"NUEVO LAREDO, TAM.",03/09/2026 20:32,,,,02/09/2026
243209,TRES GUERRAS,Cobro Regreso,"BLVD. AEROPUERTO MIGUEL ALEMÁN 55 B, PARQUE INDUSTRIAL LERMA, 52000, MÉXICO, DF2",308.3,,CITY EXPRESS TOLUCA (CETLC),1,"MÉXICO, DF2.",03/09/2026 20:32,,,,02/09/2026
243211,TRES GUERRAS,Cobro Regreso,"BLVD GENERAL LAZARO CARDENAS #16002, OTAY SECCION UNIVERSIDAD, 22427, TIJUANA, BC",3892.58,,CITY EXPRESS TIJUANA OTAY (CETIO),1,"TIJUANA, BC.",03/09/2026 20:33,,,,02/09/2026
243212,TRES GUERRAS,Cobro Regreso,"BLVD. AEROPUERTO MIGUEL ALEMÁN 55 B, PARQUE INDUSTRIAL LERMA, 52000, MÉXICO, DF2",308.3,,CITY EXPRESS TOLUCA (CETLC),4,"MÉXICO, DF2.",03/09/2026 20:32,,,,02/09/2026
243213,TRES GUERRAS,Cobro Regreso,"PROLONGACION AVENIDA ALVARO OBREGON NUMERO 4200, NUEVO NOGALES, 84092, NOGALES, SON",89,,CITY EXPRESS NOGALES (CENOG),1,"NOGALES, SON.",03/09/2026 20:32,,,,02/09/2026
243214,Cobro Destino,Cobro Destino,"LIBRAMIENTO CARLOS SALINAS DE GORTARI 217, PARQUE INDUSTRIAL FRONTERA, 25750, FRONTERA, COA",,,BEST WESTERN PLUS AEROPUERTO MONCLOVA,7,"FRONTERA, COA.",03/09/2026 20:33,,,,02/09/2026
243215,TRES GUERRAS,Cobro Destino,"BLVD ELISEO MENDOZA BERRUETO #2501, SAN FELIPE, 26070, PIEDRAS NEGRAS, COA",89,,CITY EXPRESS PIEDRAS NEGRAS (CEPDS),2,"PIEDRAS NEGRAS, COA.",03/09/2026 20:31,,,,02/09/2026
243216,TRES GUERRAS,Cobro Regreso,"BLVD ELISEO MENDOZA BERRUETO #2501, SAN FELIPE, 26070, PIEDRAS NEGRAS, COA",89,,CITY EXPRESS PIEDRAS NEGRAS (CEPDS),2,"PIEDRAS NEGRAS, COA.",03/09/2026 20:32,,,,02/09/2026
243217,TRES GUERRAS,Cobro Regreso,"AV 5 DE FEBRERO #9852, ZONA INDUSTRIAL BENITO JUAREZ, 76120, QUERETARO, QUE",400,,CITY SUITES QUERETARO (CSQRO),1,"QUERETARO, QUE.",03/09/2026 20:32,,,,02/09/2026
243219,ONE,Cobro Regreso,"10 NORTE #1406, EL ALTO, 72000, PUEBLA, PUE",153.75,,CITY EXPRESS PUEBLA CENTRO (CEPUE),7,"PUEBLA, PUE.",03/09/2026 20:34,,,,02/09/2026
243220,TRES GUERRAS,Cobro Regreso,"LIBRAMIENTO SUR-PONIENTE #2950, SANTA ELENA, 29060, TUXTLA GUTIERREZ, CHS",89,,CITY EXPRESS TUXTLA GUTIERREZ (CETGZ),3,"TUXTLA GUTIERREZ, CHS.",03/09/2026 20:32,,,,02/09/2026
243221,TRES GUERRAS,Cobro Regreso,"KAPPA #5028, PARQUE INDUSTRIAL MILENIUM, 66600, APODACA, NL",60,,CITY EXPRESS MONTERREY AEROPUERTO (CEMTA),3,"APODACA, NL.",03/09/2026 20:32,,,,02/09/2026
243222,TRES GUERRAS,Cobro Regreso,"BLVD ADOLFO RUIZ CORTINESs #2105, ATASTA DE SIERRA, 86100, VILLAHERMOSA, TAB",89,,CITY JUNIOR VILLAHERMOSA (CJVSA),7,"VILLAHERMOSA, TAB.",03/09/2026 20:32,,,,02/09/2026
243223,TRES GUERRAS,Cobro Regreso,"BLVD. EMILIO SANCHEZ PIEDRAS, CUAHUTEMOC, 90300, APIZACO, TLA",60,,CITY EXPRESS APIZACO (CETXA),1,"APIZACO, TLA.",03/09/2026 20:32,,,,02/09/2026
243224,TRES GUERRAS,Cobro Regreso,"AV. INSURGENTES SUR #1581, SAN JOSÉ INSURGENTES, 03900, CIUDAD DE MÉXICO, DF2",308.3,,CITY PLUS INSURGENTES SUR (CEINS),4,"CIUDAD DE MÉXICO, DF2.",03/09/2026 20:33,,,,02/09/2026
243225,TRES GUERRAS,Cobro Regreso,"BLVD. EMILIO SANCHEZ PIEDRAS, CUAHUTEMOC, 90300, APIZACO, TLA",60,,CITY EXPRESS APIZACO (CETXA),1,"APIZACO, TLA.",03/09/2026 20:32,,,,02/09/2026
243226,TRES GUERRAS,Cobro Regreso,"AV PASEO DE LA VICTORIA #3781, PARTIDO SENECU, 32543, CIUDAD JUAREZ, CHI",135.86,,CITY JUNIOR CIUDAD JUAREZ CONSULADO (CJCJS),2,"CIUDAD JUAREZ, CHI.",03/09/2026 20:32,,,,02/09/2026
243227,TRES GUERRAS,Cobro Regreso,"JUAREZ No 1, JUSTO SIERRA, 24114, DEL CARMEN, CAM",62.69583333,,CITY EXPRESS CIUDAD DEL CARMEN (CECME ),2,"DEL CARMEN, CAM.",03/09/2026 20:32,,,,02/09/2026
243228,TINY PACK,Cobro Destino,"BLVD. RIO SONORA NORTE No. 96, VADO DEL RÍO, 83078, HERMOSILLO, SON",135.86,,CITY EXPRESS HERMOSILLO (CEHMO),1,"HERMOSILLO, SON.",07/09/2026 11:10,,,,02/09/2026
243229,TINY PACK,Cobro Regreso,"BLVD. RIO SONORA NORTE No. 96, VADO DEL RÍO, 83078, HERMOSILLO, SON",135.86,,CITY EXPRESS HERMOSILLO (CEHMO),1,"HERMOSILLO, SON.",07/09/2026 11:10,,,,02/09/2026
243230,TRES GUERRAS,Cobro Regreso,"JAMES SULLIVAN #35, SAN RAFAEL, 06470, CIUDAD DE MEXICO, CMX",102.6333333,,CITY JUNIOR SULLIVAN (CJSUL),2,"CIUDAD DE MEXICO, CMX.",03/09/2026 20:32,,,,02/09/2026
243231,ONE,Cobro Regreso,"BOULEVARD PALMAS HILLS LOTE 01 Y LOTE 02 MZ 02 S/N, VALLE DE LAS PALMAS, 52787, HUIXQUILUCAN, CMX",50.49615385,,CITY EXPRESS PLUS INTERLOMAS (CPINT),1,"HUIXQUILUCAN, CMX.",03/09/2026 20:34,,,,02/09/2026
243232,TRES GUERRAS,Cobro Regreso,"AV. ADOLFO RUIZ CORTINEZ #12, SECTOR FUNDADORES AH KIM PECH, 24028, SAN FRANCISCO DE CAMPECHE, CAM",89,,CITY EXPRESS CAMPECHE (CECPE),2,"SAN FRANCISCO DE CAMPECHE, CAM.",03/09/2026 20:32,,,,02/09/2026
243233,TRES GUERRAS,Cobro Regreso,"CARRETERA LIBRE TIJUANA- ENSENADA, 362, REFORMA, 22710, PLAYAS DE ROSARITO, BC",89,,CITY EXPRESS ROSARITO (CEROS),2,"PLAYAS DE ROSARITO, BC.",07/09/2026 11:09,,,,03/09/2026
243234,TRES GUERRAS,Cobro Destino,"AVENIDA HIDALGO 2005-A, SMITH, 89140, TAMPICO, TAM",60,,CITY EXPRESS PLUS TAMPICO (CPTAM),1,"TAMPICO, TAM.",07/09/2026 11:07,,,,03/09/2026
243235,TRES GUERRAS,Cobro Destino,"AVENIDA HIDALGO 2005-A, SMITH, 89140, TAMPICO, TAM",60,,CITY EXPRESS PLUS TAMPICO (CPTAM),2,"TAMPICO, TAM.",07/09/2026 11:07,,,,03/09/2026
243237,TRES GUERRAS,Cobro Regreso,"AVENIDA HIDALGO 2005-A, SMITH, 89140, TAMPICO, TAM",60,,CITY EXPRESS PLUS TAMPICO (CPTAM),3,"TAMPICO, TAM.",07/09/2026 11:07,,,,03/09/2026
243238,TRES GUERRAS,Cobro Regreso,"CARRETERA 57 #157, LA MERCEDES, 78394, SAN LUIS POTOSI, SLP",60,,CITY JUNIOR SAN LUIS ZONA INDUSTRIAL (CJSLI),6,"SAN LUIS POTOSI, SLP.",07/09/2026 11:09,,,,03/09/2026
243239,TRES GUERRAS,Cobro Regreso,"CALZADA MANUEL GOMEZ MORIN  #2120, GRANJAS AGRICOLAS, 21297, MEXICALI, BC",3892.58,,CITY JUNIOR MEXICALI (CJMXL),5,"MEXICALI, BC.",07/09/2026 11:09,,,,03/09/2026
243240,TRES GUERRAS,Cobro Regreso,"AVENIDA 5 DE FEBRERO NO.9200, ZONA INDUSTRIAL BENITO JUAREZ, 76100, QUERETARO, QUE",400,,CITY EXPRESS QUERETARO JURICA (CEQRJ),3,"QUERETARO, QUE.",07/09/2026 11:09,,,,03/09/2026
243241,TINY PACK,Cobro Destino,"BLVD. LUIS ENRIQUE ENCINAS JHONSON S/N, LAS QUINTAS, 85448, GUAYMAS, SON",52.35666667,,CITY EXPRESS GUAYMAS (CEGYM),1,"GUAYMAS, SON.",,,,,03/09/2026
243242,TRES GUERRAS,Cobro Regreso,"PROL. BLVD. COSTERO # 2849 LOTE B-1 A-2 M-29, CARLOS PACHECO, 22890, ENSENADA, BC",148.34,,CITY EXPRESS ENSENADA (CEESE),1,"ENSENADA, BC.",07/09/2026 11:09,,,,03/09/2026
243243,TRES GUERRAS,Cobro Destino,"BLVD. FRANCISCO VILLA No. 4021, 20 DE NOVIEMBRE, 34234, DURANGO, DUR",260,,CITY EXPRESS DURANGO (CEDGO),1,"DURANGO, DUR.",07/09/2026 11:08,,,,03/09/2026
243244,TRES GUERRAS,Cobro Regreso,"PERIFERICO LUIS ECHEVERRIA #350 A, LOURDES, 25070, SALTILLO, COA",133.34,,CITY EXPRESS SALTILLO SUR (CESLW),2,"SALTILLO, COA.",07/09/2026 11:08,,,,03/09/2026
243245,TRES GUERRAS,Cobro Regreso,"CALLE IGNACIO ALDAMA 405, CENTRO HISTORICO, 78000, SAN LUIS POTOSI, SLP",60,,CITY CENTRO SAN LUIS POTOSI (CCSLP),3,"SAN LUIS POTOSI, SLP.",07/09/2026 11:08,,,,03/09/2026
243246,PAQMEX,Cobro Regreso,"AV PEDRO CARDENAS No 3993, INFONAVIT BUENAVISTA, 87390, MATAMOROS, TAM",52,,CITY EXPRESS MATAMOROS (CEMAT),3,"MATAMOROS, TAM.",07/09/2026 11:11,,,,03/09/2026
243247,TRES GUERRAS,Cobro Regreso,"EJE NORPONIENTE 803, 15 DE MAYO, 38016, CELAYA, GTO",100,,CITY EXPRESS CELAYA (CECEL),3,"CELAYA, GTO.",07/09/2026 11:08,,,,03/09/2026
243251,TRES GUERRAS,Cobro Regreso,"AV. INDEPENDENCIA #118 A, LA RIVERA, 92870, TUXPAN, VER",89,,CITY EXPRESS TUXPAN (CETXP),2,"TUXPAN, VER.",07/09/2026 11:09,,,,03/09/2026
243254,TRES GUERRAS,Cobro Regreso,"AUTOPISTA MEXICO QUERETARO KM 42.5, BARRIO TEXCACOA, 54600, TEPOTZOTLAN, MEX",60,,CITY EXPRESS TEPOTZOTLAN (CETPO),2,"TEPOTZOTLAN, MEX.",07/09/2026 11:08,,,,03/09/2026
243255,TINY PACK,Cobro Regreso,"COLIMA #93 SUR, SAN ANTONIO, 63159, TEPIC, NAY",54.69,,CITY EXPRESS TEPIC (CETPQ),6,"TEPIC, NAY.",07/09/2026 11:10,,,,03/09/2026
243256,FLEGUMESA,Cobro Regreso,"BLVD. BICENTENARIO #225, COSTA VERDE, 68370, SAN JUAN BAUTISTA TUXTEPEC, OAX",52,,CITY JUNIOR TUXTEPEC (CJTUX),2,"SAN JUAN BAUTISTA TUXTEPEC, OAX.",07/09/2026 11:11,,,,03/09/2026
243258,TRES GUERRAS,Cobro Regreso,"CALZADA VALLEJO # 296, SAN FRANSISCO XOCOTITLA, 02960, CIUDAD DE MEXICO, CMX",102.6333333,,CITY EXPRESS LA RAZA (CELRZ),6,"CIUDAD DE MEXICO, CMX.",07/09/2026 11:06,,,,03/09/2026
243259,TRES GUERRAS,Cobro Regreso,"BLVD ADOLFO RUIZ CORTINES, GUADALUPE, 14388, TLALPAN, DF2",51.26705882,,CITY PLUS PERIFERICO SUR TLALPAN (CPPST),1,"TLALPAN, DF2.",07/09/2026 11:06,,,,03/09/2026
243260,TRES GUERRAS,Cobro Regreso,"HAVRE #21, JUAREZ, 06600, CIUDAD DE MEXICO, DF2",308.3,,CITY EXPRESS PLUS EBC REFORMA (CEEBC),2,"CIUDAD DE MEXICO, DF2.",07/09/2026 11:10,,,,03/09/2026
243261,SANCHEZ,Cobro Regreso,"BLVD FRANCISCO MEDINA ASCENCIO #2860, ZONA HOTELERA NORTE, 48333, PUERTO VALLARTA, JAL",94.814,,CITY EXPRESS PLUS PUERTO VALLARTA (CPPVT),2,"PUERTO VALLARTA, JAL.",07/09/2026 11:11,,,,03/09/2026
243262,TRES GUERRAS,Cobro Regreso,"BLVD CENTENARIO No 1135, LAS DELICIAS, 81277, LOS MOCHIS, SIN",52,,CITY EXPRESS LOS MOCHIS (CELMM),2,"LOS MOCHIS, SIN.",07/09/2026 11:06,,,,03/09/2026
243263,TRES GUERRAS,Cobro Regreso,"CALLE 45 # 332 COL.BENITO JUAREZ NORTE, C.P. 97119, 97119, MERIDA, YUC",445,,CITY EXPRESS MERIDA (CEMID),3,"MERIDA, YUC.",07/09/2026 11:07,,,,03/09/2026
243265,TRES GUERRAS,Cobro Regreso,"CALZADA MANUEL DE JESUS CLOUTHIER #6241, VALENTE DIAZ, 91725, VERACRUZ, VER",445,,CITY JUNIOR VERACRUZ AEROPUERTO (CJVER),4,"VERACRUZ, VER.",07/09/2026 11:07,,,,03/09/2026
243266,TRES GUERRAS,Cobro Regreso,"BLVD. MIGUEL DE LA MADRID No. 1845, FRACC. PLAYA AZUL, 28218, MANZANILLO, COL",60,,CITY EXPRESS MANZANILLO (CEZLO),2,"MANZANILLO, COL.",07/09/2026 11:07,,,,03/09/2026
243267,TRES GUERRAS,Cobro Regreso,"AV. LAS PALMAS #1291, CENTRO, 60950, LAZARO CARDENAS, MCH",89,,CITY EXPRESS LAZARO CARDENAS (CELZC),3,"LAZARO CARDENAS, MCH.",07/09/2026 11:07,,,,03/09/2026
243268,FLETES DE REGRESO,Cobro Regreso,"PERDIZ #442, EMANCIPACION INFONAVIT, 77084, CHETUMAL, QR",304,,CITY EXPRESS CHETUMAL (CECTM),2,"CHETUMAL, QR.",07/09/2026 11:11,,,,03/09/2026
243270,TRES GUERRAS,Cobro Regreso,"BLVD. MANUEL AVILA CAMACHO #2374, COSTA DE ORO 2DA. SECCION, 94299, BOCA DEL RIO, VER",2306.95,,CITY EXPRESS VERACRUZ (CEVER),7,"BOCA DEL RIO, VER.",07/09/2026 11:07,,,,03/09/2026
243271,TRES GUERRAS,Cobro Regreso,"BLVD PUERTO AEREO #90, SANTA CRUZ AVIACION, DELEGACION VENUSTIANO CARRANZA, 15540, CIUDAD DE MEXICO, CMX",102.6333333,,CITY EXPRESS AEROPUERTO CIUDAD DE MEXICO (CECMA),2,"CIUDAD DE MEXICO, CMX.",,,,,03/09/2026
243272,TRES GUERRAS,Cobro Regreso,"AVENIDA DE LA INDUSTRIA #10680, LA LAGUNA DE LA PUERTA, 89609, ALTAMIRA, TAM",200,,CITY EXPRESS ALTAMIRA (CEALT),2,"ALTAMIRA, TAM.",07/09/2026 11:07,,,,03/09/2026
243273,TRES GUERRAS,Cobro Regreso,"AVENIDA DE LA INDUSTRIA #10680, LA LAGUNA DE LA PUERTA, 89609, ALTAMIRA, TAM",200,,CITY EXPRESS ALTAMIRA (CEALT),1,"ALTAMIRA, TAM.",07/09/2026 11:07,,,,03/09/2026
243274,TRES GUERRAS,Cobro Regreso,"CARRETERA TRANSPENINSULAR  KM 3 #100, EL TEZAL, 23454, CABO SAN LUCAS, BCS",987.15,,CITY PLUS CABO SAN LUCAS (CECSL),2,"CABO SAN LUCAS, BCS.",07/09/2026 11:07,,,,03/09/2026
243275,TRES GUERRAS,Cobro Regreso,"CARRETERA LA PAZ - PICHILINGUE KM 2.5 S/N, LOMAS DE PALMIRA, 23010, LA PAZ, BCS",113.86,,CITY EXPRESS LA PAZ (CELAP),3,"LA PAZ, BCS.",07/09/2026 11:08,,,,03/09/2026
243276,TRES GUERRAS,Cobro Regreso,"BLVD ADOLFO LOPEZ MATEOS No. 2003, BUGAMBILIAS, 37270, LEON, GTO",60,,CITY PLUS LEON CENTRO DE CONVENCIONES (CPLEO),2,"LEON, GTO.",07/09/2026 11:07,,,,03/09/2026
243277,TRES GUERRAS,Cobro Regreso,"AV. JOSEFA ORTIZ DE DOMINGUEZ #801, JUAREZ, 85870, NAVOJOA, SON",89,,COMSAN,3,"NAVOJOA, SON.",07/09/2026 11:09,,,,03/09/2026
243278,PAQMEX,Cobro Regreso,"BLVD. ADOLFO LOPEZ MATEOS #890, SIERRA GORDA, 87050, VICTORIA, TAM",52,,CITY EXPRESS CIUDAD VICTORIA (CECVM),4,"VICTORIA, TAM.",07/09/2026 11:11,,,,03/09/2026
243279,TRES GUERRAS,Cobro Regreso,"CALZADA NIÑOS HEROES DE CHAPULTEPEC  #300, CENTRO, 68000, OAXACA DE JUAREZ, OAX",89,,CITY EXPRESS OAXACA (CEOAX),3,"OAXACA DE JUAREZ, OAX.",07/09/2026 11:07,,,,03/09/2026
243280,TRES GUERRAS,Cobro Regreso,"CARRIL DE INCORPORACION A CARRETERA FEDERAL 45 KM 0+0.231 SIN NUMERO, EL PIRUL, 36740, SALAMANCA, GTO",133.34,,"HILTON GARDEN INN SALAMANCA, MEXICO (BJXSA)",4,"SALAMANCA, GTO.",07/09/2026 11:10,,,,03/09/2026
243281,SANCHEZ,Cobro Regreso,"CARRETERA BARRA DE NAVIDAD KM 4.5, ZONA HOTELERA SUR, 38390, PUERTO VALLARTA, JAL",94.814,,"HILTON VALLARTA RIVIERA ALL-INCLUSIVE RESORT,PUERTO VALLARTA,MEXICO (PVRPA)",2,"PUERTO VALLARTA, JAL.",07/09/2026 11:11,,,,03/09/2026
243282,TINY PACK,Transportes Castores C.Regreso,"PERIFERICO RAUL LOPEZ SANCHEZ #5500, EL FRESNO, 27018, TORREON, COA",54.69,,CITY EXPRESS TORREON (CETRC),2,"TORREON, COA.",07/09/2026 11:10,,,,03/09/2026
243283,TRES GUERRAS,Cobro Destino,"CAMINO VIEJO AL PANTEON 1, CENTRO, 37700, SAN MIGUEL DE ALLENDE, GTO",133.34,,REAL DE MINAS SAN MIGUEL DE ALLENDE,2,"SAN MIGUEL DE ALLENDE, GTO.",07/09/2026 11:08,,,,03/09/2026
243284,ONE,Cobro Regreso,"AV. AYUNTAMIENTO #102, OBRAJE, 20230, AGUASCALIENTES, AGS",50.42,,CITY JUNIOR AGUASCALIENTES CENTRO (CJAGU),2,"AGUASCALIENTES, AGS.",07/09/2026 11:10,,,,03/09/2026
243285,TRES GUERRAS,Cobro Regreso,"AV. EJERCITO NACIONAL # 8211, PARTIDO IGLESIAS, 32310, CD. JUAREZ, CHI",52,,LA QUINTA CD JUAREZ,4,"CD. JUAREZ, CHI.",07/09/2026 11:08,,,,03/09/2026
243287,TRES GUERRAS,Cobro Regreso,"CARRETERA 57 S/N, LOMAS DEL MIRADOR, 26070, PIEDRAS NEGRAS, COA",89,,QUALITY INN PIEDRAS NEGRAS (143217),5,"PIEDRAS NEGRAS, COA.",07/09/2026 11:09,,,,03/09/2026
243289,TRES GUERRAS,Cobro Regreso,"BOULEVARD ADOLFO LOPEZ MATEOS 2500 E INT 3, SAN ISIDRO DE JEREZ, 37530, LEON, GTO",60,,SLEEP INN LEON ANTARES (143228),5,"LEON, GTO.",07/09/2026 11:08,,,,03/09/2026
243292,TRES GUERRAS,Cobro Regreso,"ANDADOR PLAZA LOMAS 52, LOMAS DEL TECNOLOGICO, 78215, SAN LUIS POTOSI, SLP",60,,CITY EXPRESS PLUS SAN LUIS POTOSI (CPSLP),3,"SAN LUIS POTOSI, SLP.",07/09/2026 11:09,,,,03/09/2026
243295,TRES GUERRAS,Cobro Regreso,"BOULEVARD ATLIXCAYOTL 2528, RESERVA TERRITORIAL ATLIXCAYOTL, 72830, SAN ANDRES, PUE",60,,"HILTON GARDEN INN PUEBLA ANGELÓPOLIS, MEXICO (PBCGI)",8,"SAN ANDRES, PUE.",07/09/2026 11:09,,,,03/09/2026
243297,TRES GUERRAS,Cobro Regreso,"BOULEVARD ATLIXCAYOTL 2528, RESERVA TERRITORIAL ATLIXCAYOTL, 72830, SAN ANDRES, PUE",60,,"HILTON GARDEN INN PUEBLA ANGELÓPOLIS, MEXICO (PBCGI)",4,"SAN ANDRES, PUE.",07/09/2026 11:10,,,,03/09/2026
243298,TRES GUERRAS,Cobro Regreso,"VASCONCELOS OTE 300, RESID S AGUSTIN, 66260, SAN PEDRO GARZA GARCIA, NL",60,,"CURIO - A COLLECTION BY HILTON MS MILENIUM MONTERREY, MEXICO (MTYMM)",10,"SAN PEDRO GARZA GARCIA, NL.",07/09/2026 11:09,,,,03/09/2026
243299,TRES GUERRAS,Cobro Regreso,"BLVD ADOLFO LOPEZ MATEOS No. 2003, BUGAMBILIAS, 37270, LEON, GTO",60,,CITY JUNIOR CENTRO DE CONVENCIONES (CJLEO),4,"LEON, GTO.",07/09/2026 11:07,,,,03/09/2026
243301,TRES GUERRAS,Cobro Regreso,"CALLE 3 NUMERO 55 ENTRE BARROS SIERRA Y AV SANTA FE, LOMAS DE SANTA FE, 01219, , CMX",60,,"DOUBLETREE MEXICO CITY SANTA FE, MEXICO (MEXST)",6,", CMX.",07/09/2026 11:10,,,,03/09/2026
243302,TRES GUERRAS,Cobro Regreso,"CALLE PASEO MALECON LOTE 11, FONATUR LOS CABOS, 23400, SAN JOSE DEL CABO, BCS",247.36,,"HILTON GRAND VACATIONS CABO AZUL, MX (SJDCA)",10,"SAN JOSE DEL CABO, BCS.",07/09/2026 11:10,,,,03/09/2026
243303,TRES GUERRAS,Cobro Regreso,"CALLE PASEO MALECON LOTE 11, FONATUR LOS CABOS, 23400, SAN JOSE DEL CABO, BCS",247.36,,"HILTON GRAND VACATIONS CABO AZUL, MX (SJDCA)",12,"SAN JOSE DEL CABO, BCS.",07/09/2026 11:10,,,,03/09/2026
243304,TRES GUERRAS,Cobro Regreso,"AV LOPEZ MATEOS 251, CONSTITUYENTES DE QUERETARO SECTOR 1, 66490, SAN NICOLAS DE LOS GARZA, NL",60,,COMFORT INN MONTERREY NORTE (143199),7,"SAN NICOLAS DE LOS GARZA, NL.",07/09/2026 11:08,,,,03/09/2026
243305,TRES GUERRAS,Cobro Regreso,"CALZADA VALLEJO #1090, SANTA CRUZ DE LAS SALINAS, 02300, CDMX, CMX",60,,COURTYARD MARRIOTT MEXICO CITY VALLEJO A0097805,1,"CDMX, CMX.",07/09/2026 11:09,,,,03/09/2026
243306,TRES GUERRAS,Cobro Regreso,"CALZADA VALLEJO #1090, SANTA CRUZ DE LAS SALINAS, 02300, CDMX, CMX",60,,COURTYARD MARRIOTT MEXICO CITY VALLEJO A0097805,1,"CDMX, CMX.",07/09/2026 11:09,,,,03/09/2026
243307,SANCHEZ,Sanchez Barcelata C.Regreso,"AV TEPIC NORTE 473, MEZCALES, 63732, BAHIA DE BANDERAS, NAY",33.1662234,,HOTEL STORE PUERTO VALLARTA,1,"BAHIA DE BANDERAS, NAY.",07/09/2026 11:11,,,,03/09/2026
243309,TRES GUERRAS,Cobro Destino,"BLANCARTE 130, ZONACENTRO, 22800, ENSENADA, BC",148.34,,POSADA EL REY SOL,3,"ENSENADA, BC.",07/09/2026 11:09,,,,03/09/2026
243310,TRES GUERRAS,Cobro Regreso,"CARRETERA A PUERTO MADERO PRIVADA PASEO DE LAS HORTENCIAS TRAMO 1. KM 3.5 S/N, FRACCIONAMIENTO LAS HORTENCIAS, 30797, TAPACHULA, CHS",445,,CITY EXPRESS TAPACHULA (CETAP),2,"TAPACHULA, CHS.",07/09/2026 11:08,,,,03/09/2026
243405,TRES GUERRAS,Cobro Regreso,"CALLE 56 A #451, CENTRO DE MERIDA, 97000, MERIDA, YUC",445,,FIESTA AMERICANA MERIDA FAMD,4,"MERIDA, YUC.",,,,,05/09/2026
243406,TRES GUERRAS,Cobro Regreso,"BLVD.PASEO DEL AEROPUERTO No.502, MOCTEZUMA 2DA. SECCION, 15530, MEXICO, DF",308.3,,FIESTA INN AEROPUERTO FIAPT,2,"MEXICO, DF.",,,,,05/09/2026
243407,TRES GUERRAS,Cobro Regreso,"CARRETERA FEDERAL LIBRE MEXICO-NOGALES KM 1194 , BODEGA 10, BM., URIAS, 82099, MAZATLAN, SIN",51.37931034,,COMSAN,20,"MAZATLAN, SIN.",,,,,05/09/2026
243408,TRES GUERRAS,Cobro Regreso,"BLVD.BERNARDO QUINTANA# 4050, ALAMOS 3A SEC, 76160, QUERETARO, QUE",400,,FIESTA AMERICANA GRAND QUERETARO OTV,5,"QUERETARO, QUE.",,,,,05/09/2026
243409,TRES GUERRAS,One Paqueteria C.Regreso,"MERCADERES No. 20, SAN JOSE INSURGENTES, 03900, MEXICO, DF",308.3,,FIESTA INN INSURGENTES SUR (FITIN),2,"MEXICO, DF.",,,,,05/09/2026
243410,TRES GUERRAS,Cobro Regreso,"CALLE GALEANA 42, ACAPANTZINGO, 62440, CUERNAVACA, MOR",400,,HOLIDAY INN CUERNAVACA (CVJMX),5,"CUERNAVACA, MOR.",,,,,05/09/2026
243411,TRES GUERRAS,Cobro Regreso,"CAMINO A LAS 3 CRUCES 149, SALTITO DE GUADALUPE, 37760, SAN MIGUEL DE ALLENDE, GTO",133.34,,"TAPESTRY COLLECTION BY HILTON ALBOR SAN MIGUEL DE ALLENDE, MEXICO (BJXUP)",1,"SAN MIGUEL DE ALLENDE, GTO.",,,,,05/09/2026
243412,TRES GUERRAS,Cobro Regreso,"JOSE MARIA MORELOS 44, FRACC BUGAMBILIAS, 51900, IXTAPAN DE LA SAL, MEX",60,,FIESTA AMERICANA HACIENDA IXTAPAN DE LA SAL (FAHI),1,"IXTAPAN DE LA SAL, MEX.",,,,,05/09/2026
243414,SANCHEZ,Cobro Regreso,"CARRETERA BARRA DE NAVIDAD KM 4.5, ZONA HOTELERA SUR, 38390, PUERTO VALLARTA, JAL",94.814,,"HILTON VALLARTA RIVIERA ALL-INCLUSIVE RESORT,PUERTO VALLARTA,MEXICO (PVRPA)",2,"PUERTO VALLARTA, JAL.",,,,,05/09/2026
243415,TRES GUERRAS,Cobro Regreso,"LATERAL DEL ANILLO PERIFERICO #1230, SAN FRANCISCO  OCOTLAN, 72680, CORONANGO, PUE",60,,RAMADA ENCORE PUEBLA A0191476,1,"CORONANGO, PUE.",,,,,05/09/2026
243416,TRES GUERRAS,Cobro Destino,"PASEO TOLLOCAN ORIENTE # 1132, SANTA ANA TLAPALTITLAN, 50160, TOLUCA, MEX",60,,FIESTA INN TOLUCA TOLLOCAN (FITOL),1,"TOLUCA, MEX.",,,,,05/09/2026
243418,TRES GUERRAS,Cobro Regreso,"AV. VASCONCELOS 345, SANTA ENGRACIA, 66267, SAN PEDRO GARZA GARCIA, NL, NL",60,,HOLIDAY INN EXPRESS & SUITES MONTERREY VALLE (MTYRR),4,"SAN PEDRO GARZA GARCIA, NL, NL.",,,,,05/09/2026
243420,ONE,Cobro Regreso,"AV. GONZALITOS SUR 415, OBISPADO, 64060, MONTERREY, NL",51.36571429,,"HAMPTON MONTERREY/GALERIAS-OBISPADO, MEXICO (MTYGA)",8,"MONTERREY, NL.",,,,,05/09/2026
243421,TRES GUERRAS,Cobro Regreso,"LIBRAMIENTO NORTE 3350, LA JOYA, 36169, SILAO, GTO",200,,"HILTON GARDEN INN SILAO AEROPUERTO BAJIO, MEXICO (BJXBA)",15,"SILAO, GTO.",,,,,05/09/2026
243423,TRES GUERRAS,Cobro Destino,"AV. JOSE MARIA GONZALEZ #552, ZAPOTLATENA Y FRACC CONDE PERIFERIA, 49000, CD GUZMAN, JAL",60,,WYNDHAM CD GUZMAN,3,"CD GUZMAN, JAL.",,,,,05/09/2026
243424,TRES GUERRAS,Tres Guerras Ocurre Oficina,"PRIVADA DEL GALLO 1525, LA AURORA, 44460, GUADALAJARA, JAL",0,,VENTAS DE MOSTRADOR,1,"GUADALAJARA, JAL.",,,,,05/09/2026
243425,TRES GUERRAS,Cobro Regreso,"Mariano Azuela No. 12, Santa Maria La Ribera, 06400, CUAUHTEMOC, CMX",60,,HOLIDAY INN BUENAVISTA (MEXBU),6,"CUAUHTEMOC, CMX.",,,,,05/09/2026
243426,TRES GUERRAS,Cobro Regreso,"BLVD JESUS GARCIA MORALES 569 A, EL LLANITO, 83174, HERMOSILLO, SON",135.86,,COMFORT INN HERMOSILLO AEROPUERTO (143197),10,"HERMOSILLO, SON.",,,,,05/09/2026
243427,TRES GUERRAS,Cobro Regreso,"ANTONIO DOVALI JAIME 70, SANTA FE, 01219, ALVARO OBREGON, CMX",77.075,,"HILTON MEXICO CITY SANTA FE, MEXICO (MEXSA)",1,"ALVARO OBREGON, CMX.",,,,,05/09/2026
243428,TRES GUERRAS,Cobro Regreso,"AV. ISLA DE TRIS ENTRE SANTA MARIA Y ONGAY S/N, FRACC. ISLA DEL CARMEN 2000, 24190, CIUDAD DEL CARMEN, CAM",62.69583333,,CITY JUNIOR CIUDAD DEL CARMEN AEROPUERTO (CJCMI),3,"CIUDAD DEL CARMEN, CAM.",,,,,05/09/2026
243430,TRES GUERRAS,Transportes Castores C.Destino,"AV. PASEO CENTRAL #23, VALLE DE ORO, 76803, SAN JUAN DEL RIO, QUE",60,,EXCELLENCE EXPRESS & SUITES,3,"SAN JUAN DEL RIO, QUE.",,,,,05/09/2026
243432,ONE,Cobro Regreso,"CARRETERA PANAMERICANA KM 11.2, EJIDO DE PEÑUELAS, 20396, AGUASCALIENTES, AGS",50.42,,"HAMPTON AGUASCALIENTES AIRPORT, MEXICO (AGUHX)",3,"AGUASCALIENTES, AGS.",,,,,05/09/2026
243433,TRES GUERRAS,Cobro Regreso,"CARRETERA LA PAZ - PICHILINGUE KM 2.5 S/N, LOMAS DE PALMIRA, 23010, LA PAZ, BCS",113.86,,CITY EXPRESS LA PAZ (CELAP),1,"LA PAZ, BCS.",,,,,05/09/2026
243434,TRES GUERRAS,Cobro Destino,"AV. JOSE MARIA GONZALEZ #552, ZAPOTLATENA Y FRACC CONDE PERIFERIA, 49000, CD GUZMAN, JAL",60,,WYNDHAM CD GUZMAN,3,"CD GUZMAN, JAL.",,,,,05/09/2026
243435,TRES GUERRAS,Cobro Destino,"BAHIA DE CHACHALACAS 36, VERONICA ANZURES, 11300, MIGUEL HIDALGO, CMX",100,,CASA BOUTIQUE FLOR DE CAFE,1,"MIGUEL HIDALGO, CMX.",,,,,05/09/2026
243437,TRES GUERRAS,Cobro Regreso,"BLVD. AEROPUERTO MIGUEL ALEMÁN 55 B, PARQUE INDUSTRIAL LERMA, 52000, MÉXICO, DF2",308.3,,CITY EXPRESS TOLUCA (CETLC),10,"MÉXICO, DF2.",,,,,05/09/2026
243438,TRES GUERRAS,Cobro Regreso,"GUERRERO #117, LA TRINIDAD SANCTORUM, 72730, CUAUTLANCINGO, PUE",400,,CITY JUNIOR PUEBLA FINSA (CJPAU),2,"CUAUTLANCINGO, PUE.",,,,,05/09/2026
243439,TRES GUERRAS,Cobro Regreso,"BLVD. SANCHES TABOADA #9589, MARRON, 22015, TIJUANA, BC",3892.58,,CITY SUITES TIJUANA RIO (CSTIR),1,"TIJUANA, BC.",,,,,05/09/2026
243440,TRES GUERRAS,Cobro Destino,"VIRREY DE MENDOZA 69 OTE., JARDINADAS, 59680, ZAMORA, MCH",133.34,,HOTEL MESON ECO,7,"ZAMORA, MCH.",,,,,05/09/2026
243442,TRES GUERRAS,Cobro Regreso,"CALZADA ADOLFO  LOPEZ MATEOS 3616 H, SAN LORENZO TEOTIPILCO, 75855, TEHUACAN, PUE",89,,CITY EXPRESS TEHUACAN (CETCN),3,"TEHUACAN, PUE.",,,,,05/09/2026
243443,TRES GUERRAS,Cobro Regreso,"ADOLFO RUIZ CORTINEZ 1803-A, ATASTA DE SIERRA, 86100, VILLAHERMOSA, TAB",89,,CITY EXPRESS VILLAHERMOSA (CEVSA),2,"VILLAHERMOSA, TAB.",,,,,05/09/2026
243449,,Cobro Destino,"CALLE IGNACIO ALLENDE 22, CENTRO, 63890, JALA, NAY",0,,HOTEL NUKARI QUINTA BOUTIQUE,1,"JALA, NAY.",,,,,05/09/2026
243450,,Cobro Regreso,"CALLE ALEJANDRA No. 512 (INTERIOR CENTRO COMERCIAL EXPLANADA PUEBLA), SANTIAGO MOMOXPAN, 72775, CHOLULA, PUE",0,,FIESTA INN EXPRESS EXPLANADA PUEBLA (FXPUE),5,"CHOLULA, PUE.",,,,,05/09/2026
243451,TRES GUERRAS,Cobro Destino,"AV CANAL DE RIO CHURUBUSCO 1635 S N, CENTRAL DE ABASTO DELEGACION IZTAPALAPA, 09040, CIUDAD DE MEXICO, CMX",102.6333333,,FIESTA INN PLAZA CENTRAL  (FIPLC2),2,"CIUDAD DE MEXICO, CMX.",,,,,05/09/2026
243454,TRES GUERRAS,Cobro Regreso,"BOULEVARD HEROES DE CHAPULTEPEC  1702 INT B, CENTRO, 98000, ZACATECAS, ZAC",60,,"HAMPTON ZACATECAS, MEXICO (ZCLHX)",125,"ZACATECAS, ZAC.",,,,,05/09/2026
243455,TRES GUERRAS,Tres Guerras C.Destino,"AVENIDA HIDALGO NO.703, CENTRO, 98000, ZACATECAS, ZAC",60,,EMPORIO ZACATECAS,10,"ZACATECAS, ZAC.",,,,,05/09/2026
243458,TRES GUERRAS,Cobro Regreso,"REVILLAGIGEDO #23, CENTRO AREA 5, 06050, CUAUHTEMOC, CMX",60,,CITY EXPRESS CIUDAD DE MEXICO ALAMEDA (CEALM),7,"CUAUHTEMOC, CMX.",,,,,05/09/2026
243460,TRES GUERRAS,Cobro Regreso,"CARRETERA FEDERAL LIBRE MEXICO-NOGALES KM 1194 , BODEGA 10, BM., URIAS, 82099, MAZATLAN, SIN",51.37931034,,COMSAN,5,"MAZATLAN, SIN.",,,,,05/09/2026
243461,TRES GUERRAS,Cobro Destino,"CAMPECHE #428, HIPODROMO DE LA CONDESA, 06170, CUAHUTEMOC, CMX",60,,CUADRA 134 REISDENCIAL,1,"CUAHUTEMOC, CMX.",,,,,05/09/2026
243462,TRES GUERRAS,Cobro Destino,"PRIVADA DE HORACIO 18, POLANCO, 11560, DELEGACION MIGUEL HIDALGO, CMX",100,,HOTEL PRIVADA DE HORACIO 18,2,"DELEGACION MIGUEL HIDALGO, CMX.",,,,,05/09/2026
243464,SANCHEZ,Sanchez Barcelata C.Regreso,"AV TEPIC NORTE 473, MEZCALES, 63732, BAHIA DE BANDERAS, NAY",33.1662234,,HOTEL STORE PUERTO VALLARTA,7,"BAHIA DE BANDERAS, NAY.",,,,,05/09/2026
243465,TRES GUERRAS,Cobro Regreso,"BAHIA DE TODOS LOS SANTOS 107, SANTA ANA TLALPALTITLAN, 50160, TOLUCA, MEX",60,,COURTYARD MARRIOTT TOLLOCAN,3,"TOLUCA, MEX.",,,,,05/09/2026
243466,TRES GUERRAS,Cobro Regreso,"BLVD EL GRECO # 45, EL GRECO, 84066, NOGALES, SON",89,,FAIRFIELD MARRIOT NOGALES A0097801,2,"NOGALES, SON.",,,,,05/09/2026
243467,TRES GUERRAS,Tres Guerras Ocurre Oficina,"CALLE LAZARO CARDENAS 150, COLONIA LA DORADA, 63732, BUCERIAS, NAY",35.05257143,,DECAMERON COMPLEX A0157904,40,"BUCERIAS, NAY.",,,,,05/09/2026
243469,TRES GUERRAS,Cobro Regreso,"PASEO DE LA COLINA S/N, VISTA HERMOSA, 40880, IXTAPA ZIHUATANEJO, GRO",89,,PACIFICA RESORTS IXTAPA,3,"IXTAPA ZIHUATANEJO, GRO.",,,,,05/09/2026
243470,ONE,Cobro Regreso,"BLVD HERMANOS SERDAN #807, LAS FUENTES DE PUEBLA, 72116, PUEBLA, PUE",153.75,,MARRIOTT PUEBLA (PBCMC),1,"PUEBLA, PUE.",,,,,05/09/2026
243471,TRES GUERRAS,Cobro Regreso,"BLVD.ADOLFO LOPEZ MATEOS 2501, ORIENTE BUGAMBILIAS, 37270, LEON, GTO",60,,HOLIDAY INN LEON CENTRO DE CONVENCIONES (BJXAP),3,"LEON, GTO.",,,,,05/09/2026
243472,TRES GUERRAS,Cobro Regreso,"LEIBNITZ #120, NUEVA ANZURES, 11590, CIUDAD DE MEXICO, CMX",102.6333333,,CITY SUITES ANZURES (CSANZ),1,"CIUDAD DE MEXICO, CMX.",,,,,07/09/2026
243476,PAQMEX,Cobro Regreso,"BLVD HIDALGO No 480, LOMAS REAL DE LOMAS, 88730, REYNOSA, TAM",52,,CITY EXPRESS REYNOSA (CEREX),2,"REYNOSA, TAM.",,,,,07/09/2026
243488,TRES GUERRAS,Cobro Regreso,"CALZADA HEROES DE CHAPULTEPEC No.1700, FRACC. CIUDAD ARGENTUM, 98047, ZACATECAS, ZAC",60,,CITY EXPRESS ZACATECAS (CEZCL),2,"ZACATECAS, ZAC.",,,,,07/09/2026
243489,TRES GUERRAS,Cobro Regreso,"AV VENUSTIANO CARRANZA #1513, LOS ALAMOS, 78174, SAN LUIS POTOSI, SLP",60,,CITY JUNIOR SAN LUIS POTOSI CARRANZA (CJSLP),2,"SAN LUIS POTOSI, SLP.",,,,,07/09/2026
243491,TRES GUERRAS,Cobro Destino,"MARINA NACIONAL 193 TORRE A DESPACHO 306, VERONICA ANZURES, 11300, MARINA NACIONAL, CMX",60,,HOTEL Y HACIENDA SANTA MARIA REGLA,1,"MARINA NACIONAL, CMX.",,,,,07/09/2026
243492,ONE,Cobro Regreso,"AV. PASEO SAN GERARDO No. 101, SAN GERARDO, 20348, AGUASCALIENTES, AGS",50.42,,FAIRFIELD INN & SUITES AGUASCALIENTES,1,"AGUASCALIENTES, AGS.",,,,,07/09/2026
243493,PAQMEX,Cobro Regreso,"CAMINO A LA CORTINA No 119-122, CONGREGACION SAN JAVIER, 67323, SANTIAGO, NL",0,,GAMMA RINCON DE SANTIAGO,2,"SANTIAGO, NL.",,,,,07/09/2026
243494,TRES GUERRAS,Cobro Destino,"BLVD. FAJA DE ORO #1805, EL PIRUL, 36740, SALAMANCA, GTO",133.34,,CITY EXPRESS SALAMANCA (CESLM),1,"SALAMANCA, GTO.",,,,,07/09/2026
243496,TRES GUERRAS,Cobro Destino,"AV. 1 LOTE 1 #MANZANA 11, SAN JOSE, 91917, VALENTE DIAZ, VER",89,,AUTO HOTEL INTIMISIMO,10,"VALENTE DIAZ, VER.",,,,,07/09/2026
243497,TRES GUERRAS,Cobro Destino,"CALZADA ADOLFO RUIZ CORTINES S/N, COSTA VERDE, 94294, BOCA DEL RIO, VER",2306.95,,HOTEL KYRIOS,10,"BOCA DEL RIO, VER.",,,,,07/09/2026
243498,TRES GUERRAS,Cobro Destino,"CALLE GONZALEZ PAGES #1255, CENTRO, 91700, VERACRUZ, VER",445,,AUTO HOTEL INTIMISIMO,10,"VERACRUZ, VER.",,,,,07/09/2026
243499,TRES GUERRAS,Cobro Regreso,"BLVD. DE LAS FEDERACIONES KM 1260 No. 4023, BARRIO DE ACHICHIMÁ ACAPETAHUA, 30039, COMITÁN DE DOMÍNGUEZ, CHS",89,,CITY EXPRESS COMITAN (CECJT),1,"COMITÁN DE DOMÍNGUEZ, CHS.",,,,,07/09/2026
243506,TRES GUERRAS,Cobro Regreso,"AV. LUIS DONALDO COLOSIO #126, CENTRO, 83000, HERMOSILLO, SON",135.86,,COMSAN,7,"HERMOSILLO, SON.",,,,,07/09/2026
243509,TRES GUERRAS,Cobro Regreso,"ANTONIO DOVALI JAIME 70, SANTA FE, 01219, ALVARO OBREGON, CMX",77.075,,"HILTON MEXICO CITY SANTA FE, MEXICO (MEXSA)",1,"ALVARO OBREGON, CMX.",,,,,08/09/2026
243510,ONE,Cobro Regreso,"AV. SAN JERONIMO #311, SAN JERÓNIMO, 05348, MONTERREY, NL",51.36571429,,CITY EXPRESS PLUS MONTERREY GALERIAS  (CPMSJ),2,"MONTERREY, NL.",,,,,08/09/2026
243514,TRES GUERRAS,Cobro Regreso,"EJE NOR-ORIENTE AV. LUIS DONALDO COLOSIO 285, LAS DELICIAS, 38080, CELAYA, GTO",100,,HOLIDAY INN EXPRESS & SUITES CELAYA (BJXCE),6,"CELAYA, GTO.",,,,,08/09/2026
243529,PAQMEX,Cobro Regreso,"BOULEVARD TAMAULIPAS 2539, RESIDENCIAL CABAÑAS VICTORIA, 87025, VICTORIA, TAM",52,,BEST WESTERN SANTORINI,7,"VICTORIA, TAM.",,,,,08/09/2026
243530,PAQMEX,Cobro Regreso,"BOULEVARD TAMAULIPAS 2539, RESIDENCIAL CABAÑAS VICTORIA, 87025, VICTORIA, TAM",52,,BEST WESTERN SANTORINI,1,"VICTORIA, TAM.",,,,,08/09/2026
243532,TRES GUERRAS,Cobro Regreso,"BLVD. IXTAPA S/N, IXTAPA, 40884, ZIHUATANEJO, GRO",89,,EMPORIO IXTAPA,20,"ZIHUATANEJO, GRO.",,,,,08/09/2026
243534,TRES GUERRAS,Cobro Regreso,"AV. LUIS DONALDO COLOSIO #126, CENTRO, 83000, HERMOSILLO, SON",135.86,,COMSAN,4,"HERMOSILLO, SON.",,,,,08/09/2026
243536,TRES GUERRAS,Cobro Destino,"CALLE 5 DE MAYO 38 N/A, BARRIO D MEXICANOS, 29240, SAN CRISTOBAL DE LAS CASAS, CHS",89,,HOTEL BO,1,"SAN CRISTOBAL DE LAS CASAS, CHS.",,,,,08/09/2026
243537,TRES GUERRAS,Cobro Regreso,"CALLE PASEO MALECON LOTE 11, FONATUR LOS CABOS, 23400, SAN JOSE DEL CABO, BCS",247.36,,"HILTON GRAND VACATIONS CABO AZUL, MX (SJDCA)",5,"SAN JOSE DEL CABO, BCS.",,,,,08/09/2026
243538,TRES GUERRAS,Cobro Regreso,"Paseo Río Sonora Norte 172, PROYECTO RÍO SONORA, 83270, HERMOSILLO, SON",135.86,,HAMPTON HERMOSILLO MEXICO (HMORS),7,"HERMOSILLO, SON.",,,,,08/09/2026
243542,TRES GUERRAS,Red Express C.Destino,"BOULEVARD INDEPENDENCIA 3851 ORIENTE, FRESNO, 27010, TORREON, COA",54.69,,HOTEL FRESNO GALERIAS,3,"TORREON, COA.",,,,,08/09/2026
243543,TRES GUERRAS,Cobro Destino,"AV JOSE GONZALEZ CARNICERITO #1125, EL ZAPOTE, 47680, TEPATITLAN DE MORELOS, JAL",60,,CENTRO MEDICO ALTEÑO,2,"TEPATITLAN DE MORELOS, JAL.",,,,,08/09/2026
243545,TRES GUERRAS,Cobro Regreso,"PASEO USUMANCITA Num.1708, CARRIZAL, 86038, VILLAHERMOSA CENTRO, TAB",89,,CROWNE PLAZA VILLAHERMOSA (VSAMX),1,"VILLAHERMOSA CENTRO, TAB.",,,,,08/09/2026
243546,TRES GUERRAS,Cobro Destino,"ZARAGOZA 106, CENTRO, 42800, TULA DE ALLENDE, HID",133.34,,HOTEL REAL CATEDRAL,2,"TULA DE ALLENDE, HID.",,,,,08/09/2026
243547,TRES GUERRAS,Cobro Destino,"MELCHOR OCAMPO 200, CENTRO, 42800, TULA DE ALLENDE, HID",133.34,,HOTEL LIZBETH,1,"TULA DE ALLENDE, HID.",,,,,08/09/2026
243548,TRES GUERRAS,Cobro Regreso,"Blvd. John Spark 4, Reserva Territorial Duport Ostion, 96536, COATZACOALCOS, VER",65,,HOLIDAY INN COATZACOALCOS (MTTCO),1,"COATZACOALCOS, VER.",,,,,08/09/2026
243549,TRES GUERRAS,Cobro Regreso,"REPUBLICA DE URUGUAY #45, CENTRO HISTORICO, 06000, CIUDAD DE MEXICO, CMX",102.6333333,,CITY CENTRO CIUDAD DE MEXICO (CCMEX),2,"CIUDAD DE MEXICO, CMX.",,,,,08/09/2026
243550,ONE,Cobro Regreso,"BLVD JOSE MARIA CHAVEZ 1925, SAN PEDRO, 20280, AGUASCALIENTES, AGS",50.42,,ENCORE AGUASCALIENTES A0191473,2,"AGUASCALIENTES, AGS.",,,,,08/09/2026
243551,TRES GUERRAS,Cobro Regreso,"AV.COSTERA MIGUEL ALEMAN 121, FRACC. MAGALLANES, 39670, ACAPULCO DE JUAREZ, GRO",52,,EMPORIO ACAPULCO,6,"ACAPULCO DE JUAREZ, GRO.",,,,,08/09/2026
243552,TRES GUERRAS,Cobro Regreso,"ALHONDIGA 100, SAN JAVIER, 36020, GUANAJUATO, GTO",60,,CAMINO REAL GUANAJUATO EX HACIENDA SAN XAVIER (BJXCR),1,"GUANAJUATO, GTO.",,,,,08/09/2026
243553,TRES GUERRAS,Cobro Regreso,"ALHONDIGA 100, SAN JAVIER, 36020, GUANAJUATO, GTO",60,,CAMINO REAL GUANAJUATO EX HACIENDA SAN XAVIER (BJXCR),1,"GUANAJUATO, GTO.",,,,,08/09/2026
243554,ONE,Cobro Regreso,"Av Hermanos Serdan 810 INT SN, El Riego Sur, 72160, PUEBLA, PUE",153.75,,STAYBRIDGE  SUITES PUEBLA (PUEAA),3,"PUEBLA, PUE.",,,,,08/09/2026
243555,TRES GUERRAS,Cobro Regreso,"BOULEVARD KUKULCAN KM 4.5 MZA 34 LT 3C SECCION C, ZONA HOTELERA CANCUN, 77500, BENITO JUAREZ, QR",84,,BREATHLESS CANCUN SOUL (BRECU) A0191045,16,"BENITO JUAREZ, QR.",,,,,08/09/2026
243563,TRES GUERRAS,Cobro Regreso,"DR ATL #2282, ZONA URBANA RIO TIJUANA, 22010, TIJUANA, BC",3892.58,,CITY EXPRESS TIJUANA RIO (CETIR),10,"TIJUANA, BC.",,,,,08/09/2026
243565,TRES GUERRAS,Cobro Regreso,"AV PASEO DE LA REFORMA No 334, JUAREZ, 06600, MEXICO, CMX",102.6333333,,CITY PLUS REFORMA DEL ANGEL (CEANG),4,"MEXICO, CMX.",,,,,08/09/2026
243571,TRES GUERRAS,Cobro Destino,"AV 4A ORIENTE SUR 24, LA PILA, 30018, COMITAN DE DOMINGUEZ, CHS",89,,GRUPO HOTELERO LA ALBORADA,2,"COMITAN DE DOMINGUEZ, CHS.",,,,,08/09/2026
243573,TRES GUERRAS,Cobro Regreso,"CARR. LIBRAMIENTO NORTE #900, LOS FRESNOS, 36126, SILAO, GTO",200,,CITY EXPRESS SILAO AEROPUERTO (CESIL),2,"SILAO, GTO.",,,,,08/09/2026
243575,SANCHEZ,Cobro Regreso,"BLVD.FRANCISCO MEDINA ASCENCIO # 3965, FRACC.MARIN, 48335, PTO. VALLARTA, JAL",37.026,,COMFORT INN VALLARTA (143203),6,"PTO. VALLARTA, JAL.",,,,,08/09/2026
243576,TRES GUERRAS,Cobro Destino,"CARRETERA A PARACUARO KM 1, EL VERGEL, 38610, ACAMBARO, GTO",60,,MESON DEL PUENTE,10,"ACAMBARO, GTO.",,,,,08/09/2026
243581,PAQMEX,Cobro Regreso,"CARR. MONTERREY SALTILLO #1135, PUERTA DE LAS MITRAS, 66350, SANTA CATARINA, NL",141.25,,CITY EXPRESS MONTERREY SANTA CATARINA (CEMTY),3,"SANTA CATARINA, NL.",,,,,08/09/2026
243582,TRES GUERRAS,Cobro Regreso,"JUAN SALVADOR AGRAZ #69, SANTA FE CUAJIMALPA, 05348, CUAJIMALPA DE MORELOS, DF2",60,,CITY EXPRESS PLUS SANTA FE (CESFE),2,"CUAJIMALPA DE MORELOS, DF2.",,,,,08/09/2026
243586,TRES GUERRAS,Cobro Destino,"CALLE AGUA MARINA #10, FRACC. PUNTA AZUL, 22713, PLAYAS DE ROSARITO, BC",89,,BELLAFER COLLECTION HOTEL & RESORT,1,"PLAYAS DE ROSARITO, BC.",,,,,09/09/2026
243589,TRES GUERRAS,Cobro Regreso,"SANTO DOMINGO 2, PLAYA AZUL SALAGUA, 28218, MANZANILLO, COL",60,,ESCENCIA HOTELERA,4,"MANZANILLO, COL.",,,,,09/09/2026
243590,TRES GUERRAS,Cobro Regreso,"PORTAL BRAVO 14, CENTRO, 37000, LEON, GTO",60,,RAMADA PLAZA LEON,3,"LEON, GTO.",,,,,09/09/2026
243591,TRES GUERRAS,Cobro Regreso,"AV ISLA DE TRIS 57 B, PALMIRA, 25154, CIUDAD DEL CARMEN, CAM",62.69583333,,COURTYARD BY MARRIOTT CIUDAD DEL CARMEN CAMPECHE A0093680,4,"CIUDAD DEL CARMEN, CAM.",,,,,09/09/2026
243592,TRES GUERRAS,Cobro Regreso,"VIADUCTO RIO DE LA PIEDAD 260, MAGDALENA MIXHUCA, 15860, MEXICO, CMX",102.6333333,,HOLIDAY INN MEXICO DALI AEROPUERTO A0207811 (MEXPD),2,"MEXICO, CMX.",,,,,09/09/2026
243593,TRES GUERRAS,Cobro Regreso,"MANUEL GOMEZ MORIN # 856, RIVERA MEXICALI, 21259, MEXICALI, BC",3892.58,,FAIRFIELD MEXICALI A0145391,2,"MEXICALI, BC.",,,,,09/09/2026
243598,TRES GUERRAS,Cobro Regreso,"CALLE LAGUNA DE TERMINOS #57, FRACC. RESIDENCIAL DEL LAGO, 24158, CIUDAD DEL CARMEN, CAM",62.69583333,,CIELO BONITO HOTEL BOUTIQUE,3,"CIUDAD DEL CARMEN, CAM.",,,,,09/09/2026
243604,TRES GUERRAS,Fletera Sugerida x Comentarios C.Destino,"CALLE FUNDADORES #906, SECTOR ORIENTE, 33000, DELICIAS, CHI",55.69,,PRODUCTOS QUIMICOS Y DE LIMPIEZA DEL NORTE,10,"DELICIAS, CHI.",,,,,09/09/2026
243605,TRES GUERRAS,Cobro Destino,"PIRINDAS #435, FELIX IRETA, 58070, MORELIA, MCH",60,,GRAND CATALAGUA,6,"MORELIA, MCH.",,,,,09/09/2026
243607,TRES GUERRAS,Cobro Regreso,"BOULEVARD MIGUEL ALEMÁN  55, PARQUE INDUSTRIAL LERMA, 52000, TOLUCA, MEX",60,,HOLIDAY INN EXPRESS & SUITES TOLUCA APTO(TLUZO),4,"TOLUCA, MEX.",,,,,09/09/2026
243610,TRES GUERRAS,Cobro Regreso,"MANUEL J. CLOUTHIER #451-5, MARIA ISABEL, 32600, CD JUAREZ, CHI",52,,INSUMOS DEL NORTE,15,"CD JUAREZ, CHI.",,,,,09/09/2026
243612,TRES GUERRAS,Cobro Regreso,"AV TECNOLOGICO 3620, ACEQUIAS DEL SUR, 32617, CIUDAD JUAREZ, CHI",135.86,,HOLIDAY INN CIUDAD JUAREZ (CJSAT),4,"CIUDAD JUAREZ, CHI.",,,,,09/09/2026
243613,TRES GUERRAS,Cobro Regreso,"CARR. EJE 102 #210, ZONA INDUSTRIAL, 78395, SAN LUIS POTOSI, SLP",60,,HOTEL ESPLENDOR BY WYNDHAM SAN LUIS POTOSI MONARCA,2,"SAN LUIS POTOSI, SLP.",,,,,09/09/2026
243614,TRES GUERRAS,Cobro Regreso,"DE LOS ENEBROS No.449, LOS MANGOS II, 82128, MAZATLAN, SIN",51.37931034,,MG COMERCIALIZADORA,12,"MAZATLAN, SIN.",,,,,09/09/2026
243615,ONE,Cobro Regreso,"CAPITAN CARLOS LEON S/N 3ER PISO DE LA NUEVA TERMINAL AEREA INTERNACIONAL DE LA CIUDAD DE MEXICO, PEÑON DE LOS BAÑOS, 15620, MEXICO, CMX",102.6333333,,"HILTON MEXICO CITY-AIRPORT, MEXICO (MEXAH)",7,"MEXICO, CMX.",,,,,09/09/2026
243618,ONE,Cobro Regreso,"AV. JOSE MARIA CHAVEZ 1512, JARDINES DE LA ASUNCION, 20270, AGUASCALIENTES, AGS",50.42,,"HAMPTON AGUASCALIENTES DOWNTOWN, MEXICO (AGUMX)",2,"AGUASCALIENTES, AGS.",,,,,09/09/2026
243619,TRES GUERRAS,Cobro Regreso,"BLVD.BENITO JUAREZ No.1342, COL.JARDINES DEL VALLE, 21270, MEXICALI, BC",3892.58,,CITY EXPRESS MEXICALI (CEMXL),2,"MEXICALI, BC.",,,,,09/09/2026
243620,TRES GUERRAS,Cobro Destino,"VICENTE GUERRERO #2125, ANTONIO NAVARRO RUBIO, 23026, LA PAZ, BCS",113.86,,CASAGO LA PAZ,2,"LA PAZ, BCS.",,,,,09/09/2026
243621,TRES GUERRAS,Cobro Regreso,"CIRCUITO BOSQUES DE LA TRINIDAD 220, PLAN DE AYALA, 29020, TUXTLA GUTIERREZ, CHS",89,,INSUMOS DE LIMPIEZA E HIGIENE,39,"TUXTLA GUTIERREZ, CHS.",,,,,09/09/2026
243622,ONE,Cobro Regreso,"AV. JOSE MARIA CHAVEZ 1512, JARDINES DE LA ASUNCION, 20270, AGUASCALIENTES, AGS",50.42,,"HAMPTON AGUASCALIENTES DOWNTOWN, MEXICO (AGUMX)",2,"AGUASCALIENTES, AGS.",,,,,09/09/2026
243625,ONE,Cobro Regreso,"CAPITAN CARLOS LEON S/N 3ER PISO DE LA NUEVA TERMINAL AEREA INTERNACIONAL DE LA CIUDAD DE MEXICO, PEÑON DE LOS BAÑOS, 15620, MEXICO, CMX",102.6333333,,"HILTON MEXICO CITY-AIRPORT, MEXICO (MEXAH)",7,"MEXICO, CMX.",,,,,09/09/2026
243626,TRES GUERRAS,Cobro Destino,"BLVD.FRANCISCO VILLA 100, FRACC. LAS AMERICAS, 34200, DURANGO, DUR",260,,HOTEL SANTA CRUZ,12,"DURANGO, DUR.",,,,,09/09/2026
243627,TRES GUERRAS,Cobro Regreso,"PERIFERICO SUR No.5530, CENTRO COMERCIAL GRAN SUR, 04700, MEXICO, DF2",308.3,,FIESTA INN PERIFERICO SUR (FFISUR),12,"MEXICO, DF2.",,,,,09/09/2026
243629,TRES GUERRAS,Cobro Regreso,"INDEPENDENCIA 100 A, LA RIVERA, 92870, TUXPAN, VER",89,,COURTYARD TUXPAN,1,"TUXPAN, VER.",,,,,09/09/2026
243637,TRES GUERRAS,Cobro Regreso,"AV. VASCONCELOS 345, SANTA ENGRACIA, 66267, SAN PEDRO GARZA GARCIA, NL, NL",60,,HOLIDAY INN EXPRESS & SUITES MONTERREY VALLE (MTYRR),7,"SAN PEDRO GARZA GARCIA, NL, NL.",,,,,09/09/2026
243640,TRES GUERRAS,Cobro Regreso,"AV ISLA DE TRIS 28 A, FRACCIONAMIENTO RESIDENCIAL SAN MIGUEL, 24157, CIUDAD DEL CARMEN, CAM",62.69583333,,"HAMPTON CIUDAD DEL CARMEN CAMPECHE, MEXICO (CMEMX)",2,"CIUDAD DEL CARMEN, CAM.",,,,,10/09/2026
243644,TRES GUERRAS,Cobro Regreso,"AV BENITO JUAREZ 1270, VALLE DORADO, 78399, SAN LUIS POTOSI, SLP",60,,HOLIDAY INN EXPRESS SAN LUIS POTOSI A0201813 (SLPMV),2,"SAN LUIS POTOSI, SLP.",,,,,10/09/2026
243647,TRES GUERRAS,Cobro Destino,"AVENIDA CRESCENCIO ROSAS 21, SAN ANTONIO, 29250, SAN CRISTOBAL DE LAS CASAS, CHS",89,,HOTEL SAN MARCOS,1,"SAN CRISTOBAL DE LAS CASAS, CHS.",,,,,10/09/2026
243648,TRES GUERRAS,Cobro Regreso,"BLVD INSURGENTES #5950, EL LAGO, 22210, TIJUANA, BC",3892.58,,CITY EXPRESS TIJUANA INSURGENTES (CETII),1,"TIJUANA, BC.",,,,,10/09/2026
243649,ONE,Cobro Regreso,"AV.PASEO TOLLOCAN ORIENTE 750, FRANCISCO I. MADERO, 52170, METEPEC, MEX",50.723,,CROWNE PLAZA TOLUCA (TLUCP),4,"METEPEC, MEX.",,,,,10/09/2026
243650,ONE,Cobro Regreso,"Bvd.Antonio L Rodriguez 3062, Santa María, 64650, MONTERREY, NL",51.36571429,,WYNDHAM GARDEN MONTERREY VALLE REAL(MTYVR),1,"MONTERREY, NL.",,,,,10/09/2026
243652,TRES GUERRAS,Cobro Regreso,"CARRETERA JOROBA TULA KM 25.8 SN, LA LOMA CARDONAL, 42970, ATITALAQUIA, HID",60,,CITY EXPRESS BY MARRIOTT TULA (CETUL),2,"ATITALAQUIA, HID.",,,,,10/09/2026
243654,TRES GUERRAS,Tres Guerras C.Destino,"AUTOPISTA GUANAJUATO-SILAO KM. 1, MANZANA 18 LOTE 4 Y 25 YERBABUENA, 36259, GUANAJUATO, GTO",60,,HOTEL QUINTA LAS ALONDRAS,1,"GUANAJUATO, GTO.",,,,,10/09/2026
243655,TRES GUERRAS,Cobro Regreso,"BOULEVARD SANTA CRUZ 604, SANTA CRUZ SECTOR A, 70987, SANTA MARIA HUATULCO, OAX",779.77,,HOLIDAY INN HUATULCO (HUXHI),1,"SANTA MARIA HUATULCO, OAX.",,,,,10/09/2026
243661,TRES GUERRAS,Cobro Regreso,"AV. LAZARO CARDENAS #9, FRACC. LAS ANIMAS, 91190, XALAPA, VER",89,,HOTEL HB XALAPA,9,"XALAPA, VER.",,,,,10/09/2026
243662,TRES GUERRAS,Cobro Regreso,"PERIFERICO DE LA JUVENTUD #6108, DESARROLLO COMERCIAL EL SAUCITO, 31110, CHIHUAHUA, CHI",631.28,,CITY EXPRESS CHIHUAHUA (CECHI),1,"CHIHUAHUA, CHI.",,,,,10/09/2026
243665,TRES GUERRAS,Cobro Regreso,"J GUADALUPE TORRES 158, EL PASEO, 78320, SAN LUIS POTOSI, SLP",60,,COMFORT INN SAN LUIS POTOSI (143206),4,"SAN LUIS POTOSI, SLP.",,,,,10/09/2026
243666,TRES GUERRAS,Tres Guerras C.Regreso,"CARRETERA FEDERAL LIBRE TRANSPENINSULAR SAN LUCAS -SAN JOSE MARGEN DERECHO KM 19.5, CABO REAL, 23400, SAN JOSE DEL CABO, BCS",247.36,,HILTON GRAND VACATIONS LA PACIFICA LOS CABOS BY HILTON CLUB (SJDGV),8,"SAN JOSE DEL CABO, BCS.",,,,,10/09/2026
243667,TRES GUERRAS,Cobro Regreso,"J GUADALUPE TORRES 158, EL PASEO, 78320, SAN LUIS POTOSI, SLP",60,,COMFORT INN SAN LUIS POTOSI (143206),3,"SAN LUIS POTOSI, SLP.",,,,,10/09/2026
243670,ONE,Cobro Regreso,"AV 31 PONIENTE 3333, LAS ANIMAS, 72400, Puebla, PUE",153.75,,CLICK EFFICIENCY COURTYARD PUEBLA LAS ANIMAS A0089983,1,"Puebla, PUE.",,,,,10/09/2026
243672,ONE,Cobro Regreso,"AV.PASEO TOLLOCAN ORIENTE 750, FRANCISCO I. MADERO, 52170, METEPEC, MEX",50.723,,CROWNE PLAZA TOLUCA (TLUCP),3,"METEPEC, MEX.",,,,,10/09/2026
243673,TRES GUERRAS,Cobro Regreso,"KM 18.4 CARRETERA TRANSPENINSULAR SJC-CSL, LOMAS DEL TULE, 23405, SAN  JOSE DEL CABO, BCS",247.36,,LE BLANC CABOS,5,"SAN  JOSE DEL CABO, BCS.",,,,,10/09/2026
243674,TRES GUERRAS,Cobro Regreso,"MANUEL J. CLOUTHIER #451-5, MARIA ISABEL, 32600, CD JUAREZ, CHI",52,,INSUMOS DEL NORTE,1,"CD JUAREZ, CHI.",,,,,10/09/2026
243675,TRES GUERRAS,Cobro Destino,"CALZADA DE LA RODILLA DEL DIABLO 20, LA QUINTA, 60030, URUAPAN, MCH",60,,HOTEL MANSION DEL CUPATITZIO,1,"URUAPAN, MCH.",,,,,10/09/2026
243676,TRES GUERRAS,Cobro Regreso,"CALLE SARIC Y ALTAR S/N LOCAL No. 9, LAS CONCHAS, 83550, PUERTO PEÑASCO, SON",52,,COMSAN,4,"PUERTO PEÑASCO, SON.",,,,,10/09/2026
243677,TRES GUERRAS,Cobro Destino,"AVENIDA LAZARO CARDENAS 450, CENTRO, 61600, PATZCUARO, MCH",60,,POSADA DE DON VASCO,1,"PATZCUARO, MCH.",,,,,10/09/2026
243679,TRES GUERRAS,Cobro Regreso,"ANILLO VIAL II FRAY JUNIPERO SERRA 1500, ARBOLEDAS, 76140, QUERETARO, QUE",400,,"HILTON QUERETARO, MEXICO (QROJS)",1,"QUERETARO, QUE.",,,,,10/09/2026
243680,TRES GUERRAS,Cobro Destino,"CARR. GUANAJUATO-DOLORES HIDALGO KM 2, VALENCIANA, 36240, GUANAJUATO, GTO",60,,HOTEL CAMINO DE PIEDRA,2,"GUANAJUATO, GTO.",,,,,10/09/2026
243682,TRES GUERRAS,Cobro Regreso,"BOULEVARD SANTA CRUZ 604, SANTA CRUZ SECTOR A, 70987, SANTA MARIA HUATULCO, OAX",779.77,,HOLIDAY INN HUATULCO (HUXHI),1,"SANTA MARIA HUATULCO, OAX.",,,,,10/09/2026
243683,TINY PACK,Cobro Destino,"CARRETERA CANANEA AGUA PRIETA #2, CANANEA CENTRO, 84620, CANANEA, SON",53.19,,CITY EXPRESS CANANEA (CECNA),1,"CANANEA, SON.",,,,,10/09/2026
243684,TINY PACK,Cobro Regreso,"AV. LUIS DONALDO COLOSIO #126, CENTRO, 83000, HERMOSILLO, SON",135.86,,COMSAN,10,"HERMOSILLO, SON.",,,,,10/09/2026
243685,ONE,Cobro Regreso,"MELCHOR OCAMPO 1002, CENTRO, 64000, MONTERREY, NL",51.36571429,,CITY PLUS MONTERREY CENTRO (CPMTC),6,"MONTERREY, NL.",,,,,10/09/2026
243686,TRES GUERRAS,Cobro Regreso,"JUAREZ 70, CENTRO, 06010, DELEGACION CUAUHTEMOC, CMX",60,,"HILTON MEXICO CITY/REFORMA, MEXICO (MEXRF)",5,"DELEGACION CUAUHTEMOC, CMX.",,,,,10/09/2026
243687,TRES GUERRAS,Cobro Regreso,"BOULEVARD HEROES DE CHAPULTEPEC  1702 INT B, CENTRO, 98000, ZACATECAS, ZAC",60,,"HAMPTON ZACATECAS, MEXICO (ZCLHX)",1,"ZACATECAS, ZAC.",,,,,10/09/2026
243688,TRES GUERRAS,Cobro Destino,"AV. REFORMA SUR #308, CENTRO, 75700, TEHUACAN, PUE",89,,HOTEL CR,1,"TEHUACAN, PUE.",15/09/2026 17:13,,,,11/09/2026
243691,TRES GUERRAS,Cobro Destino,"PASEO DE MIRANDA OTE #2, FRACCIONAMIENTO MONTE MIRANDA, 76240, EL MARQUES, QUE",60,,CASA INN PREMIUM HOTEL QUERETARO,12,"EL MARQUES, QUE.",15/09/2026 17:12,,,,11/09/2026
243693,TRES GUERRAS,Cobro Destino,"SINDICATO DE SALUBRIDAD #209, ADOLFO LOPEZ MATEOS, 86040, CENTRO, TAB",52,,HOTEL & SUITES REAL DEL LAGO,1,"CENTRO, TAB.",15/09/2026 17:13,,,,11/09/2026
243694,TRES GUERRAS,Tres Guerras C.Regreso,"CARRETERA A PICHILINGUE KM 7.5 S/N LOCAL 47, LOMAS DE PALMIRA, 23010, LA PAZ, BCS",113.86,,INDIGO LA PAZ (LAPGO),5,"LA PAZ, BCS.",15/09/2026 17:13,,,,11/09/2026
243696,SINALOA EXPRESS,Sinaloa Express C.Destino,"MIGUEL HIDALGO 321 PTE, CENTRO, 80000, CULIACAN, SIN",52.35666667,,NEO BUSINESS HOTEL,8,"CULIACAN, SIN.",15/09/2026 17:11,,,,11/09/2026
243697,ONE,Cobro Regreso,"CAPITAN CARLOS LEON S/N 3ER PISO DE LA NUEVA TERMINAL AEREA INTERNACIONAL DE LA CIUDAD DE MEXICO, PEÑON DE LOS BAÑOS, 15620, MEXICO, CMX",102.6333333,,"HILTON MEXICO CITY-AIRPORT, MEXICO (MEXAH)",1,"MEXICO, CMX.",15/09/2026 17:15,,,,11/09/2026
243698,ONE,Cobro Regreso,"CAPITAN CARLOS LEON S/N 3ER PISO DE LA NUEVA TERMINAL AEREA INTERNACIONAL DE LA CIUDAD DE MEXICO, PEÑON DE LOS BAÑOS, 15620, MEXICO, CMX",102.6333333,,"HILTON MEXICO CITY-AIRPORT, MEXICO (MEXAH)",1,"MEXICO, CMX.",15/09/2026 17:15,,,,11/09/2026
243699,TRES GUERRAS,Cobro Regreso,"CARR MIGUEL ALEMAN KM 23.7 SN, , 66615, APODACA, NL",60,,"HAMPTON MONTERREY-AIRPORT, N.L., MEXICO (MTYAP)",2,"APODACA, NL.",15/09/2026 17:13,,,,11/09/2026
243700,TRES GUERRAS,Cobro Destino,"CALLE VICTORIA 409, CHIHUAHUA CENTRO, 31000, CHIHUAHUA, CHI",631.28,,IMPULSORA PROMOTORA DEL NORTE,4,"CHIHUAHUA, CHI.",15/09/2026 17:13,,,,11/09/2026
243702,TRES GUERRAS,Cobro Destino,"PASEO DE MIRANDA OTE #2, FRACCIONAMIENTO MONTE MIRANDA, 76240, EL MARQUES, QUE",60,,CASA INN PREMIUM HOTEL QUERETARO,1,"EL MARQUES, QUE.",15/09/2026 17:12,,,,11/09/2026
243704,TRES GUERRAS,Cobro Destino,"AV  REY TANGANXOAN II  590, VISTA BELLA, 58090, MORELIA, MCH",60,,HOTEL POSADA VISTA BELLA,4,"MORELIA, MCH.",,,,,11/09/2026
243705,TRES GUERRAS,Cobro Regreso,"GENERAL FIGUEROA 68, CENTRO, 91700, VERACRUZ, VER",445,,FIESTA INN VERACRUZ MALECON (FIVZM),1,"VERACRUZ, VER.",15/09/2026 17:12,,,,11/09/2026
243708,ONE,Cobro Destino,"AV JUAREZ 3309, LA PAZ A, 72160, Puebla, PUE",153.75,,HOTEL JF GRAND,1,"Puebla, PUE.",15/09/2026 17:15,,,,11/09/2026
243709,TRES GUERRAS,Tres Guerras C.Destino,"CALLE DEL SOL 10, GUANAJUATO CENTRO, 36000, GUANAJUATO, GTO",60,,CASA DEL SOL,2,"GUANAJUATO, GTO.",15/09/2026 17:13,,,,11/09/2026
243711,TRES GUERRAS,Cobro Regreso,"BOULEVARD ADOLFO LOPEZ MATEOS 2619 PTE, VILLAS DEL JUNCAL, 37180, LEON, GTO",60,,HOLIDAY INN & SUITES LEON (BJXPM),1,"LEON, GTO.",11/09/2026 17:00,,,,11/09/2026
243714,TRES GUERRAS,Cobro Destino,"AV VILLAS DE IRAPUATO #621, 1 DE MAYO, 36644, IRAPUATO, GTO",400,,CASA INN BUSINESS HOTEL IRAPUATO,1,"IRAPUATO, GTO.",15/09/2026 17:13,,,,11/09/2026
243715,TRES GUERRAS,Cobro Destino,"I. ZARAGOZA S/N ESQ.ALVARO OBREGON, CENTRO, 23450, CABO SAN LUCAS, BCS",987.15,,HOTEL SANTA FE VILLA GROUP,1,"CABO SAN LUCAS, BCS.",15/09/2026 17:12,,,,11/09/2026
243717,TRES GUERRAS,Cobro Regreso,"CALLE 4 PERIFÉRICO ENTRE CALLE 7 Y 9C, SANTA RITA CHOLUL, 97130, MERIDA, YUC",445,,CITY JUNIOR MERIDA ALTABRISA (CJMID),2,"MERIDA, YUC.",15/09/2026 17:12,,,,11/09/2026
243718,ONE,Cobro Regreso,"SINALOA 31 SIN NUMERO, PEÑON DE LOS BAÑOS, 15520, MEXICO DELEGACION VENUSTIANO CARRANZA, DF",50.17772727,,COURTYARD MARRIOTT MEXICO AEROPUERTO A0091048,2,"MEXICO DELEGACION VENUSTIANO CARRANZA, DF.",15/09/2026 17:15,,,,11/09/2026
243719,ONE,Cobro Regreso,"SINALOA 31 SIN NUMERO, PEÑON DE LOS BAÑOS, 15520, MEXICO DELEGACION VENUSTIANO CARRANZA, DF",50.17772727,,COURTYARD MARRIOTT MEXICO AEROPUERTO A0091048,2,"MEXICO DELEGACION VENUSTIANO CARRANZA, DF.",15/09/2026 17:15,,,,11/09/2026
243722,TRES GUERRAS,Cobro Regreso,"BLVD A RUIZ CORTINES 3533, FRACC DE LAS AMERICA, 94299, BOCA DEL RIO, VER",2306.95,,"HAMPTON VERACRUZ BOCA DEL RIO, VERACRUZ, MEXICO (VERAC)",2,"BOCA DEL RIO, VER.",15/09/2026 17:14,,,,11/09/2026
243723,TRES GUERRAS,Cobro Destino,"DIAMANTE # 404, GUADALUPE, 37480, LEON, GTO",60,,LA CASA MIA,1,"LEON, GTO.",15/09/2026 17:12,,,,11/09/2026
243724,TRES GUERRAS,Cobro Destino,"PERIFERICO LUIS ECHEVERRIA #350 A, LOURDES, 25070, SALTILLO, COA",133.34,,CITY EXPRESS SALTILLO SUR (CESLW),3,"SALTILLO, COA.",15/09/2026 17:12,,,,11/09/2026
243725,TRES GUERRAS,Cobro Destino,"JUAREZ NORTE #209, CENTRO, 90500, HUAMANTLA, TLA",222.5,,HOTEL CENTENARIO HUAMANTLA,1,"HUAMANTLA, TLA.",15/09/2026 17:12,,,,11/09/2026
243726,TRES GUERRAS,Cobro Regreso,"BLVD ADOLFO LOPEZ MATEOS 2126, SAN ISIDRO, 37530, LEON, GTO",60,,"HILTON GARDEN INN LEON, MEXICO (BJXAD)",1,"LEON, GTO.",15/09/2026 17:13,,,,11/09/2026
243729,TRES GUERRAS,Cobro Destino,"CALLE 8 #1315 Y AV.11, BELLAVISTA, 94580, CORDOBA, VER",89,,HOTEL HB,2,"CORDOBA, VER.",15/09/2026 17:14,,,,11/09/2026
243731,SANCHEZ,Cobro Regreso,"BLVD. FRANCISCO MEDINA ASCENCIO  KM. 3, ZONA HOTELERA NORTE, 48333, PTO. VALLARTA, JAL",37.026,,HOTEL VILLAS DEL PALMAR,7,"PTO. VALLARTA, JAL.",15/09/2026 17:11,,,,11/09/2026
243732,TRES GUERRAS,Cobro Regreso,"AV PROLONGACION 27 DE FEBRERO NO 2804, ATASTA DE SERRA, 86100, VILLAHERMOSA, TAB",89,,"HAMPTON VILLAHERMOSA, TABASCO, MEXICO (VSATA)",2,"VILLAHERMOSA, TAB.",15/09/2026 17:14,,,,11/09/2026
243737,TRES GUERRAS,Cobro Regreso,"CARRETERA A PICHILINGUE KM 7.5, LOMAS DE PALMIRA, 23010, LA PAZ, BCS",113.86,,COURTYARD LA PAZ A0093432,10,"LA PAZ, BCS.",15/09/2026 17:14,,,,11/09/2026
243738,ONE,Cobro Regreso,"CARR MEXICO TOLUCA 5454, EL YAQUI, 05320, MEXICO, CMX",102.6333333,,SLEEP INN MEXICO (143224),1,"MEXICO, CMX.",15/09/2026 17:15,,,,11/09/2026
243739,TRES GUERRAS,Cobro Destino,"ACCESO AL AEROPUERTO MANZ.  14C L-05, LAS VEREDAS, 23400, SAN JOSE DEL CABO, BCS",247.36,,HOTEL AEROPUERTO LOS CABOS,3,"SAN JOSE DEL CABO, BCS.",,,,,11/09/2026
243741,TRES GUERRAS,Cobro Regreso,"AV  PLAYA GAVIOTAS 214, Zona Dorada, 82110, MAZATLAN, SIN",51.37931034,,COURTYARD MAZATLAN A0157919,1,"MAZATLAN, SIN.",15/09/2026 17:14,,,,11/09/2026
243742,TRES GUERRAS,Cobro Destino,"CALLE IGNACIO ALDAMA 405, CENTRO HISTORICO, 78000, SAN LUIS POTOSI, SLP",60,,CITY CENTRO SAN LUIS POTOSI (CCSLP),4,"SAN LUIS POTOSI, SLP.",15/09/2026 17:14,,,,11/09/2026
243743,TRES GUERRAS,Cobro Regreso,"BLVD. TOMAS FERNANDEZ # 7810, PARTIDO DOBLADO, 32424, JUAREZ, CHI",52,,CITY EXPRESS CIUDAD JUAREZ(CECJS) / JIPJUA,4,"JUAREZ, CHI.",15/09/2026 17:14,,,,11/09/2026
243748,TRES GUERRAS,Cobro Regreso,"BOULEVARD PUERTO AEREO #75, INDUSTRIAL PUERTO AEREO, 15710, VENUSTIANO CARRANZA, CMX",60,,TRU BY HILTON AEROPUERTO MEXICO,1,"VENUSTIANO CARRANZA, CMX.",15/09/2026 17:14,,,,11/09/2026
243750,TRES GUERRAS,Tres Guerras C.Destino,"CALLE DEL SOL 10, GUANAJUATO CENTRO, 36000, GUANAJUATO, GTO",60,,CASA DEL SOL,2,"GUANAJUATO, GTO.",15/09/2026 17:14,,,,11/09/2026
243752,TRES GUERRAS,One Paqueteria C.Regreso,"AV REVOLUCION #333, TACUBAYA, 11870, CDMX, CMX",60,,COURTYARD MEXICO CITY REVOLUCION,12,"CDMX, CMX.",15/09/2026 17:15,,,,14/09/2026
243755,TRES GUERRAS,Cobro Regreso,"KM 21 MZA 01 LOTE 1 11 EDIF A, SM 47 CARRET CANCUN PTO MORELOS, 77506, CANCUN, QR",84,,PALACE RESORTS,233,"CANCUN, QR.",,,,,14/09/2026
243756,TRES GUERRAS,Cobro Regreso,"KM 21 MZA 01 LOTE 1 11 EDIF A, SM 47 CARRET CANCUN PTO MORELOS, 77506, CANCUN, QR",84,,PALACE RESORTS,1,"CANCUN, QR.",,,,,14/09/2026
243757,TRES GUERRAS,Cobro Regreso,"KM 21 MZA 01 LOTE 1 11 EDIF A, SM 47 CARRET CANCUN PTO MORELOS, 77506, CANCUN, QR",84,,PALACE RESORTS,1,"CANCUN, QR.",,,,,14/09/2026
243758,KORA EXPRESS,Cobro Destino,"CALLE IGNACIO ALLENDE 22, CENTRO, 63890, JALA, NAY",0,,HOTEL NUKARI QUINTA BOUTIQUE,1,"JALA, NAY.",,,,,14/09/2026
243759,TRES GUERRAS,Cobro Destino,"CIRCUITO OLINALA LOTE 1, OLINALA PRINCESS, 39890, ACAPULCO DE JUAREZ, GRO",52,,CASAS Y VILLAS,1,"ACAPULCO DE JUAREZ, GRO.",15/09/2026 17:15,,,,14/09/2026
243763,ONE,Cobro Regreso,"JOSE MARIA CHAVEZ  #101, CENTRO, 20000, AGUASCALIENTES, AGS",50.42,,QUALITY INN AGUASCALIENTES (143211),8,"AGUASCALIENTES, AGS.",15/09/2026 17:15,,,,14/09/2026
243765,TRES GUERRAS,Cobro Regreso,"AV.LAS AMERICAS 241, FRACC. DE LAS AMERICAS, 94299, BOCA DEL RIO, VER",2306.95,,RAMADA PLAZA VERACRUZ,3,"BOCA DEL RIO, VER.",15/09/2026 17:15,,,,14/09/2026
243766,TRES GUERRAS,Cobro Destino,"8 DE OCTUBRE 1921 INT DEP 504, AMPLIACION MARIANO MATAMOROS, 23468, CABO SAN LUCAS, BCS",987.15,,MORGAN RESIDENCES BOUTIQUE,1,"CABO SAN LUCAS, BCS.",15/09/2026 17:15,,,,14/09/2026
243767,ONE,Cobro Regreso,"PASEO DE LA REFORMA 124, JUAREZ, 06600, MEXICO, CMX",102.6333333,,EMPORIO REFORMA,10,"MEXICO, CMX.",15/09/2026 17:15,,,,14/09/2026
243768,TRES GUERRAS,Cobro Regreso,"AV CAMARON SABALO 905, ZONA COSTERA, 82148, MAZATLAN, SIN",51.37931034,,"DOUBLETREE MAZATLAN, MEXICO (MZTDT)",5,"MAZATLAN, SIN.",15/09/2026 17:15,,,,14/09/2026
243771,PAQMEX,Cobro Regreso,"BOULEVARD TAMAULIPAS 2539, RESIDENCIAL CABAÑAS VICTORIA, 87025, VICTORIA, TAM",52,,"HAMPTON CIUDAD VICTORIA, MEXICO (CDJVC)",6,"VICTORIA, TAM.",19/09/2026 12:07,,,,14/09/2026
243774,TRES GUERRAS,Cobro Regreso,"KM 6.5 CARRETERA  A LA BARRA  S/N, LA CALZADA, 92773, TUXPAN, VER",89,,HOLIDAY INN EXPRESS TUXPAN A0200403 (PAZRL),1,"TUXPAN, VER.",15/09/2026 17:15,,,,14/09/2026
243775,TRES GUERRAS,Cobro Regreso,"BLVD. DIEGO VALADEZ RIOS 99, DESARROLLO URBANO 3 RIOS, 80020, CULIACAN, SIN",52.35666667,,HOTEL LUCERNA CULIACAN,2,"CULIACAN, SIN.",15/09/2026 17:15,,,,14/09/2026
243776,TRES GUERRAS,Cobro Destino,"RASCON  2, CENTRO, 95700, SAN ANDRES TUXTLA, VER",3028.28,,HOTEL PIEDRA ALTA,1,"SAN ANDRES TUXTLA, VER.",15/09/2026 17:15,,,,14/09/2026
243778,SANCHEZ,Cobro Regreso,"FCO MED ASCENCIO 2479, ZONA HOTELERA NORTE, 48333, PUERTO VALLARTA, JAL",94.814,,FIESTA INN PUERTO VALLARTA LA ISLA (FIPVT),2000,"PUERTO VALLARTA, JAL.",19/09/2026 12:06,,,,15/09/2026
243779,TRES GUERRAS,Cobro Destino,"AV INDEPENDENCIA 626, CENTRO, 60982, PLAYA AZUL, MCH",89,,HOTEL MARIA TERESA,6,"PLAYA AZUL, MCH.",15/09/2026 17:47,,,,15/09/2026
243786,TRES GUERRAS,Cobro Regreso,"AV LOS LAGOS 105, LOS LAGOS, 78397, SAN LUIS POTOSI, SLP",60,,COURTYARD LOS LAGOS SAN LUIS POTOSI A0153234,3,"SAN LUIS POTOSI, SLP.",15/09/2026 17:47,,,,15/09/2026
243788,SANCHEZ,Sanchez Barcelata C.Regreso,"AV TEPIC NORTE 473, MEZCALES, 63732, BAHIA DE BANDERAS, NAY",33.1662234,,HOTEL STORE PUERTO VALLARTA,25,"BAHIA DE BANDERAS, NAY.",19/09/2026 12:06,,,,15/09/2026
243789,TRES GUERRAS,Cobro Regreso,"AV. SABALO CERRITOS 3170A, CERRITOS RESORT, 82112, MAZATLAN, SIN",51.37931034,,GARNER BY IHG,1,"MAZATLAN, SIN.",15/09/2026 17:46,,,,15/09/2026
243790,TRES GUERRAS,Cobro Regreso,"Calle Juárez norte 402 Int calle Ópalo casa 7, Joyas de San Mateo, 56110, Texcoco, MEX",60,,PERSEA,1,"Texcoco, MEX.",15/09/2026 17:47,,,,15/09/2026
243792,SANCHEZ,Sanchez Barcelata C.Regreso,"AV TEPIC NORTE 473, MEZCALES, 63732, BAHIA DE BANDERAS, NAY",33.1662234,,HOTEL STORE PUERTO VALLARTA,1,"BAHIA DE BANDERAS, NAY.",19/09/2026 12:06,,,,15/09/2026
243793,SANCHEZ,Sanchez Barcelata C.Regreso,"AV TEPIC NORTE 473, MEZCALES, 63732, BAHIA DE BANDERAS, NAY",33.1662234,,HOTEL STORE PUERTO VALLARTA,5,"BAHIA DE BANDERAS, NAY.",19/09/2026 12:06,,,,15/09/2026
243795,TRES GUERRAS,Cobro Regreso,"RITA PEREZ DE MORENO No.57, CENTRO, 47000, SAN JUAN DE LOS LAGOS, JAL",60,,HOTEL FERIA JALISCIENCE,50,"SAN JUAN DE LOS LAGOS, JAL.",,,,,15/09/2026
243797,TRES GUERRAS,Cobro Destino,"CALLE CARRETERA MARTINEZ TLAPACOYAN S/N, LOMAS DEL MIRADOR, 93607, MARTINEZ DE LA TORRE, VER",89,,HOTEL AQUA SPA & RESORT,4,"MARTINEZ DE LA TORRE, VER.",15/09/2026 17:47,,,,15/09/2026
243798,SANCHEZ,Sanchez Barcelata C.Regreso,"AV TEPIC NORTE 473, MEZCALES, 63732, BAHIA DE BANDERAS, NAY",33.1662234,,HOTEL STORE PUERTO VALLARTA,16,"BAHIA DE BANDERAS, NAY.",19/09/2026 12:06,,,,15/09/2026
243799,TRES GUERRAS,Cobro Regreso,"CALLE VILLASANA #656, 20 DE NOVIEMBRE, 22100, TIJUANA, BC",3892.58,,DISTRIBUIDORA JOFA,6,"TIJUANA, BC.",15/09/2026 17:47,,,,15/09/2026
243801,TRES GUERRAS,Cobro Regreso,"BLVD. CARLOS SALINAS DE GORTARI # 301 PTE, APODACA CENTRO, 66600, CIUDAD APODACA, NL",60,,ENCORE MONTERREY,1,"CIUDAD APODACA, NL.",15/09/2026 17:47,,,,15/09/2026
243802,TRES GUERRAS,Cobro Destino,"AV. REFORMA SUR #206, CENTRO, 75700, TEHUACAN, PUE",89,,HOTEL CASA REAL DE TEHUACAN,2,"TEHUACAN, PUE.",15/09/2026 17:47,,,,15/09/2026
243803,TRES GUERRAS,Cobro Regreso,"BLVD RODOLFO SANCHEZ TABOADA 10461, ZONA URBANA RIO TIJUANA, 22010, TIJUANA, BC",3892.58,,FAIRFIELD TIJUANA,1,"TIJUANA, BC.",15/09/2026 17:46,,,,15/09/2026
243810,TRES GUERRAS,Cobro Regreso,"AV. EJE NOR-ORIENTE LUIS DONALDO COLOSIO No. 203, SANTA LUCIA, 38080, CELAYA, GTO",100,,CITY EXPRESS CELAYA GALERIAS (CECEG),4,"CELAYA, GTO.",15/09/2026 17:47,,,,15/09/2026
243812,SANCHEZ,Cobro Destino,"CARRETERA BARRA DE NAVIDAD KM. 5, ZONA HOTELERA SUR, 48390, PUERTO VALLARTA, JAL",94.814,,HOTEL PLAYA FIESTA,6,"PUERTO VALLARTA, JAL.",19/09/2026 12:07,,,,15/09/2026
243813,PAQMEX,Cobro Destino,"CARR A REYNOSA KM 14.5 S/N, VAQUERIAS, 67250, JUAREZ, NL",52,,MOTEL VILLAMAGNA,10,"JUAREZ, NL.",19/09/2026 12:06,,,,15/09/2026
243816,TRES GUERRAS,Cobro Regreso,"HAVRE #21, JUAREZ, 06600, CIUDAD DE MEXICO, DF2",308.3,,CITY EXPRESS PLUS EBC REFORMA (CEEBC),2,"CIUDAD DE MEXICO, DF2.",15/09/2026 17:47,,,,15/09/2026
243817,TRES GUERRAS,Cobro Regreso,"BLVD. VILLAS DE IRAPUATO No. 1362, EJIDO IRAPUATO, 36643, IRAPUATO, GTO",400,,CITY EXPRESS IRAPUATO (CEIRA),3,"IRAPUATO, GTO.",15/09/2026 17:47,,,,15/09/2026
243818,PAQMEX,Cobro Regreso,"CARR. MONTERREY SALTILLO #1135, PUERTA DE LAS MITRAS, 66350, SANTA CATARINA, NL",141.25,,CITY EXPRESS MONTERREY SANTA CATARINA (CEMTY),1,"SANTA CATARINA, NL.",19/09/2026 12:06,,,,15/09/2026
243822,TRES GUERRAS,Cobro Regreso,"BLVD.BERNARDO QUINTANA 4100-1, BALCON CAMPESTRE, 76100, QUERETARO, QUE",400,,"HAMPTON QUERETARO TECNOLOGICO, MEXICO (QROHT)",2,"QUERETARO, QUE.",15/09/2026 17:47,,,,15/09/2026
243823,TRES GUERRAS,Cobro Regreso,"KAPPA #5028, PARQUE INDUSTRIAL MILENIUM, 66600, APODACA, NL",60,,CITY EXPRESS MONTERREY AEROPUERTO (CEMTA),1,"APODACA, NL.",15/09/2026 17:47,,,,15/09/2026
243824,TRES GUERRAS,Cobro Regreso,"BLVD. MIGUEL DE LA MADRID 424, ZONA INDUSTRIAL TAPEIXTLES, 28239, MANZANILLO, COL",60,,HOLIDAY INN EXPRESS MANZANILLO (ZLOEF),5,"MANZANILLO, COL.",15/09/2026 17:47,,,,15/09/2026
243825,TRES GUERRAS,Cobro Regreso,"AV.CRISTOBAL COLON 11390, COMPLEJO INDUSTRIAL CHIHUAHUA, 31109, CHIHUAHUA, CHI",631.28,,HOLIDAY INN EXPRESS CHIHUAHUA (CUUCI) A0208495,6,"CHIHUAHUA, CHI.",15/09/2026 17:47,,,,15/09/2026
243826,TRES GUERRAS,Cobro Regreso,"BOULEVARD  MARIANO ESCOBEDO 2920 INT 1, EL TLACUACHE, 37500, LEON, GTO",60,,ONE LEON POLIFORUM (1LEPO),30,"LEON, GTO.",15/09/2026 17:47,,,,15/09/2026
243834,TRES GUERRAS,Cobro Destino,"CALLE IV CENTENARIO S/N, CENTRO, 76850, AMEALCO DE BONFIL, QUE",60,,HOTEL CASA SANTA MARIA,3,"AMEALCO DE BONFIL, QUE.",19/09/2026 12:05,,,,17/09/2026
243839,TRES GUERRAS,Cobro Regreso,"CALLE ING JUAN OJEDA ROBLES ING. JUAN OJEDA ROBLES 14802, MISIONES DE CALIFORNIA, 22253, TIJUANA, BC",3892.58,,AVID TIJUANA OTAY(TIJAV),3,"TIJUANA, BC.",19/09/2026 12:05,,,,17/09/2026
243840,TRES GUERRAS,Cobro Regreso,"CALLE ING JUAN OJEDA ROBLES ING. JUAN OJEDA ROBLES 14802, MISIONES DE CALIFORNIA, 22253, TIJUANA, BC",3892.58,,AVID TIJUANA OTAY(TIJAV),1,"TIJUANA, BC.",19/09/2026 12:05,,,,17/09/2026
243842,TRES GUERRAS,Cobro Regreso,"CARRETERA SALTILLO-MONTERREY 6580-3, JARDINES COLONIALES, 25270, SALTILLO, COA",133.34,,HOLIDAY INN EXPRESS SALTILLO(SLWZO),5,"SALTILLO, COA.",19/09/2026 12:06,,,,17/09/2026
243843,TRES GUERRAS,Cobro Regreso,"CARR GUADALAJARA 1100, RINCONADA DE LOS ANDES, 78216, SAN LUIS POTOSI, SLP",0,,REAL INN SAN LUIS POTOSI,5,"SAN LUIS POTOSI, SLP.",19/09/2026 12:05,,,,17/09/2026
243844,TRES GUERRAS,Cobro Regreso,"AV.LAZARO CARDENAS 2500, CENTRAL, 26060, PIEDRAS NEGRAS, COA",89,,HOLIDAY INN EXPRESS PIEDRAS NEGRAS A0085970 (PDSFJ),3,"PIEDRAS NEGRAS, COA.",19/09/2026 12:06,,,,17/09/2026
243845,TRES GUERRAS,Cobro Regreso,"VIADUCTO RIO DE LA PIEDAD 260, MAGDALENA MIXHUCA, 15860, MEXICO, CMX",102.6333333,,HOLIDAY INN MEXICO DALI AEROPUERTO A0207811 (MEXPD),6,"MEXICO, CMX.",19/09/2026 12:05,,,,17/09/2026
243846,LOCAL,Transporte LOCAL,"CARRETERA GUADALAJARA - TEPIC 7355, SAN JUAN DE OCOTAN, 45019, ZAPOPAN, JAL",0,,HOTEL AVID GUADALAJARA (GDLAV),2,"ZAPOPAN, JAL.",17/09/2026,,,,17/09/2026
243847,ONE,Cobro Regreso,"AV CONSTITUCIÓN 2050, CENTRO, 64000, MONTERREY, NL",51.36571429,,"HILTON GARDEN INN MONTERREY OBISPADO, NUEVO LEON, MEXICO (MTYGI)",10,"MONTERREY, NL.",19/09/2026 12:04,,,,17/09/2026
243848,LOCAL,Transporte LOCAL,"RUBEN DARIO 1525 A, PROVIDENCIA 4TA SECCION, 44639, GUADALAJARA, JAL",0,,AL-2 TECH,1,"GUADALAJARA, JAL.",17/09/2026,,,,17/09/2026
243850,TRES GUERRAS,Cobro Regreso,"AV SANTA TERESA 502 A, JURIQUILLA SANTA FE, 76147, QUERETARO, QUE",400,,CANDLEWOOD SUITES QUERETARO JURIQUILLA A0202645 (QROJA),3,"QUERETARO, QUE.",19/09/2026 12:05,,,,17/09/2026
243851,TRES GUERRAS,Cobro Regreso,"MANUEL J. CLOUTHIER #451-5, MARIA ISABEL, 32600, CD JUAREZ, CHI",52,,INSUMOS DEL NORTE,1,"CD JUAREZ, CHI.",19/09/2026 12:06,,,,17/09/2026
243852,TRES GUERRAS,Cobro Regreso,"MANUEL J. CLOUTHIER #451-5, MARIA ISABEL, 32600, CD JUAREZ, CHI",52,,INSUMOS DEL NORTE,35,"CD JUAREZ, CHI.",19/09/2026 12:05,,,,17/09/2026
243853,TRES GUERRAS,Cobro Regreso,"CALLE F # 2473, LIBERTAD, 21030, MEXICALI, BC",3892.58,,DISTRIBUIDORA JOFA,12,"MEXICALI, BC.",19/09/2026 12:05,,,,17/09/2026
243854,TRES GUERRAS,Cobro Regreso,"RIO LERMA #237 ANEXO A, CUAUHTEMOC, 06500, CDMX, CMX",60,,LAILA HOTELS,6,"CDMX, CMX.",19/09/2026 12:04,,,,17/09/2026
243855,TRES GUERRAS,Cobro Regreso,"CALLE F # 2473, LIBERTAD, 21030, MEXICALI, BC",3892.58,,DISTRIBUIDORA JOFA,23,"MEXICALI, BC.",19/09/2026 12:06,,,,17/09/2026
243856,TRES GUERRAS,Cobro Regreso,"CARRETERA SALTILLO-MONTERREY 6580-3, JARDINES COLONIALES, 25270, SALTILLO, COA",133.34,,HOLIDAY INN EXPRESS SALTILLO(SLWZO),2,"SALTILLO, COA.",19/09/2026 12:05,,,,17/09/2026
243857,TRES GUERRAS,Cobro Destino,"CALZADA DE TLALPAN 1035, AMERICAS UNIDAS, 03610, ALC. BENITO JUAREZ, CMX",50.44888889,,ECONO EXPRESS HOTEL,5,"ALC. BENITO JUAREZ, CMX.",19/09/2026 12:05,,,,17/09/2026
243858,TRES GUERRAS,Cobro Regreso,"AV.COLON 498 X 60, MONTEJO, 97127, MERIDA, YUC",445,,HOLIDAY INN MERIDA (MIDMX),7,"MERIDA, YUC.",19/09/2026 12:05,,,,17/09/2026
243859,TRES GUERRAS,Cobro Destino,"AV HOMERO #340, REVOLUCION, 31107, CHIHUAHUA, ",0,,HOTEL SENTENARIO,6,"CHIHUAHUA, .",19/09/2026 12:06,,,,17/09/2026
243861,TRES GUERRAS,Cobro Regreso,"CALLE MIGUEL ALEMAN 737, ZONA NORTE, 85040, CIUDAD OBREGON, SON",52.69,,HOLIDAY INN EXPRESS & SUITES CIUDAD OBREGON (CENAR),3,"CIUDAD OBREGON, SON.",19/09/2026 12:05,,,,17/09/2026
243862,TRES GUERRAS,Cobro Regreso,"AVENIDA PRIMERO DE MAYO 226, SAN ANDRES ATOTO, 53500, NAUCALPAN DE JUAREZ, CMX",60,,HOLIDAY INN EXPRESS MEXICO TOREO (MEXAN),4,"NAUCALPAN DE JUAREZ, CMX.",19/09/2026 12:06,,,,17/09/2026
243865,LOCAL,Transporte LOCAL,"AV  PATRIA 999, JARDINES UNIVERSIDAD, 45110, ZAPOPAN, JAL",0,,HOLIDAY INN AUTONOMA GUADALAJARA (GDLHA),3,"ZAPOPAN, JAL.",17/09/2026,,,,17/09/2026
243866,TRES GUERRAS,Cobro Regreso,"Calzada Cetys 2650, Rivera, 21259, MEXICALI, BC",3892.58,,COURTYARD MARRIOTT MEXICALI A0157920,1,"MEXICALI, BC.",19/09/2026 12:05,,,,17/09/2026
243867,TRES GUERRAS,Cobro Regreso,"CALLE 20 A No. 300 A, X-CUMPICH, 97204, MERIDA, YUC",445,,HOLIDAY INN EXPRESS MERIDA (MIDSA),15,"MERIDA, YUC.",19/09/2026 12:06,,,,17/09/2026
243868,TRES GUERRAS,Cobro Regreso,"ORIENTE 6  892 Entre Sur 17 y 19, CENTRO, 94300, ORIZABA, VER",89,,HOLIDAY INN ORIZABA (VEROZ),3,"ORIZABA, VER.",19/09/2026 12:05,,,,17/09/2026
243869,ONE,Cobro Regreso,"LATERAL AUTOPISTA MEXICO-PUEBLA 7719, RANCHO MORATILLA, 72110, PUEBLA, PUE",153.75,,HOLIDAY INN PUEBLA FINSA A0201874 (PUEVW),5,"PUEBLA, PUE.",19/09/2026 12:04,,,,17/09/2026
243870,TRES GUERRAS,Cobro Regreso,"PASEOS VISTAS DEL SOL 6403, VISTA DEL SOL, 31206, CHIHUAHUA, CHI",631.28,,HOLIDAY INN EXPRESS & SUITES CHIHUAHUA JUVENTUD A0208120 (CUUGT),1,"CHIHUAHUA, CHI.",19/09/2026 12:05,,,,17/09/2026
243871,TRES GUERRAS,Cobro Regreso,"AV TECNOLOGICO 3620, ACEQUIAS DEL SUR, 32617, CIUDAD JUAREZ, CHI",135.86,,HOLIDAY INN CIUDAD JUAREZ (CJSAT),4,"CIUDAD JUAREZ, CHI.",19/09/2026 12:05,,,,17/09/2026
243874,PAQMEX,Cobro Regreso,"CARRETERA MTY-REYNOSA S/N ESQ. LOS ENCINOS, PARQUE INDUSTRIAL VILLA FLORIDA, 88730, REYNOSA, TAM",52,,HOLIDAY INN REYNOSA INDUSTRIAL PONIENTE(REXVF),1,"REYNOSA, TAM.",22/09/2026 18:55,,,,18/09/2026
243875,TRES GUERRAS,Cobro Regreso,"CARR VILLAHERMOSA MACUSPANA  KM12+740.50 MARGEN IZQUIERDA SN, NO ESPECIFICADA EN EL CATALOGO, 86275, LA PALMA, TAB",111.25,,HOLIDAY INN VILLAHERMOSA AEROPUERTO (VSADG),6,"LA PALMA, TAB.",19/09/2026 12:04,,,,18/09/2026
243876,TRES GUERRAS,Cobro Regreso,"PERIFERICO CARLOS PELLICER CAMARA 4000, LA CHOCA, 86037, VILLAHERMOSA, TAB",89,,HOLIDAY INN EXPRESS VILLAHERMOSA TABASCO 2000 (VSASA),2,"VILLAHERMOSA, TAB.",19/09/2026 12:04,,,,18/09/2026
243877,TRES GUERRAS,Cobro Regreso,"BOULEVARD SANTA CRUZ 604, SANTA CRUZ SECTOR A, 70987, SANTA MARIA HUATULCO, OAX",779.77,,HOLIDAY INN HUATULCO (HUXHI),2,"SANTA MARIA HUATULCO, OAX.",19/09/2026 12:04,,,,18/09/2026
243878,LOCAL,Transporte LOCAL,"AV. JUAREZ 211-103, CENTRO, 44100, GUADALAJARA, JAL",0,,HOLIDAY INN & SUITES GDL CENTRO HISTORICO (GDLCT),1,"GUADALAJARA, JAL.",18/09/2026,,,,18/09/2026
243879,TRES GUERRAS,Cobro Regreso,"AV. MILIMEX No. 120, PARQUE INDUSTRIAL MILIMEX, 66637, APODACA, NL",60,,HOLIDAY INN & SUITES MONTERREY APODACA (MTYMI),5,"APODACA, NL.",19/09/2026 12:03,,,,18/09/2026
243880,ONE,Cobro Regreso,"CIRCUITO JUAN PABLO II 1936, EX HACIENDA LA NORIA, 72410, PUEBLA, PUE",153.75,,HOLIDAY INN PUEBLA LA NORIA (PUELN),3,"PUEBLA, PUE.",,,,,18/09/2026
243881,TRES GUERRAS,Cobro Regreso,"BLVD HAROLD R PAPE 200, GUADALUPE, 25750, MONCLOVA, COA",89,,HOLIDAY INN MONCLOVA (LOVMX),2,"MONCLOVA, COA.",19/09/2026 12:02,,,,18/09/2026
243882,TRES GUERRAS,Cobro Regreso,"ALHONDIGA 100, SAN JAVIER, 36020, GUANAJUATO, GTO",60,,CAMINO REAL GUANAJUATO EX HACIENDA SAN XAVIER (BJXCR),1,"GUANAJUATO, GTO.",19/09/2026 12:02,,,,18/09/2026
243883,TRES GUERRAS,Cobro Regreso,"CALLE GALEANA 42, ACAPANTZINGO, 62440, CUERNAVACA, MOR",400,,HOLIDAY INN CUERNAVACA (CVJMX),3,"CUERNAVACA, MOR.",19/09/2026 12:02,,,,18/09/2026
243884,ONE,Cobro Regreso,"AV PRIMERO DE MAYO 223, SAN PEDRO DE LOS PINOS, 03800, CIUDAD DE MEXICO, CMX",102.6333333,,HOLIDAY INN CIUDAD DE MEXICO TRADE CENTER A0206024 (MEXTC),4,"CIUDAD DE MEXICO, CMX.",19/09/2026 12:02,,,,18/09/2026
243885,TINY PACK,Cobro Regreso,"CALLE QUINTA ESTE #24 INT 2, CENTRO, 84620, CANANEA, SON",53.19,,COMSAN,10,"CANANEA, SON.",19/09/2026 12:02,,,,18/09/2026
243886,TINY PACK,Cobro Regreso,"AV. LUIS DONALDO COLOSIO #126, CENTRO, 83000, HERMOSILLO, SON",135.86,,COMSAN,5,"HERMOSILLO, SON.",,,,,18/09/2026
243887,LOCAL,Transporte LOCAL,"AV MEXICO 3040, RESIDENCIAL JUAN MANUEL, 44680, GUADALAJARA, ",0,,STAYBRIDGE HNF GDL (GDLPI),2,"GUADALAJARA, .",18/09/2026,,,,18/09/2026
243888,ONE,One Paqueteria C.Regreso,"PARROQUIA 1056 ENTRADA APROVEEDORES A ESPALDAS, SANTA CRUZ ATOYAC, 03310, MEXICO, CMX",102.6333333,,HOLIDAY INN MEXICO PLAZA UNIVERSIDAD A0210800 (MEXAA),4,"MEXICO, CMX.",19/09/2026 12:01,,,,18/09/2026
243891,ONE,Cobro Regreso,"AV FUNDIDORA SIN NUMERO, OBRERA, 64010, MONTERREY, NL",51.36571429,,HOLIDAY INN EXPRESS MONTERREY FUNDIDORA (MTYFU),3,"MONTERREY, NL.",19/09/2026 12:02,,,,18/09/2026
243892,TRES GUERRAS,Cobro Regreso,"AV 5 FEBRERO #110, NIÑOS HEROES, 76010, SANTIAGO DE QUERETARO, QUE",400,,HOLIDAY INN QUERETARO CENTRO HISTORICO A0223804 (MQEMX),6,"SANTIAGO DE QUERETARO, QUE.",19/09/2026 12:02,,,,18/09/2026
243893,TRES GUERRAS,Cobro Regreso,"AV 5 FEBRERO #110, NIÑOS HEROES, 76010, SANTIAGO DE QUERETARO, QUE",400,,HOLIDAY INN QUERETARO CENTRO HISTORICO A0223804 (MQEMX),3,"SANTIAGO DE QUERETARO, QUE.",19/09/2026 12:03,,,,18/09/2026
243894,TRES GUERRAS,Tiny Pack C Ocurre Oficina,"SOLIDARIDAD #101, LA LABOR, 33029, DELICIAS, CHI",55.69,,MARCOS ALFREDO RAMOS SANDOVAL,1,"DELICIAS, CHI.",19/09/2026 12:04,,,,18/09/2026
243896,TRES GUERRAS,Cobro Regreso,"INDEPENCIA OTE 1133, GRANJAS SAN ISIDRO, 27100, TORREON, COA",54.69,,HOLIDAY INN EXPRESS TORREON ( MILENIUM )(TRCMX),6,"TORREON, COA.",19/09/2026 12:03,,,,18/09/2026
243897,TRES GUERRAS,Cobro Regreso,"Mariano Azuela No. 12, Santa Maria La Ribera, 06400, CUAUHTEMOC, CMX",60,,HOLIDAY INN BUENAVISTA (MEXBU),10,"CUAUHTEMOC, CMX.",19/09/2026 12:03,,,,18/09/2026
243898,TRES GUERRAS,Cobro Regreso,"AV BENITO JUAREZ 1270, VALLE DORADO, 78399, SAN LUIS POTOSI, SLP",60,,HOLIDAY INN EXPRESS SAN LUIS POTOSI A0201813 (SLPMV),3,"SAN LUIS POTOSI, SLP.",19/09/2026 12:03,,,,18/09/2026
243899,LOCAL,Transporte LOCAL,"AV.NIÑOS HEROES 3089 M1-A, JARDINES DE LOS ARCOS, 44500, GUADALAJARA, JAL",0,,HOLIDAY INN GUADALAJARA SELECT GRUPO HOLA (GDLHI),1,"GUADALAJARA, JAL.",18/09/2026,,,,18/09/2026
243900,TRES GUERRAS,Cobro Regreso,"BLANCARTE 151, CENTRO, 22800, ENSENADA, BC",148.34,,HOLIDAY INN EXPRESS & SUITES ENSENADA A0198992 (TIJEN),1,"ENSENADA, BC.",19/09/2026 12:03,,,,18/09/2026
243901,TRES GUERRAS,Cobro Regreso,"BLANCARTE 151, CENTRO, 22800, ENSENADA, BC",148.34,,HOLIDAY INN EXPRESS & SUITES ENSENADA A0198992 (TIJEN),4,"ENSENADA, BC.",19/09/2026 12:03,,,,18/09/2026
243902,TRES GUERRAS,Cobro Regreso,"AV. VASCONCELOS 345, SANTA ENGRACIA, 66267, SAN PEDRO GARZA GARCIA, NL, NL",60,,HOLIDAY INN EXPRESS & SUITES MONTERREY VALLE (MTYRR),7,"SAN PEDRO GARZA GARCIA, NL, NL.",19/09/2026 12:03,,,,18/09/2026
243903,TRES GUERRAS,Cobro Regreso,"IGNACIO ZARAGOZA 8, CENTRO, 91000, XALAPA ENRIQUEZ, VER",52,,HOLIDAY INN EXPRESS XALAPA (JALEX),2,"XALAPA ENRIQUEZ, VER.",19/09/2026 12:03,,,,18/09/2026
243904,ONE,Cobro Regreso,"CARRETERA PANAMERICANA SUR KM 52 S/N, CARRETERA PANAMERICANA, 20345, AGUASCALIENTES, AGS",50.42,,HOLIDAY INN & SUITES AGUASCALIENTES (AGUGP),5,"AGUASCALIENTES, AGS.",,,,,18/09/2026
243905,TRES GUERRAS,Cobro Regreso,"BLVD.ADOLFO RUIZ CORTINES 4298, FRACC COSTA DE ORO, 94299, BOCA DEL RIO, VER",2306.95,,HOLIDAY INN VERACRUZ (VCRMX),14,"BOCA DEL RIO, VER.",19/09/2026 12:04,,,,18/09/2026
243906,TRES GUERRAS,Cobro Destino,"KM.2.5 CARRETERA LA PIEDAD, MARGARITAS, 59300, LA PIEDAD, MCH",400,,HOLIDAY INN LA PIEDAD (LPDEX),4,"LA PIEDAD, MCH.",19/09/2026 12:03,,,,18/09/2026
243907,TRES GUERRAS,Cobro Regreso,"AVENIDA 5 DE FEBRERO 110 BIS, NIÑOS HEROES, 76010, QUERETARO, QUE",400,,HOLIDAY INN EXPRESS & SUITES QUERETARO (MQERG),3,"QUERETARO, QUE.",19/09/2026 12:03,,,,18/09/2026
243908,TRES GUERRAS,Cobro Regreso,"PROL DE PASEO USUMACINTA CARRIZAL 1708, TABASCO 2000, 86035, CENTRO, TAB",52,,STAYBRIDGE SUITES VILLAHERMOSA (VSAVH),3,"CENTRO, TAB.",19/09/2026 12:03,,,,18/09/2026
243909,ONE,Cobro Regreso,"AV. PASEO DE LA REFORMA 208, JUAREZ, 06500, MEXICO, DF",308.3,,HOLIDAY INN EXPRESS MEXICO REFORMA (MEXRE),25,"MEXICO, DF.",19/09/2026 12:02,,,,18/09/2026
243910,TRES GUERRAS,Cobro Regreso,"Blvd. John Spark 4, Reserva Territorial Duport Ostion, 96536, Coatzacoalcos, VER",65,,HOLIDAY INN COATZACOALCOS (MTTCO),4,"Coatzacoalcos, VER.",19/09/2026 12:03,,,,18/09/2026
243911,TRES GUERRAS,Cobro Regreso,"AVENIDA RIO CHURUBUSCO  253, GRANJAS MEXICO, 08400, IZTACALCO, CMX",60,,HOLIDAY INN EXPRESS MEXICO AEROPUERTO A0200280 (MEXAI),7,"IZTACALCO, CMX.",19/09/2026 12:03,,,,18/09/2026
243912,SANCHEZ,Cobro Regreso,"BLVD. FRANCISCO MEDINA ASCENCIO 3650, VILLA LAS FLORES, 48335, PUERTO VALLARTA, JAL",94.814,,HOLIDAY INN & SUITES PUERTO VALLARTA (PVRIF),8,"PUERTO VALLARTA, JAL.",19/09/2026 12:04,,,,18/09/2026
243913,TRES GUERRAS,Cobro Regreso,"CARRETERA A PTO MADERO KM 3.5, LAS HORTENCIAS, 30797, TAPACHULA, CHS",445,,HOLIDAY INN EXPRESS TAPACHULA (TAPPF),4,"TAPACHULA, CHS.",19/09/2026 12:03,,,,18/09/2026
243914,LOCAL,Transporte LOCAL,"SOLIDARIDAD 7012 A, LAS PINTAS, 45690, EL SALTO, JAL",0,,HOLIDAY INN EXPRESS GUADALAJARA AEROPUERTO (GDLOP),1,"EL SALTO, JAL.",18/09/2026,,,,18/09/2026
243915,TRES GUERRAS,Cobro Regreso,"BOULEVARD SANTA CRUZ 604, SANTA CRUZ SECTOR A, 70987, SANTA MARIA HUATULCO, OAX",779.77,,HOLIDAY INN HUATULCO (HUXHI),15,"SANTA MARIA HUATULCO, OAX.",19/09/2026 12:04,,,,18/09/2026
243916,LOCAL,Transporte LOCAL,"MARIANO OTERO 2397, RESIDENCIAL VICTORIA, 45089, ZAPOPAN, JAL",0,,HOLIDAY INN EXPRESS GUADALAJARA EXPO (GDLOR),2,"ZAPOPAN, JAL.",18/09/2026,,,,18/09/2026
243917,TRES GUERRAS,Cobro Regreso,"CALZADA MANUEL GOMEZ MORIN 1950 INT 855 A, Rivera, 21259, MEXICALI, BC",3892.58,,HOLIDAY INN EXPRESS & SUITES MEXICALI A0200941 (MXLBC),4,"MEXICALI, BC.",19/09/2026 12:03,,,,18/09/2026
243918,ONE,Cobro Regreso,"Av Hermanos Serdan 810 INT SN, El Riego Sur, 72160, PUEBLA, PUE",153.75,,STAYBRIDGE  SUITES PUEBLA (PUEAA),2,"PUEBLA, PUE.",,,,,18/09/2026
243919,TRES GUERRAS,Cobro Destino,"BLVD. FRANCISCO VILLA 4315, 20 DE NOVIEMBRE, 34234, DURANGO, DUR",260,,HOLIDAY INN DURANGO A0210061 (DGOMX),1,"DURANGO, DUR.",19/09/2026 12:03,,,,18/09/2026
243920,TRES GUERRAS,Cobro Regreso,"BLVD.ADOLFO LOPEZ MATEOS 2501, ORIENTE BUGAMBILIAS, 37270, LEON, GTO",60,,HOLIDAY INN LEON CENTRO DE CONVENCIONES (BJXAP),3,"LEON, GTO.",19/09/2026 12:03,,,,18/09/2026
243921,TRES GUERRAS,Cobro Regreso,"AV PLAZA HIDALGO 304 Y 306, PUERTO INTERIOR, 36275, SILAO DE LA VICTORIA, GTO",60,,STAYBRIDGE SUITES SILAO (BJXPI),2,"SILAO DE LA VICTORIA, GTO.",19/09/2026 12:03,,,,18/09/2026
243922,TINY PACK,Cobro Regreso,"CALZADA AGUSTIN GARCIA LOPEZ  1298, LAS QUINTAS, 85448, GUAYMAS, SON",52.35666667,,HOLIDAY INN EXPRESS GUAYMAS (GYMSO),1,"GUAYMAS, SON.",19/09/2026 12:02,,,,18/09/2026
243923,TRES GUERRAS,Cobro Regreso,"BOULEVARD ADOLFO LOPEZ MATEOS 2619 PTE, VILLAS DEL JUNCAL, 37180, LEON, GTO",60,,HOLIDAY INN & SUITES LEON (BJXPM),1,"LEON, GTO.",19/09/2026 12:03,,,,18/09/2026
243924,ONE,One Paqueteria C.Regreso,"PARROQUIA 1056 ENTRADA APROVEEDORES A ESPALDAS, SANTA CRUZ ATOYAC, 03310, MEXICO, CMX",102.6333333,,HOLIDAY INN MEXICO PLAZA UNIVERSIDAD A0210800 (MEXAA),12,"MEXICO, CMX.",19/09/2026 12:01,,,,18/09/2026
243925,ONE,One Paqueteria C.Regreso,"PARROQUIA 1056 ENTRADA APROVEEDORES A ESPALDAS, SANTA CRUZ ATOYAC, 03310, MEXICO, CMX",0,,HOLIDAY INN MEXICO PLAZA UNIVERSIDAD A0210800 (MEXAA),200,"PLAINFIELD, IN.",19/09/2026 12:01,,,,18/09/2026
243927,TRES GUERRAS,Cobro Regreso,"AV. COSTERA MIGUEL ALEMAN 2310, FRACC. COSTA AZUL, 39840, ACAPULCO, GRO",2306.95,,LAILA HOTELS,2,"ACAPULCO, GRO.",19/09/2026 12:04,,,,18/09/2026
243928,ONE,One Paqueteria C.Regreso,"PARROQUIA 1056 ENTRADA APROVEEDORES A ESPALDAS, SANTA CRUZ ATOYAC, 03310, MEXICO, CMX",102.6333333,,HOLIDAY INN MEXICO PLAZA UNIVERSIDAD A0210800 (MEXAA),9,"MEXICO, CMX.",19/09/2026 12:02,,,,18/09/2026
243929,ONE,One Paqueteria C.Regreso,"PARROQUIA 1056 ENTRADA APROVEEDORES A ESPALDAS, SANTA CRUZ ATOYAC, 03310, MEXICO, CMX",102.6333333,,HOLIDAY INN MEXICO PLAZA UNIVERSIDAD A0210800 (MEXAA),4,"MEXICO, CMX.",19/09/2026 12:02,,,,18/09/2026
243931,TRES GUERRAS,Cobro Regreso,"AVE. MORELOS SUR  133, LAS PALMAS, 62050, CUERNAVACA, MOR",400,,HOLIDAY INN EXPRESS & SUITES CUERNAVACA (CVJJH),5,"CUERNAVACA, MOR.",19/09/2026 12:04,,,,18/09/2026
243932,TRES GUERRAS,Cobro Regreso,"BLVD BELISARIO DOMINGUEZ KM  1081, JARDINES DE TUXTLA, 29020, TUXTLA, CHS",52,,HOLIDAY INN TUXTLA GUTIERREZ (TGZMX),5,"TUXTLA, CHS.",19/09/2026 12:03,,,,18/09/2026
243933,TRES GUERRAS,Cobro Regreso,"AVE. MORELOS SUR  133, LAS PALMAS, 62050, CUERNAVACA, MOR",400,,HOLIDAY INN EXPRESS & SUITES CUERNAVACA (CVJJH),6,"CUERNAVACA, MOR.",19/09/2026 12:04,,,,18/09/2026
243935,SANCHEZ,Cobro Regreso,"CAMINO INGRESO A LITIBU LOTE #15, HIGUERA BLANCA, 63734, BAHIA DE BANDERAS, NAY",33.1662234,,IBEROSTAR PUNTA MITA,20,"BAHIA DE BANDERAS, NAY.",22/09/2026 18:55,,,,18/09/2026
243939,TRES GUERRAS,Cobro Regreso,"BLVD.ADOLFO RUIZ CORTINES 4298, FRACC COSTA DE ORO, 94299, BOCA DEL RIO, VER",2306.95,,HOLIDAY INN VERACRUZ (VCRMX),12,"BOCA DEL RIO, VER.",19/09/2026 12:04,,,,18/09/2026
243943,TINY PACK,Cobro Regreso,"CALZADA AGUSTIN GARCIA LOPEZ  1298, LAS QUINTAS, 85448, GUAYMAS, SON",52.35666667,,HOLIDAY INN EXPRESS GUAYMAS (GYMSO),5,"GUAYMAS, SON.",19/09/2026 12:02,,,,18/09/2026
244005,LOCAL,Transporte LOCAL,"AV. 18 DE MARZO 704 BODEGA ALCE, LA NOGALERA, 44470, GUADALAJARA, JAL",0,,GRUPO AGC,,"GUADALAJARA, JAL.",19/09/2026,,,,19/09/2026
244006,LOCAL,Transporte LOCAL,"AV. 18 DE MARZO 704 BODEGA ALCE, LA NOGALERA, 44470, GUADALAJARA, JAL",0,,GRUPO AGC,,"GUADALAJARA, JAL.",19/09/2026,,,,19/09/2026
244007,LOCAL,Transporte LOCAL,"AV. 18 DE MARZO 704 BODEGA ALCE, LA NOGALERA, 44470, GUADALAJARA, JAL",0,,GRUPO AGC,,"GUADALAJARA, JAL.",19/09/2026,,,,19/09/2026
243949,TRES GUERRAS,Cobro Regreso,"BOULEVARD DE LAS NACIONES 2000, LOTE 33 MZA 28 D ZON, 39906, LA ZANJA, GRO",89,,HOLIDAY INN ACAPULCO LA ISLA  A0200833 (ACALI),,"LA ZANJA, GRO.",21/09/2026 18:53,,,,19/09/2026
243950,TRES GUERRAS,Cobro Destino,"AV PEÑUELAS 5 INT:3, SAN PEDRITO PEÑUELAS, 76148, QUERETARO, QUE",400,,EQUILIMP QUERETARO,,"QUERETARO, QUE.",22/09/2026 09:48,,,,19/09/2026
243951,TRES GUERRAS,Cobro Regreso,"AVENIDA ROGELIO GONZALEZ CABALLERO 150, PARQUE INDUSTRIAL STIVA AEROPUERTO, 66626, APODACA, NL",60,,WYNDHAM GARDEN AEROPUERTO (WYA),,"APODACA, NL.",21/09/2026 18:53,,,,19/09/2026
243952,TRES GUERRAS,Cobro Regreso,"BULEVAR CORPORATIVO 177 MANZANA 1E LOTE 3A, PARQUE CENTRO, 25279, SALTILLO, COA",133.34,,STAYBRIDGE SALTILLO (SLWGP),,"SALTILLO, COA.",21/09/2026 18:53,,,,19/09/2026
243953,TRES GUERRAS,Cobro Regreso,"AVENIDA CENTRAL PONIENTE 1254, EL MAGUEY, 29000, TUXTLA, CHS",52,,HOLIDAY INN EXPRESS TUXTLA GUTIERREZ LA MARIMBA (TGZRF),,"TUXTLA, CHS.",21/09/2026 18:53,,,,19/09/2026
243954,TRES GUERRAS,Cobro Regreso,"CALLE ING JUAN OJEDA ROBLES ING. JUAN OJEDA ROBLES 14802, MISIONES DE CALIFORNIA, 22253, TIJUANA, BC",3892.58,,AVID TIJUANA OTAY(TIJAV),,"TIJUANA, BC.",21/09/2026 18:53,,,,19/09/2026
243955,TINY PACK,Cobro Regreso,"AV. LUIS DONALDO COLOSIO #126, CENTRO, 83000, HERMOSILLO, SON",135.86,,COMSAN,,"HERMOSILLO, SON.",22/09/2026 09:49,,,,19/09/2026
243956,LOCAL,Transporte LOCAL,"CARRETERA GUADALAJARA-NOGALES No. 440 int  3, SAN JUAN DE OCOTAN, 45019, ZAPOPAN, JAL",0,,HOLIDAY INN EXPRESS GUADALAJARA PONIENTE (GDLQP) A0224769,,"ZAPOPAN, JAL.",19/09/2026,,,,19/09/2026
243957,TRES GUERRAS,Tres Guerras Ocurre Oficina,"BOULEVARD ADOLFO RUIZ CORTINES 1328, CAZONES, 93230, POZA RICA DE HIDALGO, VER",89,,HOTEL PARIS FC,,"POZA RICA DE HIDALGO, VER.",22/09/2026 09:49,,,,19/09/2026
243958,TRES GUERRAS,Cobro Regreso,"AV. PERSEO ORIENTE 2502, SAN MARTINITO, 72825, SAN ANDRES CHOLULA, PUE",79,,HOLIDAY INN EXPRESS & SUITES PUEBLA ANGELOPOLIS  (PUEAN),,"SAN ANDRES CHOLULA, PUE.",21/09/2026 18:53,,,,19/09/2026
243959,TRES GUERRAS,Tres Guerras Ocurre Oficina,"BOULEVARD ADOLFO RUIZ CORTINES 1328, CAZONES, 93230, POZA RICA DE HIDALGO, VER",89,,HOTEL PARIS FC,,"POZA RICA DE HIDALGO, VER.",22/09/2026 09:49,,,,19/09/2026
243961,TRES GUERRAS,Cobro Regreso,"LIBRAMIENTO NORTE 3360, LA JOYA, 36169, SILAO, GTO",200,,HOLIDAY INN EXPRESS SILAO (MILENIUM) (BJXAS),,"SILAO, GTO.",21/09/2026 18:53,,,,19/09/2026
243962,TRES GUERRAS,Cobro Regreso,"EJE NOR-ORIENTE AV. LUIS DONALDO COLOSIO 285, LAS DELICIAS, 38080, CELAYA, GTO",100,,HOLIDAY INN EXPRESS & SUITES CELAYA (BJXCE),,"CELAYA, GTO.",21/09/2026 18:53,,,,19/09/2026
243963,TRES GUERRAS,Cobro Regreso,"CARRETERA QUERETARO-SAN LUIS POTOSÍ #11515, EL SALITRE, 76230, QUERETARO, QUE",400,,ENCORE QUERETARO (EQRO),,"QUERETARO, QUE.",22/09/2026 09:48,,,,19/09/2026
243964,TRES GUERRAS,Cobro Regreso,"CARRETERA A PTO MADERO KM 3.5, LAS HORTENCIAS, 30797, TAPACHULA, CHS",445,,HOLIDAY INN EXPRESS TAPACHULA (TAPPF),,"TAPACHULA, CHS.",22/09/2026 09:49,,,,19/09/2026
243965,ONE,Cobro Regreso,"Av Hermanos Serdan 810 INT SN, El Riego Sur, 72160, PUEBLA, PUE",153.75,,STAYBRIDGE  SUITES PUEBLA (PUEAA),,"PUEBLA, PUE.",22/09/2026 09:49,,,,19/09/2026
243966,ONE,Cobro Regreso,"VIADUCTO RIO DE LA PIEDAD 260, MAGDALENA MIXHUCA, 15860, MEXICO, CMX",102.6333333,,HOLIDAY INN MEXICO DALI AEROPUERTO A0207811 (MEXPD),,"MEXICO, CMX.",22/09/2026 09:50,,,,19/09/2026
243967,TINY PACK,Cobro Regreso,"CALLE MIGUEL ALEMAN 737, ZONA NORTE, 85040, CIUDAD OBREGON, SON",52.69,,HOLIDAY INN EXPRESS & SUITES CIUDAD OBREGON (CENAR),,"CIUDAD OBREGON, SON.",22/09/2026 09:49,,,,19/09/2026
243968,ONE,Cobro Regreso,"CIRCUITO CIUDAD AEROPUERTARIA LOTE 3 INT SN, AEROPUERTO INTERNACIONAL FELIPE ANGELES, 55640, ZUMPANGO, MEX",50.723,,HOLIDAY INN & SUITES AIFA (MEXZD),,"ZUMPANGO, MEX.",22/09/2026 09:50,,,,19/09/2026
243969,TRES GUERRAS,Cobro Regreso,"CARRET TRANSP KM 4.5 SN, PLAZA TRANSPENINSULA, 23454, CABO SAN LUCAS, BCS",987.15,,HOLIDAY INN EXPRESS CABO SAN LUCAS (SJDSL),,"CABO SAN LUCAS, BCS.",21/09/2026 18:53,,,,19/09/2026
243970,TRES GUERRAS,Cobro Regreso,"IGNACIO ZARAGOZA 8, CENTRO, 91000, XALAPA ENRIQUEZ, VER",52,,HOLIDAY INN EXPRESS XALAPA (JALEX),,"XALAPA ENRIQUEZ, VER.",21/09/2026 18:53,,,,19/09/2026
243971,ONE,Cobro Regreso,"CIRCUITO JUAN PABLO II 1936, EX HACIENDA LA NORIA, 72410, PUEBLA, PUE",153.75,,HOLIDAY INN PUEBLA LA NORIA (PUELN),,"PUEBLA, PUE.",22/09/2026 09:50,,,,19/09/2026
243973,TRES GUERRAS,Cobro Regreso,"BOULEVARD MIGUEL ALEMÁN  55, PARQUE INDUSTRIAL LERMA, 52000, TOLUCA, MEX",60,,HOLIDAY INN EXPRESS & SUITES TOLUCA APTO(TLUZO),,"TOLUCA, MEX.",21/09/2026 18:54,,,,19/09/2026
243974,TRES GUERRAS,Cobro Destino,"KM.2.5 CARRETERA LA PIEDAD, MARGARITAS, 59300, LA PIEDAD, MCH",400,,HOLIDAY INN LA PIEDAD (LPDEX),,"LA PIEDAD, MCH.",21/09/2026 18:54,,,,19/09/2026
243975,TRES GUERRAS,Cobro Regreso,"AV BENITO JUAREZ 1270, VALLE DORADO, 78399, SAN LUIS POTOSI, SLP",60,,HOLIDAY INN EXPRESS SAN LUIS POTOSI A0201813 (SLPMV),,"SAN LUIS POTOSI, SLP.",21/09/2026 18:53,,,,19/09/2026
243976,ONE,Cobro Regreso,"CARRETERA PANAMERICANA SUR KM 52 S/N, CARRETERA PANAMERICANA, 20345, AGUASCALIENTES, AGS",50.42,,HOLIDAY INN & SUITES AGUASCALIENTES (AGUGP),,"AGUASCALIENTES, AGS.",22/09/2026 09:50,,,,19/09/2026
243977,TRES GUERRAS,Cobro Destino,"TACUBA #107, CENTRO, 98000, ZACATECAS, ZAC",60,,HOTEL CASA FAROLES,,"ZACATECAS, ZAC.",,,,,19/09/2026
243978,TRES GUERRAS,Cobro Regreso,"AVENIDA 5 DE FEBRERO 110 BIS, NIÑOS HEROES, 76010, QUERETARO, QUE",400,,HOLIDAY INN EXPRESS & SUITES QUERETARO (MQERG),,"QUERETARO, QUE.",22/09/2026 09:49,,,,19/09/2026
243979,TRES GUERRAS,Cobro Regreso,"BOULEVARD INDUSTRIAL 1705, VILLA URUAPAN, 60120, URUAPAN, MCH",60,,HOLIDAY INN URUAPAN (UPNMX),,"URUAPAN, MCH.",22/09/2026 09:49,,,,19/09/2026
243981,SANCHEZ,Sanchez Barcelata C.Regreso,"AV TEPIC NORTE 473, MEZCALES, 63732, BAHIA DE BANDERAS, NAY",33.1662234,,HOTEL STORE PUERTO VALLARTA,,"BAHIA DE BANDERAS, NAY.",22/09/2026 18:55,,,,19/09/2026
243982,TRES GUERRAS,Cobro Regreso,"ANILLO VIAL II FRAY JUNIPERO SERRA  1500 A INT SN, ARBOLEDAS, 76140, QUERETARO, QUE",400,,HOLIDAY INN QUERETARO ZONA DIAMANTE (MQEBC),,"QUERETARO, QUE.",22/09/2026 09:49,,,,19/09/2026
243983,LOCAL,Transporte LOCAL,"AV CENTRAL 500 + 400 DPTO 806, PUERTA DEL VALLE, 45136, ZAPOPAN, JAL",0,,HOTEL NG,,"ZAPOPAN, JAL.",19/09/2026,,,,19/09/2026
243984,ONE,Cobro Regreso,"CALLE ZACATEPEC 100, VALLE MORELOS, 64180, MONTERREY, NL",51.36571429,,HOTEL CHN SANTA FE,,"MONTERREY, NL.",,,,,19/09/2026
243985,TRES GUERRAS,Cobro Destino,"CALZADA RUIZ CORTINES 258, COSTA VERDE, 94294, BOCA DEL RIO, VER",2306.95,,HOTEL BELLO VERACRUZ,,"BOCA DEL RIO, VER.",22/09/2026 09:49,,,,19/09/2026
243986,TRES GUERRAS,Cobro Regreso,"BLVD MANUEL AVILA CAMACHO LOTE 5, COSTA DE ORO 1ERA SECCION, 94299, BOCA DEL RIO VERACRUZ, VER",445,,"HILTON GARDEN INN BOCA DEL RIO, VERACRUZ MEXICO (VERBR)",,"BOCA DEL RIO VERACRUZ, VER.",22/09/2026 09:48,,,,19/09/2026
243987,TRES GUERRAS,Cobro Regreso,"BLVD BELISARIO DOMINGUEZ KM  1081, JARDINES DE TUXTLA, 29020, TUXTLA, CHS",52,,HOLIDAY INN TUXTLA GUTIERREZ (TGZMX),,"TUXTLA, CHS.",22/09/2026 09:49,,,,19/09/2026
243988,TRES GUERRAS,Cobro Regreso,"BLVD.INSTITUTOS TECNOLOGICOS KM.711 MZA 28 LT 39, MORELOS, 96760, MINATITLAN, VER",445,,CITY EXPRESS MINATITLAN (CEMTT),,"MINATITLAN, VER.",22/09/2026 09:48,,,,19/09/2026
243989,LOCAL,Transporte LOCAL,"CALLE OTTAWA #1560 INT 605, PROVIDENCIA, 44630, GUADALAJARA, JAL",0,,HOTEL GLADYS,,"GUADALAJARA, JAL.",19/09/2026,,,,19/09/2026
243990,ONE,Cobro Destino,"CARRETERA A LAREDO KM 16, BALCONES DEL NORTE, 66052, GENERAL ESCOBEDO, NL",50.42692308,,MOTEL SCALA,,"GENERAL ESCOBEDO, NL.",22/09/2026 09:50,,,,19/09/2026
243991,TRES GUERRAS,Cobro Regreso,"CARRETERA A PUERTO MADERO PRIVADA PASEO DE LAS HORTENCIAS TRAMO 1. KM 3.5 S/N, FRACCIONAMIENTO LAS HORTENCIAS, 30797, TAPACHULA, CHS",445,,CITY EXPRESS TAPACHULA (CETAP),,"TAPACHULA, CHS.",22/09/2026 09:48,,,,19/09/2026
243992,LOCAL,Transporte LOCAL,"CALLE AYUNTAMIENTO #333, EL MANTE, 45235, ZAPOPAN, JAL",0,,LUXOR SUITE & POOL,,"ZAPOPAN, JAL.",19/09/2026,,,,19/09/2026
243993,TINY PACK,Cobro Regreso,"CALZADA AGUSTIN GARCIA LOPEZ  1298, LAS QUINTAS, 85448, GUAYMAS, SON",52.35666667,,HOLIDAY INN EXPRESS GUAYMAS (GYMSO),,"GUAYMAS, SON.",22/09/2026 09:49,,,,19/09/2026
243994,TRES GUERRAS,Cobro Destino,"AV. PROL 5 DE MAYO #128, LA JOYITA, 36130, SILAO DE LA VICTORIA, GTO",60,,HOTEL ELSY,,"SILAO DE LA VICTORIA, GTO.",22/09/2026 09:49,,,,19/09/2026
243995,TRES GUERRAS,Cobro Regreso,"BLVD LAZARO CARDENAS 4210, RESIDENCIAL CAMPESTRE, 36698, IRAPUATO, GTO",400,,"HAMPTON IRAPUATO, MEXICO (BJXIR)",,"IRAPUATO, GTO.",22/09/2026 09:49,,,,19/09/2026
243996,TRES GUERRAS,Cobro Destino,"AV. TECNOLOGICO NTE #1249, FRANCISCO I MADERO, 52140, METEPEC, DF2",0,,ECONO EXPRESS METEPEC,,"METEPEC, DF2.",21/09/2026 18:53,,,,19/09/2026
243997,TRES GUERRAS,Cobro Destino,"CALLE NIÑOS HEROES #33, CENTRO, 76750, TEQUISQUIAPAN, QUE",60,,HOTEL RIO TEQUISQUIAPAN,,"TEQUISQUIAPAN, QUE.",22/09/2026 09:48,,,,19/09/2026
243998,ONE,Cobro Regreso,"JOSE MARIA CHAVEZ  #101, CENTRO, 20000, AGUASCALIENTES, AGS",50.42,,QUALITY INN AGUASCALIENTES (143211),,"AGUASCALIENTES, AGS.",22/09/2026 09:49,,,,19/09/2026
244000,TRES GUERRAS,Cobro Regreso,"EJE NOR-ORIENTE AV. LUIS DONALDO COLOSIO 285, LAS DELICIAS, 38080, CELAYA, GTO",100,,HOLIDAY INN EXPRESS & SUITES CELAYA (BJXCE),,"CELAYA, GTO.",21/09/2026 18:53,,,,19/09/2026
244002,SANCHEZ,Cobro Destino,"AV MEXICO 61 TORRE SIENA DEP 306, NO ESPECIFICADA EN EL CATALOGO, 63735, BAHIA DE BANDERAS, NAY",33.1662234,,MIKALLI PROPERTY MANAGEMENT,,"BAHIA DE BANDERAS, NAY.",22/09/2026 18:55,,,,19/09/2026
244004,TRES GUERRAS,Cobro Destino,"AV. LAS TRUCHAS #136, JOSE GREEN, 60952, LAZARO CARDENAS, MCH",89,,JP HOTEL,,"LAZARO CARDENAS, MCH.",22/09/2026 09:48,,,,19/09/2026
244008,ONE,Cobro Regreso,"JOSE MARIA CHAVEZ  #101, CENTRO, 20000, AGUASCALIENTES, AGS",50.42,,QUALITY INN AGUASCALIENTES (143211),,"AGUASCALIENTES, AGS.",22/09/2026 09:50,,,,19/09/2026
244009,TINY PACK,Cobro Regreso,"BLVD. LUIS ENRIQUE ENCINAS JHONSON S/N, LAS QUINTAS, 85448, GUAYMAS, SON",52.35666667,,CITY EXPRESS GUAYMAS (CEGYM),,"GUAYMAS, SON.",22/09/2026 09:49,,,,19/09/2026
244013,TRES GUERRAS,Cobro Destino,"ORIENTE 2 117 ORIZABA, CENTRO, 94300, ORIZABA, VER",89,,HOTEL ORIZABA INN,,"ORIZABA, VER.",22/09/2026 09:49,,,,19/09/2026
244015,TRES GUERRAS,Cobro Regreso,"AUTOPISTA TIJUANA-ENSENADA # 2501, ZONA PLAYITAS, 22860, ENSENADA, BC",148.34,,HOTEL LUCERNA ENSENADA,,"ENSENADA, BC.",22/09/2026 09:49,,,,19/09/2026
244016,KORA EXPRESS,Kora Express C.Destino,"RETORNO LAS MINITAS #496, PLAYAS DE HUANACAXTLE, 63732, PLAYAS DE HUANACAXTLE, NAY",0,,BANDERAS SUITES & HOTEL,,"PLAYAS DE HUANACAXTLE, NAY.",22/09/2026 18:55,,,,19/09/2026
244017,TRES GUERRAS,Cobro Regreso,"AUTOPISTA TIJUANA-ENSENADA # 2501, ZONA PLAYITAS, 22860, ENSENADA, BC",148.34,,HOTEL LUCERNA ENSENADA,,"ENSENADA, BC.",22/09/2026 09:49,,,,19/09/2026
244018,ONE,Cobro Destino,"JOSE MARIA CHAVEZ #1305, CD.INDUSTRIAL, 20290, AGUASCALIENTES, AGS",50.42,,HOTEL LA VID,,"AGUASCALIENTES, AGS.",22/09/2026 09:50,,,,19/09/2026
244019,TRES GUERRAS,Cobro Destino,"CARRETERA MIGUEL ALEMAN No. 105  LA FE, LA FE, 66477, SAN NICOLAS DE LOS GARZA, NL",60,,FIESTA INN MONTERREY LA FE (FIMTF),,"SAN NICOLAS DE LOS GARZA, NL.",22/09/2026 09:49,,,,19/09/2026
244020,ONE,Cobro Destino,"7 SUR #303 ENTRE 3 Y 5 PONIENTE, PUEBLA CENTRO, 72000, PUEBLA, PUE",153.75,,HOTEL CASA MONARCA,,"PUEBLA, PUE.",22/09/2026 09:50,,,,19/09/2026
244021,TRES GUERRAS,Cobro Destino,"CARR. CENTRAL MEXICO-SLP #2150, FRACC. INDUSTRIAS, 78399, SAN LUIS POTOSI, SLP",60,,CITY EXPRESS SAN LUIS POTOSI ZONA INDUSTRIAL (CESLP),,"SAN LUIS POTOSI, SLP.",22/09/2026 09:48,,,,19/09/2026
244022,TRES GUERRAS,Cobro Destino,"ZARAGOZA 11, CENTRO, 42800, TULA DE ALLENDE, HID",133.34,,BEST WESTERN TULA,,"TULA DE ALLENDE, HID.",22/09/2026 09:49,,,,19/09/2026
244023,TINY PACK,Cobro Regreso,"CARRETERA FEDERAL LIBRE MEXICO-NOGALES KM 1194 , BODEGA 10, BM., URIAS, 82099, MAZATLAN, SIN",51.37931034,,COMSAN,,"MAZATLAN, SIN.",22/09/2026 09:49,,,,19/09/2026
244024,TRES GUERRAS,Cobro Regreso,"CARRETERA LIBRE TIJUANA-MEXICALI N/N A UN LADO DE PLAZA SENDERO, EL FLORIDO, 22247, TIJUANA, BC",3892.58,,CITY EXPRESS TIJUANA FLORIDO (CETIF),,"TIJUANA, BC.",22/09/2026 09:48,,,,19/09/2026
244029,TRES GUERRAS,Cobro Regreso,"ROBERTO FULTON 2-A, SAN LORENZO, 54030, TLALNEPANTLA, MEX",60,,CROWNE PLAZA TLALNEPANTLA (MEXLM),,"TLALNEPANTLA, MEX.",21/09/2026 18:54,,,,21/09/2026
244031,TRES GUERRAS,Cobro Destino,"CALLE 8 #1315 Y AV.11, BELLAVISTA, 94580, CORDOBA, VER",89,,HOTEL HB,,"CORDOBA, VER.",21/09/2026 18:53,,,,21/09/2026
244032,TRES GUERRAS,Cobro Regreso,"CARRETERA LIBRE TIJUANA-MEXICALI N/N A UN LADO DE PLAZA SENDERO, EL FLORIDO, 22247, TIJUANA, BC",3892.58,,CITY EXPRESS TIJUANA FLORIDO (CETIF),,"TIJUANA, BC.",,,,,21/09/2026
244034,TRES GUERRAS,Cobro Regreso,"BLVD LUIS DONALDO COLOSIO 2009, EX HDA COSCOTITLAN, 42064, PACHUCA DE SOTO, HID",60,,FIESTA INN PACHUCA GRAN PATIO (FIPA3),,"PACHUCA DE SOTO, HID.",22/09/2026 18:53,,,,21/09/2026
244035,TRES GUERRAS,Cobro Regreso,"BLVD ADOLFO LOPEZ MATEOS 1717, LOS GAVILANES, 37266, LEON, GTO",60,,"HAMPTON LEON, GUANAJUATO, MEXICO (BJXLG)",,"LEON, GTO.",22/09/2026 18:54,,,,21/09/2026
244036,TRES GUERRAS,Cobro Regreso,"CARRETERA TRANSPENINSULAR KM 4.1, EL TEZAL, 23454, LOS CABOS, BCS",113.86,,COMFORT INN LOS CABOS (143191),,"LOS CABOS, BCS.",22/09/2026 18:54,,,,21/09/2026
244038,TRES GUERRAS,Cobro Destino,"ABASOLO 242, CENTRO, 42000, PACHUCA DE SOTO, HID",60,,HOTEL MISION EXPRESS PACHUCA,,"PACHUCA DE SOTO, HID.",22/09/2026 18:53,,,,21/09/2026
244039,TRES GUERRAS,Cobro Destino,"AV. COSTERA MIGUEL ALEMAN #159, MAGALLANES, 39670, ACAPULCO, GRO",2306.95,,HOTEL RITZ ACAPULCO,,"ACAPULCO, GRO.",22/09/2026 18:53,,,,21/09/2026
244040,TRES GUERRAS,Cobro Regreso,"AV.UNIVERSIDAD NTE. 101, ANAHUAC, 66450, SAN NICOLAS DE LOS GARZA, NL",60,,HOLIDAY INN MONTERREY NORTE (MTYMX),,"SAN NICOLAS DE LOS GARZA, NL.",22/09/2026 18:53,,,,21/09/2026
244041,TRES GUERRAS,Cobro Regreso,"BLVD VENUSTIANO CARRANZA 5685, PASEO DE LAS PALMAS, 25210, SALTILLO, COA",133.34,,WYNDHAM GARDEN SALTILLO,,"SALTILLO, COA.",22/09/2026 18:54,,,,21/09/2026
244042,TRES GUERRAS,Cobro Regreso,"Zona Aeropuerto SALTILLO-JARDINES COLONIALES, Carretera Saltillo-Monterrey 6580, 25270, SALTILLO, COA",133.34,,"HAMPTON SALTILLO, MEXICO (SLWHA)",,"SALTILLO, COA.",22/09/2026 18:54,,,,21/09/2026
244043,TRES GUERRAS,Cobro Regreso,"BOULEVARD FRANCISCO EUSEBIO KINO  369, LOMAS PITIC, 83010, HERMOSILLO, SON",135.86,,FIESTA AMERICANA HERMOSILLO (FAHE),,"HERMOSILLO, SON.",22/09/2026 18:54,,,,21/09/2026
244045,TRES GUERRAS,Cobro Regreso,"BOULEVARD FRANCISCO EUSEBIO KINO  369, LOMAS PITIC, 83010, HERMOSILLO, SON",135.86,,FIESTA AMERICANA HERMOSILLO (FAHE),,"HERMOSILLO, SON.",22/09/2026 18:54,,,,21/09/2026
244046,LOCAL,Transporte LOCAL,"COLON 184, ZONA CENTRO, 44100, GUADALAJARA, JAL",0,,HOTEL HACIENDA REAL DE CASTILLA,,"GUADALAJARA, JAL.",21/09/2026,,,,21/09/2026
244047,TRES GUERRAS,Cobro Regreso,"PERIFERICO RAUL LOPEZ SANCHEZ 10995, LOS VIÑEDOS, 27019, TORREON, COA",54.69,,"HAMPTON TORREÓN-AIRPORT GALERÍAS, MEXICO (TRCHA)",,"TORREON, COA.",22/09/2026 18:54,,,,21/09/2026
244048,LOCAL,Transporte LOCAL,"MORERA 2981, ARBOLEDAS DEL SUR, 44980, GUADALAJARA, JAL",0,,MARITZA ALEXANDRA ZEPEDA MAGAÑA,,"GUADALAJARA, JAL.",21/09/2026,,,,21/09/2026
244049,TRES GUERRAS,Tres Guerras C.Destino,"BLVD.AEROPUERTO #150, PREDIO DE SANTA JULIA, 37680, LEON, GTO",60,,PARADISSO AUTO HOTEL,,"LEON, GTO.",22/09/2026 18:54,,,,21/09/2026
244050,TRES GUERRAS,Cobro Regreso,"CARRETERA SILAO LEON KM 156, NUEVO MEXICO, 36270, SILAO, GTO",200,,HOLIDAY INN EXPRESS & SUITES SILAO AEROPUERTO (BJXRR),,"SILAO, GTO.",22/09/2026 18:54,,,,21/09/2026
244051,TRES GUERRAS,Cobro Regreso,"CALLE 5 DE FEBRERO NUMERO 24, CENTRO DE LA CIUDAD DE MEXICO AREA 6, 06060, CUAUHTEMOC, CMX",60,,"HAMPTON MEXICO CITY/CENTRO HISTORICO, MEXICO (MEXCH)",,"CUAUHTEMOC, CMX.",22/09/2026 18:53,,,,21/09/2026
244052,TRES GUERRAS,Cobro Regreso,"BLVD. FRANCISCO VILLA No. 4021, 20 DE NOVIEMBRE, 34234, DURANGO, DUR",260,,CITY EXPRESS DURANGO (CEDGO),,"DURANGO, DUR.",21/09/2026 18:54,,,,21/09/2026
244053,TRES GUERRAS,Cobro Regreso,"AV. BENITO JUAREZ #3963, LAS MERCEDES, 78394, SAN LUIS POTOSI, SLP",60,,ENCORE SAN LUIS A0191479,,"SAN LUIS POTOSI, SLP.",21/09/2026 18:53,,,,21/09/2026
244054,LOCAL,Transporte LOCAL,"EFRAIN GONZALEZ LUNA #2431, ARCOS VALLARTA, 44130, GUADALAJARA, JAL",0,,HOTEL RAME,,"GUADALAJARA, JAL.",21/09/2026,,,,21/09/2026
244055,TRES GUERRAS,Cobro Destino,"REYNOSA 954, REPUBLICA ORIENTE, 25280, SALTILLO, COA",133.34,,HACIENDA CONCEPCION,,"SALTILLO, COA.",21/09/2026 18:53,,,,21/09/2026
244056,TRES GUERRAS,Cobro Regreso,"CARRETERA JOROBA TULA KM 25.8 SN, LA LOMA CARDONAL, 42970, ATITALAQUIA, HID",60,,CITY EXPRESS BY MARRIOTT TULA (CETUL),,"ATITALAQUIA, HID.",21/09/2026 18:54,,,,21/09/2026
244057,TRES GUERRAS,Cobro Regreso,"BLVD DE LOS GANADEROS 1274, PERISUR, 83294, HERMOSILLO, SON",135.86,,COUTYARD MARRIOT HERMOSILLO A0095790,,"HERMOSILLO, SON.",22/09/2026 18:54,,,,21/09/2026
244058,TINY PACK,Cobro Regreso,"AV DOMINGO QUIROZ Y MORA 132, CENTRO, 83600, CABORCA, SON",52.35666667,,CITY EXPRESS CABORCA (CECAB),,"CABORCA, SON.",22/09/2026 09:49,,,,21/09/2026
244059,TRES GUERAS,Cobro Regreso,"CARRETERA PIRAMIDES TULANCINGO KM 92, VALLE VERDE, 43648, TULANCINGO DE BRAVO, HID",0,,HOTEL LA JOYA TULANCINGO,,"TULANCINGO DE BRAVO, HID.",21/09/2026 18:53,,,,21/09/2026
244060,LOCAL,Transporte LOCAL,"AV.VENUSTIANO CARRANZA # 16 S.H., S.H., 44100, GUADALAJARA, JAL",0,,HOTEL DE MENDOZA,,"GUADALAJARA, JAL.",21/09/2026,,,,21/09/2026
244061,LOCAL,Cobro Destino,"AV AMERICAS 1520, COUNTRY CLUB, 44610, GUADALAJARA, JAL",0,,CITY EXPRESS PLUS GUADALAJARA PROVIDENCIA (CPGDL),,"GUADALAJARA, JAL.",21/09/2026,,,,21/09/2026
244063,TRES GUERRAS,Cobro Regreso,"AVENIDA DE LA INDUSTRIA #10680, LA LAGUNA DE LA PUERTA, 89609, ALTAMIRA, TAM",200,,CITY EXPRESS ALTAMIRA (CEALT),,"ALTAMIRA, TAM.",21/09/2026 18:54,,,,21/09/2026
244064,TRES GUERRAS,Cobro Regreso,"CALLE  PORTAL HIDALGO 245, MORELIA CENTRO, 58000, MORELIA, MCH",60,,HOLIDAY INN EXPRESS MORELIA CENTRO (MLMCH),,"MORELIA, MCH.",22/09/2026 18:54,,,,21/09/2026
244065,TRES GUERRAS,Cobro Regreso,"CARRETERA LIBRE TIJUANA- ENSENADA, 362, REFORMA, 22710, PLAYAS DE ROSARITO, BC",89,,CITY EXPRESS ROSARITO (CEROS),,"PLAYAS DE ROSARITO, BC.",21/09/2026 18:53,,,,21/09/2026
244066,TRES GUERRAS,Cobro Destino,"CARR FEDERAL MEXICO - PACHUCA KM 34.50 MANZANA 1 LOTE 1E, FRACC. SIERRA HERMOSA, 55749, SANTA CRUZ TECÁMAC, MEX",60,,HOTEL VERTICCA,,"SANTA CRUZ TECÁMAC, MEX.",21/09/2026 18:53,,,,21/09/2026
244067,TRES GUERRAS,Cobro Regreso,"BOULEVARD PASEO IXTAPA LOTE 02, ZONA HOTELERA 1 IXTAPA, 40880, ZIHUATANEJO DE AZUETA, GRO",1950,,HOLIDAY INN RESORT IXTAPA (ZIHHA),,"ZIHUATANEJO DE AZUETA, GRO.",22/09/2026 18:54,,,,21/09/2026
244068,TRES GUERRAS,Cobro Destino,"RASCON  2, CENTRO, 95700, SAN ANDRES TUXTLA, VER",3028.28,,HOTEL PIEDRA ALTA,,"SAN ANDRES TUXTLA, VER.",,,,,21/09/2026
244069,TRES GUERRAS,Cobro Regreso,"PASEO DE LA VICTORIA  4202, PARTIDO IGLESIAS, 32528, JUAREZ, CHI",52,,HOLIDAY INN EXPRESS & SUITES JUAREZ(JUAZO),,"JUAREZ, CHI.",22/09/2026 18:54,,,,21/09/2026
244071,ONE,Cobro Regreso,"CAPITAN CARLOS LEON S/N 3ER PISO DE LA NUEVA TERMINAL AEREA INTERNACIONAL DE LA CIUDAD DE MEXICO, PEÑON DE LOS BAÑOS, 15620, MEXICO, CMX",102.6333333,,"HILTON MEXICO CITY-AIRPORT, MEXICO (MEXAH)",,"MEXICO, CMX.",22/09/2026 09:49,,,,21/09/2026
244072,LOCAL,Transporte LOCAL,"AV VALLARTA 5145, CAMINO REAL, 45040, ZAPOPAN, JAL",0,,HARD ROCK HOTEL GUADALAJARA,,"ZAPOPAN, JAL.",22/09/2026,,,,22/09/2026
244075,TRES GUERRAS,Cobro Regreso,"AVENIDA 5 DE FEBRERO 110 BIS, NIÑOS HEROES, 76010, QUERETARO, QUE",400,,HOLIDAY INN EXPRESS & SUITES QUERETARO (MQERG),,"QUERETARO, QUE.",22/09/2026 18:54,,,,22/09/2026
244076,TRES GUERRAS,Cobro Destino,"GUERRERO #5, GREGORIO OSUNA, 79090, CIUDAD VALLES, SLP",89,,HOTEL MORENO,,"CIUDAD VALLES, SLP.",22/09/2026 18:54,,,,22/09/2026
244077,TRES GUERRAS,Cobro Regreso,"CARLOS GOMEZ ALMAZAN 3 INT 14, CALVARIO, 51200, VALLE DE BRAVO, MEX",60,,BOSCOSO EVENTS PLACE & CATERING,,"VALLE DE BRAVO, MEX.",22/09/2026 18:54,,,,22/09/2026
244078,TRES GUERRAS,Cobro Regreso,"AV. EJERCITO NACIONAL # 8211, PARTIDO IGLESIAS, 32310, CD. JUAREZ, CHI",52,,LA QUINTA CD JUAREZ,,"CD. JUAREZ, CHI.",22/09/2026 18:53,,,,22/09/2026
244080,TRES GUERRAS,Cobro Regreso,"CAMINO A LAS 3 CRUCES 149, SALTITO DE GUADALUPE, 37760, SAN MIGUEL DE ALLENDE, GTO",133.34,,"TAPESTRY COLLECTION BY HILTON ALBOR SAN MIGUEL DE ALLENDE, MEXICO (BJXUP)",,"SAN MIGUEL DE ALLENDE, GTO.",22/09/2026 18:54,,,,22/09/2026
244081,LOCAL,Transporte LOCAL,"AV.MEXICO No.2920, TERRANOVA, 44689, GUADALAJARA, JAL",0,,EJECUTIVO EXPRESS,,"GUADALAJARA, JAL.",22/09/2026,,,,22/09/2026
244082,TRES GUERRAS,Cobro Regreso,"CARRETERA QUERETARO-SAN LUIS POTOSÍ #11515, EL SALITRE, 76230, QUERETARO, QUE",400,,ENCORE QUERETARO (EQRO),,"QUERETARO, QUE.",22/09/2026 18:53,,,,22/09/2026
244085,TINY PACK,Cobro Regreso,"BLVD. RIO SONORA NORTE No. 96, VADO DEL RÍO, 83078, HERMOSILLO, SON",135.86,,CITY EXPRESS HERMOSILLO (CEHMO),3,"HERMOSILLO, SON.",22/09/2026 18:55,,,,22/09/2026
244086,LOCAL,Transporte LOCAL,"AV. NIÑO OBRERO 1666, CHAPALITA, 45040, ZAPOPAN, JAL",0,,HOSPITAL SANTA MARIA CHAPALITA,4,"ZAPOPAN, JAL.",22/09/2026,,,,22/09/2026
244087,PAQMEX,Cobro Regreso,"PLAZA PERIFERICO, CARR. LIBRE A MONTERREY-REYNOSA 1000, , 88730, REYNOSA, TAM",52,,"HAMPTON REYNOSA/ZONA INDUSTRIAL, MEXICO (REXHA)",1,"REYNOSA, TAM.",,,,,22/09/2026
244091,TINY PACK,Cobro Regreso,"AV. LUIS DONALDO COLOSIO #126, CENTRO, 83000, HERMOSILLO, SON",135.86,,COMSAN,16,"HERMOSILLO, SON.",22/09/2026 18:55,,,,22/09/2026
244093,TRES GUERRAS,Cobro Regreso,"CALLE 24 31044, TEMOZON NORTE, 97305, MERIDA, YUC",445,,HOLIDAY INN & SUITES MERIDA LA ISLA (MIDNT),4,"MERIDA, YUC.",,,,,22/09/2026
244094,TRES GUERRAS,Cobro Regreso,"BLVD SANTA CRUZ 201, SECTOR A, 70989, BAHIA DE SANTA CRUZ, OAX",0,,HOTEL BINNIGUENDA HUATULCO,4,"BAHIA DE SANTA CRUZ, OAX.",,,,,22/09/2026
244095,TINY PACK,Cobro Regreso,"CARRETERA CANANEA AGUA PRIETA #2, CANANEA CENTRO, 84620, CANANEA, SON",53.19,,CITY EXPRESS CANANEA (CECNA),3,"CANANEA, SON.",22/09/2026 18:55,,,,22/09/2026
244096,LOCAL,Cobro Regreso,"CARR. A CHAPALA #4070, LAS PINTAS DE ABAJO, 45593, TLAQUEPAQUE, JAL",0,,AVID GUADALAJARA AEROPUERTO,1,"TLAQUEPAQUE, JAL.",22/09/2026,,,,22/09/2026
244097,ONE,Cobro Destino,"CARRETERA FEDERAL MEXICO CUAUTLA 1 LT.16 900, LAS PALMAS TERCERA ETAPA, 56535, IXTAPALUCA, MEX",51.1875,,HOSPITAL DE ESPECIALIDADES MEDICAS POLANCO,5,"IXTAPALUCA, MEX.",22/09/2026 18:54,,,,22/09/2026
244098,ONE,Cobro Destino,"AV. 3 PTE 524, CENTRO, 72000, PUEBLA, PUE",153.75,,CASA HAUS HOTEL,1,"PUEBLA, PUE.",22/09/2026 18:55,,,,22/09/2026
244099,TRES GUERRAS,Cobro Regreso,"VIA LOMBARDIA 5702, DESARROLLO SAUCITO, 31110, CHIHUAHUA, CHI",631.28,,COURTYARD CHIHUAHUA(CUUCY) A0096789,2,"CHIHUAHUA, CHI.",,,,,22/09/2026
244100,CASTELLANOS,Cobro Destino,"PROLONGACION GALENA 210, FRACCIONAMINETO LOMAS VERDES, 49500, MAZAMITLA, JAL",118.3707143,,CABAÑAS LUPITA,5,"MAZAMITLA, JAL.",,,,,22/09/2026
244101,ONE,Cobro Regreso,"AV EUGENIO GARZA SADA 3680, VILLA LOS PINOS, 64770, MONTERREY, NL",51.36571429,,HOLIDAY INN EXPRESS TECNOLOGICO MONTERREY (MILENIUM) (MTYEG),3,"MONTERREY, NL.",22/09/2026 18:54,,,,22/09/2026
244102,ONE,Cobro Regreso,"AV. SAN JERONIMO 1082, SAN JERONIMO, 64640, MONTERREY, NL",51.36571429,,HOLIDAY INN EXPRESS SAN JERONIMO(MILENIUM) (MTYSJ),2,"MONTERREY, NL.",22/09/2026 18:55,,,,22/09/2026
244103,ONE,One Paqueteria C.Destino,"CALLE 5 DE MAYO #540, ZONA CENTRO, 20000, AGUASCALIENTES, AGS",50.42,,HOTEL HACIENDA DEL ROBLE,6,"AGUASCALIENTES, AGS.",22/09/2026 18:54,,,,22/09/2026
244104,TRES GUERRAS,Guadalajara Mérida C.Regreso,"REFORMA  # 2 FRACC. REAL DEL PUENTE, FRACC. REAL DEL PUENTE, 62790, XOCHITEPEC, MOR",400,,FIESTA AMERICANA CUERNAVACA  (FAHP),4,"XOCHITEPEC, MOR.",,,,,22/09/2026
244105,TINY PACK,Cobro Regreso,"BOULEVARD FRANCISCO EUSEBIO KINO  369, LOMAS PITIC, 83010, HERMOSILLO, SON",135.86,,FIESTA AMERICANA HERMOSILLO (FAHE),2,"HERMOSILLO, SON.",22/09/2026 18:55,,,,22/09/2026
244106,TRES GUERRAS,Cobro Destino,"KM.2.5 CARRETERA LA PIEDAD, MARGARITAS, 59300, LA PIEDAD, MCH",400,,HOLIDAY INN LA PIEDAD (LPDEX),4,"LA PIEDAD, MCH.",,,,,22/09/2026
244107,TRES GUERRAS,Cobro Regreso,"CALLE 33 A 504, CENTRO, 97000, MERIDA, YUC",445,,COURTYARD MARRIOTT MERIDA A0165799,3,"MERIDA, YUC.",22/09/2026 18:53,,,,22/09/2026
244109,LOCAL,Transporte LOCAL,"AV. 18 DE MARZO 704 BODEGA ALCE, LA NOGALERA, 44470, GUADALAJARA, JAL",0,,GRUPO AGC,1120,"GUADALAJARA, JAL.",22/09/2026,,,,22/09/2026
244112,TRES GUERRAS,Cobro Destino,"MUJICA Y OSORIO No. 3, CENTRO, 74000, SAN MARTIN TEXMELUCAN, PUE",60,,HOTEL IMPERIAL SAN MARTIN TEXMELUCAN,4,"SAN MARTIN TEXMELUCAN, PUE.",22/09/2026 18:54,,,,22/09/2026
244129,TRES GUERRAS,Tres Guerras Ocurre Oficina,"PRIVADA DEL GALLO 1525, LA AURORA, 44460, GUADALAJARA, JAL",0,,VENTAS DE MOSTRADOR,40,"GUADALAJARA, JAL.",22/09/2026 18:54,,,,22/09/2026
244114,LOCAL,Transporte LOCAL,"GRECIA 167, CENTRO, 44100, GUADALAJARA, JAL",0,,BEST WESTERN GUADALAJARA,5,"GUADALAJARA, JAL.",23/09/2026,,,,23/09/2026
244115,LOCAL,Transporte LOCAL,"LECHUGA #2866, RINCONADA DEL BOSQUE, 44540, GUADALAJARA, JAL",0,,HOTEL Y TU,2,"GUADALAJARA, JAL.",23/09/2026,,,,23/09/2026
244117,TRES GUERRAS,Cobro Regreso,"CARRETERA A CHANKANAB KM. 6.5, ZONA HOTELERA SUR COZUMEL, 77600, COZUMEL, QR",84,,PRESIDENTE INTERCONTINENTAL COZUMEL,3,"COZUMEL, QR.",,,,,23/09/2026
244119,TRES GUERRAS,Cobro Regreso,"AV. REFORMA S/N, LAGOS, 88290, NVO. LAREDO, TAM",52,,REAL INN NUEVO LAREDO,4,"NVO. LAREDO, TAM.",,,,,23/09/2026
244120,PAQMEX,Cobro Regreso,"AV PEDRO CARDENAS No 3993, INFONAVIT BUENAVISTA, 87390, MATAMOROS, TAM",52,,CITY EXPRESS MATAMOROS (CEMAT),2,"MATAMOROS, TAM.",,,,,23/09/2026
244121,TRES GUERRAS,Cobro Regreso,"MARIO PANI #60, SANTA FE, 05300, CUAJIMALPA DE MORELOS, CMX",60,,STADIA SUITES MEXICO SANTA FE,1,"CUAJIMALPA DE MORELOS, CMX.",,,,,23/09/2026
244122,TRES GUERRAS,Cobro Regreso,"AV. BATALLON DE SAN PATRICIO 410, ZONA SAN AGUSTIN, 66260, SAN PEDRO GARZA GARCÍA, NL",60,,PRESIDENTE INTERCONTINENTAL MONTERREY,3,"SAN PEDRO GARZA GARCÍA, NL.",,,,,23/09/2026
244123,TRES GUERRAS,Cobro Regreso,"AV REAL DE LOMAS 1000, LAS LOMAS 4A SECCION, 78218, SAN LUIS POTOSI, SLP",60,,"HILTON SAN LUIS POTOSI, MEXICO (SLPHH)",1,"SAN LUIS POTOSI, SLP.",,,,,23/09/2026
244124,TRES GUERRAS,Cobro Regreso,"AV REAL DE LOMAS 1000, LAS LOMAS 4A SECCION, 78218, SAN LUIS POTOSI, SLP",60,,"HILTON SAN LUIS POTOSI, MEXICO (SLPHH)",1,"SAN LUIS POTOSI, SLP.",,,,,23/09/2026
244125,TINY PACK,Cobro Regreso,"AV DOMINGO QUIROZ Y MORA 132, CENTRO, 83600, CABORCA, SON",52.35666667,,CITY EXPRESS CABORCA (CECAB),6,"CABORCA, SON.",,,,,23/09/2026
244126,TINY PACK,Cobro Destino,"AV. PLAYA GAVIOTAS 226, PLAYA DORADA, 82110, MAZATLAN, SIN",51.37931034,,MOTEL MAR LEY,1,"MAZATLAN, SIN.",,,,,23/09/2026
244127,PAQMEX,Cobro Regreso,"BLVD. MIGUEL HIDALGO 1002, VALLE ALTO, 88710, REYNOSA, TAM",52,,LA QUINTA WYNDHAM REYNOSA TAMAULIPAS,7,"REYNOSA, TAM.",,,,,23/09/2026
244128,TRES GUERRAS,Cobro Destino,"BLVD.JOSE MA.MORELOS 3210, SAN CAYETANO DE MEDINA, 37238, LEON, GTO",60,,HOTEL WEE,20,"LEON, GTO.",,,,,23/09/2026
244130,TRES GUERRAS,Cobro Regreso,"BOULVARD AUDI NORTE 3, CIUDAD MODELO, 75010, SAN JOSE CHIAPA, PUE",60,,LA QUINTA CIUDAD MODELO SAN JOSE CHIAPA,1,"SAN JOSE CHIAPA, PUE.",,,,,23/09/2026
244131,ONE,Cobro Regreso,"AV. INDEPENDENCIA 1703, TROJES DE CRISTAL, 20118, AGUASCALIENTES, AGS",50.42,,WYNDHAM GARDEN AGUASCALIENTES,2,"AGUASCALIENTES, AGS.",,,,,23/09/2026
244132,TRES GUERRAS,Cobro Destino,"IGNACIO RAMIREZ 1265, CENTRO, 23000, LA PAZ, BCS",113.86,,INMOBILIARIA PUERTO DE CACHANIAS,1,"LA PAZ, BCS.",,,,,23/09/2026
244133,TRES GUERRAS,Tres Guerras Ocurre Oficina,"CARRETERA TLAX-APIZACO CALLE INDEPENDENCIA KM 10, SANTA MARIA ATLLIHUETZIAN, 90459, YAUHQUEMEHCAN, TLA",60,,HOTEL EX HACIENDA CHAUTLA PUEBLA TRADEMARK COLLECTION BY WYNDHAM,1,"YAUHQUEMEHCAN, TLA.",,,,,23/09/2026
244134,SANCHEZ,Cobro Regreso,"BLVD FRANCISCO MEDINA ASCENCIO #2860, ZONA HOTELERA NORTE, 48333, PUERTO VALLARTA, JAL",94.814,,CITY EXPRESS PLUS PUERTO VALLARTA (CPPVT),1,"PUERTO VALLARTA, JAL.",,,,,23/09/2026
244136,TRES GUERRAS,Cobro Destino,"CALLE NAPOLES 62 S/N, JUAREZ, 06600, CUAUHTEMOC, CMX",60,,HOTEL CLE,1,"CUAUHTEMOC, CMX.",,,,,23/09/2026
244137,PAQMEX,Cobro Regreso,"EMILIO PORTES GIL 703, DEL PRADO SUR, 88560, REYNOSA, TAM",52,,HOLIDAY INN REYNOSA ZONA DORADA (REXMX),10,"REYNOSA, TAM.",,,,,23/09/2026
244138,TRES GUERRAS,Cliente Pasa por Mercancia,"SANTO DOMINGO 2, PLAYA AZUL SALAGUA, 28218, MANZANILLO, COL",60,,ESCENCIA HOTELERA,1,"MANZANILLO, COL.",,,,,23/09/2026
244139,TRES GUERRAS,Cobro Regreso,"PASEO DE LA CHOCA 107, TABASCO 2000, 86035, VILLAHERMOSA, TAB",89,,COUTYARD MARRIOT VILLAHERMOSA TABASCO A0099667,4,"VILLAHERMOSA, TAB.",,,,,23/09/2026
244140,PAQMEX,Cobro Regreso,"BOULEVARD TAMAULIPAS 2539, RESIDENCIAL CABAÑAS VICTORIA, 87025, VICTORIA, TAM",52,,"HAMPTON CIUDAD VICTORIA, MEXICO (CDJVC)",6,"VICTORIA, TAM.",,,,,23/09/2026
244141,ONE,One Paqueteria C.Regreso,"PARROQUIA 1056 ENTRADA APROVEEDORES A ESPALDAS, SANTA CRUZ ATOYAC, 03310, MEXICO, CMX",102.6333333,,HOLIDAY INN MEXICO PLAZA UNIVERSIDAD A0210800 (MEXAA),5,"MEXICO, CMX.",,,,,23/09/2026
244142,TRES GUERRAS,Cobro Destino,"AV PEÑUELAS 5 INT:3, SAN PEDRITO PEÑUELAS, 76148, QUERETARO, QUE",400,,EQUILIMP QUERETARO,10,"QUERETARO, QUE.",,,,,23/09/2026
244143,LOCAL,Transporte LOCAL,"AV. MOCTEZUMA 3515 PISO 11, CIUDAD DEL SOL, 45050, ZAPOPAN, JAL",0,,PRESIDENTE INTERCONTINENTAL GUADALAJARA,5,"ZAPOPAN, JAL.",23/09/2026,,,,23/09/2026
244151,TRES GUERRAS,Cobro Regreso,"KM 18.4 CARRETERA TRANSPENINSULAR SJC-CSL, LOMAS DEL TULE, 23405, SAN  JOSE DEL CABO, BCS",247.36,,LE BLANC CABOS,9,"SAN  JOSE DEL CABO, BCS.",,,,,23/09/2026
244154,TRES GUERRAS,Cobro Destino,"CALLE 35 AVE #11-12 No.1111, PUEBLO NUEVO, 84270, AGUA PRIETA, SON",0,,AUTO HOTEL EL CID,20,"AGUA PRIETA, SON.",,,,,23/09/2026
244155,TINY PACK,Cobro Regreso,"AV. MIGUEL ALEMÁN #901 NORTE, AMPLIACION DEL SOL, 85010, OBREGON, SON",51.939375,,CITY EXPRESS CIUDAD OBREGON (CECEN),5,"OBREGON, SON.",,,,,23/09/2026
244156,TRES GUERRAS,Cobro Regreso,"CALLE SARIC Y ALTAR S/N LOCAL No. 9, LAS CONCHAS, 83550, PUERTO PEÑASCO, SON",52,,COMSAN,10,"PUERTO PEÑASCO, SON.",,,,,23/09/2026
244157,TRES GUERRAS,Cobro Regreso,"ANDADOR PLAZA LOMAS 52, LOMAS DEL TECNOLOGICO, 78215, SAN LUIS POTOSI, SLP",60,,CITY EXPRESS PLUS SAN LUIS POTOSI (CPSLP),11,"SAN LUIS POTOSI, SLP.",,,,,23/09/2026
244159,TRES GUERRAS,Cobro Regreso,"CARRETERA TRANSPENINSULAR KM 4.1, EL TEZAL, 23454, LOS CABOS, BCS",113.86,,COMFORT INN LOS CABOS (143191),2,"LOS CABOS, BCS.",,,,,23/09/2026
244163,SANCHEZ,Cobro Regreso,"BLVD. FRANCISCO MEDINA ASCENCIO 3650, VILLA LAS FLORES, 48335, PUERTO VALLARTA, JAL",94.814,,HOLIDAY INN & SUITES PUERTO VALLARTA (PVRIF),16,"PUERTO VALLARTA, JAL.",,,,,23/09/2026
244165,TRES GUERRAS,Cobro Destino,"BLVD. FRANCISCO VILLA 4315, 20 DE NOVIEMBRE, 34234, DURANGO, DUR",260,,HOLIDAY INN DURANGO A0210061 (DGOMX),2,"DURANGO, DUR.",,,,,23/09/2026
244166,TRES GUERRAS,Cobro Regreso,"PASEO DE LAS ARTES 800, TECNOLOGICO, 26080, PIEDRAS NEGRAS, COA",89,,"HAMPTON PIEDRAS NEGRAS, MEXICO (PDSHX)",2,"PIEDRAS NEGRAS, COA.",,,,,23/09/2026
244167,TRES GUERRAS,Tres Guerras C.Destino,"LIBRAMIENTO M.PEREZ TREVIÑO No.2300, TECNOLOGICO, 26080, PIEDRAS NEGRAS, COA",89,,HOTEL COUNTRY HILL,4,"PIEDRAS NEGRAS, COA.",,,,,23/09/2026
244168,ONE,Cobro Destino,"CARRETERA A MONCLOVA 501, CENTRO, 66050, GENERAL ESCOBEDO, NL",50.42692308,,MOTEL DON JUAN,5,"GENERAL ESCOBEDO, NL.",,,,,23/09/2026
244169,ONE,Cobro Regreso,"BOULEVARD TOLUCA-METEPEC 268, LA MICHOACANA, 52166, METEPEC, MEX",50.723,,HOLIDAY INN EXPRESS TOLUCA GALERIAS METEPEC (TLUME),2,"METEPEC, MEX.",,,,,23/09/2026
244170,PAQMEX,Cobro Destino,"AVENIDA EJERCITO MEXICANO  1435, LOMA DEL GALLO, 89460, MADERO, TAM",104,,HAFERSONS INN,4,"MADERO, TAM.",,,,,23/09/2026
244171,TINY PACK,Cobro Destino,"CALLE DIAGONAL REFORMA OTE 3620, CENTRO, 27000, TORREON COAHUILA, COA",54.69,,HOTEL PARAISO EXPRESS,3,"TORREON COAHUILA, COA.",,,,,23/09/2026
244172,TRES GUERRAS,Cobro Destino,"MIGUEL DE LA MADRID HURTADO 1557, OTRA NO ESPECIFICADA EN EL CATALOGO, 28863, MANZANILLO, COL",60,,MOTEL DORADO,4,"MANZANILLO, COL.",,,,,23/09/2026
244173,PAQMEX,Tres Guerras C.Destino,"TERAN No. 119, CENTRO, 87300, MATAMOROS, TAM",52,,HOTEL ALAMEDA EXPRESS,60,"MATAMOROS, TAM.",,,,,23/09/2026
244174,TRES GUERRAS,Cobro Regreso,"BOULEVARD LA CALZADA No 33, LA CALZADA, 92773, TUXPAN, VER",89,,HOLIDAY INN TUXPAN (PAZTU),2,"TUXPAN, VER.",,,,,23/09/2026
244176,TRES GUERRAS,Cobro Regreso,"AV. BATALLON DE SAN PATRICIO 410, ZONA SAN AGUSTIN, 66260, SAN PEDRO GARZA GARCÍA, NL",60,,PRESIDENTE INTERCONTINENTAL MONTERREY,3,"SAN PEDRO GARZA GARCÍA, NL.",,,,,23/09/2026
244177,TRES GUERRAS,One Paqueteria C.Regreso,"AV. BENITO JUAREZ 1230 B (CARRETERA 57), VALLE DORADO, 78399, SAN LUIS POTOSI, SLP",60,,COURTYARD MARRIOTT SAN LUIS POTOSI A0152894,2,"SAN LUIS POTOSI, SLP.",,,,,23/09/2026
244182,TINY PACK,Cobro Destino,"BOULEVARD PERO INFANTE 2222, DESARROLLO URBANO TRES RIOS, 80020, CULIACAN, SIN",52.35666667,,HOTEL NAVOLA INN,1,"CULIACAN, SIN.",,,,,23/09/2026
244183,TINY PACK,Cobro Destino,"CERRADA CASCABEL 104, VILLAS LAS PALMAS, 27023, TORREON, COA",54.69,,MOTEL LA MANSION,8,"TORREON, COA.",,,,,23/09/2026
244185,LOCAL,Transporte LOCAL,"AV. LOPEZ MATEOS 2375, CIUDAD DEL SOL, 45050, ZAPOPAN, JAL",0,,AC MARRIOTT GUADALAJARA EXPO (GDLAR),1,"ZAPOPAN, JAL.",23/09/2026,,,,23/09/2026
