Factura,Referencia,Pedido,Almacen,Fecha_Conta,Fecha_Venc,Cliente,Nombre_Cliente,Nombre_Extran,Costo$,DiscPrcnt,IVA,Total$,USD$,Codigo,FrgnName,Quantity,UM,Domicilio,Colonia,Cuidad,Estado,CP,Transporte,DESTINO,DIRECCION,Lote,FISCAL,TELEFONO,RFC
243727,4//CANCELACION//OC13419,189472.0,1,2026-09-10,2026-11-09,C09421,GRUPO AGC INTERNACIONAL,GRUPO AGC,62400.0,0,9984.0,72384.0,0.0,C09421-L01,,520,CJA,AV. 18 DE MARZO 704 BODEGA ALCE,LA NOGALERA,GUADALAJARA,JAL,44470,Transporte LOCAL,"GUADALAJARA, JAL.","AV. 18 DE MARZO 704 BODEGA ALCE, LA NOGALERA, 44470, GUADALAJARA, JAL",,"AV LAZARO CARDENAS 2825   ALAMO INDUSTRIAL_x000D__x000D_SAN PEDRO TLAQUEPAQUE,45593, JAL_x000D_MX",33 31 22 78 26,GAI220912B38
243728,4//CANCELACION//OC13577,189878.0,1,2026-09-10,2026-11-09,C09421,GRUPO AGC INTERNACIONAL,GRUPO AGC,13680.0,0,2188.8,15868.8,0.0,C09421-L01,,114,CJA,AV. 18 DE MARZO 704 BODEGA ALCE,LA NOGALERA,GUADALAJARA,JAL,44470,Transporte LOCAL,"GUADALAJARA, JAL.","AV. 18 DE MARZO 704 BODEGA ALCE, LA NOGALERA, 44470, GUADALAJARA, JAL",,"AV LAZARO CARDENAS 2825   ALAMO INDUSTRIAL_x000D__x000D_SAN PEDRO TLAQUEPAQUE,45593, JAL_x000D_MX",33 31 22 78 26,GAI220912B38
243729,,192368.0,1,2026-09-10,2026-09-10,C08899,HB CORDOBA,HOTEL HB,5065.0,0,810.4,5875.4,0.0,4043-L27,,2,CJA,CALLE 8 #1315 Y AV.11,BELLAVISTA,CORDOBA,VER,94580,Cobro Destino,"CORDOBA, VER.","CALLE 8 #1315 Y AV.11, BELLAVISTA, 94580, CORDOBA, VER",,"CALLE 8 #1315   BELLAVISTA_x000D__x000D_CORDOBA,94580, VER_x000D_MX",271 714 2800 EXT 100,HCO130614CR5
243731,SM-20032,194403.0,1,2026-09-10,2026-10-10,C08165,OPERADORA PALMAR VALLARTA,HOTEL VILLAS DEL PALMAR,4305.0,0,688.8,4993.8,0.0,4043-L39,,7,CJA,BLVD. FRANCISCO MEDINA ASCENCIO  KM. 3,ZONA HOTELERA NORTE,PTO. VALLARTA,JAL,48333,Cobro Regreso,"PTO. VALLARTA, JAL.","BLVD. FRANCISCO MEDINA ASCENCIO  KM. 3, ZONA HOTELERA NORTE, 48333, PTO. VALLARTA, JAL",,"MIGUEL LERDO DE TEJADA #2108 S/N INT.   AMERICANA_x000D__x000D_GUADALAJARA,44160, JAL_x000D_MX",322.226.1400,OPV970828HD3
243731,SM-20032,194403.0,1,2026-09-10,2026-10-10,C08165,OPERADORA PALMAR VALLARTA,HOTEL VILLAS DEL PALMAR,4334.19,0,693.47,5027.66,0.0,4043-L35,,7,CJA,BLVD. FRANCISCO MEDINA ASCENCIO  KM. 3,ZONA HOTELERA NORTE,PTO. VALLARTA,JAL,48333,Cobro Regreso,"PTO. VALLARTA, JAL.","BLVD. FRANCISCO MEDINA ASCENCIO  KM. 3, ZONA HOTELERA NORTE, 48333, PTO. VALLARTA, JAL",,"MIGUEL LERDO DE TEJADA #2108 S/N INT.   AMERICANA_x000D__x000D_GUADALAJARA,44160, JAL_x000D_MX",322.226.1400,OPV970828HD3
243731,SM-20032,194403.0,1,2026-09-10,2026-10-10,C08165,OPERADORA PALMAR VALLARTA,HOTEL VILLAS DEL PALMAR,5742.2,0,918.75,6660.95,0.0,4018-J06,,5,CJA,BLVD. FRANCISCO MEDINA ASCENCIO  KM. 3,ZONA HOTELERA NORTE,PTO. VALLARTA,JAL,48333,Cobro Regreso,"PTO. VALLARTA, JAL.","BLVD. FRANCISCO MEDINA ASCENCIO  KM. 3, ZONA HOTELERA NORTE, 48333, PTO. VALLARTA, JAL",,"MIGUEL LERDO DE TEJADA #2108 S/N INT.   AMERICANA_x000D__x000D_GUADALAJARA,44160, JAL_x000D_MX",322.226.1400,OPV970828HD3
243731,SM-20032,194403.0,1,2026-09-10,2026-10-10,C08165,OPERADORA PALMAR VALLARTA,HOTEL VILLAS DEL PALMAR,6000.0,0,960.0,6960.0,0.0,4029-A94,,5,CJA,BLVD. FRANCISCO MEDINA ASCENCIO  KM. 3,ZONA HOTELERA NORTE,PTO. VALLARTA,JAL,48333,Cobro Regreso,"PTO. VALLARTA, JAL.","BLVD. FRANCISCO MEDINA ASCENCIO  KM. 3, ZONA HOTELERA NORTE, 48333, PTO. VALLARTA, JAL",,"MIGUEL LERDO DE TEJADA #2108 S/N INT.   AMERICANA_x000D__x000D_GUADALAJARA,44160, JAL_x000D_MX",322.226.1400,OPV970828HD3
243732,,194413.0,1,2026-09-10,2026-10-10,C05222,INMOBILIARIA PENINSULAR DG,"HAMPTON VILLAHERMOSA, TABASCO, MEXICO (VSATA)",3066.0,0,490.56,3556.56,0.0,4011-L28,,2,CJA,AV PROLONGACION 27 DE FEBRERO NO 2804,ATASTA DE SERRA,VILLAHERMOSA,TAB,86100,Cobro Regreso,"VILLAHERMOSA, TAB.","AV PROLONGACION 27 DE FEBRERO NO 2804, ATASTA DE SERRA, 86100, VILLAHERMOSA, TAB",,"AV PROLONGACION 27 DE FEBRERO NO 2804   ATASTA DE SERRA_x000D__x000D_VILLAHERMOSA,86126, TAB_x000D_MX",99 33 10 58 88,IPD130212JH3
243732,,194413.0,1,2026-09-10,2026-10-10,C05222,INMOBILIARIA PENINSULAR DG,"HAMPTON VILLAHERMOSA, TABASCO, MEXICO (VSATA)",1165.5,0,186.48,1351.98,0.0,4011-J07,,2,CJA,AV PROLONGACION 27 DE FEBRERO NO 2804,ATASTA DE SERRA,VILLAHERMOSA,TAB,86100,Cobro Regreso,"VILLAHERMOSA, TAB.","AV PROLONGACION 27 DE FEBRERO NO 2804, ATASTA DE SERRA, 86100, VILLAHERMOSA, TAB",,"AV PROLONGACION 27 DE FEBRERO NO 2804   ATASTA DE SERRA_x000D__x000D_VILLAHERMOSA,86126, TAB_x000D_MX",99 33 10 58 88,IPD130212JH3
243732,,194413.0,1,2026-09-10,2026-10-10,C05222,INMOBILIARIA PENINSULAR DG,"HAMPTON VILLAHERMOSA, TABASCO, MEXICO (VSATA)",6132.0,0,981.12,7113.12,0.0,4011-L27,,4,CJA,AV PROLONGACION 27 DE FEBRERO NO 2804,ATASTA DE SERRA,VILLAHERMOSA,TAB,86100,Cobro Regreso,"VILLAHERMOSA, TAB.","AV PROLONGACION 27 DE FEBRERO NO 2804, ATASTA DE SERRA, 86100, VILLAHERMOSA, TAB",,"AV PROLONGACION 27 DE FEBRERO NO 2804   ATASTA DE SERRA_x000D__x000D_VILLAHERMOSA,86126, TAB_x000D_MX",99 33 10 58 88,IPD130212JH3
243732,,194413.0,1,2026-09-10,2026-10-10,C05222,INMOBILIARIA PENINSULAR DG,"HAMPTON VILLAHERMOSA, TABASCO, MEXICO (VSATA)",3416.45,0,546.63,3963.08,0.0,4011-J08,,5,CJA,AV PROLONGACION 27 DE FEBRERO NO 2804,ATASTA DE SERRA,VILLAHERMOSA,TAB,86100,Cobro Regreso,"VILLAHERMOSA, TAB.","AV PROLONGACION 27 DE FEBRERO NO 2804, ATASTA DE SERRA, 86100, VILLAHERMOSA, TAB",,"AV PROLONGACION 27 DE FEBRERO NO 2804   ATASTA DE SERRA_x000D__x000D_VILLAHERMOSA,86126, TAB_x000D_MX",99 33 10 58 88,IPD130212JH3
243733,OC13419,189472.0,1,2026-09-10,2026-11-09,C09421,GRUPO AGC INTERNACIONAL,GRUPO AGC,33600.0,0,5376.0,38976.0,0.0,C09421-L01,,280,CJA,AV. 18 DE MARZO 704 BODEGA ALCE,LA NOGALERA,GUADALAJARA,JAL,44470,Transporte LOCAL,"GUADALAJARA, JAL.","AV. 18 DE MARZO 704 BODEGA ALCE, LA NOGALERA, 44470, GUADALAJARA, JAL",,"AV LAZARO CARDENAS 2825   ALAMO INDUSTRIAL_x000D__x000D_SAN PEDRO TLAQUEPAQUE,45593, JAL_x000D_MX",33 31 22 78 26,GAI220912B38
243734,OC13419,189472.0,1,2026-09-10,2026-11-09,C09421,GRUPO AGC INTERNACIONAL,GRUPO AGC,16800.0,0,2688.0,19488.0,0.0,C09421-L01,,140,CJA,AV. 18 DE MARZO 704 BODEGA ALCE,LA NOGALERA,GUADALAJARA,JAL,44470,Transporte LOCAL,"GUADALAJARA, JAL.","AV. 18 DE MARZO 704 BODEGA ALCE, LA NOGALERA, 44470, GUADALAJARA, JAL",,"AV LAZARO CARDENAS 2825   ALAMO INDUSTRIAL_x000D__x000D_SAN PEDRO TLAQUEPAQUE,45593, JAL_x000D_MX",33 31 22 78 26,GAI220912B38
243735,4//CANCELACION//OC13419,189472.0,1,2026-09-10,2026-11-09,C09421,GRUPO AGC INTERNACIONAL,GRUPO AGC,12000.0,0,1920.0,13920.0,0.0,C09421-L01,,100,CJA,AV. 18 DE MARZO 704 BODEGA ALCE,LA NOGALERA,GUADALAJARA,JAL,44470,Transporte LOCAL,"GUADALAJARA, JAL.","AV. 18 DE MARZO 704 BODEGA ALCE, LA NOGALERA, 44470, GUADALAJARA, JAL",,"AV LAZARO CARDENAS 2825   ALAMO INDUSTRIAL_x000D__x000D_SAN PEDRO TLAQUEPAQUE,45593, JAL_x000D_MX",33 31 22 78 26,GAI220912B38
243736,OC14492/1,191067.0,1,2026-09-10,2026-11-09,C09421,GRUPO AGC INTERNACIONAL,GRUPO AGC,16800.0,0,2688.0,19488.0,0.0,C09421-L01,,140,CJA,AV. 18 DE MARZO 704 BODEGA ALCE,LA NOGALERA,GUADALAJARA,JAL,44470,Transporte LOCAL,"GUADALAJARA, JAL.","AV. 18 DE MARZO 704 BODEGA ALCE, LA NOGALERA, 44470, GUADALAJARA, JAL",,"AV LAZARO CARDENAS 2825   ALAMO INDUSTRIAL_x000D__x000D_SAN PEDRO TLAQUEPAQUE,45593, JAL_x000D_MX",33 31 22 78 26,GAI220912B38
243737,,194417.0,1,2026-09-10,2026-10-10,C09035,OPERADORA HOTELERA DEL MAR DE CORTES,COURTYARD LA PAZ A0093432,7873.3,0,1259.73,9133.03,0.0,C06601-L08,,10,CJA,CARRETERA A PICHILINGUE KM 7.5,LOMAS DE PALMIRA,LA PAZ,BCS,23010,Cobro Regreso,"LA PAZ, BCS.","CARRETERA A PICHILINGUE KM 7.5, LOMAS DE PALMIRA, 23010, LA PAZ, BCS",,"AV VASCO DE QUIROGA 3900 PISO 22 TORRE A OF 103   OTRA NO ESPECIFICADA EN EL CATALOGO_x000D__x000D_CUAJIMALPA DE MORELOS,05300, CMX_x000D_MX",612 123 1234,OHM221115J97
243737,,194417.0,1,2026-09-10,2026-10-10,C09035,OPERADORA HOTELERA DEL MAR DE CORTES,COURTYARD LA PAZ A0093432,4723.98,0,755.84,5479.82,0.0,C06601-L09,,6,CJA,CARRETERA A PICHILINGUE KM 7.5,LOMAS DE PALMIRA,LA PAZ,BCS,23010,Cobro Regreso,"LA PAZ, BCS.","CARRETERA A PICHILINGUE KM 7.5, LOMAS DE PALMIRA, 23010, LA PAZ, BCS",,"AV VASCO DE QUIROGA 3900 PISO 22 TORRE A OF 103   OTRA NO ESPECIFICADA EN EL CATALOGO_x000D__x000D_CUAJIMALPA DE MORELOS,05300, CMX_x000D_MX",612 123 1234,OHM221115J97
243737,,194417.0,1,2026-09-10,2026-10-10,C09035,OPERADORA HOTELERA DEL MAR DE CORTES,COURTYARD LA PAZ A0093432,7570.5,0,1211.27,8781.78,0.0,C06601-L10,,10,CJA,CARRETERA A PICHILINGUE KM 7.5,LOMAS DE PALMIRA,LA PAZ,BCS,23010,Cobro Regreso,"LA PAZ, BCS.","CARRETERA A PICHILINGUE KM 7.5, LOMAS DE PALMIRA, 23010, LA PAZ, BCS",,"AV VASCO DE QUIROGA 3900 PISO 22 TORRE A OF 103   OTRA NO ESPECIFICADA EN EL CATALOGO_x000D__x000D_CUAJIMALPA DE MORELOS,05300, CMX_x000D_MX",612 123 1234,OHM221115J97
243738,50,194418.0,1,2026-09-10,2026-10-10,C03147,HOTEL SI CIUDAD DE MEXICO SENDERO,SLEEP INN MEXICO (143224),390.0,0,62.4,452.4,0.0,SCO,,1,PZA,CARR MEXICO TOLUCA 5454,EL YAQUI,MEXICO,CMX,5320,Cobro Regreso,"MEXICO, CMX.","CARR MEXICO TOLUCA 5454, EL YAQUI, 05320, MEXICO, CMX",,"BLVD ALFONSO ZARAGOZA MAYTORENA 1980 LOCAL 413 26 CUARTO PISO   DESARROLLO URBANO TRES RIOS_x000D__x000D_CULIACAN DE ROSALES,80020, SIN_x000D_MX",55 1000 29 67,HSC181018SC1
243738,50,194418.0,1,2026-09-10,2026-10-10,C03147,HOTEL SI CIUDAD DE MEXICO SENDERO,SLEEP INN MEXICO (143224),2427.36,0,388.38,2815.74,0.0,4028-L36,,2,CJA,CARR MEXICO TOLUCA 5454,EL YAQUI,MEXICO,CMX,5320,Cobro Regreso,"MEXICO, CMX.","CARR MEXICO TOLUCA 5454, EL YAQUI, 05320, MEXICO, CMX",,"BLVD ALFONSO ZARAGOZA MAYTORENA 1980 LOCAL 413 26 CUARTO PISO   DESARROLLO URBANO TRES RIOS_x000D__x000D_CULIACAN DE ROSALES,80020, SIN_x000D_MX",55 1000 29 67,HSC181018SC1
243738,50,194418.0,1,2026-09-10,2026-10-10,C03147,HOTEL SI CIUDAD DE MEXICO SENDERO,SLEEP INN MEXICO (143224),2427.36,0,388.38,2815.74,0.0,4028-L38,,2,CJA,CARR MEXICO TOLUCA 5454,EL YAQUI,MEXICO,CMX,5320,Cobro Regreso,"MEXICO, CMX.","CARR MEXICO TOLUCA 5454, EL YAQUI, 05320, MEXICO, CMX",,"BLVD ALFONSO ZARAGOZA MAYTORENA 1980 LOCAL 413 26 CUARTO PISO   DESARROLLO URBANO TRES RIOS_x000D__x000D_CULIACAN DE ROSALES,80020, SIN_x000D_MX",55 1000 29 67,HSC181018SC1
243738,50,194418.0,1,2026-09-10,2026-10-10,C03147,HOTEL SI CIUDAD DE MEXICO SENDERO,SLEEP INN MEXICO (143224),2427.36,0,388.37,2815.74,0.0,4028-L35,,2,CJA,CARR MEXICO TOLUCA 5454,EL YAQUI,MEXICO,CMX,5320,Cobro Regreso,"MEXICO, CMX.","CARR MEXICO TOLUCA 5454, EL YAQUI, 05320, MEXICO, CMX",,"BLVD ALFONSO ZARAGOZA MAYTORENA 1980 LOCAL 413 26 CUARTO PISO   DESARROLLO URBANO TRES RIOS_x000D__x000D_CULIACAN DE ROSALES,80020, SIN_x000D_MX",55 1000 29 67,HSC181018SC1
243739,,194420.0,1,2026-09-10,2026-09-18,CG0008,DESARROLLOS TURISTICOS CLAMI,HOTEL AEROPUERTO LOS CABOS,1994.7,0,319.15,2313.85,0.0,4043-L35,,3,CJA,ACCESO AL AEROPUERTO MANZ.  14C L-05,LAS VEREDAS,SAN JOSE DEL CABO,BCS,23400,Cobro Destino,"SAN JOSE DEL CABO, BCS.","ACCESO AL AEROPUERTO MANZ.  14C L-05, LAS VEREDAS, 23400, SAN JOSE DEL CABO, BCS",,"AV. ALVARO OBREGON PTE #691   PRIMER CUADRO (CENTRO)_x000D__x000D_AHOME,81200, SIN_x000D_MX",624 173 9840,DTC030807LN2
243739,,194420.0,1,2026-09-10,2026-09-18,CG0008,DESARROLLOS TURISTICOS CLAMI,HOTEL AEROPUERTO LOS CABOS,1845.0,0,295.2,2140.2,0.0,4043-L40,,3,CJA,ACCESO AL AEROPUERTO MANZ.  14C L-05,LAS VEREDAS,SAN JOSE DEL CABO,BCS,23400,Cobro Destino,"SAN JOSE DEL CABO, BCS.","ACCESO AL AEROPUERTO MANZ.  14C L-05, LAS VEREDAS, 23400, SAN JOSE DEL CABO, BCS",,"AV. ALVARO OBREGON PTE #691   PRIMER CUADRO (CENTRO)_x000D__x000D_AHOME,81200, SIN_x000D_MX",624 173 9840,DTC030807LN2
243740,4700249590,194419.0,1,2026-09-10,2026-10-25,C04427,FIDEICOMISO IRREVOCABLE DB/1616,COURTYARD MARRIOTT GUADALAJARA ANDARES,4723.98,0,755.84,5479.82,0.0,C06601-L09,,6,CJA,AVENIDA REAL ACUEDUCTO 360 A,PUERTA DE HIERRO,ZAPOPAN,JAL,45116,Transporte LOCAL,"ZAPOPAN, JAL.","AVENIDA REAL ACUEDUCTO 360 A, PUERTA DE HIERRO, 45116, ZAPOPAN, JAL",,"AV. FUNDADORES   VALLE DEL MIRADOR_x000D__x000D_MONTERREY,64750, NL_x000D_MX",33 3839 4250 ext 801,DBM121023M10
243741,SEPTIEMBRE,194423.0,1,2026-09-10,2026-10-10,C08387,INMOBILIARIA TURISTICA DE MAZATLAN,COURTYARD MAZATLAN A0157919,894.0,0,143.04,1037.04,0.0,C06601-J04,,1,CJA,AV  PLAYA GAVIOTAS 214,Zona Dorada,MAZATLAN,SIN,82110,Cobro Regreso,"MAZATLAN, SIN.","AV  PLAYA GAVIOTAS 214, Zona Dorada, 82110, MAZATLAN, SIN",,"AV PLAYA GAVIOTAS 214   ZONA DORADA_x000D__x000D_MAZATLAN,82110, SIN_x000D_MX",554 944 2614,ITM6811122J6
243741,SEPTIEMBRE,194423.0,1,2026-09-10,2026-10-10,C08387,INMOBILIARIA TURISTICA DE MAZATLAN,COURTYARD MAZATLAN A0157919,796.49,0,127.44,923.93,0.0,C06601-L11,,1,CJA,AV  PLAYA GAVIOTAS 214,Zona Dorada,MAZATLAN,SIN,82110,Cobro Regreso,"MAZATLAN, SIN.","AV  PLAYA GAVIOTAS 214, Zona Dorada, 82110, MAZATLAN, SIN",,"AV PLAYA GAVIOTAS 214   ZONA DORADA_x000D__x000D_MAZATLAN,82110, SIN_x000D_MX",554 944 2614,ITM6811122J6
243741,SEPTIEMBRE,194423.0,1,2026-09-10,2026-10-10,C08387,INMOBILIARIA TURISTICA DE MAZATLAN,COURTYARD MAZATLAN A0157919,2361.99,0,377.92,2739.91,0.0,C06601-L08,,3,CJA,AV  PLAYA GAVIOTAS 214,Zona Dorada,MAZATLAN,SIN,82110,Cobro Regreso,"MAZATLAN, SIN.","AV  PLAYA GAVIOTAS 214, Zona Dorada, 82110, MAZATLAN, SIN",,"AV PLAYA GAVIOTAS 214   ZONA DORADA_x000D__x000D_MAZATLAN,82110, SIN_x000D_MX",554 944 2614,ITM6811122J6
243741,SEPTIEMBRE,194423.0,1,2026-09-10,2026-10-10,C08387,INMOBILIARIA TURISTICA DE MAZATLAN,COURTYARD MAZATLAN A0157919,3149.32,0,503.89,3653.21,0.0,C06601-L09,,4,CJA,AV  PLAYA GAVIOTAS 214,Zona Dorada,MAZATLAN,SIN,82110,Cobro Regreso,"MAZATLAN, SIN.","AV  PLAYA GAVIOTAS 214, Zona Dorada, 82110, MAZATLAN, SIN",,"AV PLAYA GAVIOTAS 214   ZONA DORADA_x000D__x000D_MAZATLAN,82110, SIN_x000D_MX",554 944 2614,ITM6811122J6
243741,SEPTIEMBRE,194423.0,1,2026-09-10,2026-10-10,C08387,INMOBILIARIA TURISTICA DE MAZATLAN,COURTYARD MAZATLAN A0157919,2361.99,0,377.92,2739.91,0.0,C06601-L10,,3,CJA,AV  PLAYA GAVIOTAS 214,Zona Dorada,MAZATLAN,SIN,82110,Cobro Regreso,"MAZATLAN, SIN.","AV  PLAYA GAVIOTAS 214, Zona Dorada, 82110, MAZATLAN, SIN",,"AV PLAYA GAVIOTAS 214   ZONA DORADA_x000D__x000D_MAZATLAN,82110, SIN_x000D_MX",554 944 2614,ITM6811122J6
243742,OG-08495,194425.0,1,2026-09-10,2026-09-25,C07810,IMPULSORA PLAZA TIJUANA,CITY CENTRO SAN LUIS POTOSI (CCSLP),3404.96,0,544.79,3949.75,0.0,4052-L17,,4,CJA,CALLE IGNACIO ALDAMA 405,CENTRO HISTORICO,SAN LUIS POTOSI,SLP,78000,Cobro Destino,"SAN LUIS POTOSI, SLP.","CALLE IGNACIO ALDAMA 405, CENTRO HISTORICO, 78000, SAN LUIS POTOSI, SLP",,"CALLE JUAN SALVADOR AGRAZ 69 PISO 12   SANTA FE CUAJIMALPA_x000D__x000D_CUAJIMALPA DE MORELOS,05348, CMX_x000D_MX",444 804 2280,IPT050810HQ4
243743,RI-14165,194427.0,1,2026-09-11,2026-09-26,C01712,IMPULSORA PLAZA JUAREZ,CITY EXPRESS CIUDAD JUAREZ(CECJS) / JIPJUA,4022.92,0,643.67,4666.59,0.0,4051-L11,,4,CJA,BLVD. TOMAS FERNANDEZ # 7810,PARTIDO DOBLADO,JUAREZ,CHI,32424,Cobro Regreso,"JUAREZ, CHI.","BLVD. TOMAS FERNANDEZ # 7810, PARTIDO DOBLADO, 32424, JUAREZ, CHI",,"JUAN SALVADOR AGRAZ 69 PISO 12   SANTA FE CUAJIMALPA_x000D__x000D_CUAJIMALPA DE MORELOS,05348, CMX_x000D_MX",(656)227 0200,IPJ030829QDA
243743,RI-14165,194427.0,1,2026-09-11,2026-09-26,C01712,IMPULSORA PLAZA JUAREZ,CITY EXPRESS CIUDAD JUAREZ(CECJS) / JIPJUA,4022.92,0,643.67,4666.59,0.0,4051-L10,,4,CJA,BLVD. TOMAS FERNANDEZ # 7810,PARTIDO DOBLADO,JUAREZ,CHI,32424,Cobro Regreso,"JUAREZ, CHI.","BLVD. TOMAS FERNANDEZ # 7810, PARTIDO DOBLADO, 32424, JUAREZ, CHI",,"JUAN SALVADOR AGRAZ 69 PISO 12   SANTA FE CUAJIMALPA_x000D__x000D_CUAJIMALPA DE MORELOS,05348, CMX_x000D_MX",(656)227 0200,IPJ030829QDA
243743,RI-14165,194427.0,1,2026-09-11,2026-09-26,C01712,IMPULSORA PLAZA JUAREZ,CITY EXPRESS CIUDAD JUAREZ(CECJS) / JIPJUA,3319.68,0,531.15,3850.83,0.0,4051-J04,,8,CJA,BLVD. TOMAS FERNANDEZ # 7810,PARTIDO DOBLADO,JUAREZ,CHI,32424,Cobro Regreso,"JUAREZ, CHI.","BLVD. TOMAS FERNANDEZ # 7810, PARTIDO DOBLADO, 32424, JUAREZ, CHI",,"JUAN SALVADOR AGRAZ 69 PISO 12   SANTA FE CUAJIMALPA_x000D__x000D_CUAJIMALPA DE MORELOS,05348, CMX_x000D_MX",(656)227 0200,IPJ030829QDA
243743,RI-14165,194427.0,1,2026-09-11,2026-09-26,C01712,IMPULSORA PLAZA JUAREZ,CITY EXPRESS CIUDAD JUAREZ(CECJS) / JIPJUA,4022.92,0,643.66,4666.59,0.0,4051-L12,,4,CJA,BLVD. TOMAS FERNANDEZ # 7810,PARTIDO DOBLADO,JUAREZ,CHI,32424,Cobro Regreso,"JUAREZ, CHI.","BLVD. TOMAS FERNANDEZ # 7810, PARTIDO DOBLADO, 32424, JUAREZ, CHI",,"JUAN SALVADOR AGRAZ 69 PISO 12   SANTA FE CUAJIMALPA_x000D__x000D_CUAJIMALPA DE MORELOS,05348, CMX_x000D_MX",(656)227 0200,IPJ030829QDA
243743,RI-14165,194427.0,1,2026-09-11,2026-09-26,C01712,IMPULSORA PLAZA JUAREZ,CITY EXPRESS CIUDAD JUAREZ(CECJS) / JIPJUA,2577.12,0,412.34,2989.46,0.0,4051-J03,,4,CJA,BLVD. TOMAS FERNANDEZ # 7810,PARTIDO DOBLADO,JUAREZ,CHI,32424,Cobro Regreso,"JUAREZ, CHI.","BLVD. TOMAS FERNANDEZ # 7810, PARTIDO DOBLADO, 32424, JUAREZ, CHI",,"JUAN SALVADOR AGRAZ 69 PISO 12   SANTA FE CUAJIMALPA_x000D__x000D_CUAJIMALPA DE MORELOS,05348, CMX_x000D_MX",(656)227 0200,IPJ030829QDA
243744,OC-20403,194111.0,3,2026-09-11,2026-10-11,C08939,SERVICIOS ESPECIALIZADOS PLAYA BLANCA,HOTEL WYNDHAM GRAND CANCUN ONLY INCLUSIVE RESORTS  &VILLAS,423.7,0,67.79,491.49,0.0,4018-A26,,1,CJA,BLVD KUKULCAN KM 16.5 MANZANA 53 LOTE 48 2DA SECCION,ZONA HOTELERA,CANCUN,QR,77500,CEDIS Cancún,"CANCUN, QR.","BLVD KUKULCAN KM 16.5 MANZANA 53 LOTE 48 2DA SECCION, ZONA HOTELERA, 77500, CANCUN, QR",,"BLVD. BLVD KUKULCAN KM 16.5  MANZANA 53 LOTE 48 2DA SECCION   ZONA HOTELERA_x000D__x000D_CANCUN,77500, QR_x000D_MX",9988810600,SEP210719532
243745,OC-20536,194384.0,3,2026-09-11,2026-10-11,C08939,SERVICIOS ESPECIALIZADOS PLAYA BLANCA,HOTEL WYNDHAM GRAND CANCUN ONLY INCLUSIVE RESORTS  &VILLAS,1005.8,0,160.93,1166.73,0.0,5369-J03,,1,CJA,BLVD KUKULCAN KM 16.5 MANZANA 53 LOTE 48 2DA SECCION,ZONA HOTELERA,CANCUN,QR,77500,CEDIS Cancún,"CANCUN, QR.","BLVD KUKULCAN KM 16.5 MANZANA 53 LOTE 48 2DA SECCION, ZONA HOTELERA, 77500, CANCUN, QR",,"BLVD. BLVD KUKULCAN KM 16.5  MANZANA 53 LOTE 48 2DA SECCION   ZONA HOTELERA_x000D__x000D_CANCUN,77500, QR_x000D_MX",9988810600,SEP210719532
243745,OC-20536,194384.0,3,2026-09-11,2026-10-11,C08939,SERVICIOS ESPECIALIZADOS PLAYA BLANCA,HOTEL WYNDHAM GRAND CANCUN ONLY INCLUSIVE RESORTS  &VILLAS,423.7,0,67.79,491.49,0.0,4018-A26,,1,CJA,BLVD KUKULCAN KM 16.5 MANZANA 53 LOTE 48 2DA SECCION,ZONA HOTELERA,CANCUN,QR,77500,CEDIS Cancún,"CANCUN, QR.","BLVD KUKULCAN KM 16.5 MANZANA 53 LOTE 48 2DA SECCION, ZONA HOTELERA, 77500, CANCUN, QR",,"BLVD. BLVD KUKULCAN KM 16.5  MANZANA 53 LOTE 48 2DA SECCION   ZONA HOTELERA_x000D__x000D_CANCUN,77500, QR_x000D_MX",9988810600,SEP210719532
243745,OC-20536,194384.0,3,2026-09-11,2026-10-11,C08939,SERVICIOS ESPECIALIZADOS PLAYA BLANCA,HOTEL WYNDHAM GRAND CANCUN ONLY INCLUSIVE RESORTS  &VILLAS,1159.0,0,185.44,1344.44,0.0,5369-L02,RAINFOREST FOLIAGE B,1,CJA,BLVD KUKULCAN KM 16.5 MANZANA 53 LOTE 48 2DA SECCION,ZONA HOTELERA,CANCUN,QR,77500,CEDIS Cancún,"CANCUN, QR.","BLVD KUKULCAN KM 16.5 MANZANA 53 LOTE 48 2DA SECCION, ZONA HOTELERA, 77500, CANCUN, QR",,"BLVD. BLVD KUKULCAN KM 16.5  MANZANA 53 LOTE 48 2DA SECCION   ZONA HOTELERA_x000D__x000D_CANCUN,77500, QR_x000D_MX",9988810600,SEP210719532
243746,OC14492/1,191067.0,1,2026-09-11,2026-11-10,C09421,GRUPO AGC INTERNACIONAL,GRUPO AGC,67200.0,0,10752.0,77952.0,0.0,C09421-L01,,560,CJA,AV. 18 DE MARZO 704 BODEGA ALCE,LA NOGALERA,GUADALAJARA,JAL,44470,Transporte LOCAL,"GUADALAJARA, JAL.","AV. 18 DE MARZO 704 BODEGA ALCE, LA NOGALERA, 44470, GUADALAJARA, JAL",,"AV LAZARO CARDENAS 2825   ALAMO INDUSTRIAL_x000D__x000D_SAN PEDRO TLAQUEPAQUE,45593, JAL_x000D_MX",33 31 22 78 26,GAI220912B38
243747,,194079.0,1,2026-09-11,2026-09-11,C08017,OSWALDO GARCIA MARTINEZ,GYAPHARMA,1193.0,0,190.88,1383.88,0.0,4016-L33,,2,CJA,CALDERON DE LA BARCA 288,ARCOS VALLARTA,GUADALAJARA,JAL,44130,Cobro Regreso,"GUADALAJARA, JAL.","CALDERON DE LA BARCA 288, ARCOS VALLARTA, 44130, GUADALAJARA, JAL",,"CALLE INGENIO DE TALA 12   JOSE MARIA MRTINEZ_x000D__x000D_TEPIC,63199, NAY_x000D_MX",33-11263-22-87,GAMO941209363
243748,010926,194429.0,1,2026-09-11,2026-10-11,C09605,LIVING AEROPUERTO 75,TRU BY HILTON AEROPUERTO MEXICO,1533.0,0,245.28,1778.28,0.0,4011-L30,,1,CJA,BOULEVARD PUERTO AEREO #75,INDUSTRIAL PUERTO AEREO,VENUSTIANO CARRANZA,CMX,15710,Cobro Regreso,"VENUSTIANO CARRANZA, CMX.","BOULEVARD PUERTO AEREO #75, INDUSTRIAL PUERTO AEREO, 15710, VENUSTIANO CARRANZA, CMX",,"CARR. MEXICO TOLUCA #5454 INT TORRE D PLANTA BAJA   EL YAQUI_x000D__x000D_CUAJIMALPA DE MORELOS,05320, CMX_x000D_MX",55 5251 2115,LAS2501152L6
243748,010926,194429.0,1,2026-09-11,2026-10-11,C09605,LIVING AEROPUERTO 75,TRU BY HILTON AEROPUERTO MEXICO,1533.0,0,245.28,1778.28,0.0,4011-L42,,1,CJA,BOULEVARD PUERTO AEREO #75,INDUSTRIAL PUERTO AEREO,VENUSTIANO CARRANZA,CMX,15710,Cobro Regreso,"VENUSTIANO CARRANZA, CMX.","BOULEVARD PUERTO AEREO #75, INDUSTRIAL PUERTO AEREO, 15710, VENUSTIANO CARRANZA, CMX",,"CARR. MEXICO TOLUCA #5454 INT TORRE D PLANTA BAJA   EL YAQUI_x000D__x000D_CUAJIMALPA DE MORELOS,05320, CMX_x000D_MX",55 5251 2115,LAS2501152L6
243748,010926,194429.0,1,2026-09-11,2026-10-11,C09605,LIVING AEROPUERTO 75,TRU BY HILTON AEROPUERTO MEXICO,1533.0,0,245.28,1778.28,0.0,4011-L28,,1,CJA,BOULEVARD PUERTO AEREO #75,INDUSTRIAL PUERTO AEREO,VENUSTIANO CARRANZA,CMX,15710,Cobro Regreso,"VENUSTIANO CARRANZA, CMX.","BOULEVARD PUERTO AEREO #75, INDUSTRIAL PUERTO AEREO, 15710, VENUSTIANO CARRANZA, CMX",,"CARR. MEXICO TOLUCA #5454 INT TORRE D PLANTA BAJA   EL YAQUI_x000D__x000D_CUAJIMALPA DE MORELOS,05320, CMX_x000D_MX",55 5251 2115,LAS2501152L6
243748,010926,194429.0,1,2026-09-11,2026-10-11,C09605,LIVING AEROPUERTO 75,TRU BY HILTON AEROPUERTO MEXICO,4599.0,0,735.84,5334.84,0.0,4011-L27,,3,CJA,BOULEVARD PUERTO AEREO #75,INDUSTRIAL PUERTO AEREO,VENUSTIANO CARRANZA,CMX,15710,Cobro Regreso,"VENUSTIANO CARRANZA, CMX.","BOULEVARD PUERTO AEREO #75, INDUSTRIAL PUERTO AEREO, 15710, VENUSTIANO CARRANZA, CMX",,"CARR. MEXICO TOLUCA #5454 INT TORRE D PLANTA BAJA   EL YAQUI_x000D__x000D_CUAJIMALPA DE MORELOS,05320, CMX_x000D_MX",55 5251 2115,LAS2501152L6
243748,010926,194429.0,1,2026-09-11,2026-10-11,C09605,LIVING AEROPUERTO 75,TRU BY HILTON AEROPUERTO MEXICO,6132.0,0,981.12,7113.12,0.0,4011-L29,,4,CJA,BOULEVARD PUERTO AEREO #75,INDUSTRIAL PUERTO AEREO,VENUSTIANO CARRANZA,CMX,15710,Cobro Regreso,"VENUSTIANO CARRANZA, CMX.","BOULEVARD PUERTO AEREO #75, INDUSTRIAL PUERTO AEREO, 15710, VENUSTIANO CARRANZA, CMX",,"CARR. MEXICO TOLUCA #5454 INT TORRE D PLANTA BAJA   EL YAQUI_x000D__x000D_CUAJIMALPA DE MORELOS,05320, CMX_x000D_MX",55 5251 2115,LAS2501152L6
243749,4700255158,194175.0,1,2026-09-11,2026-10-26,C00030,INMO F,ALOFT GUADALAJARA SUR (GDLPU 5528),596.5,0,95.44,691.94,0.0,4016-L33,,1,CJA,AV. PUNTO SUR 235,LOS GAVILANES,TLAJOMULCO DE ZUÑIGA,JAL,45645,Transporte LOCAL,"TLAJOMULCO DE ZUÑIGA, JAL.","AV. PUNTO SUR 235, LOS GAVILANES, 45645, TLAJOMULCO DE ZUÑIGA, JAL",,"CALLE SAN LUIS GONZAGA 4511   JARDINES DE GUADALUPE_x000D__x000D_ZAPOPAN,45030, JAL_x000D_MX",331 062 2718,IFX051129IY5
243750,,194343.0,1,2026-09-11,2026-09-11,C06214,CASA DEL SOL GUANAJUATO,CASA DEL SOL,1193.0,0,190.88,1383.88,0.0,4016-L33,,2,CJA,CALLE DEL SOL 10,GUANAJUATO CENTRO,GUANAJUATO,GTO,36000,Tres Guerras C.Destino,"GUANAJUATO, GTO.","CALLE DEL SOL 10, GUANAJUATO CENTRO, 36000, GUANAJUATO, GTO",,"CALLE DEL SOL 10   GUANAJUATO CENTRO_x000D__x000D_GUANAJUATO,36000, GTO_x000D_MX",473 732 8617,CSG170223CP7
243751,,194374.0,1,2026-09-11,2026-09-11,CLIESP,VENTAS DE MOSTRADOR,VENTAS DE MOSTRADOR,596.5,0,95.44,691.94,0.0,4016-L30,,1,CJA,PRIVADA DEL GALLO 1525,LA AURORA,GUADALAJARA,JAL,44460,Cobro Destino,"GUADALAJARA, JAL.","PRIVADA DEL GALLO 1525, LA AURORA, 44460, GUADALAJARA, JAL",,"PRIVADA DEL GALLO 1525   LA AURORA_x000D__x000D_GUADALAJARA,44460, JAL_x000D_MX",38115800,XAXX010101000
243751,,194374.0,1,2026-09-11,2026-09-11,CLIESP,VENTAS DE MOSTRADOR,VENTAS DE MOSTRADOR,1193.0,0,190.88,1383.88,0.0,4016-L33,,2,CJA,PRIVADA DEL GALLO 1525,LA AURORA,GUADALAJARA,JAL,44460,Cobro Destino,"GUADALAJARA, JAL.","PRIVADA DEL GALLO 1525, LA AURORA, 44460, GUADALAJARA, JAL",,"PRIVADA DEL GALLO 1525   LA AURORA_x000D__x000D_GUADALAJARA,44460, JAL_x000D_MX",38115800,XAXX010101000
243752,OC20169,194428.0,1,2026-09-11 00:00:00,2026-10-11 00:00:00,C01474,HOTEL FLAMINGOS PLAZA,COURTYARD MEXICO CITY REVOLUCION,9447.96,0,1511.67,10959.63,0.0,C06601-L08,,12,CJA,AV REVOLUCION #333,TACUBAYA,CDMX,CMX,11870,One Paqueteria C.Regreso,"CDMX, CMX.","AV REVOLUCION #333, TACUBAYA, 11870, CDMX, CMX",,,,
243752,OC20169,194428.0,1,2026-09-11 00:00:00,2026-10-11 00:00:00,C01474,HOTEL FLAMINGOS PLAZA,COURTYARD MEXICO CITY REVOLUCION,7873.3,0,1259.73,9133.03,0.0,C06601-L09,,10,CJA,AV REVOLUCION #333,TACUBAYA,CDMX,CMX,11870,One Paqueteria C.Regreso,"CDMX, CMX.","AV REVOLUCION #333, TACUBAYA, 11870, CDMX, CMX",,,,
243752,OC20169,194428.0,1,2026-09-11 00:00:00,2026-10-11 00:00:00,C01474,HOTEL FLAMINGOS PLAZA,COURTYARD MEXICO CITY REVOLUCION,15746.6,0,2519.46,18266.06,0.0,C06601-L10,,20,CJA,AV REVOLUCION #333,TACUBAYA,CDMX,CMX,11870,One Paqueteria C.Regreso,"CDMX, CMX.","AV REVOLUCION #333, TACUBAYA, 11870, CDMX, CMX",,,,
243752,OC20169,194428.0,1,2026-09-11 00:00:00,2026-10-11 00:00:00,C01474,HOTEL FLAMINGOS PLAZA,COURTYARD MEXICO CITY REVOLUCION,4778.94,0,764.63,5543.57,0.0,C06601-L11,,6,CJA,AV REVOLUCION #333,TACUBAYA,CDMX,CMX,11870,One Paqueteria C.Regreso,"CDMX, CMX.","AV REVOLUCION #333, TACUBAYA, 11870, CDMX, CMX",,,,
243752,OC20169,194428.0,1,2026-09-11 00:00:00,2026-10-11 00:00:00,C01474,HOTEL FLAMINGOS PLAZA,COURTYARD MEXICO CITY REVOLUCION,5364.0,0,858.24,6222.24,0.0,C06601-J04,,6,CJA,AV REVOLUCION #333,TACUBAYA,CDMX,CMX,11870,One Paqueteria C.Regreso,"CDMX, CMX.","AV REVOLUCION #333, TACUBAYA, 11870, CDMX, CMX",,,,
243753,4501034229,191945.0,3,2026-09-11 00:00:00,2026-10-11 00:00:00,C07977,HOTELERA PALACE RESORTS,PALACE RESORTS,1134.0,0,181.44,1315.44,0.0,4029-L62,,3,CJA,KM 21 MZA 01 LOTE 1 11 EDIF A,SM 47 CARRET CANCUN PTO MORELOS,CANCUN,QR,77506,CEDIS Cancún,"CANCUN, QR.","KM 21 MZA 01 LOTE 1 11 EDIF A, SM 47 CARRET CANCUN PTO MORELOS, 77506, CANCUN, QR",,,,
243753,4501034229,191945.0,3,2026-09-11 00:00:00,2026-10-11 00:00:00,C07977,HOTELERA PALACE RESORTS,PALACE RESORTS,1134.0,0,181.44,1315.44,0.0,4029-L60,,3,CJA,KM 21 MZA 01 LOTE 1 11 EDIF A,SM 47 CARRET CANCUN PTO MORELOS,CANCUN,QR,77506,CEDIS Cancún,"CANCUN, QR.","KM 21 MZA 01 LOTE 1 11 EDIF A, SM 47 CARRET CANCUN PTO MORELOS, 77506, CANCUN, QR",,,,
243754,4501033098,191760.0,3,2026-09-11 00:00:00,2026-10-11 00:00:00,C07297,ALMACENES PALACE RESORTS,PALACE RESORTS,1428.0,0,228.48,1656.48,0.0,C07297-L01,,2,CJA,KM 21 MZA 01 LOTE 1 11 EDIF A,SM 47 CARRET CANCUN PTO MORELOS,CANCUN,QR,77506,CEDIS Cancún,"CANCUN, QR.","KM 21 MZA 01 LOTE 1 11 EDIF A, SM 47 CARRET CANCUN PTO MORELOS, 77506, CANCUN, QR",,,,
243755,4501033098,191760.0,1,2026-09-11 00:00:00,2026-10-11 00:00:00,C07297,ALMACENES PALACE RESORTS,PALACE RESORTS,166362.0,0,26617.92,192979.92,0.0,C07297-L01,,233,CJA,KM 21 MZA 01 LOTE 1 11 EDIF A,SM 47 CARRET CANCUN PTO MORELOS,CANCUN,QR,77506,Cobro Regreso,"CANCUN, QR.","KM 21 MZA 01 LOTE 1 11 EDIF A, SM 47 CARRET CANCUN PTO MORELOS, 77506, CANCUN, QR",,,,
243756,4501034230,192436.0,1,2026-09-11 00:00:00,2026-10-11 00:00:00,C07977,HOTELERA PALACE RESORTS,PALACE RESORTS,1546.9,0,247.5,1794.4,0.0,4016-L34,,1,CJA,KM 21 MZA 01 LOTE 1 11 EDIF A,SM 47 CARRET CANCUN PTO MORELOS,CANCUN,QR,77506,Cobro Regreso,"CANCUN, QR.","KM 21 MZA 01 LOTE 1 11 EDIF A, SM 47 CARRET CANCUN PTO MORELOS, 77506, CANCUN, QR",,,,
243756,4501034230,192436.0,1,2026-09-11 00:00:00,2026-10-11 00:00:00,C07977,HOTELERA PALACE RESORTS,PALACE RESORTS,1546.9,0,247.51,1794.4,0.0,4016-L37,,1,CJA,KM 21 MZA 01 LOTE 1 11 EDIF A,SM 47 CARRET CANCUN PTO MORELOS,CANCUN,QR,77506,Cobro Regreso,"CANCUN, QR.","KM 21 MZA 01 LOTE 1 11 EDIF A, SM 47 CARRET CANCUN PTO MORELOS, 77506, CANCUN, QR",,,,
243757,4501034229,192440.0,1,2026-09-11 00:00:00,2026-10-11 00:00:00,C07977,HOTELERA PALACE RESORTS,PALACE RESORTS,1546.9,0,247.5,1794.4,0.0,4016-L34,,1,CJA,KM 21 MZA 01 LOTE 1 11 EDIF A,SM 47 CARRET CANCUN PTO MORELOS,CANCUN,QR,77506,Cobro Regreso,"CANCUN, QR.","KM 21 MZA 01 LOTE 1 11 EDIF A, SM 47 CARRET CANCUN PTO MORELOS, 77506, CANCUN, QR",,,,
243757,4501034229,192440.0,1,2026-09-11 00:00:00,2026-10-11 00:00:00,C07977,HOTELERA PALACE RESORTS,PALACE RESORTS,1546.9,0,247.51,1794.4,0.0,4016-L37,,1,CJA,KM 21 MZA 01 LOTE 1 11 EDIF A,SM 47 CARRET CANCUN PTO MORELOS,CANCUN,QR,77506,Cobro Regreso,"CANCUN, QR.","KM 21 MZA 01 LOTE 1 11 EDIF A, SM 47 CARRET CANCUN PTO MORELOS, 77506, CANCUN, QR",,,,
243758,,194178.0,1,2026-09-11 00:00:00,2026-09-11 00:00:00,C09885,HOTEL CAMINO MAGICO,HOTEL NUKARI QUINTA BOUTIQUE,798.9,0,127.82,926.72,0.0,4052-L41,,1,CJA,CALLE IGNACIO ALLENDE 22,CENTRO,JALA,NAY,63890,Cobro Destino,"JALA, NAY.","CALLE IGNACIO ALLENDE 22, CENTRO, 63890, JALA, NAY",,,,
243758,,194178.0,1,2026-09-11 00:00:00,2026-09-11 00:00:00,C09885,HOTEL CAMINO MAGICO,HOTEL NUKARI QUINTA BOUTIQUE,798.9,0,127.82,926.72,0.0,4052-L45,,1,CJA,CALLE IGNACIO ALLENDE 22,CENTRO,JALA,NAY,63890,Cobro Destino,"JALA, NAY.","CALLE IGNACIO ALLENDE 22, CENTRO, 63890, JALA, NAY",,,,
243758,,194178.0,1,2026-09-11 00:00:00,2026-09-11 00:00:00,C09885,HOTEL CAMINO MAGICO,HOTEL NUKARI QUINTA BOUTIQUE,856.9,0,137.11,994.0,0.0,4052-L44,,1,CJA,CALLE IGNACIO ALLENDE 22,CENTRO,JALA,NAY,63890,Cobro Destino,"JALA, NAY.","CALLE IGNACIO ALLENDE 22, CENTRO, 63890, JALA, NAY",,,,
243759,05424,194434.0,1,2026-09-11 00:00:00,2026-09-11 00:00:00,C05424,INMOBILIARIA AZUL DE ACAPULCO,CASAS Y VILLAS,911.99,0,145.92,1057.91,0.0,4016-J07,,1,CJA,CIRCUITO OLINALA LOTE 1,OLINALA PRINCESS,ACAPULCO DE JUAREZ,GRO,39890,Cobro Destino,"ACAPULCO DE JUAREZ, GRO.","CIRCUITO OLINALA LOTE 1, OLINALA PRINCESS, 39890, ACAPULCO DE JUAREZ, GRO",,,,
243759,05424,194434.0,1,2026-09-11 00:00:00,2026-09-11 00:00:00,C05424,INMOBILIARIA AZUL DE ACAPULCO,CASAS Y VILLAS,2335.8,0,373.73,2709.53,0.0,4016-L04,,2,CJA,CIRCUITO OLINALA LOTE 1,OLINALA PRINCESS,ACAPULCO DE JUAREZ,GRO,39890,Cobro Destino,"ACAPULCO DE JUAREZ, GRO.","CIRCUITO OLINALA LOTE 1, OLINALA PRINCESS, 39890, ACAPULCO DE JUAREZ, GRO",,,,
243760,5684,194435.0,1,2026-09-11 00:00:00,2026-09-26 00:00:00,C02299,FJH HOTELEROS,EJECUTIVO EXPRESS,664.9,0,106.38,771.28,0.0,4043-L39,,1,CJA,AV.MEXICO No.2920,TERRANOVA,GUADALAJARA,JAL,44689,Transporte LOCAL,"GUADALAJARA, JAL.","AV.MEXICO No.2920, TERRANOVA, 44689, GUADALAJARA, JAL",,,,
243760,5684,194435.0,1,2026-09-11 00:00:00,2026-09-26 00:00:00,C02299,FJH HOTELEROS,EJECUTIVO EXPRESS,1747.9,0,279.66,2027.56,0.0,4029-A93,,1,CJA,AV.MEXICO No.2920,TERRANOVA,GUADALAJARA,JAL,44689,Transporte LOCAL,"GUADALAJARA, JAL.","AV.MEXICO No.2920, TERRANOVA, 44689, GUADALAJARA, JAL",,,,
243760,5684,194435.0,1,2026-09-11 00:00:00,2026-09-26 00:00:00,C02299,FJH HOTELEROS,EJECUTIVO EXPRESS,1008.5,0,161.37,1169.86,0.0,4052-J07,,1,CJA,AV.MEXICO No.2920,TERRANOVA,GUADALAJARA,JAL,44689,Transporte LOCAL,"GUADALAJARA, JAL.","AV.MEXICO No.2920, TERRANOVA, 44689, GUADALAJARA, JAL",,,,
243760,5684,194435.0,1,2026-09-11 00:00:00,2026-09-26 00:00:00,C02299,FJH HOTELEROS,EJECUTIVO EXPRESS,992.5,0,158.8,1151.3,0.0,4043-J07,,1,CJA,AV.MEXICO No.2920,TERRANOVA,GUADALAJARA,JAL,44689,Transporte LOCAL,"GUADALAJARA, JAL.","AV.MEXICO No.2920, TERRANOVA, 44689, GUADALAJARA, JAL",,,,
243761,"OPERADORA ARPA // Refacturación Factura 241563 25/07/2026, por fecha.",192211.0,1,2026-09-11 00:00:00,2026-09-19 00:00:00,C03992,OPERADORA ARPA,CHN MONTERREY NORTE,5019.0,0,803.04,5822.04,0.0,4016-J08,,6,CJA,AV FIDEL VELAZQUEZ 3000,CENTRAL,MONTERREY,NL,64190,Solo Factura,"MONTERREY, NL.","AV FIDEL VELAZQUEZ 3000, CENTRAL, 64190, MONTERREY, NL",,,,
243761,"OPERADORA ARPA // Refacturación Factura 241563 25/07/2026, por fecha.",192211.0,1,2026-09-11 00:00:00,2026-09-19 00:00:00,C03992,OPERADORA ARPA,CHN MONTERREY NORTE,7007.4,0,1121.18,8128.58,0.0,4016-L04,,6,CJA,AV FIDEL VELAZQUEZ 3000,CENTRAL,MONTERREY,NL,64190,Solo Factura,"MONTERREY, NL.","AV FIDEL VELAZQUEZ 3000, CENTRAL, 64190, MONTERREY, NL",,,,
243762,"4508842288  // Refacturación Factura 241304 21/07/2026,",191478.0,3,2026-09-11 00:00:00,2026-11-10 00:00:00,C04471,QUIROOCAN,BARCELO MAYA BEACH RESORT,6731.36,0,1077.02,7808.39,398.43,JHRB-0109,,9,PZA,CARR CHETUMAL PTO JUAREZ KM 266 3,,XPU HA,QR,77750,CEDIS Cancún,"XPU HA, QR.","CARR CHETUMAL PTO JUAREZ KM 266 3, , 77750, XPU HA, QR",,,,
243762,"4508842288  // Refacturación Factura 241304 21/07/2026,",191478.0,3,2026-09-11 00:00:00,2026-11-10 00:00:00,C04471,QUIROOCAN,BARCELO MAYA BEACH RESORT,2606.51,0,417.04,3023.48,154.28,JHRB-0108,,7,PZA,CARR CHETUMAL PTO JUAREZ KM 266 3,,XPU HA,QR,77750,CEDIS Cancún,"XPU HA, QR.","CARR CHETUMAL PTO JUAREZ KM 266 3, , 77750, XPU HA, QR",,,,
243763,SECADORAS AGOSTO 26,194192.0,1,2026-09-11 00:00:00,2026-10-11 00:00:00,C00308,OPERADORA RIO GRANDE,QUALITY INN AGUASCALIENTES (143211),3840.0,0,614.4,4454.4,0.0,JHEL-0022,,8,PZA,JOSE MARIA CHAVEZ  #101,CENTRO,AGUASCALIENTES,AGS,20000,Cobro Regreso,"AGUASCALIENTES, AGS.","JOSE MARIA CHAVEZ  #101, CENTRO, 20000, AGUASCALIENTES, AGS",,,,
243764,P393,190466.0,13,2026-09-11 00:00:00,2026-10-11 00:00:00,C08412,HOTEL EMPORIUM INC.,HOTEL EMPORIUM INC.,827840.3,0,0.0,827840.3,49000.0,C08412-J03,TERRA GREEN,1750,CJA,13724 Harvard Place,,Gardena,CA,90249,Exportacion,"Gardena, CA.","13724 Harvard Place, , 90249, Gardena, CA",,,,
243765,PEDIDO HOTEL RAMADA,194436.0,1,2026-09-11 00:00:00,2026-09-11 00:00:00,C04082,TRITRISQUELES,RAMADA PLAZA VERACRUZ,7171.5,0,1147.44,8318.94,0.0,4029-A96,,3,CJA,AV.LAS AMERICAS 241,FRACC. DE LAS AMERICAS,BOCA DEL RIO,VER,94299,Cobro Regreso,"BOCA DEL RIO, VER.","AV.LAS AMERICAS 241, FRACC. DE LAS AMERICAS, 94299, BOCA DEL RIO, VER",,,,
243765,PEDIDO HOTEL RAMADA,194436.0,1,2026-09-11 00:00:00,2026-09-11 00:00:00,C04082,TRITRISQUELES,RAMADA PLAZA VERACRUZ,6730.5,0,1076.88,7807.38,0.0,5369-J03,,7,CJA,AV.LAS AMERICAS 241,FRACC. DE LAS AMERICAS,BOCA DEL RIO,VER,94299,Cobro Regreso,"BOCA DEL RIO, VER.","AV.LAS AMERICAS 241, FRACC. DE LAS AMERICAS, 94299, BOCA DEL RIO, VER",,,,
243765,PEDIDO HOTEL RAMADA,194436.0,1,2026-09-11 00:00:00,2026-09-11 00:00:00,C04082,TRITRISQUELES,RAMADA PLAZA VERACRUZ,1098.0,0,175.68,1273.68,0.0,5369-L20,,2,CJA,AV.LAS AMERICAS 241,FRACC. DE LAS AMERICAS,BOCA DEL RIO,VER,94299,Cobro Regreso,"BOCA DEL RIO, VER.","AV.LAS AMERICAS 241, FRACC. DE LAS AMERICAS, 94299, BOCA DEL RIO, VER",,,,
243765,PEDIDO HOTEL RAMADA,194436.0,1,2026-09-11 00:00:00,2026-09-11 00:00:00,C04082,TRITRISQUELES,RAMADA PLAZA VERACRUZ,2745.0,0,439.2,3184.2,0.0,5369-L22,,5,CJA,AV.LAS AMERICAS 241,FRACC. DE LAS AMERICAS,BOCA DEL RIO,VER,94299,Cobro Regreso,"BOCA DEL RIO, VER.","AV.LAS AMERICAS 241, FRACC. DE LAS AMERICAS, 94299, BOCA DEL RIO, VER",,,,
243765,PEDIDO HOTEL RAMADA,194436.0,1,2026-09-11 00:00:00,2026-09-11 00:00:00,C04082,TRITRISQUELES,RAMADA PLAZA VERACRUZ,1310.9,0,209.74,1520.64,0.0,4029-A94,,1,CJA,AV.LAS AMERICAS 241,FRACC. DE LAS AMERICAS,BOCA DEL RIO,VER,94299,Cobro Regreso,"BOCA DEL RIO, VER.","AV.LAS AMERICAS 241, FRACC. DE LAS AMERICAS, 94299, BOCA DEL RIO, VER",,,,
243765,PEDIDO HOTEL RAMADA,194436.0,1,2026-09-11 00:00:00,2026-09-11 00:00:00,C04082,TRITRISQUELES,RAMADA PLAZA VERACRUZ,2598.0,0,415.68,3013.68,0.0,5369-L02,RAINFOREST FOLIAGE B,2,CJA,AV.LAS AMERICAS 241,FRACC. DE LAS AMERICAS,BOCA DEL RIO,VER,94299,Cobro Regreso,"BOCA DEL RIO, VER.","AV.LAS AMERICAS 241, FRACC. DE LAS AMERICAS, 94299, BOCA DEL RIO, VER",,,,
243766,110926,194440.0,1,2026-09-11 00:00:00,2026-09-11 00:00:00,C08328,MORENO DEVELOPMENT GROUP,MORGAN RESIDENCES BOUTIQUE,914.9,0,146.38,1061.28,0.0,4018-J07,,1,CJA,8 DE OCTUBRE 1921 INT DEP 504,AMPLIACION MARIANO MATAMOROS,CABO SAN LUCAS,BCS,23468,Cobro Destino,"CABO SAN LUCAS, BCS.","8 DE OCTUBRE 1921 INT DEP 504, AMPLIACION MARIANO MATAMOROS, 23468, CABO SAN LUCAS, BCS",,,,
243766,110926,194440.0,1,2026-09-11 00:00:00,2026-09-11 00:00:00,C08328,MORENO DEVELOPMENT GROUP,MORGAN RESIDENCES BOUTIQUE,1193.5,0,190.96,1384.46,0.0,4018-J06,,1,CJA,8 DE OCTUBRE 1921 INT DEP 504,AMPLIACION MARIANO MATAMOROS,CABO SAN LUCAS,BCS,23468,Cobro Destino,"CABO SAN LUCAS, BCS.","8 DE OCTUBRE 1921 INT DEP 504, AMPLIACION MARIANO MATAMOROS, 23468, CABO SAN LUCAS, BCS",,,,
243767,4500117046,194441.0,1,2026-09-11 00:00:00,2026-10-11 00:00:00,C00147,OPERADORA TURISTICA EMPORIO REFORMA,EMPORIO REFORMA,7530.0,0,1204.8,8734.8,0.0,4043-J07,,10,CJA,PASEO DE LA REFORMA 124,JUAREZ,MEXICO,CMX,6600,Cobro Regreso,"MEXICO, CMX.","PASEO DE LA REFORMA 124, JUAREZ, 06600, MEXICO, CMX",,,,
243768,MZTDT0024532,194442.0,1,2026-09-11 00:00:00,2026-10-11 00:00:00,C06466,HYDRA DESARROLLOS,"DOUBLETREE MAZATLAN, MEXICO (MZTDT)",10395.0,0,1663.2,12058.2,0.0,8014-L21,,5,CJA,AV CAMARON SABALO 905,ZONA COSTERA,MAZATLAN,SIN,82148,Cobro Regreso,"MAZATLAN, SIN.","AV CAMARON SABALO 905, ZONA COSTERA, 82148, MAZATLAN, SIN",,,,
243768,MZTDT0024532,194442.0,1,2026-09-11 00:00:00,2026-10-11 00:00:00,C06466,HYDRA DESARROLLOS,"DOUBLETREE MAZATLAN, MEXICO (MZTDT)",10395.0,0,1663.2,12058.2,0.0,8014-L23,,5,CJA,AV CAMARON SABALO 905,ZONA COSTERA,MAZATLAN,SIN,82148,Cobro Regreso,"MAZATLAN, SIN.","AV CAMARON SABALO 905, ZONA COSTERA, 82148, MAZATLAN, SIN",,,,
243768,MZTDT0024532,194442.0,1,2026-09-11 00:00:00,2026-10-11 00:00:00,C06466,HYDRA DESARROLLOS,"DOUBLETREE MAZATLAN, MEXICO (MZTDT)",10395.0,0,1663.2,12058.2,0.0,8014-L22,,5,CJA,AV CAMARON SABALO 905,ZONA COSTERA,MAZATLAN,SIN,82148,Cobro Regreso,"MAZATLAN, SIN.","AV CAMARON SABALO 905, ZONA COSTERA, 82148, MAZATLAN, SIN",,,,
243768,MZTDT0024532,194442.0,1,2026-09-11 00:00:00,2026-10-11 00:00:00,C06466,HYDRA DESARROLLOS,"DOUBLETREE MAZATLAN, MEXICO (MZTDT)",7665.0,0,1226.4,8891.4,0.0,8014-J03,,5,CJA,AV CAMARON SABALO 905,ZONA COSTERA,MAZATLAN,SIN,82148,Cobro Regreso,"MAZATLAN, SIN.","AV CAMARON SABALO 905, ZONA COSTERA, 82148, MAZATLAN, SIN",,,,
243768,MZTDT0024532,194442.0,1,2026-09-11 00:00:00,2026-10-11 00:00:00,C06466,HYDRA DESARROLLOS,"DOUBLETREE MAZATLAN, MEXICO (MZTDT)",10395.0,0,1663.2,12058.2,0.0,8014-L20,,5,CJA,AV CAMARON SABALO 905,ZONA COSTERA,MAZATLAN,SIN,82148,Cobro Regreso,"MAZATLAN, SIN.","AV CAMARON SABALO 905, ZONA COSTERA, 82148, MAZATLAN, SIN",,,,
243769,CUNHI0098387,194443.0,3,2026-09-11 00:00:00,2026-10-26 00:00:00,C08486,TULKAL HOSPITALITY SERVICES,"HILTON TULUM RIVIERA MAYA ALL-INCLUSIVE RESORT, MEXICO (CUNHI)",31185.0,0,4989.6,36174.6,0.0,8014-L21,,15,CJA,CARR KM 248+888 FRAC II L 01 REGION 001 MZ 101 LOTE 005,CIUDAD DE CHEMUYIL,TULUM,QR,77774,CEDIS Cancún,"TULUM, QR.","CARR KM 248+888 FRAC II L 01 REGION 001 MZ 101 LOTE 005, CIUDAD DE CHEMUYIL, 77774, TULUM, QR",,,,
243769,CUNHI0098387,194443.0,3,2026-09-11 00:00:00,2026-10-26 00:00:00,C08486,TULKAL HOSPITALITY SERVICES,"HILTON TULUM RIVIERA MAYA ALL-INCLUSIVE RESORT, MEXICO (CUNHI)",20790.0,0,3326.4,24116.4,0.0,8014-L22,,10,CJA,CARR KM 248+888 FRAC II L 01 REGION 001 MZ 101 LOTE 005,CIUDAD DE CHEMUYIL,TULUM,QR,77774,CEDIS Cancún,"TULUM, QR.","CARR KM 248+888 FRAC II L 01 REGION 001 MZ 101 LOTE 005, CIUDAD DE CHEMUYIL, 77774, TULUM, QR",,,,
243769,CUNHI0098387,194443.0,3,2026-09-11 00:00:00,2026-10-26 00:00:00,C08486,TULKAL HOSPITALITY SERVICES,"HILTON TULUM RIVIERA MAYA ALL-INCLUSIVE RESORT, MEXICO (CUNHI)",3349.5,0,535.92,3885.42,0.0,8014-J04,,2,CJA,CARR KM 248+888 FRAC II L 01 REGION 001 MZ 101 LOTE 005,CIUDAD DE CHEMUYIL,TULUM,QR,77774,CEDIS Cancún,"TULUM, QR.","CARR KM 248+888 FRAC II L 01 REGION 001 MZ 101 LOTE 005, CIUDAD DE CHEMUYIL, 77774, TULUM, QR",,,,
243769,CUNHI0098387,194443.0,3,2026-09-11 00:00:00,2026-10-26 00:00:00,C08486,TULKAL HOSPITALITY SERVICES,"HILTON TULUM RIVIERA MAYA ALL-INCLUSIVE RESORT, MEXICO (CUNHI)",20790.0,0,3326.4,24116.4,0.0,8014-L20,,10,CJA,CARR KM 248+888 FRAC II L 01 REGION 001 MZ 101 LOTE 005,CIUDAD DE CHEMUYIL,TULUM,QR,77774,CEDIS Cancún,"TULUM, QR.","CARR KM 248+888 FRAC II L 01 REGION 001 MZ 101 LOTE 005, CIUDAD DE CHEMUYIL, 77774, TULUM, QR",,,,
243770,4509031555,194445.0,3,2026-09-11 00:00:00,2026-11-10 00:00:00,C05750,DESARROLLO FLAMENCO RIVIERA,OCCIDENTAL XCARET,7425.0,0,1188.0,8613.0,0.0,JHJY-0070,,33,PZA,CARRET FEDERAL PTO JUAREZ KM 282 NO 307,S/C,PLAYA DEL CARMEN,QR,77710,CEDIS Cancún,"PLAYA DEL CARMEN, QR.","CARRET FEDERAL PTO JUAREZ KM 282 NO 307, S/C, 77710, PLAYA DEL CARMEN, QR",,,,
243771,PEDIDO HAMPTON,194446.0,1,2026-09-11 00:00:00,2026-10-11 00:00:00,C08737,HOTELERA CARCUR CASTAÑEDA,"HAMPTON CIUDAD VICTORIA, MEXICO (CDJVC)",9198.0,0,1471.68,10669.68,0.0,4011-L27,,6,CJA,BOULEVARD TAMAULIPAS 2539,RESIDENCIAL CABAÑAS VICTORIA,VICTORIA,TAM,87025,Cobro Regreso,"VICTORIA, TAM.","BOULEVARD TAMAULIPAS 2539, RESIDENCIAL CABAÑAS VICTORIA, 87025, VICTORIA, TAM",,,,
243771,PEDIDO HAMPTON,194446.0,1,2026-09-11 00:00:00,2026-10-11 00:00:00,C08737,HOTELERA CARCUR CASTAÑEDA,"HAMPTON CIUDAD VICTORIA, MEXICO (CDJVC)",4079.25,0,652.68,4731.93,0.0,4011-J07,,7,CJA,BOULEVARD TAMAULIPAS 2539,RESIDENCIAL CABAÑAS VICTORIA,VICTORIA,TAM,87025,Cobro Regreso,"VICTORIA, TAM.","BOULEVARD TAMAULIPAS 2539, RESIDENCIAL CABAÑAS VICTORIA, 87025, VICTORIA, TAM",,,,
243771,PEDIDO HAMPTON,194446.0,1,2026-09-11 00:00:00,2026-10-11 00:00:00,C08737,HOTELERA CARCUR CASTAÑEDA,"HAMPTON CIUDAD VICTORIA, MEXICO (CDJVC)",7665.0,0,1226.4,8891.4,0.0,4011-L30,,5,CJA,BOULEVARD TAMAULIPAS 2539,RESIDENCIAL CABAÑAS VICTORIA,VICTORIA,TAM,87025,Cobro Regreso,"VICTORIA, TAM.","BOULEVARD TAMAULIPAS 2539, RESIDENCIAL CABAÑAS VICTORIA, 87025, VICTORIA, TAM",,,,
243771,PEDIDO HAMPTON,194446.0,1,2026-09-11 00:00:00,2026-10-11 00:00:00,C08737,HOTELERA CARCUR CASTAÑEDA,"HAMPTON CIUDAD VICTORIA, MEXICO (CDJVC)",4599.0,0,735.84,5334.84,0.0,4011-L28,,3,CJA,BOULEVARD TAMAULIPAS 2539,RESIDENCIAL CABAÑAS VICTORIA,VICTORIA,TAM,87025,Cobro Regreso,"VICTORIA, TAM.","BOULEVARD TAMAULIPAS 2539, RESIDENCIAL CABAÑAS VICTORIA, 87025, VICTORIA, TAM",,,,
243772,OPERADORA JAMAS,194447.0,1,2026-09-11 00:00:00,2026-09-11 00:00:00,C00547,OPERADORA JAMAS,HOTEL FENIX,2509.5,0,401.52,2911.02,0.0,4016-J08,,3,CJA,AV.CORONA # 160,ZONA CENTRO,GUADALAJARA,JAL,44100,Transporte LOCAL,"GUADALAJARA, JAL.","AV.CORONA # 160, ZONA CENTRO, 44100, GUADALAJARA, JAL",,,,
243772,OPERADORA JAMAS,194447.0,1,2026-09-11 00:00:00,2026-09-11 00:00:00,C00547,OPERADORA JAMAS,HOTEL FENIX,3503.7,0,560.59,4064.29,0.0,4016-L04,,3,CJA,AV.CORONA # 160,ZONA CENTRO,GUADALAJARA,JAL,44100,Transporte LOCAL,"GUADALAJARA, JAL.","AV.CORONA # 160, ZONA CENTRO, 44100, GUADALAJARA, JAL",,,,
243772,OPERADORA JAMAS,194447.0,1,2026-09-11 00:00:00,2026-09-11 00:00:00,C00547,OPERADORA JAMAS,HOTEL FENIX,754.99,0,120.8,875.79,0.0,4029-A90,,1,CJA,AV.CORONA # 160,ZONA CENTRO,GUADALAJARA,JAL,44100,Transporte LOCAL,"GUADALAJARA, JAL.","AV.CORONA # 160, ZONA CENTRO, 44100, GUADALAJARA, JAL",,,,
243772,OPERADORA JAMAS,194447.0,1,2026-09-11 00:00:00,2026-09-11 00:00:00,C00547,OPERADORA JAMAS,HOTEL FENIX,5147.6,0,823.62,5971.22,0.0,4016-L07,ELEMENTS EVOLUTION B,4,CJA,AV.CORONA # 160,ZONA CENTRO,GUADALAJARA,JAL,44100,Transporte LOCAL,"GUADALAJARA, JAL.","AV.CORONA # 160, ZONA CENTRO, 44100, GUADALAJARA, JAL",,,,
243773,UZ-09006,194448.0,3,2026-09-11 00:00:00,2026-09-26 00:00:00,C07585,IMPULSORA PLAZA CELAYA,CITY EXPRESS CANCUN (CECUN),1005.73,0,160.92,1166.65,0.0,4051-L12,,1,CJA,AV NICHUPTE SMZ 8 MZA 1 LT  4,CENTRO,CANCUN,QR,77500,CEDIS Cancún,"CANCUN, QR.","AV NICHUPTE SMZ 8 MZA 1 LT  4, CENTRO, 77500, CANCUN, QR",,,,
243773,UZ-09006,194448.0,3,2026-09-11 00:00:00,2026-09-26 00:00:00,C07585,IMPULSORA PLAZA CELAYA,CITY EXPRESS CANCUN (CECUN),1244.88,0,199.18,1444.06,0.0,4051-J04,,3,CJA,AV NICHUPTE SMZ 8 MZA 1 LT  4,CENTRO,CANCUN,QR,77500,CEDIS Cancún,"CANCUN, QR.","AV NICHUPTE SMZ 8 MZA 1 LT  4, CENTRO, 77500, CANCUN, QR",,,,
243773,UZ-09006,194448.0,3,2026-09-11 00:00:00,2026-09-26 00:00:00,C07585,IMPULSORA PLAZA CELAYA,CITY EXPRESS CANCUN (CECUN),1932.84,0,309.25,2242.09,0.0,4051-J03,,3,CJA,AV NICHUPTE SMZ 8 MZA 1 LT  4,CENTRO,CANCUN,QR,77500,CEDIS Cancún,"CANCUN, QR.","AV NICHUPTE SMZ 8 MZA 1 LT  4, CENTRO, 77500, CANCUN, QR",,,,
243773,UZ-09006,194448.0,3,2026-09-11 00:00:00,2026-09-26 00:00:00,C07585,IMPULSORA PLAZA CELAYA,CITY EXPRESS CANCUN (CECUN),1005.73,0,160.92,1166.65,0.0,4051-L11,,1,CJA,AV NICHUPTE SMZ 8 MZA 1 LT  4,CENTRO,CANCUN,QR,77500,CEDIS Cancún,"CANCUN, QR.","AV NICHUPTE SMZ 8 MZA 1 LT  4, CENTRO, 77500, CANCUN, QR",,,,
243773,UZ-09006,194448.0,3,2026-09-11 00:00:00,2026-09-26 00:00:00,C07585,IMPULSORA PLAZA CELAYA,CITY EXPRESS CANCUN (CECUN),3017.19,0,482.75,3499.94,0.0,4051-L10,,3,CJA,AV NICHUPTE SMZ 8 MZA 1 LT  4,CENTRO,CANCUN,QR,77500,CEDIS Cancún,"CANCUN, QR.","AV NICHUPTE SMZ 8 MZA 1 LT  4, CENTRO, 77500, CANCUN, QR",,,,
243774,PAZTU,194449.0,1,2026-09-11 00:00:00,2026-09-11 00:00:00,C04572,GRUPO INMOBILIARIO RICSHER,HOLIDAY INN EXPRESS TUXPAN A0200403 (PAZRL),2215.0,0,354.4,2569.4,0.0,4029-A05,MISCELANEOS,1,CJA,KM 6.5 CARRETERA  A LA BARRA  S/N,LA CALZADA,TUXPAN,VER,92773,Cobro Regreso,"TUXPAN, VER.","KM 6.5 CARRETERA  A LA BARRA  S/N, LA CALZADA, 92773, TUXPAN, VER",,,,
243775,HOTEL LUCERNA CULIACAN,194450.0,1,2026-09-11 00:00:00,2026-10-11 00:00:00,C01514,COMPAÑIA HOTELERA LUCERNA,HOTEL LUCERNA CULIACAN,2899.0,0,463.84,3362.84,0.0,4011-L09,,2,CJA,BLVD. DIEGO VALADEZ RIOS 99,DESARROLLO URBANO 3 RIOS,CULIACAN,SIN,80020,Cobro Regreso,"CULIACAN, SIN.","BLVD. DIEGO VALADEZ RIOS 99, DESARROLLO URBANO 3 RIOS, 80020, CULIACAN, SIN",,,,
243775,HOTEL LUCERNA CULIACAN,194450.0,1,2026-09-11 00:00:00,2026-10-11 00:00:00,C01514,COMPAÑIA HOTELERA LUCERNA,HOTEL LUCERNA CULIACAN,2950.5,0,472.08,3422.58,0.0,4011-J08,,3,CJA,BLVD. DIEGO VALADEZ RIOS 99,DESARROLLO URBANO 3 RIOS,CULIACAN,SIN,80020,Cobro Regreso,"CULIACAN, SIN.","BLVD. DIEGO VALADEZ RIOS 99, DESARROLLO URBANO 3 RIOS, 80020, CULIACAN, SIN",,,,
243775,HOTEL LUCERNA CULIACAN,194450.0,1,2026-09-11 00:00:00,2026-10-11 00:00:00,C01514,COMPAÑIA HOTELERA LUCERNA,HOTEL LUCERNA CULIACAN,428.4,0,68.54,496.94,0.0,4018-A28,,1,CJA,BLVD. DIEGO VALADEZ RIOS 99,DESARROLLO URBANO 3 RIOS,CULIACAN,SIN,80020,Cobro Regreso,"CULIACAN, SIN.","BLVD. DIEGO VALADEZ RIOS 99, DESARROLLO URBANO 3 RIOS, 80020, CULIACAN, SIN",,,,
243775,HOTEL LUCERNA CULIACAN,194450.0,1,2026-09-11 00:00:00,2026-10-11 00:00:00,C01514,COMPAÑIA HOTELERA LUCERNA,HOTEL LUCERNA CULIACAN,2319.8,0,371.17,2690.97,0.0,4011-J07,,2,CJA,BLVD. DIEGO VALADEZ RIOS 99,DESARROLLO URBANO 3 RIOS,CULIACAN,SIN,80020,Cobro Regreso,"CULIACAN, SIN.","BLVD. DIEGO VALADEZ RIOS 99, DESARROLLO URBANO 3 RIOS, 80020, CULIACAN, SIN",,,,
243776,,193674.0,1,2026-09-14 00:00:00,2026-09-14 00:00:00,C01265,HOTEL DE LOS PEREZ,HOTEL PIEDRA ALTA,2050.0,0,328.0,2378.0,0.0,4016-L35,,1,CJA,RASCON  2,CENTRO,SAN ANDRES TUXTLA,VER,95700,Cobro Destino,"SAN ANDRES TUXTLA, VER.","RASCON  2, CENTRO, 95700, SAN ANDRES TUXTLA, VER",,,,
243776,,193674.0,1,2026-09-14 00:00:00,2026-09-14 00:00:00,C01265,HOTEL DE LOS PEREZ,HOTEL PIEDRA ALTA,1546.9,0,247.5,1794.4,0.0,4016-L34,,1,CJA,RASCON  2,CENTRO,SAN ANDRES TUXTLA,VER,95700,Cobro Destino,"SAN ANDRES TUXTLA, VER.","RASCON  2, CENTRO, 95700, SAN ANDRES TUXTLA, VER",,,,
243776,,193674.0,1,2026-09-14 00:00:00,2026-09-14 00:00:00,C01265,HOTEL DE LOS PEREZ,HOTEL PIEDRA ALTA,1672.8,0,267.65,1940.45,0.0,JHJY-0065,,4,CJA,RASCON  2,CENTRO,SAN ANDRES TUXTLA,VER,95700,Cobro Destino,"SAN ANDRES TUXTLA, VER.","RASCON  2, CENTRO, 95700, SAN ANDRES TUXTLA, VER",,,,
243776,,193674.0,1,2026-09-14 00:00:00,2026-09-14 00:00:00,C01265,HOTEL DE LOS PEREZ,HOTEL PIEDRA ALTA,6383.93,0,1021.43,7405.36,0.0,4016-J07,,7,CJA,RASCON  2,CENTRO,SAN ANDRES TUXTLA,VER,95700,Cobro Destino,"SAN ANDRES TUXTLA, VER.","RASCON  2, CENTRO, 95700, SAN ANDRES TUXTLA, VER",,,,
243776,,193674.0,1,2026-09-14 00:00:00,2026-09-14 00:00:00,C01265,HOTEL DE LOS PEREZ,HOTEL PIEDRA ALTA,5855.5,0,936.88,6792.38,0.0,4016-J08,,7,CJA,RASCON  2,CENTRO,SAN ANDRES TUXTLA,VER,95700,Cobro Destino,"SAN ANDRES TUXTLA, VER.","RASCON  2, CENTRO, 95700, SAN ANDRES TUXTLA, VER",,,,
243776,,193674.0,1,2026-09-14 00:00:00,2026-09-14 00:00:00,C01265,HOTEL DE LOS PEREZ,HOTEL PIEDRA ALTA,7007.4,0,1121.18,8128.58,0.0,4016-L04,,6,CJA,RASCON  2,CENTRO,SAN ANDRES TUXTLA,VER,95700,Cobro Destino,"SAN ANDRES TUXTLA, VER.","RASCON  2, CENTRO, 95700, SAN ANDRES TUXTLA, VER",,,,
243776,,193674.0,1,2026-09-14 00:00:00,2026-09-14 00:00:00,C01265,HOTEL DE LOS PEREZ,HOTEL PIEDRA ALTA,2386.0,0,381.76,2767.76,0.0,4016-L30,,4,CJA,RASCON  2,CENTRO,SAN ANDRES TUXTLA,VER,95700,Cobro Destino,"SAN ANDRES TUXTLA, VER.","RASCON  2, CENTRO, 95700, SAN ANDRES TUXTLA, VER",,,,
243776,,193674.0,1,2026-09-14 00:00:00,2026-09-14 00:00:00,C01265,HOTEL DE LOS PEREZ,HOTEL PIEDRA ALTA,4772.0,0,763.52,5535.52,0.0,4016-L33,,8,CJA,RASCON  2,CENTRO,SAN ANDRES TUXTLA,VER,95700,Cobro Destino,"SAN ANDRES TUXTLA, VER.","RASCON  2, CENTRO, 95700, SAN ANDRES TUXTLA, VER",,,,
243777,OC14492/1,191067.0,1,2026-09-14 00:00:00,2026-11-13 00:00:00,C09421,GRUPO AGC INTERNACIONAL,GRUPO AGC,134400.0,0,21504.0,155904.0,0.0,C09421-L01,,1120,CJA,AV. 18 DE MARZO 704 BODEGA ALCE,LA NOGALERA,GUADALAJARA,JAL,44470,Transporte LOCAL,"GUADALAJARA, JAL.","AV. 18 DE MARZO 704 BODEGA ALCE, LA NOGALERA, 44470, GUADALAJARA, JAL",,,,
243810,WX-08626,194473.0,1,2026-09-15 00:00:00,2026-09-30 00:00:00,C07197,HOTELES Y DESARROLLOS BCG,CITY EXPRESS CELAYA GALERIAS (CECEG),1659.84,0,265.57,1925.41,0.0,4051-J04,,4,CJA,AV. EJE NOR-ORIENTE LUIS DONALDO COLOSIO No. 203,SANTA LUCIA,CELAYA,GTO,38080,Cobro Regreso,"CELAYA, GTO.","AV. EJE NOR-ORIENTE LUIS DONALDO COLOSIO No. 203, SANTA LUCIA, 38080, CELAYA, GTO",,,,
243810,WX-08626,194473.0,1,2026-09-15 00:00:00,2026-09-30 00:00:00,C07197,HOTELES Y DESARROLLOS BCG,CITY EXPRESS CELAYA GALERIAS (CECEG),3017.19,0,482.75,3499.94,0.0,4051-L10,,3,CJA,AV. EJE NOR-ORIENTE LUIS DONALDO COLOSIO No. 203,SANTA LUCIA,CELAYA,GTO,38080,Cobro Regreso,"CELAYA, GTO.","AV. EJE NOR-ORIENTE LUIS DONALDO COLOSIO No. 203, SANTA LUCIA, 38080, CELAYA, GTO",,,,
243810,WX-08626,194473.0,1,2026-09-15 00:00:00,2026-09-30 00:00:00,C07197,HOTELES Y DESARROLLOS BCG,CITY EXPRESS CELAYA GALERIAS (CECEG),644.28,0,103.09,747.36,0.0,4051-J03,,1,CJA,AV. EJE NOR-ORIENTE LUIS DONALDO COLOSIO No. 203,SANTA LUCIA,CELAYA,GTO,38080,Cobro Regreso,"CELAYA, GTO.","AV. EJE NOR-ORIENTE LUIS DONALDO COLOSIO No. 203, SANTA LUCIA, 38080, CELAYA, GTO",,,,
243810,WX-08626,194473.0,1,2026-09-15 00:00:00,2026-09-30 00:00:00,C07197,HOTELES Y DESARROLLOS BCG,CITY EXPRESS CELAYA GALERIAS (CECEG),2011.46,0,321.84,2333.29,0.0,4051-L12,,2,CJA,AV. EJE NOR-ORIENTE LUIS DONALDO COLOSIO No. 203,SANTA LUCIA,CELAYA,GTO,38080,Cobro Regreso,"CELAYA, GTO.","AV. EJE NOR-ORIENTE LUIS DONALDO COLOSIO No. 203, SANTA LUCIA, 38080, CELAYA, GTO",,,,
243810,WX-08626,194473.0,1,2026-09-15 00:00:00,2026-09-30 00:00:00,C07197,HOTELES Y DESARROLLOS BCG,CITY EXPRESS CELAYA GALERIAS (CECEG),2011.46,0,321.83,2333.29,0.0,4051-L11,,2,CJA,AV. EJE NOR-ORIENTE LUIS DONALDO COLOSIO No. 203,SANTA LUCIA,CELAYA,GTO,38080,Cobro Regreso,"CELAYA, GTO.","AV. EJE NOR-ORIENTE LUIS DONALDO COLOSIO No. 203, SANTA LUCIA, 38080, CELAYA, GTO",,,,
243811,221058 maritza,194489.0,1,2026-09-15 00:00:00,2026-09-15 00:00:00,C09795,LUIS DE JESUS GARCIA CHAVEZ,CYPRES HOTEL & SUITES,1823.98,0,291.84,2115.82,0.0,4016-J07,,2,CJA,AVENIDA CALZADA CENTRAL 265,CUIDAD GRANJA,ZAPOPAN,JAL,45010,Transporte LOCAL,"ZAPOPAN, JAL.","AVENIDA CALZADA CENTRAL 265, CUIDAD GRANJA, 45010, ZAPOPAN, JAL",,,,
243811,221058 maritza,194489.0,1,2026-09-15 00:00:00,2026-09-15 00:00:00,C09795,LUIS DE JESUS GARCIA CHAVEZ,CYPRES HOTEL & SUITES,2335.8,0,373.73,2709.53,0.0,4016-L04,,2,CJA,AVENIDA CALZADA CENTRAL 265,CUIDAD GRANJA,ZAPOPAN,JAL,45010,Transporte LOCAL,"ZAPOPAN, JAL.","AVENIDA CALZADA CENTRAL 265, CUIDAD GRANJA, 45010, ZAPOPAN, JAL",,,,
243811,221058 maritza,194489.0,1,2026-09-15 00:00:00,2026-09-15 00:00:00,C09795,LUIS DE JESUS GARCIA CHAVEZ,CYPRES HOTEL & SUITES,1286.9,0,205.9,1492.8,0.0,4016-L07,ELEMENTS EVOLUTION B,1,CJA,AVENIDA CALZADA CENTRAL 265,CUIDAD GRANJA,ZAPOPAN,JAL,45010,Transporte LOCAL,"ZAPOPAN, JAL.","AVENIDA CALZADA CENTRAL 265, CUIDAD GRANJA, 45010, ZAPOPAN, JAL",,,,
243812,220968 MARITZA,194487.0,1,2026-09-15 00:00:00,2026-09-15 00:00:00,C06525,GRUPO BURGES,HOTEL PLAYA FIESTA,5955.0,0,952.8,6907.8,0.0,4043-J07,,6,CJA,CARRETERA BARRA DE NAVIDAD KM. 5,ZONA HOTELERA SUR,PUERTO VALLARTA,JAL,48390,Cobro Destino,"PUERTO VALLARTA, JAL.","CARRETERA BARRA DE NAVIDAD KM. 5, ZONA HOTELERA SUR, 48390, PUERTO VALLARTA, JAL",,,,
243812,220968 MARITZA,194487.0,1,2026-09-15 00:00:00,2026-09-15 00:00:00,C06525,GRUPO BURGES,HOTEL PLAYA FIESTA,8623.2,0,1379.71,10002.91,0.0,4043-L01,ALMOND & OLIVE SHAMP,8,CJA,CARRETERA BARRA DE NAVIDAD KM. 5,ZONA HOTELERA SUR,PUERTO VALLARTA,JAL,48390,Cobro Destino,"PUERTO VALLARTA, JAL.","CARRETERA BARRA DE NAVIDAD KM. 5, ZONA HOTELERA SUR, 48390, PUERTO VALLARTA, JAL",,,,
243812,220968 MARITZA,194487.0,1,2026-09-15 00:00:00,2026-09-15 00:00:00,C06525,GRUPO BURGES,HOTEL PLAYA FIESTA,8623.2,0,1379.71,10002.91,0.0,4043-L03,ALMOND & OLIVE CONDI,8,CJA,CARRETERA BARRA DE NAVIDAD KM. 5,ZONA HOTELERA SUR,PUERTO VALLARTA,JAL,48390,Cobro Destino,"PUERTO VALLARTA, JAL.","CARRETERA BARRA DE NAVIDAD KM. 5, ZONA HOTELERA SUR, 48390, PUERTO VALLARTA, JAL",,,,
243812,220968 MARITZA,194487.0,1,2026-09-15 00:00:00,2026-09-15 00:00:00,C06525,GRUPO BURGES,HOTEL PLAYA FIESTA,9701.1,0,1552.18,11253.28,0.0,4043-L04,ALMOND & OLIVE BATH,9,CJA,CARRETERA BARRA DE NAVIDAD KM. 5,ZONA HOTELERA SUR,PUERTO VALLARTA,JAL,48390,Cobro Destino,"PUERTO VALLARTA, JAL.","CARRETERA BARRA DE NAVIDAD KM. 5, ZONA HOTELERA SUR, 48390, PUERTO VALLARTA, JAL",,,,
243812,220968 MARITZA,194487.0,1,2026-09-15 00:00:00,2026-09-15 00:00:00,C06525,GRUPO BURGES,HOTEL PLAYA FIESTA,7545.3,0,1207.25,8752.55,0.0,4043-L02,ALMOND & OLIVE BODY,7,CJA,CARRETERA BARRA DE NAVIDAD KM. 5,ZONA HOTELERA SUR,PUERTO VALLARTA,JAL,48390,Cobro Destino,"PUERTO VALLARTA, JAL.","CARRETERA BARRA DE NAVIDAD KM. 5, ZONA HOTELERA SUR, 48390, PUERTO VALLARTA, JAL",,,,
243813,PROMONTE,194488.0,1,2026-09-15 00:00:00,2026-09-15 00:00:00,C08190,PROMONTE,MOTEL VILLAMAGNA,9119.9,0,1459.18,10579.08,0.0,4016-J07,,10,CJA,CARR A REYNOSA KM 14.5 S/N,VAQUERIAS,JUAREZ,NL,67250,Cobro Destino,"JUAREZ, NL.","CARR A REYNOSA KM 14.5 S/N, VAQUERIAS, 67250, JUAREZ, NL",,,,
243813,PROMONTE,194488.0,1,2026-09-15 00:00:00,2026-09-15 00:00:00,C08190,PROMONTE,MOTEL VILLAMAGNA,5839.5,0,934.32,6773.82,0.0,4016-L04,,5,CJA,CARR A REYNOSA KM 14.5 S/N,VAQUERIAS,JUAREZ,NL,67250,Cobro Destino,"JUAREZ, NL.","CARR A REYNOSA KM 14.5 S/N, VAQUERIAS, 67250, JUAREZ, NL",,,,
243814,OC-RTN-32602,194282.0,3,2026-09-15 00:00:00,2026-11-14 00:00:00,C03616,REPRESENTACIONES TURISTICAS MEXICO,BAHIA PRINCIPE,3627.5,0,580.4,4207.9,0.0,4016-J08,,5,CJA,Entre Calle HOTEL OASIS AKUMAL Y Calle HACIENDA DOÑA ISABEL SN,Akumal,TULUM,QR,77776,CEDIS Cancún,"TULUM, QR.","Entre Calle HOTEL OASIS AKUMAL Y Calle HACIENDA DOÑA ISABEL SN, Akumal, 77776, TULUM, QR",,,,
243815,OC-RTN-327017,194479.0,3,2026-09-15 00:00:00,2026-11-14 00:00:00,C03616,REPRESENTACIONES TURISTICAS MEXICO,BAHIA PRINCIPE,3627.5,0,580.4,4207.9,0.0,4016-J08,,5,CJA,Entre Calle HOTEL OASIS AKUMAL Y Calle HACIENDA DOÑA ISABEL SN,Akumal,TULUM,QR,77776,CEDIS Cancún,"TULUM, QR.","Entre Calle HOTEL OASIS AKUMAL Y Calle HACIENDA DOÑA ISABEL SN, Akumal, 77776, TULUM, QR",,,,
243815,OC-RTN-327017,194479.0,3,2026-09-15 00:00:00,2026-11-14 00:00:00,C03616,REPRESENTACIONES TURISTICAS MEXICO,BAHIA PRINCIPE,5882.0,0,941.12,6823.12,0.0,4016-L33,,10,CJA,Entre Calle HOTEL OASIS AKUMAL Y Calle HACIENDA DOÑA ISABEL SN,Akumal,TULUM,QR,77776,CEDIS Cancún,"TULUM, QR.","Entre Calle HOTEL OASIS AKUMAL Y Calle HACIENDA DOÑA ISABEL SN, Akumal, 77776, TULUM, QR",,,,
243815,OC-RTN-327017,194479.0,3,2026-09-15 00:00:00,2026-11-14 00:00:00,C03616,REPRESENTACIONES TURISTICAS MEXICO,BAHIA PRINCIPE,2526.8,0,404.29,2931.09,0.0,4029-A90,,4,CJA,Entre Calle HOTEL OASIS AKUMAL Y Calle HACIENDA DOÑA ISABEL SN,Akumal,TULUM,QR,77776,CEDIS Cancún,"TULUM, QR.","Entre Calle HOTEL OASIS AKUMAL Y Calle HACIENDA DOÑA ISABEL SN, Akumal, 77776, TULUM, QR",,,,
243815,OC-RTN-327017,194479.0,3,2026-09-15 00:00:00,2026-11-14 00:00:00,C03616,REPRESENTACIONES TURISTICAS MEXICO,BAHIA PRINCIPE,9480.4,0,1516.86,10997.26,0.0,4029-A05,MISCELANEOS,4,CJA,Entre Calle HOTEL OASIS AKUMAL Y Calle HACIENDA DOÑA ISABEL SN,Akumal,TULUM,QR,77776,CEDIS Cancún,"TULUM, QR.","Entre Calle HOTEL OASIS AKUMAL Y Calle HACIENDA DOÑA ISABEL SN, Akumal, 77776, TULUM, QR",,,,
243816,JQ-15786,194458.0,1,2026-09-15 00:00:00,2026-09-30 00:00:00,C07608,IMPULSORA PLAZA CELAYA,CITY EXPRESS PLUS EBC REFORMA (CEEBC),829.92,0,132.79,962.71,0.0,4051-J04,,2,CJA,HAVRE #21,JUAREZ,CIUDAD DE MEXICO,DF2,6600,Cobro Regreso,"CIUDAD DE MEXICO, DF2.","HAVRE #21, JUAREZ, 06600, CIUDAD DE MEXICO, DF2",,,,
243816,JQ-15786,194458.0,1,2026-09-15 00:00:00,2026-09-30 00:00:00,C07608,IMPULSORA PLAZA CELAYA,CITY EXPRESS PLUS EBC REFORMA (CEEBC),2011.46,0,321.83,2333.29,0.0,4051-L10,,2,CJA,HAVRE #21,JUAREZ,CIUDAD DE MEXICO,DF2,6600,Cobro Regreso,"CIUDAD DE MEXICO, DF2.","HAVRE #21, JUAREZ, 06600, CIUDAD DE MEXICO, DF2",,,,
243816,JQ-15786,194458.0,1,2026-09-15 00:00:00,2026-09-30 00:00:00,C07608,IMPULSORA PLAZA CELAYA,CITY EXPRESS PLUS EBC REFORMA (CEEBC),3017.19,0,482.75,3499.94,0.0,4051-L12,,3,CJA,HAVRE #21,JUAREZ,CIUDAD DE MEXICO,DF2,6600,Cobro Regreso,"CIUDAD DE MEXICO, DF2.","HAVRE #21, JUAREZ, 06600, CIUDAD DE MEXICO, DF2",,,,
243817,NL-15235,194456.0,1,2026-09-15 00:00:00,2026-09-30 00:00:00,C07187,IMPULSORA PLAZA TIJUANA,CITY EXPRESS IRAPUATO (CEIRA),1244.88,0,199.18,1444.06,0.0,4051-J04,,3,CJA,BLVD. VILLAS DE IRAPUATO No. 1362,EJIDO IRAPUATO,IRAPUATO,GTO,36643,Cobro Regreso,"IRAPUATO, GTO.","BLVD. VILLAS DE IRAPUATO No. 1362, EJIDO IRAPUATO, 36643, IRAPUATO, GTO",,,,
243817,NL-15235,194456.0,1,2026-09-15 00:00:00,2026-09-30 00:00:00,C07187,IMPULSORA PLAZA TIJUANA,CITY EXPRESS IRAPUATO (CEIRA),644.28,0,103.09,747.36,0.0,4051-J03,,1,CJA,BLVD. VILLAS DE IRAPUATO No. 1362,EJIDO IRAPUATO,IRAPUATO,GTO,36643,Cobro Regreso,"IRAPUATO, GTO.","BLVD. VILLAS DE IRAPUATO No. 1362, EJIDO IRAPUATO, 36643, IRAPUATO, GTO",,,,
243817,NL-15235,194456.0,1,2026-09-15 00:00:00,2026-09-30 00:00:00,C07187,IMPULSORA PLAZA TIJUANA,CITY EXPRESS IRAPUATO (CEIRA),1005.73,0,160.92,1166.65,0.0,4051-L12,,1,CJA,BLVD. VILLAS DE IRAPUATO No. 1362,EJIDO IRAPUATO,IRAPUATO,GTO,36643,Cobro Regreso,"IRAPUATO, GTO.","BLVD. VILLAS DE IRAPUATO No. 1362, EJIDO IRAPUATO, 36643, IRAPUATO, GTO",,,,
243817,NL-15235,194456.0,1,2026-09-15 00:00:00,2026-09-30 00:00:00,C07187,IMPULSORA PLAZA TIJUANA,CITY EXPRESS IRAPUATO (CEIRA),3017.19,0,482.75,3499.94,0.0,4051-L10,,3,CJA,BLVD. VILLAS DE IRAPUATO No. 1362,EJIDO IRAPUATO,IRAPUATO,GTO,36643,Cobro Regreso,"IRAPUATO, GTO.","BLVD. VILLAS DE IRAPUATO No. 1362, EJIDO IRAPUATO, 36643, IRAPUATO, GTO",,,,
243817,NL-15235,194456.0,1,2026-09-15 00:00:00,2026-09-30 00:00:00,C07187,IMPULSORA PLAZA TIJUANA,CITY EXPRESS IRAPUATO (CEIRA),2011.46,0,321.83,2333.29,0.0,4051-L11,,2,CJA,BLVD. VILLAS DE IRAPUATO No. 1362,EJIDO IRAPUATO,IRAPUATO,GTO,36643,Cobro Regreso,"IRAPUATO, GTO.","BLVD. VILLAS DE IRAPUATO No. 1362, EJIDO IRAPUATO, 36643, IRAPUATO, GTO",,,,
243818,ZD-10059,194454.0,1,2026-09-15 00:00:00,2026-09-30 00:00:00,C07280,IMPULSORA PLAZA JUAREZ,CITY EXPRESS MONTERREY SANTA CATARINA (CEMTY),1005.73,0,160.92,1166.65,0.0,4051-L11,,1,CJA,CARR. MONTERREY SALTILLO #1135,PUERTA DE LAS MITRAS,SANTA CATARINA,NL,66350,Cobro Regreso,"SANTA CATARINA, NL.","CARR. MONTERREY SALTILLO #1135, PUERTA DE LAS MITRAS, 66350, SANTA CATARINA, NL",,,,
243818,ZD-10059,194454.0,1,2026-09-15 00:00:00,2026-09-30 00:00:00,C07280,IMPULSORA PLAZA JUAREZ,CITY EXPRESS MONTERREY SANTA CATARINA (CEMTY),2011.46,0,321.83,2333.29,0.0,4051-L12,,2,CJA,CARR. MONTERREY SALTILLO #1135,PUERTA DE LAS MITRAS,SANTA CATARINA,NL,66350,Cobro Regreso,"SANTA CATARINA, NL.","CARR. MONTERREY SALTILLO #1135, PUERTA DE LAS MITRAS, 66350, SANTA CATARINA, NL",,,,
243818,ZD-10059,194454.0,1,2026-09-15 00:00:00,2026-09-30 00:00:00,C07280,IMPULSORA PLAZA JUAREZ,CITY EXPRESS MONTERREY SANTA CATARINA (CEMTY),3017.19,0,482.75,3499.94,0.0,4051-L10,,3,CJA,CARR. MONTERREY SALTILLO #1135,PUERTA DE LAS MITRAS,SANTA CATARINA,NL,66350,Cobro Regreso,"SANTA CATARINA, NL.","CARR. MONTERREY SALTILLO #1135, PUERTA DE LAS MITRAS, 66350, SANTA CATARINA, NL",,,,
243818,ZD-10059,194454.0,1,2026-09-15 00:00:00,2026-09-30 00:00:00,C07280,IMPULSORA PLAZA JUAREZ,CITY EXPRESS MONTERREY SANTA CATARINA (CEMTY),1288.56,0,206.17,1494.73,0.0,4051-J03,,2,CJA,CARR. MONTERREY SALTILLO #1135,PUERTA DE LAS MITRAS,SANTA CATARINA,NL,66350,Cobro Regreso,"SANTA CATARINA, NL.","CARR. MONTERREY SALTILLO #1135, PUERTA DE LAS MITRAS, 66350, SANTA CATARINA, NL",,,,
243818,ZD-10059,194454.0,1,2026-09-15 00:00:00,2026-09-30 00:00:00,C07280,IMPULSORA PLAZA JUAREZ,CITY EXPRESS MONTERREY SANTA CATARINA (CEMTY),1659.84,0,265.57,1925.41,0.0,4051-J04,,4,CJA,CARR. MONTERREY SALTILLO #1135,PUERTA DE LAS MITRAS,SANTA CATARINA,NL,66350,Cobro Regreso,"SANTA CATARINA, NL.","CARR. MONTERREY SALTILLO #1135, PUERTA DE LAS MITRAS, 66350, SANTA CATARINA, NL",,,,
243819,OC-RTN-327018,194480.0,3,2026-09-15 00:00:00,2026-11-14 00:00:00,C03616,REPRESENTACIONES TURISTICAS MEXICO,BAHIA PRINCIPE,1968.6,0,314.98,2283.58,116.0,C03616-L08,,4,CJA,Entre Calle HOTEL OASIS AKUMAL Y Calle HACIENDA DOÑA ISABEL SN,Akumal,TULUM,QR,77776,CEDIS Cancún,"TULUM, QR.","Entre Calle HOTEL OASIS AKUMAL Y Calle HACIENDA DOÑA ISABEL SN, Akumal, 77776, TULUM, QR",,,,
243819,OC-RTN-327018,194480.0,3,2026-09-15 00:00:00,2026-11-14 00:00:00,C03616,REPRESENTACIONES TURISTICAS MEXICO,BAHIA PRINCIPE,3445.05,0,551.21,3996.26,203.0,C03616-L10,,7,CJA,Entre Calle HOTEL OASIS AKUMAL Y Calle HACIENDA DOÑA ISABEL SN,Akumal,TULUM,QR,77776,CEDIS Cancún,"TULUM, QR.","Entre Calle HOTEL OASIS AKUMAL Y Calle HACIENDA DOÑA ISABEL SN, Akumal, 77776, TULUM, QR",,,,
243819,OC-RTN-327018,194480.0,3,2026-09-15 00:00:00,2026-11-14 00:00:00,C03616,REPRESENTACIONES TURISTICAS MEXICO,BAHIA PRINCIPE,5600.33,0,896.05,6496.38,330.0,AC-0073,,3,CJA,Entre Calle HOTEL OASIS AKUMAL Y Calle HACIENDA DOÑA ISABEL SN,Akumal,TULUM,QR,77776,CEDIS Cancún,"TULUM, QR.","Entre Calle HOTEL OASIS AKUMAL Y Calle HACIENDA DOÑA ISABEL SN, Akumal, 77776, TULUM, QR",,,,
243820,VENTA MOSTRADOR,221074.0,3,2026-09-15 00:00:00,2026-09-15 00:00:00,C09325,BIO SISTEMAS Y SUMINISTROS,BIO SISTEMAS Y SUMINISTROS,4226.4,0,676.22,4902.62,0.0,5013-L41,,4,CJA,"CALLE 5 SUR, MZ 10C LT 06",EJIDO SUR,PLAYA DEL CARMEN,QR,77712,CEDIS Cancún,"PLAYA DEL CARMEN, QR.","CALLE 5 SUR, MZ 10C LT 06, EJIDO SUR, 77712, PLAYA DEL CARMEN, QR",,,,
243820,VENTA MOSTRADOR,221074.0,3,2026-09-15 00:00:00,2026-09-15 00:00:00,C09325,BIO SISTEMAS Y SUMINISTROS,BIO SISTEMAS Y SUMINISTROS,4226.4,0,676.23,4902.62,0.0,5013-L44,,4,CJA,"CALLE 5 SUR, MZ 10C LT 06",EJIDO SUR,PLAYA DEL CARMEN,QR,77712,CEDIS Cancún,"PLAYA DEL CARMEN, QR.","CALLE 5 SUR, MZ 10C LT 06, EJIDO SUR, 77712, PLAYA DEL CARMEN, QR",,,,
243821,4700255727,194484.0,1,2026-09-15 00:00:00,2026-10-30 00:00:00,C00030,INMO F,ALOFT GUADALAJARA SUR (GDLPU 5528),754.99,0,120.8,875.79,0.0,4029-A90,,1,CJA,AV. PUNTO SUR 235,LOS GAVILANES,TLAJOMULCO DE ZUÑIGA,JAL,45645,Transporte LOCAL,"TLAJOMULCO DE ZUÑIGA, JAL.","AV. PUNTO SUR 235, LOS GAVILANES, 45645, TLAJOMULCO DE ZUÑIGA, JAL",,,,
243821,4700255727,194484.0,1,2026-09-15 00:00:00,2026-10-30 00:00:00,C00030,INMO F,ALOFT GUADALAJARA SUR (GDLPU 5528),2215.0,0,354.4,2569.4,0.0,4029-A05,MISCELANEOS,1,CJA,AV. PUNTO SUR 235,LOS GAVILANES,TLAJOMULCO DE ZUÑIGA,JAL,45645,Transporte LOCAL,"TLAJOMULCO DE ZUÑIGA, JAL.","AV. PUNTO SUR 235, LOS GAVILANES, 45645, TLAJOMULCO DE ZUÑIGA, JAL",,,,
243822,4700248442,194475.0,1,2026-09-15 00:00:00,2026-10-30 00:00:00,C04844,FIDEICOMISO IRREVOCABLE DB/1616,"HAMPTON QUERETARO TECNOLOGICO, MEXICO (QROHT)",3066.0,0,490.56,3556.56,0.0,4011-L28,,2,CJA,BLVD.BERNARDO QUINTANA 4100-1,BALCON CAMPESTRE,QUERETARO,QUE,76100,Cobro Regreso,"QUERETARO, QUE.","BLVD.BERNARDO QUINTANA 4100-1, BALCON CAMPESTRE, 76100, QUERETARO, QUE",,,,
243822,4700248442,194475.0,1,2026-09-15 00:00:00,2026-10-30 00:00:00,C04844,FIDEICOMISO IRREVOCABLE DB/1616,"HAMPTON QUERETARO TECNOLOGICO, MEXICO (QROHT)",1533.0,0,245.28,1778.28,0.0,4011-L30,,1,CJA,BLVD.BERNARDO QUINTANA 4100-1,BALCON CAMPESTRE,QUERETARO,QUE,76100,Cobro Regreso,"QUERETARO, QUE.","BLVD.BERNARDO QUINTANA 4100-1, BALCON CAMPESTRE, 76100, QUERETARO, QUE",,,,
243822,4700248442,194475.0,1,2026-09-15 00:00:00,2026-10-30 00:00:00,C04844,FIDEICOMISO IRREVOCABLE DB/1616,"HAMPTON QUERETARO TECNOLOGICO, MEXICO (QROHT)",4783.03,0,765.28,5548.31,0.0,4011-J08,,7,CJA,BLVD.BERNARDO QUINTANA 4100-1,BALCON CAMPESTRE,QUERETARO,QUE,76100,Cobro Regreso,"QUERETARO, QUE.","BLVD.BERNARDO QUINTANA 4100-1, BALCON CAMPESTRE, 76100, QUERETARO, QUE",,,,
243822,4700248442,194475.0,1,2026-09-15 00:00:00,2026-10-30 00:00:00,C04844,FIDEICOMISO IRREVOCABLE DB/1616,"HAMPTON QUERETARO TECNOLOGICO, MEXICO (QROHT)",2331.0,0,372.96,2703.96,0.0,4011-J07,,4,CJA,BLVD.BERNARDO QUINTANA 4100-1,BALCON CAMPESTRE,QUERETARO,QUE,76100,Cobro Regreso,"QUERETARO, QUE.","BLVD.BERNARDO QUINTANA 4100-1, BALCON CAMPESTRE, 76100, QUERETARO, QUE",,,,
243822,4700248442,194475.0,1,2026-09-15 00:00:00,2026-10-30 00:00:00,C04844,FIDEICOMISO IRREVOCABLE DB/1616,"HAMPTON QUERETARO TECNOLOGICO, MEXICO (QROHT)",4599.0,0,735.84,5334.84,0.0,4011-L27,,3,CJA,BLVD.BERNARDO QUINTANA 4100-1,BALCON CAMPESTRE,QUERETARO,QUE,76100,Cobro Regreso,"QUERETARO, QUE.","BLVD.BERNARDO QUINTANA 4100-1, BALCON CAMPESTRE, 76100, QUERETARO, QUE",,,,
243823,UK-15782,194464.0,1,2026-09-15 00:00:00,2026-09-30 00:00:00,C07304,IMPULSORA PLAZA JUAREZ,CITY EXPRESS MONTERREY AEROPUERTO (CEMTA),1005.73,0,160.92,1166.65,0.0,4051-L11,,1,CJA,KAPPA #5028,PARQUE INDUSTRIAL MILENIUM,APODACA,NL,66600,Cobro Regreso,"APODACA, NL.","KAPPA #5028, PARQUE INDUSTRIAL MILENIUM, 66600, APODACA, NL",,,,
243823,UK-15782,194464.0,1,2026-09-15 00:00:00,2026-09-30 00:00:00,C07304,IMPULSORA PLAZA JUAREZ,CITY EXPRESS MONTERREY AEROPUERTO (CEMTA),1005.73,0,160.92,1166.65,0.0,4051-L12,,1,CJA,KAPPA #5028,PARQUE INDUSTRIAL MILENIUM,APODACA,NL,66600,Cobro Regreso,"APODACA, NL.","KAPPA #5028, PARQUE INDUSTRIAL MILENIUM, 66600, APODACA, NL",,,,
243823,UK-15782,194464.0,1,2026-09-15 00:00:00,2026-09-30 00:00:00,C07304,IMPULSORA PLAZA JUAREZ,CITY EXPRESS MONTERREY AEROPUERTO (CEMTA),1005.73,0,160.92,1166.65,0.0,4051-L10,,1,CJA,KAPPA #5028,PARQUE INDUSTRIAL MILENIUM,APODACA,NL,66600,Cobro Regreso,"APODACA, NL.","KAPPA #5028, PARQUE INDUSTRIAL MILENIUM, 66600, APODACA, NL",,,,
243823,UK-15782,194464.0,1,2026-09-15 00:00:00,2026-09-30 00:00:00,C07304,IMPULSORA PLAZA JUAREZ,CITY EXPRESS MONTERREY AEROPUERTO (CEMTA),2489.76,0,398.35,2888.12,0.0,4051-J04,,6,CJA,KAPPA #5028,PARQUE INDUSTRIAL MILENIUM,APODACA,NL,66600,Cobro Regreso,"APODACA, NL.","KAPPA #5028, PARQUE INDUSTRIAL MILENIUM, 66600, APODACA, NL",,,,
243823,UK-15782,194464.0,1,2026-09-15 00:00:00,2026-09-30 00:00:00,C07304,IMPULSORA PLAZA JUAREZ,CITY EXPRESS MONTERREY AEROPUERTO (CEMTA),644.28,0,103.09,747.36,0.0,4051-J03,,1,CJA,KAPPA #5028,PARQUE INDUSTRIAL MILENIUM,APODACA,NL,66600,Cobro Regreso,"APODACA, NL.","KAPPA #5028, PARQUE INDUSTRIAL MILENIUM, 66600, APODACA, NL",,,,
243824,pedido septiembre,194255.0,1,2026-09-15 00:00:00,2026-09-30 00:00:00,C02139,OPERADORA XA,HOLIDAY INN EXPRESS MANZANILLO (ZLOEF),2804.4,0,448.71,3253.1,0.0,68758339,,5,CJA,BLVD. MIGUEL DE LA MADRID 424,ZONA INDUSTRIAL TAPEIXTLES,MANZANILLO,COL,28239,Cobro Regreso,"MANZANILLO, COL.","BLVD. MIGUEL DE LA MADRID 424, ZONA INDUSTRIAL TAPEIXTLES, 28239, MANZANILLO, COL",,,,
243824,pedido septiembre,194255.0,1,2026-09-15 00:00:00,2026-09-30 00:00:00,C02139,OPERADORA XA,HOLIDAY INN EXPRESS MANZANILLO (ZLOEF),2616.0,0,418.56,3034.56,0.0,68732295,,5,CJA,BLVD. MIGUEL DE LA MADRID 424,ZONA INDUSTRIAL TAPEIXTLES,MANZANILLO,COL,28239,Cobro Regreso,"MANZANILLO, COL.","BLVD. MIGUEL DE LA MADRID 424, ZONA INDUSTRIAL TAPEIXTLES, 28239, MANZANILLO, COL",,,,
243824,pedido septiembre,194255.0,1,2026-09-15 00:00:00,2026-09-30 00:00:00,C02139,OPERADORA XA,HOLIDAY INN EXPRESS MANZANILLO (ZLOEF),2833.2,0,453.31,3286.51,0.0,68732293,,5,CJA,BLVD. MIGUEL DE LA MADRID 424,ZONA INDUSTRIAL TAPEIXTLES,MANZANILLO,COL,28239,Cobro Regreso,"MANZANILLO, COL.","BLVD. MIGUEL DE LA MADRID 424, ZONA INDUSTRIAL TAPEIXTLES, 28239, MANZANILLO, COL",,,,
243824,pedido septiembre,194255.0,1,2026-09-15 00:00:00,2026-09-30 00:00:00,C02139,OPERADORA XA,HOLIDAY INN EXPRESS MANZANILLO (ZLOEF),2736.0,0,437.76,3173.76,0.0,68732292,,5,CJA,BLVD. MIGUEL DE LA MADRID 424,ZONA INDUSTRIAL TAPEIXTLES,MANZANILLO,COL,28239,Cobro Regreso,"MANZANILLO, COL.","BLVD. MIGUEL DE LA MADRID 424, ZONA INDUSTRIAL TAPEIXTLES, 28239, MANZANILLO, COL",,,,
243825,ALEJANDRA AMADO,193167.0,1,2026-09-15 00:00:00,2026-10-15 00:00:00,C00673,OPERACIONES HOTELERAS DE CHIHUAHUA,HOLIDAY INN EXPRESS CHIHUAHUA (CUUCI) A0208495,3629.34,0,580.7,4210.03,0.0,69706955,,6,CJA,AV.CRISTOBAL COLON 11390,COMPLEJO INDUSTRIAL CHIHUAHUA,CHIHUAHUA,CHI,31109,Cobro Regreso,"CHIHUAHUA, CHI.","AV.CRISTOBAL COLON 11390, COMPLEJO INDUSTRIAL CHIHUAHUA, 31109, CHIHUAHUA, CHI",,,,
243825,ALEJANDRA AMADO,193167.0,1,2026-09-15 00:00:00,2026-10-15 00:00:00,C00673,OPERACIONES HOTELERAS DE CHIHUAHUA,HOLIDAY INN EXPRESS CHIHUAHUA (CUUCI) A0208495,1882.98,0,301.28,2184.26,0.0,68739026,,3,CJA,AV.CRISTOBAL COLON 11390,COMPLEJO INDUSTRIAL CHIHUAHUA,CHIHUAHUA,CHI,31109,Cobro Regreso,"CHIHUAHUA, CHI.","AV.CRISTOBAL COLON 11390, COMPLEJO INDUSTRIAL CHIHUAHUA, 31109, CHIHUAHUA, CHI",,,,
243825,ALEJANDRA AMADO,193167.0,1,2026-09-15 00:00:00,2026-10-15 00:00:00,C00673,OPERACIONES HOTELERAS DE CHIHUAHUA,HOLIDAY INN EXPRESS CHIHUAHUA (CUUCI) A0208495,3114.6,0,498.33,3612.94,0.0,68758340,,5,CJA,AV.CRISTOBAL COLON 11390,COMPLEJO INDUSTRIAL CHIHUAHUA,CHIHUAHUA,CHI,31109,Cobro Regreso,"CHIHUAHUA, CHI.","AV.CRISTOBAL COLON 11390, COMPLEJO INDUSTRIAL CHIHUAHUA, 31109, CHIHUAHUA, CHI",,,,
243825,ALEJANDRA AMADO,193167.0,1,2026-09-15 00:00:00,2026-10-15 00:00:00,C00673,OPERACIONES HOTELERAS DE CHIHUAHUA,HOLIDAY INN EXPRESS CHIHUAHUA (CUUCI) A0208495,1200.0,0,192.0,1392.0,0.0,4029-A94,,1,CJA,AV.CRISTOBAL COLON 11390,COMPLEJO INDUSTRIAL CHIHUAHUA,CHIHUAHUA,CHI,31109,Cobro Regreso,"CHIHUAHUA, CHI.","AV.CRISTOBAL COLON 11390, COMPLEJO INDUSTRIAL CHIHUAHUA, 31109, CHIHUAHUA, CHI",,,,
243825,ALEJANDRA AMADO,193167.0,1,2026-09-15 00:00:00,2026-10-15 00:00:00,C00673,OPERACIONES HOTELERAS DE CHIHUAHUA,HOLIDAY INN EXPRESS CHIHUAHUA (CUUCI) A0208495,1750.0,0,280.0,2030.0,0.0,4029-A96,,1,CJA,AV.CRISTOBAL COLON 11390,COMPLEJO INDUSTRIAL CHIHUAHUA,CHIHUAHUA,CHI,31109,Cobro Regreso,"CHIHUAHUA, CHI.","AV.CRISTOBAL COLON 11390, COMPLEJO INDUSTRIAL CHIHUAHUA, 31109, CHIHUAHUA, CHI",,,,
243826,PO5413535,193455.0,1,2026-09-15 00:00:00,2026-10-15 00:00:00,C04110,CORPORATIVO BEROGAL,ONE LEON POLIFORUM (1LEPO),11880.0,0,1900.8,13780.8,0.0,JHEL-0022,,30,PZA,BOULEVARD  MARIANO ESCOBEDO 2920 INT 1,EL TLACUACHE,LEON,GTO,37500,Cobro Regreso,"LEON, GTO.","BOULEVARD  MARIANO ESCOBEDO 2920 INT 1, EL TLACUACHE, 37500, LEON, GTO",,,,
243834,Hotel Casa Santa Maria,192681.0,1,2026-09-15 00:00:00,2026-09-15 00:00:00,C09455,TOC SERVICIOS DE HOSPITALIDAD,HOTEL CASA SANTA MARIA,2473.23,0,395.72,2868.95,0.0,68739022,,3,CJA,CALLE IV CENTENARIO S/N,CENTRO,AMEALCO DE BONFIL,QUE,76850,Cobro Destino,"AMEALCO DE BONFIL, QUE.","CALLE IV CENTENARIO S/N, CENTRO, 76850, AMEALCO DE BONFIL, QUE",,"CALLE IV CENTENARIO S/N   CENTRO_x000D__x000D_AMEALCO DE BONFIL,76850, QUE_x000D_MX",442 824 5899,TSH250507SS4
243834,Hotel Casa Santa Maria,192681.0,1,2026-09-15 00:00:00,2026-09-15 00:00:00,C09455,TOC SERVICIOS DE HOSPITALIDAD,HOTEL CASA SANTA MARIA,2546.37,0,407.42,2953.79,0.0,68758340,,3,CJA,CALLE IV CENTENARIO S/N,CENTRO,AMEALCO DE BONFIL,QUE,76850,Cobro Destino,"AMEALCO DE BONFIL, QUE.","CALLE IV CENTENARIO S/N, CENTRO, 76850, AMEALCO DE BONFIL, QUE",,"CALLE IV CENTENARIO S/N   CENTRO_x000D__x000D_AMEALCO DE BONFIL,76850, QUE_x000D_MX",442 824 5899,TSH250507SS4
243835,COTIZACION,194482.0,3,2026-09-15 00:00:00,2026-09-15 00:00:00,C09467,OPERADORA HOTELERA MARVIC DE MEXICO,MARVIC HOTEL,798.9,0,127.82,926.72,0.0,4052-L41,,1,CJA,C.44 MZ 144 LT 18,ZAZIL HA,PLAYA DEL CARMEN,QR,77720,CEDIS Cancún,"PLAYA DEL CARMEN, QR.","C.44 MZ 144 LT 18, ZAZIL HA, 77720, PLAYA DEL CARMEN, QR",,"C.44 MZ 144 LT 18   ZAZIL HA_x000D__x000D_PLAYA DEL CARMEN,77720, QR_x000D_MX",984-487-34-66,OHM1911124R1
243835,COTIZACION,194482.0,3,2026-09-15 00:00:00,2026-09-15 00:00:00,C09467,OPERADORA HOTELERA MARVIC DE MEXICO,MARVIC HOTEL,798.9,0,127.83,926.72,0.0,4052-L45,,1,CJA,C.44 MZ 144 LT 18,ZAZIL HA,PLAYA DEL CARMEN,QR,77720,CEDIS Cancún,"PLAYA DEL CARMEN, QR.","C.44 MZ 144 LT 18, ZAZIL HA, 77720, PLAYA DEL CARMEN, QR",,"C.44 MZ 144 LT 18   ZAZIL HA_x000D__x000D_PLAYA DEL CARMEN,77720, QR_x000D_MX",984-487-34-66,OHM1911124R1
243835,COTIZACION,194482.0,3,2026-09-15 00:00:00,2026-09-15 00:00:00,C09467,OPERADORA HOTELERA MARVIC DE MEXICO,MARVIC HOTEL,798.9,0,127.82,926.72,0.0,4052-L46,,1,CJA,C.44 MZ 144 LT 18,ZAZIL HA,PLAYA DEL CARMEN,QR,77720,CEDIS Cancún,"PLAYA DEL CARMEN, QR.","C.44 MZ 144 LT 18, ZAZIL HA, 77720, PLAYA DEL CARMEN, QR",,"C.44 MZ 144 LT 18   ZAZIL HA_x000D__x000D_PLAYA DEL CARMEN,77720, QR_x000D_MX",984-487-34-66,OHM1911124R1
243836,COTIZACION,194476.0,3,2026-09-15 00:00:00,2026-09-15 00:00:00,C07770,GOLDEN TRAVEL CANCUN,AHAVA HOTEL,1985.0,0,317.6,2302.6,0.0,4043-J07,,2,CJA,AVENIDA 10 ENTRE 10BIS Y 10NT,CENTRO,PLAYA DEL CARMEN,QR,77710,CEDIS Cancún,"PLAYA DEL CARMEN, QR.","AVENIDA 10 ENTRE 10BIS Y 10NT, CENTRO, 77710, PLAYA DEL CARMEN, QR",,"AVENIDA 10 NORTE MZA 104   NUMERO EXTERIOR  LT006 NUMERO INTERIOR 206   CENTRO_x000D__x000D_PLAYA DEL CARMEN,77710, QR_x000D_MX",8730262,GTC190905R96
243837,6100156913,194481.0,3,2026-09-15 00:00:00,2026-10-30 00:00:00,C08698,INMOBILIARIA Y PROYECTOS TRPLAYA,HYATT VIVID PLAYA DEL CARMEN,1000.0,0,160.0,1160.0,0.0,4029-A91,,1,CJA,AV CONSTITUYENTES  2,CENTRO,PLAYA DEL CARMEN,QR,77710,CEDIS Cancún,"PLAYA DEL CARMEN, QR.","AV CONSTITUYENTES  2, CENTRO, 77710, PLAYA DEL CARMEN, QR",,"AV. 1 NORTE LT 1 5   GONZALO GUERRERO_x000D__x000D_PLAYA DEL CARMEN,77710, QR_x000D_MX",984 877 2900,IPT071123HI2
243838,CUNQR0074151,194485.0,3,2026-09-15 00:00:00,2026-10-30 00:00:00,C08258,HOSPITALITY SERVICES MAYA,"HILTON CANCUN AN ALL-INCLUSIVE RESORT, MEXICO (CUNQR)",6237.0,0,997.92,7234.92,0.0,8014-L21,,3,CJA,CARRETERA FEDERAL 307 KM 333 850,,CANCUN,QR,77569,CEDIS Cancún,"CANCUN, QR.","CARRETERA FEDERAL 307 KM 333 850, , 77569, CANCUN, QR",,"BOSQUES DE DURAZNOS # 127, PISO 11 OFI 64  ENTRE BOSQUES DE CIRUELOS Y  BOSQUES DE SANDALOS   BOSQUE DE LAS LOMAS_x000D__x000D_MIGUEL HIDALGO,11700, CMX_x000D_MX",9981470163,PHM1807186T0
243838,CUNQR0074151,194485.0,3,2026-09-15 00:00:00,2026-10-30 00:00:00,C08258,HOSPITALITY SERVICES MAYA,"HILTON CANCUN AN ALL-INCLUSIVE RESORT, MEXICO (CUNQR)",1748.25,0,279.72,2027.97,0.0,4011-J07,,3,CJA,CARRETERA FEDERAL 307 KM 333 850,,CANCUN,QR,77569,CEDIS Cancún,"CANCUN, QR.","CARRETERA FEDERAL 307 KM 333 850, , 77569, CANCUN, QR",,"BOSQUES DE DURAZNOS # 127, PISO 11 OFI 64  ENTRE BOSQUES DE CIRUELOS Y  BOSQUES DE SANDALOS   BOSQUE DE LAS LOMAS_x000D__x000D_MIGUEL HIDALGO,11700, CMX_x000D_MX",9981470163,PHM1807186T0
243838,CUNQR0074151,194485.0,3,2026-09-15 00:00:00,2026-10-30 00:00:00,C08258,HOSPITALITY SERVICES MAYA,"HILTON CANCUN AN ALL-INCLUSIVE RESORT, MEXICO (CUNQR)",2310.0,0,369.6,2679.6,0.0,4029-A92,,1,CJA,CARRETERA FEDERAL 307 KM 333 850,,CANCUN,QR,77569,CEDIS Cancún,"CANCUN, QR.","CARRETERA FEDERAL 307 KM 333 850, , 77569, CANCUN, QR",,"BOSQUES DE DURAZNOS # 127, PISO 11 OFI 64  ENTRE BOSQUES DE CIRUELOS Y  BOSQUES DE SANDALOS   BOSQUE DE LAS LOMAS_x000D__x000D_MIGUEL HIDALGO,11700, CMX_x000D_MX",9981470163,PHM1807186T0
243839,hotel avid tijuana,193666.0,1,2026-09-15 00:00:00,2026-09-30 00:00:00,C08479,OPERADORA Y SERVICIOS TURISTICOS DE GUANAJUATO,AVID TIJUANA OTAY(TIJAV),1931.31,0,309.01,2240.32,0.0,68739022,,3,CJA,CALLE ING JUAN OJEDA ROBLES ING. JUAN OJEDA ROBLES 14802,MISIONES DE CALIFORNIA,TIJUANA,BC,22253,Cobro Regreso,"TIJUANA, BC.","CALLE ING JUAN OJEDA ROBLES ING. JUAN OJEDA ROBLES 14802, MISIONES DE CALIFORNIA, 22253, TIJUANA, BC",,"CALLE ING JUAN OJEDA ROBLES 14802   MISION DE LAS CALIFORNIAS_x000D__x000D_TIJUANA,22207, BC_x000D_MX",664 512 6200,OST1005174Z6
243839,hotel avid tijuana,193666.0,1,2026-09-15 00:00:00,2026-09-30 00:00:00,C08479,OPERADORA Y SERVICIOS TURISTICOS DE GUANAJUATO,AVID TIJUANA OTAY(TIJAV),662.85,0,106.06,768.91,0.0,68758340,,1,CJA,CALLE ING JUAN OJEDA ROBLES ING. JUAN OJEDA ROBLES 14802,MISIONES DE CALIFORNIA,TIJUANA,BC,22253,Cobro Regreso,"TIJUANA, BC.","CALLE ING JUAN OJEDA ROBLES ING. JUAN OJEDA ROBLES 14802, MISIONES DE CALIFORNIA, 22253, TIJUANA, BC",,"CALLE ING JUAN OJEDA ROBLES 14802   MISION DE LAS CALIFORNIAS_x000D__x000D_TIJUANA,22207, BC_x000D_MX",664 512 6200,OST1005174Z6
243839,hotel avid tijuana,193666.0,1,2026-09-15 00:00:00,2026-09-30 00:00:00,C08479,OPERADORA Y SERVICIOS TURISTICOS DE GUANAJUATO,AVID TIJUANA OTAY(TIJAV),667.14,0,106.74,773.88,0.0,68739026,,1,CJA,CALLE ING JUAN OJEDA ROBLES ING. JUAN OJEDA ROBLES 14802,MISIONES DE CALIFORNIA,TIJUANA,BC,22253,Cobro Regreso,"TIJUANA, BC.","CALLE ING JUAN OJEDA ROBLES ING. JUAN OJEDA ROBLES 14802, MISIONES DE CALIFORNIA, 22253, TIJUANA, BC",,"CALLE ING JUAN OJEDA ROBLES 14802   MISION DE LAS CALIFORNIAS_x000D__x000D_TIJUANA,22207, BC_x000D_MX",664 512 6200,OST1005174Z6
243840,HOTEL AVID,191179.0,1,2026-09-15 00:00:00,2026-09-30 00:00:00,C08479,OPERADORA Y SERVICIOS TURISTICOS DE GUANAJUATO,AVID TIJUANA OTAY(TIJAV),662.85,0,106.06,768.91,0.0,68758340,,1,CJA,CALLE ING JUAN OJEDA ROBLES ING. JUAN OJEDA ROBLES 14802,MISIONES DE CALIFORNIA,TIJUANA,BC,22253,Cobro Regreso,"TIJUANA, BC.","CALLE ING JUAN OJEDA ROBLES ING. JUAN OJEDA ROBLES 14802, MISIONES DE CALIFORNIA, 22253, TIJUANA, BC",,"CALLE ING JUAN OJEDA ROBLES 14802   MISION DE LAS CALIFORNIAS_x000D__x000D_TIJUANA,22207, BC_x000D_MX",664 512 6200,OST1005174Z6
243842,4700230834,190352.0,1,2026-09-15 00:00:00,2026-10-30 00:00:00,C01829,FIDEICOMISO IRREVOCABLE DB/1616,HOLIDAY INN EXPRESS SALTILLO(SLWZO),2982.0,0,477.12,3459.12,0.0,68732292,,5,CJA,CARRETERA SALTILLO-MONTERREY 6580-3,JARDINES COLONIALES,SALTILLO,COA,25270,Cobro Regreso,"SALTILLO, COA.","CARRETERA SALTILLO-MONTERREY 6580-3, JARDINES COLONIALES, 25270, SALTILLO, COA",,"AV. FUNDADORES Exterior: 1000 INT: PISO 7   VALLE DEL MIRADOR_x000D__x000D_MONTERREY,64750, NL_x000D_MX",844 450 3100,DBM121023M10
243843,2900056550,194503.0,1,2026-09-15 00:00:00,2026-10-15 00:00:00,C08972,CR HOTELERIA SAN LUIS,REAL INN SAN LUIS POTOSI,3000.0,0,480.0,3480.0,0.0,5206-L03,,5,CJA,CARR GUADALAJARA 1100,RINCONADA DE LOS ANDES,SAN LUIS POTOSI,SLP,78216,Cobro Regreso,"SAN LUIS POTOSI, SLP.","CARR GUADALAJARA 1100, RINCONADA DE LOS ANDES, 78216, SAN LUIS POTOSI, SLP",,"CARR GUADALAJARA 1100   RINCONADA DE LOS ANDES_x000D__x000D_SAN LUIS POTOSI,78216, SLP_x000D_MX",444 102 5000,CHS030925TP1
243843,2900056550,194503.0,1,2026-09-15 00:00:00,2026-10-15 00:00:00,C08972,CR HOTELERIA SAN LUIS,REAL INN SAN LUIS POTOSI,3000.0,0,480.0,3480.0,0.0,5206-L04,,5,CJA,CARR GUADALAJARA 1100,RINCONADA DE LOS ANDES,SAN LUIS POTOSI,SLP,78216,Cobro Regreso,"SAN LUIS POTOSI, SLP.","CARR GUADALAJARA 1100, RINCONADA DE LOS ANDES, 78216, SAN LUIS POTOSI, SLP",,"CARR GUADALAJARA 1100   RINCONADA DE LOS ANDES_x000D__x000D_SAN LUIS POTOSI,78216, SLP_x000D_MX",444 102 5000,CHS030925TP1
243843,2900056550,194503.0,1,2026-09-15 00:00:00,2026-10-15 00:00:00,C08972,CR HOTELERIA SAN LUIS,REAL INN SAN LUIS POTOSI,4685.4,0,749.66,5435.06,0.0,4051-L11,,4,CJA,CARR GUADALAJARA 1100,RINCONADA DE LOS ANDES,SAN LUIS POTOSI,SLP,78216,Cobro Regreso,"SAN LUIS POTOSI, SLP.","CARR GUADALAJARA 1100, RINCONADA DE LOS ANDES, 78216, SAN LUIS POTOSI, SLP",,"CARR GUADALAJARA 1100   RINCONADA DE LOS ANDES_x000D__x000D_SAN LUIS POTOSI,78216, SLP_x000D_MX",444 102 5000,CHS030925TP1
243844,4597181,193787.0,1,2026-09-15 00:00:00,2026-09-15 00:00:00,C01060,HOTELES DE PIEDRAS NEGRAS,HOLIDAY INN EXPRESS PIEDRAS NEGRAS A0085970 (PDSFJ),1814.67,0,290.35,2105.02,0.0,68739022,,3,CJA,AV.LAZARO CARDENAS 2500,CENTRAL,PIEDRAS NEGRAS,COA,26060,Cobro Regreso,"PIEDRAS NEGRAS, COA.","AV.LAZARO CARDENAS 2500, CENTRAL, 26060, PIEDRAS NEGRAS, COA",,"AV.LAZARO CARDENAS 2500   CENTRAL_x000D__x000D_PIEDRAS NEGRAS,26060, COA_x000D_MX",878 785 0645,HPN970801A42
243844,4597181,193787.0,1,2026-09-15 00:00:00,2026-09-15 00:00:00,C01060,HOTELES DE PIEDRAS NEGRAS,HOLIDAY INN EXPRESS PIEDRAS NEGRAS A0085970 (PDSFJ),1245.84,0,199.33,1445.17,0.0,68758340,,2,CJA,AV.LAZARO CARDENAS 2500,CENTRAL,PIEDRAS NEGRAS,COA,26060,Cobro Regreso,"PIEDRAS NEGRAS, COA.","AV.LAZARO CARDENAS 2500, CENTRAL, 26060, PIEDRAS NEGRAS, COA",,"AV.LAZARO CARDENAS 2500   CENTRAL_x000D__x000D_PIEDRAS NEGRAS,26060, COA_x000D_MX",878 785 0645,HPN970801A42
243845,luz maria alvarez,193715.0,1,2026-09-15 00:00:00,2026-09-30 00:00:00,C01135,HOTELERA PLAZA DALI,HOLIDAY INN MEXICO DALI AEROPUERTO A0207811 (MEXPD),3629.34,0,580.69,4210.03,0.0,68739022,,6,CJA,VIADUCTO RIO DE LA PIEDAD 260,MAGDALENA MIXHUCA,MEXICO,CMX,15860,Cobro Regreso,"MEXICO, CMX.","VIADUCTO RIO DE LA PIEDAD 260, MAGDALENA MIXHUCA, 15860, MEXICO, CMX",,"VIADUCTO RIO DE LA PIEDAD 260   MAGDALENA MIXHUCA_x000D__x000D_MEXICO,15850, CMX_x000D_MX",55 5036 0990,HPD910125GX0
243846,PEDIDO AVID GUADALAJARA PONIENTE AGOSTO,193714.0,1,2026-09-15 00:00:00,2026-09-15 00:00:00,C08792,OPERADORA DE HOTELES FERRAN,HOTEL AVID GUADALAJARA (GDLAV),1209.78,0,193.57,1403.34,0.0,68739022,,2,CJA,CARRETERA GUADALAJARA - TEPIC 7355,SAN JUAN DE OCOTAN,ZAPOPAN,JAL,45019,Transporte LOCAL,"ZAPOPAN, JAL.","CARRETERA GUADALAJARA - TEPIC 7355, SAN JUAN DE OCOTAN, 45019, ZAPOPAN, JAL",,"CARRETERA GUADALAJARA - TEPIC 7355   SAN JUAN DE OCOTAN_x000D__x000D_ZAPOPAN,45019, JAL_x000D_MX",33 4382 2370,OHF201029LU6
243846,PEDIDO AVID GUADALAJARA PONIENTE AGOSTO,193714.0,1,2026-09-15 00:00:00,2026-09-15 00:00:00,C08792,OPERADORA DE HOTELES FERRAN,HOTEL AVID GUADALAJARA (GDLAV),2243.52,0,358.96,2602.48,0.0,68758339,,4,CJA,CARRETERA GUADALAJARA - TEPIC 7355,SAN JUAN DE OCOTAN,ZAPOPAN,JAL,45019,Transporte LOCAL,"ZAPOPAN, JAL.","CARRETERA GUADALAJARA - TEPIC 7355, SAN JUAN DE OCOTAN, 45019, ZAPOPAN, JAL",,"CARRETERA GUADALAJARA - TEPIC 7355   SAN JUAN DE OCOTAN_x000D__x000D_ZAPOPAN,45019, JAL_x000D_MX",33 4382 2370,OHF201029LU6
243847,HOTEL JILTON URGENTES,194060.0,1,2026-09-15 00:00:00,2026-10-15 00:00:00,C08473,PROMOTORA DEVI,"HILTON GARDEN INN MONTERREY OBISPADO, NUEVO LEON, MEXICO (MTYGI)",682.5,0,109.2,791.7,0.0,JHJY-0034,,10,PZA,AV CONSTITUCIÓN 2050,CENTRO,MONTERREY,NL,64000,Cobro Regreso,"MONTERREY, NL.","AV CONSTITUCIÓN 2050, CENTRO, 64000, MONTERREY, NL",,"BELISARIO DOMINGUEZ 2020 5TO PISO   OBISPADO_x000D__x000D_MONTERREY,64060, NL_x000D_MX",8132314000  ext 4003,PDE1305084L7
243848,,194501.0,1,2026-09-15 00:00:00,2026-09-15 00:00:00,C09894,AL-2 TECH,AL-2 TECH,798.9,0,127.82,926.72,0.0,4052-L41,,1,CJA,RUBEN DARIO 1525 A,PROVIDENCIA 4TA SECCION,GUADALAJARA,JAL,44639,Transporte LOCAL,"GUADALAJARA, JAL.","RUBEN DARIO 1525 A, PROVIDENCIA 4TA SECCION, 44639, GUADALAJARA, JAL",,"AVENIDA AMERICAS 1619 PISO 06, INT 02   PROVIDENCIA_x000D__x000D_GUADALAJARA,44630, JAL_x000D_MX",33 12 63 5467,ATE231031IB6
243848,,194501.0,1,2026-09-15 00:00:00,2026-09-15 00:00:00,C09894,AL-2 TECH,AL-2 TECH,798.9,0,127.82,926.72,0.0,4052-L43,,1,CJA,RUBEN DARIO 1525 A,PROVIDENCIA 4TA SECCION,GUADALAJARA,JAL,44639,Transporte LOCAL,"GUADALAJARA, JAL.","RUBEN DARIO 1525 A, PROVIDENCIA 4TA SECCION, 44639, GUADALAJARA, JAL",,"AVENIDA AMERICAS 1619 PISO 06, INT 02   PROVIDENCIA_x000D__x000D_GUADALAJARA,44630, JAL_x000D_MX",33 12 63 5467,ATE231031IB6
243848,,194501.0,1,2026-09-15 00:00:00,2026-09-15 00:00:00,C09894,AL-2 TECH,AL-2 TECH,856.9,0,137.11,994.0,0.0,4052-L44,,1,CJA,RUBEN DARIO 1525 A,PROVIDENCIA 4TA SECCION,GUADALAJARA,JAL,44639,Transporte LOCAL,"GUADALAJARA, JAL.","RUBEN DARIO 1525 A, PROVIDENCIA 4TA SECCION, 44639, GUADALAJARA, JAL",,"AVENIDA AMERICAS 1619 PISO 06, INT 02   PROVIDENCIA_x000D__x000D_GUADALAJARA,44630, JAL_x000D_MX",33 12 63 5467,ATE231031IB6
243848,,194501.0,1,2026-09-15 00:00:00,2026-09-15 00:00:00,C09894,AL-2 TECH,AL-2 TECH,798.9,0,127.83,926.72,0.0,4052-L45,,1,CJA,RUBEN DARIO 1525 A,PROVIDENCIA 4TA SECCION,GUADALAJARA,JAL,44639,Transporte LOCAL,"GUADALAJARA, JAL.","RUBEN DARIO 1525 A, PROVIDENCIA 4TA SECCION, 44639, GUADALAJARA, JAL",,"AVENIDA AMERICAS 1619 PISO 06, INT 02   PROVIDENCIA_x000D__x000D_GUADALAJARA,44630, JAL_x000D_MX",33 12 63 5467,ATE231031IB6
243848,,194501.0,1,2026-09-15 00:00:00,2026-09-15 00:00:00,C09894,AL-2 TECH,AL-2 TECH,786.88,0,125.9,912.78,0.0,4052-L46,,1,CJA,RUBEN DARIO 1525 A,PROVIDENCIA 4TA SECCION,GUADALAJARA,JAL,44639,Transporte LOCAL,"GUADALAJARA, JAL.","RUBEN DARIO 1525 A, PROVIDENCIA 4TA SECCION, 44639, GUADALAJARA, JAL",,"AVENIDA AMERICAS 1619 PISO 06, INT 02   PROVIDENCIA_x000D__x000D_GUADALAJARA,44630, JAL_x000D_MX",33 12 63 5467,ATE231031IB6
243849,,194504.0,1,2026-09-15 00:00:00,2026-09-15 00:00:00,C09893,MAURICIO MIGUEL NIEBLAS GOMEZ,HOTEL NG,15233.76,0,2437.4,17671.16,0.0,ANTC,,1,PZA,AV CENTRAL 500 + 400 DPTO 806,PUERTA DEL VALLE,ZAPOPAN,JAL,45136,Solo Factura,"ZAPOPAN, JAL.","AV CENTRAL 500 + 400 DPTO 806, PUERTA DEL VALLE, 45136, ZAPOPAN, JAL",,"CALLE CASCADA 1-A   EL MANANTIAL_x000D__x000D_AMECA,46640, JAL_x000D_MX",33 33 68 4022,NIGM930311S54
243850,220585,193934.0,1,2026-09-15 00:00:00,2026-09-15 00:00:00,C01894,OVQ QUERETARO,CANDLEWOOD SUITES QUERETARO JURIQUILLA A0202645 (QROJA),1814.67,0,290.35,2105.02,0.0,68739022,,3,CJA,AV SANTA TERESA 502 A,JURIQUILLA SANTA FE,QUERETARO,QUE,76147,Cobro Regreso,"QUERETARO, QUE.","AV SANTA TERESA 502 A, JURIQUILLA SANTA FE, 76147, QUERETARO, QUE",,"AVENIDA PORFIRIO DIAZ 102 INT MEZANINE   NOCHEBUENA_x000D__x000D_BENITO JUAREZ,03720, CMX_x000D_MX",442 478 2000,OQU141217241
243851,1716,193272.0,1,2026-09-15 00:00:00,2026-09-15 00:00:00,C07427,ADRIANA ALVAREZ ALVAREZ,INSUMOS DEL NORTE,718.04,10,114.89,832.92,0.0,68758339,,1,CJA,MANUEL J. CLOUTHIER #451-5,MARIA ISABEL,CD JUAREZ,CHI,32600,Cobro Regreso,"CD JUAREZ, CHI.","MANUEL J. CLOUTHIER #451-5, MARIA ISABEL, 32600, CD JUAREZ, CHI",,"REGION DE SAN QUERETARO 1140 INT 4   OTRA NO ESPECIFICADA EN EL CATALOGO_x000D__x000D_JUAREZ,32563, CHI_x000D_MX",656 429 6320,AAAA821017PM5
243851,1716,193272.0,1,2026-09-15 00:00:00,2026-09-15 00:00:00,C07427,ADRIANA ALVAREZ ALVAREZ,INSUMOS DEL NORTE,3709.85,10,593.57,4303.42,0.0,68739022,,5,CJA,MANUEL J. CLOUTHIER #451-5,MARIA ISABEL,CD JUAREZ,CHI,32600,Cobro Regreso,"CD JUAREZ, CHI.","MANUEL J. CLOUTHIER #451-5, MARIA ISABEL, 32600, CD JUAREZ, CHI",,"REGION DE SAN QUERETARO 1140 INT 4   OTRA NO ESPECIFICADA EN EL CATALOGO_x000D__x000D_JUAREZ,32563, CHI_x000D_MX",656 429 6320,AAAA821017PM5
243852,1769,194329.0,1,2026-09-15 00:00:00,2026-09-15 00:00:00,C07427,ADRIANA ALVAREZ ALVAREZ,INSUMOS DEL NORTE,17453.63,25,2792.58,20246.21,0.0,4043-L35,,35,CJA,MANUEL J. CLOUTHIER #451-5,MARIA ISABEL,CD JUAREZ,CHI,32600,Cobro Regreso,"CD JUAREZ, CHI.","MANUEL J. CLOUTHIER #451-5, MARIA ISABEL, 32600, CD JUAREZ, CHI",,"REGION DE SAN QUERETARO 1140 INT 4   OTRA NO ESPECIFICADA EN EL CATALOGO_x000D__x000D_JUAREZ,32563, CHI_x000D_MX",656 429 6320,AAAA821017PM5
243852,1769,194329.0,1,2026-09-15 00:00:00,2026-09-15 00:00:00,C07427,ADRIANA ALVAREZ ALVAREZ,INSUMOS DEL NORTE,9973.5,25,1595.76,11569.26,0.0,4043-L38,,20,CJA,MANUEL J. CLOUTHIER #451-5,MARIA ISABEL,CD JUAREZ,CHI,32600,Cobro Regreso,"CD JUAREZ, CHI.","MANUEL J. CLOUTHIER #451-5, MARIA ISABEL, 32600, CD JUAREZ, CHI",,"REGION DE SAN QUERETARO 1140 INT 4   OTRA NO ESPECIFICADA EN EL CATALOGO_x000D__x000D_JUAREZ,32563, CHI_x000D_MX",656 429 6320,AAAA821017PM5
243852,1769,194329.0,1,2026-09-15 00:00:00,2026-09-15 00:00:00,C07427,ADRIANA ALVAREZ ALVAREZ,INSUMOS DEL NORTE,7419.69,10,1187.15,8606.84,0.0,68739022,,10,CJA,MANUEL J. CLOUTHIER #451-5,MARIA ISABEL,CD JUAREZ,CHI,32600,Cobro Regreso,"CD JUAREZ, CHI.","MANUEL J. CLOUTHIER #451-5, MARIA ISABEL, 32600, CD JUAREZ, CHI",,"REGION DE SAN QUERETARO 1140 INT 4   OTRA NO ESPECIFICADA EN EL CATALOGO_x000D__x000D_JUAREZ,32563, CHI_x000D_MX",656 429 6320,AAAA821017PM5
243852,1769,194329.0,1,2026-09-15 00:00:00,2026-09-15 00:00:00,C07427,ADRIANA ALVAREZ ALVAREZ,INSUMOS DEL NORTE,3233.7,25,517.39,3751.09,0.0,4043-L02,ALMOND & OLIVE BODY,4,CJA,MANUEL J. CLOUTHIER #451-5,MARIA ISABEL,CD JUAREZ,CHI,32600,Cobro Regreso,"CD JUAREZ, CHI.","MANUEL J. CLOUTHIER #451-5, MARIA ISABEL, 32600, CD JUAREZ, CHI",,"REGION DE SAN QUERETARO 1140 INT 4   OTRA NO ESPECIFICADA EN EL CATALOGO_x000D__x000D_JUAREZ,32563, CHI_x000D_MX",656 429 6320,AAAA821017PM5
243853,,192525.0,1,2026-09-15 00:00:00,2026-10-15 00:00:00,C01762,DISTRIBUIDORA JOFA,DISTRIBUIDORA JOFA,8903.63,10,1424.58,10328.21,0.0,68739022,,12,CJA,CALLE F # 2473,LIBERTAD,MEXICALI,BC,21030,Cobro Regreso,"MEXICALI, BC.","CALLE F # 2473, LIBERTAD, 21030, MEXICALI, BC",,"CALLE F 2473   LIBERTAD_x000D__x000D_MEXICALI,21030, BC_x000D_MX",686 557 1686,DJO031218PI8
243854,,193170.0,1,2026-09-15 00:00:00,2026-09-30 00:00:00,C06344,HOTELES ROMANO,LAILA HOTELS,3629.34,0,580.69,4210.03,0.0,68739022,,6,CJA,RIO LERMA #237 ANEXO A,CUAUHTEMOC,CDMX,CMX,6500,Cobro Regreso,"CDMX, CMX.","RIO LERMA #237 ANEXO A, CUAUHTEMOC, 06500, CDMX, CMX",,"RIO LERMA 237 ANEXO A   CUAUHTEMOC_x000D__x000D_CDMX,06500, CMX_x000D_MX",55 5242 7750,HRO170316K20
243855,0000007206,193218.0,1,2026-09-15 00:00:00,2026-10-15 00:00:00,C01762,DISTRIBUIDORA JOFA,DISTRIBUIDORA JOFA,17065.29,10,2730.45,19795.73,0.0,68739022,,23,CJA,CALLE F # 2473,LIBERTAD,MEXICALI,BC,21030,Cobro Regreso,"MEXICALI, BC.","CALLE F # 2473, LIBERTAD, 21030, MEXICALI, BC",,"CALLE F 2473   LIBERTAD_x000D__x000D_MEXICALI,21030, BC_x000D_MX",686 557 1686,DJO031218PI8
243856,4700249265,194502.0,1,2026-09-15 00:00:00,2026-10-30 00:00:00,C01829,FIDEICOMISO IRREVOCABLE DB/1616,HOLIDAY INN EXPRESS SALTILLO(SLWZO),979.2,0,156.67,1135.87,0.0,4029-A90,,2,CJA,CARRETERA SALTILLO-MONTERREY 6580-3,JARDINES COLONIALES,SALTILLO,COA,25270,Cobro Regreso,"SALTILLO, COA.","CARRETERA SALTILLO-MONTERREY 6580-3, JARDINES COLONIALES, 25270, SALTILLO, COA",,"AV. FUNDADORES Exterior: 1000 INT: PISO 7   VALLE DEL MIRADOR_x000D__x000D_MONTERREY,64750, NL_x000D_MX",844 450 3100,DBM121023M10
243856,4700249265,194502.0,1,2026-09-15 00:00:00,2026-10-30 00:00:00,C01829,FIDEICOMISO IRREVOCABLE DB/1616,HOLIDAY INN EXPRESS SALTILLO(SLWZO),2200.0,0,352.0,2552.0,0.0,4029-A92,,1,CJA,CARRETERA SALTILLO-MONTERREY 6580-3,JARDINES COLONIALES,SALTILLO,COA,25270,Cobro Regreso,"SALTILLO, COA.","CARRETERA SALTILLO-MONTERREY 6580-3, JARDINES COLONIALES, 25270, SALTILLO, COA",,"AV. FUNDADORES Exterior: 1000 INT: PISO 7   VALLE DEL MIRADOR_x000D__x000D_MONTERREY,64750, NL_x000D_MX",844 450 3100,DBM121023M10
243856,4700249265,194502.0,1,2026-09-15 00:00:00,2026-10-30 00:00:00,C01829,FIDEICOMISO IRREVOCABLE DB/1616,HOLIDAY INN EXPRESS SALTILLO(SLWZO),1200.0,0,192.0,1392.0,0.0,4029-A95,,1,CJA,CARRETERA SALTILLO-MONTERREY 6580-3,JARDINES COLONIALES,SALTILLO,COA,25270,Cobro Regreso,"SALTILLO, COA.","CARRETERA SALTILLO-MONTERREY 6580-3, JARDINES COLONIALES, 25270, SALTILLO, COA",,"AV. FUNDADORES Exterior: 1000 INT: PISO 7   VALLE DEL MIRADOR_x000D__x000D_MONTERREY,64750, NL_x000D_MX",844 450 3100,DBM121023M10
243856,4700249265,194502.0,1,2026-09-15 00:00:00,2026-10-30 00:00:00,C01829,FIDEICOMISO IRREVOCABLE DB/1616,HOLIDAY INN EXPRESS SALTILLO(SLWZO),1000.0,0,160.0,1160.0,0.0,4029-A91,,1,CJA,CARRETERA SALTILLO-MONTERREY 6580-3,JARDINES COLONIALES,SALTILLO,COA,25270,Cobro Regreso,"SALTILLO, COA.","CARRETERA SALTILLO-MONTERREY 6580-3, JARDINES COLONIALES, 25270, SALTILLO, COA",,"AV. FUNDADORES Exterior: 1000 INT: PISO 7   VALLE DEL MIRADOR_x000D__x000D_MONTERREY,64750, NL_x000D_MX",844 450 3100,DBM121023M10
243856,4700249265,194502.0,1,2026-09-15 00:00:00,2026-10-30 00:00:00,C01829,FIDEICOMISO IRREVOCABLE DB/1616,HOLIDAY INN EXPRESS SALTILLO(SLWZO),2215.0,0,354.4,2569.4,0.0,4029-A05,MISCELANEOS,1,CJA,CARRETERA SALTILLO-MONTERREY 6580-3,JARDINES COLONIALES,SALTILLO,COA,25270,Cobro Regreso,"SALTILLO, COA.","CARRETERA SALTILLO-MONTERREY 6580-3, JARDINES COLONIALES, 25270, SALTILLO, COA",,"AV. FUNDADORES Exterior: 1000 INT: PISO 7   VALLE DEL MIRADOR_x000D__x000D_MONTERREY,64750, NL_x000D_MX",844 450 3100,DBM121023M10
243857,,193469.0,1,2026-09-15 00:00:00,2026-09-15 00:00:00,C09591,NOGUEIRA,ECONO EXPRESS HOTEL,4122.05,0,659.53,4781.58,0.0,68739022,,5,CJA,CALZADA DE TLALPAN 1035,AMERICAS UNIDAS,ALC. BENITO JUAREZ,CMX,3610,Cobro Destino,"ALC. BENITO JUAREZ, CMX.","CALZADA DE TLALPAN 1035, AMERICAS UNIDAS, 03610, ALC. BENITO JUAREZ, CMX",,"TLALPAN 1035   AMERICAS UNIDAS_x000D__x000D_BENITO JUAREZ,03610, CMX_x000D_MX",5556 7250 77,NOG790524DJ3
243858,,194439.0,1,2026-09-15 00:00:00,2026-09-15 00:00:00,C00668,INMOBILIARIA HOTELERA DE YUCATAN,HOLIDAY INN MERIDA (MIDMX),4234.23,0,677.48,4911.71,0.0,68739022,,7,CJA,AV.COLON 498 X 60,MONTEJO,MERIDA,YUC,97127,Cobro Regreso,"MERIDA, YUC.","AV.COLON 498 X 60, MONTEJO, 97127, MERIDA, YUC",,"AV COLON 498   CENTRO_x000D__x000D_MERIDA,97000, YUC_x000D_MX",999 942 8800,IHY7807116A2
243858,,194439.0,1,2026-09-15 00:00:00,2026-09-15 00:00:00,C00668,INMOBILIARIA HOTELERA DE YUCATAN,HOLIDAY INN MERIDA (MIDMX),3737.52,0,598.0,4335.52,0.0,68758340,,6,CJA,AV.COLON 498 X 60,MONTEJO,MERIDA,YUC,97127,Cobro Regreso,"MERIDA, YUC.","AV.COLON 498 X 60, MONTEJO, 97127, MERIDA, YUC",,"AV COLON 498   CENTRO_x000D__x000D_MERIDA,97000, YUC_x000D_MX",999 942 8800,IHY7807116A2
243859,,,1,2026-09-15 00:00:00,2026-09-15 00:00:00,C09709,OPERADORA XVIII DE DICIEMBRE,HOTEL SENTENARIO,4713.0,0,754.08,5467.08,0.0,68758339,,6,CJA,AV HOMERO #340,REVOLUCION,CHIHUAHUA,,31107,Cobro Destino,"CHIHUAHUA, .","AV HOMERO #340, REVOLUCION, 31107, CHIHUAHUA, ",,"AV HOMERO #340   REVOLUCION_x000D__x000D_CHIHUAHUA,31107, CHI_x000D_MX",656-201-9944,OXD021217HD0
243861,PEDIDO 02JUN2026 CENAR,190821.0,1,2026-09-15 00:00:00,2026-10-15 00:00:00,C08527,HOTELERIA SUSTENTABLE DEL PACIFICO,HOLIDAY INN EXPRESS & SUITES CIUDAD OBREGON (CENAR),1868.76,0,299.0,2167.76,0.0,68758340,,3,CJA,CALLE MIGUEL ALEMAN 737,ZONA NORTE,CIUDAD OBREGON,SON,85040,Cobro Regreso,"CIUDAD OBREGON, SON.","CALLE MIGUEL ALEMAN 737, ZONA NORTE, 85040, CIUDAD OBREGON, SON",,"CALLE MIGUEL ALEMAN 737   ZONA NORTE_x000D__x000D_CIUDAD OBREGON,85040, SON_x000D_MX",644 410 6161,HSP210914247
243862,MEXAN-F-CO-003,194350.0,1,2026-09-15 00:00:00,2026-09-30 00:00:00,C08554,GRUPO GARROD,HOLIDAY INN EXPRESS MEXICO TOREO (MEXAN),2491.68,0,398.67,2890.35,0.0,68758340,,4,CJA,AVENIDA PRIMERO DE MAYO 226,SAN ANDRES ATOTO,NAUCALPAN DE JUAREZ,CMX,53500,Cobro Regreso,"NAUCALPAN DE JUAREZ, CMX.","AVENIDA PRIMERO DE MAYO 226, SAN ANDRES ATOTO, 53500, NAUCALPAN DE JUAREZ, CMX",,"AVENIDA PRIMERO DE MAYO 226   SAN ANDRES ATOTO_x000D__x000D_NAUCALPAN DE JUAREZ,53500, JAL_x000D_MX",55 5228 9500,GGA000524FJ1
243862,MEXAN-F-CO-003,194350.0,1,2026-09-15 00:00:00,2026-09-30 00:00:00,C08554,GRUPO GARROD,HOLIDAY INN EXPRESS MEXICO TOREO (MEXAN),2400.0,0,384.0,2784.0,0.0,4029-A92,,1,CJA,AVENIDA PRIMERO DE MAYO 226,SAN ANDRES ATOTO,NAUCALPAN DE JUAREZ,CMX,53500,Cobro Regreso,"NAUCALPAN DE JUAREZ, CMX.","AVENIDA PRIMERO DE MAYO 226, SAN ANDRES ATOTO, 53500, NAUCALPAN DE JUAREZ, CMX",,"AVENIDA PRIMERO DE MAYO 226   SAN ANDRES ATOTO_x000D__x000D_NAUCALPAN DE JUAREZ,53500, JAL_x000D_MX",55 5228 9500,GGA000524FJ1
243862,MEXAN-F-CO-003,194350.0,1,2026-09-15 00:00:00,2026-09-30 00:00:00,C08554,GRUPO GARROD,HOLIDAY INN EXPRESS MEXICO TOREO (MEXAN),1264.32,0,202.29,1466.61,0.0,4029-A90,,2,CJA,AVENIDA PRIMERO DE MAYO 226,SAN ANDRES ATOTO,NAUCALPAN DE JUAREZ,CMX,53500,Cobro Regreso,"NAUCALPAN DE JUAREZ, CMX.","AVENIDA PRIMERO DE MAYO 226, SAN ANDRES ATOTO, 53500, NAUCALPAN DE JUAREZ, CMX",,"AVENIDA PRIMERO DE MAYO 226   SAN ANDRES ATOTO_x000D__x000D_NAUCALPAN DE JUAREZ,53500, JAL_x000D_MX",55 5228 9500,GGA000524FJ1
243862,MEXAN-F-CO-003,194350.0,1,2026-09-15 00:00:00,2026-09-30 00:00:00,C08554,GRUPO GARROD,HOLIDAY INN EXPRESS MEXICO TOREO (MEXAN),3500.0,0,560.0,4060.0,0.0,4029-A96,,2,CJA,AVENIDA PRIMERO DE MAYO 226,SAN ANDRES ATOTO,NAUCALPAN DE JUAREZ,CMX,53500,Cobro Regreso,"NAUCALPAN DE JUAREZ, CMX.","AVENIDA PRIMERO DE MAYO 226, SAN ANDRES ATOTO, 53500, NAUCALPAN DE JUAREZ, CMX",,"AVENIDA PRIMERO DE MAYO 226   SAN ANDRES ATOTO_x000D__x000D_NAUCALPAN DE JUAREZ,53500, JAL_x000D_MX",55 5228 9500,GGA000524FJ1
243862,MEXAN-F-CO-003,194350.0,1,2026-09-15 00:00:00,2026-09-30 00:00:00,C08554,GRUPO GARROD,HOLIDAY INN EXPRESS MEXICO TOREO (MEXAN),2616.0,0,418.56,3034.56,0.0,68732295,,5,CJA,AVENIDA PRIMERO DE MAYO 226,SAN ANDRES ATOTO,NAUCALPAN DE JUAREZ,CMX,53500,Cobro Regreso,"NAUCALPAN DE JUAREZ, CMX.","AVENIDA PRIMERO DE MAYO 226, SAN ANDRES ATOTO, 53500, NAUCALPAN DE JUAREZ, CMX",,"AVENIDA PRIMERO DE MAYO 226   SAN ANDRES ATOTO_x000D__x000D_NAUCALPAN DE JUAREZ,53500, JAL_x000D_MX",55 5228 9500,GGA000524FJ1
243862,MEXAN-F-CO-003,194350.0,1,2026-09-15 00:00:00,2026-09-30 00:00:00,C08554,GRUPO GARROD,HOLIDAY INN EXPRESS MEXICO TOREO (MEXAN),2320.44,0,371.27,2691.71,0.0,69706958,,4,CJA,AVENIDA PRIMERO DE MAYO 226,SAN ANDRES ATOTO,NAUCALPAN DE JUAREZ,CMX,53500,Cobro Regreso,"NAUCALPAN DE JUAREZ, CMX.","AVENIDA PRIMERO DE MAYO 226, SAN ANDRES ATOTO, 53500, NAUCALPAN DE JUAREZ, CMX",,"AVENIDA PRIMERO DE MAYO 226   SAN ANDRES ATOTO_x000D__x000D_NAUCALPAN DE JUAREZ,53500, JAL_x000D_MX",55 5228 9500,GGA000524FJ1
243862,MEXAN-F-CO-003,194350.0,1,2026-09-15 00:00:00,2026-09-30 00:00:00,C08554,GRUPO GARROD,HOLIDAY INN EXPRESS MEXICO TOREO (MEXAN),2419.56,0,387.13,2806.69,0.0,68739022,,4,CJA,AVENIDA PRIMERO DE MAYO 226,SAN ANDRES ATOTO,NAUCALPAN DE JUAREZ,CMX,53500,Cobro Regreso,"NAUCALPAN DE JUAREZ, CMX.","AVENIDA PRIMERO DE MAYO 226, SAN ANDRES ATOTO, 53500, NAUCALPAN DE JUAREZ, CMX",,"AVENIDA PRIMERO DE MAYO 226   SAN ANDRES ATOTO_x000D__x000D_NAUCALPAN DE JUAREZ,53500, JAL_x000D_MX",55 5228 9500,GGA000524FJ1
243862,MEXAN-F-CO-003,194350.0,1,2026-09-15 00:00:00,2026-09-30 00:00:00,C08554,GRUPO GARROD,HOLIDAY INN EXPRESS MEXICO TOREO (MEXAN),4430.0,0,708.8,5138.8,0.0,4029-A05,MISCELANEOS,2,CJA,AVENIDA PRIMERO DE MAYO 226,SAN ANDRES ATOTO,NAUCALPAN DE JUAREZ,CMX,53500,Cobro Regreso,"NAUCALPAN DE JUAREZ, CMX.","AVENIDA PRIMERO DE MAYO 226, SAN ANDRES ATOTO, 53500, NAUCALPAN DE JUAREZ, CMX",,"AVENIDA PRIMERO DE MAYO 226   SAN ANDRES ATOTO_x000D__x000D_NAUCALPAN DE JUAREZ,53500, JAL_x000D_MX",55 5228 9500,GGA000524FJ1
243863,SUSTITUYE PEDIDO 191985,194211.0,1,2026-09-17 00:00:00,2026-11-16 00:00:00,C09421,GRUPO AGC INTERNACIONAL,GRUPO AGC,128352.0,0,20536.32,148888.32,0.0,C09421-L07,,1120,CJA,AV. 18 DE MARZO 704 BODEGA ALCE,LA NOGALERA,GUADALAJARA,JAL,44470,Transporte LOCAL,"GUADALAJARA, JAL.","AV. 18 DE MARZO 704 BODEGA ALCE, LA NOGALERA, 44470, GUADALAJARA, JAL",,"AV LAZARO CARDENAS 2825   ALAMO INDUSTRIAL_x000D__x000D_SAN PEDRO TLAQUEPAQUE,45593, JAL_x000D_MX",33 31 22 78 26,GAI220912B38
243864,CUNHI0099054,194444.0,3,2026-09-17 00:00:00,2026-11-01 00:00:00,C08486,TULKAL HOSPITALITY SERVICES,"HILTON TULUM RIVIERA MAYA ALL-INCLUSIVE RESORT, MEXICO (CUNHI)",10395.0,0,1663.2,12058.2,0.0,8014-L22,,5,CJA,CARR KM 248+888 FRAC II L 01 REGION 001 MZ 101 LOTE 005,CIUDAD DE CHEMUYIL,Tulum,QR,77774,CEDIS Cancún,"Tulum, QR.","CARR KM 248+888 FRAC II L 01 REGION 001 MZ 101 LOTE 005, CIUDAD DE CHEMUYIL, 77774, Tulum, QR",,"CARR FEDERAL 307 REFORMA AGRARIA PUERTO JUAREZ KM 248+868 FRACCION II LOTE 01 NORTE REGION 001MZA101   CIUDAD CHEMUYIL_x000D__x000D_TULUM,11700, QR_x000D_MX",9981281350,THS2006193K1
243865,4700254759,193875.0,1,2026-09-17 00:00:00,2026-11-01 00:00:00,C08314,INMOBILIARIA HNF,HOLIDAY INN AUTONOMA GUADALAJARA (GDLHA),1851.66,0,296.27,2147.93,0.0,69706958,,3,CJA,AV  PATRIA 999,JARDINES UNIVERSIDAD,ZAPOPAN,JAL,45110,Transporte LOCAL,"ZAPOPAN, JAL.","AV  PATRIA 999, JARDINES UNIVERSIDAD, 45110, ZAPOPAN, JAL",,"PICO DE ORIZABA 153   FOVISSSTE INDEPENDENCIA_x000D__x000D_GUADALAJARA,44240, JAL_x000D_MX",33 3648 0060,IHN120620UZ3
243866,93Y7300000208,194379.0,1,2026-09-17 00:00:00,2026-10-17 00:00:00,C08325,OPERADORA HOTELERA WONG,COURTYARD MARRIOTT MEXICALI A0157920,787.33,0,125.97,913.3,0.0,C06601-L09,,1,CJA,Calzada Cetys 2650,Rivera,MEXICALI,BC,21259,Cobro Regreso,"MEXICALI, BC.","Calzada Cetys 2650, Rivera, 21259, MEXICALI, BC",,"CALZADA CETYS 2650   RIVERA_x000D__x000D_MEXICALI,21259, BC_x000D_MX",686 247 8685,OHW161110D23
243866,93Y7300000208,194379.0,1,2026-09-17 00:00:00,2026-10-17 00:00:00,C08325,OPERADORA HOTELERA WONG,COURTYARD MARRIOTT MEXICALI A0157920,796.49,0,127.44,923.93,0.0,C06601-L11,,1,CJA,Calzada Cetys 2650,Rivera,MEXICALI,BC,21259,Cobro Regreso,"MEXICALI, BC.","Calzada Cetys 2650, Rivera, 21259, MEXICALI, BC",,"CALZADA CETYS 2650   RIVERA_x000D__x000D_MEXICALI,21259, BC_x000D_MX",686 247 8685,OHW161110D23
243866,93Y7300000208,194379.0,1,2026-09-17 00:00:00,2026-10-17 00:00:00,C08325,OPERADORA HOTELERA WONG,COURTYARD MARRIOTT MEXICALI A0157920,2361.99,0,377.92,2739.91,0.0,C06601-L10,,3,CJA,Calzada Cetys 2650,Rivera,MEXICALI,BC,21259,Cobro Regreso,"MEXICALI, BC.","Calzada Cetys 2650, Rivera, 21259, MEXICALI, BC",,"CALZADA CETYS 2650   RIVERA_x000D__x000D_MEXICALI,21259, BC_x000D_MX",686 247 8685,OHW161110D23
243866,93Y7300000208,194379.0,1,2026-09-17 00:00:00,2026-10-17 00:00:00,C08325,OPERADORA HOTELERA WONG,COURTYARD MARRIOTT MEXICALI A0157920,1788.0,0,286.08,2074.08,0.0,C06601-J04,,2,CJA,Calzada Cetys 2650,Rivera,MEXICALI,BC,21259,Cobro Regreso,"MEXICALI, BC.","Calzada Cetys 2650, Rivera, 21259, MEXICALI, BC",,"CALZADA CETYS 2650   RIVERA_x000D__x000D_MEXICALI,21259, BC_x000D_MX",686 247 8685,OHW161110D23
243866,93Y7300000208,194379.0,1,2026-09-17 00:00:00,2026-10-17 00:00:00,C08325,OPERADORA HOTELERA WONG,COURTYARD MARRIOTT MEXICALI A0157920,1574.66,0,251.95,1826.61,0.0,C06601-L08,,2,CJA,Calzada Cetys 2650,Rivera,MEXICALI,BC,21259,Cobro Regreso,"MEXICALI, BC.","Calzada Cetys 2650, Rivera, 21259, MEXICALI, BC",,"CALZADA CETYS 2650   RIVERA_x000D__x000D_MEXICALI,21259, BC_x000D_MX",686 247 8685,OHW161110D23
243866,93Y7300000208,194379.0,1,2026-09-17 00:00:00,2026-10-17 00:00:00,C08325,OPERADORA HOTELERA WONG,COURTYARD MARRIOTT MEXICALI A0157920,754.99,0,120.8,875.79,0.0,4029-A90,,1,CJA,Calzada Cetys 2650,Rivera,MEXICALI,BC,21259,Cobro Regreso,"MEXICALI, BC.","Calzada Cetys 2650, Rivera, 21259, MEXICALI, BC",,"CALZADA CETYS 2650   RIVERA_x000D__x000D_MEXICALI,21259, BC_x000D_MX",686 247 8685,OHW161110D23
243866,93Y7300000208,194379.0,1,2026-09-17 00:00:00,2026-10-17 00:00:00,C08325,OPERADORA HOTELERA WONG,COURTYARD MARRIOTT MEXICALI A0157920,2215.0,0,354.4,2569.4,0.0,4029-A05,MISCELANEOS,1,CJA,Calzada Cetys 2650,Rivera,MEXICALI,BC,21259,Cobro Regreso,"MEXICALI, BC.","Calzada Cetys 2650, Rivera, 21259, MEXICALI, BC",,"CALZADA CETYS 2650   RIVERA_x000D__x000D_MEXICALI,21259, BC_x000D_MX",686 247 8685,OHW161110D23
243866,93Y7300000208,194379.0,1,2026-09-17 00:00:00,2026-10-17 00:00:00,C08325,OPERADORA HOTELERA WONG,COURTYARD MARRIOTT MEXICALI A0157920,1016.5,0,162.63,1179.14,0.0,4032-L01,BRISS MOUTHWASH 1.0,1,CJA,Calzada Cetys 2650,Rivera,MEXICALI,BC,21259,Cobro Regreso,"MEXICALI, BC.","Calzada Cetys 2650, Rivera, 21259, MEXICALI, BC",,"CALZADA CETYS 2650   RIVERA_x000D__x000D_MEXICALI,21259, BC_x000D_MX",686 247 8685,OHW161110D23
243867,,194451.0,1,2026-09-17 00:00:00,2026-10-17 00:00:00,C02624,INMOBILIARIA HOTELERA ADG MERIDA SIGLO XXI,HOLIDAY INN EXPRESS MERIDA (MIDSA),9073.35,0,1451.74,10525.09,0.0,68739022,,15,CJA,CALLE 20 A No. 300 A,X-CUMPICH,MERIDA,YUC,97204,Cobro Regreso,"MERIDA, YUC.","CALLE 20 A No. 300 A, X-CUMPICH, 97204, MERIDA, YUC",,"CALLE 20 A No. 300 A   X-CUMPICH_x000D__x000D_MERIDA,97204, YUC_x000D_MX",999 964 2200 EXT 5,IHA0807246H9
243867,,194451.0,1,2026-09-17 00:00:00,2026-10-17 00:00:00,C02624,INMOBILIARIA HOTELERA ADG MERIDA SIGLO XXI,HOLIDAY INN EXPRESS MERIDA (MIDSA),3138.3,0,502.13,3640.43,0.0,68739026,,5,CJA,CALLE 20 A No. 300 A,X-CUMPICH,MERIDA,YUC,97204,Cobro Regreso,"MERIDA, YUC.","CALLE 20 A No. 300 A, X-CUMPICH, 97204, MERIDA, YUC",,"CALLE 20 A No. 300 A   X-CUMPICH_x000D__x000D_MERIDA,97204, YUC_x000D_MX",999 964 2200 EXT 5,IHA0807246H9
243867,,194451.0,1,2026-09-17 00:00:00,2026-10-17 00:00:00,C02624,INMOBILIARIA HOTELERA ADG MERIDA SIGLO XXI,HOLIDAY INN EXPRESS MERIDA (MIDSA),5801.1,0,928.18,6729.28,0.0,69706958,,10,CJA,CALLE 20 A No. 300 A,X-CUMPICH,MERIDA,YUC,97204,Cobro Regreso,"MERIDA, YUC.","CALLE 20 A No. 300 A, X-CUMPICH, 97204, MERIDA, YUC",,"CALLE 20 A No. 300 A   X-CUMPICH_x000D__x000D_MERIDA,97204, YUC_x000D_MX",999 964 2200 EXT 5,IHA0807246H9
243867,,194451.0,1,2026-09-17 00:00:00,2026-10-17 00:00:00,C02624,INMOBILIARIA HOTELERA ADG MERIDA SIGLO XXI,HOLIDAY INN EXPRESS MERIDA (MIDSA),9343.8,0,1495.0,10838.81,0.0,68758340,,15,CJA,CALLE 20 A No. 300 A,X-CUMPICH,MERIDA,YUC,97204,Cobro Regreso,"MERIDA, YUC.","CALLE 20 A No. 300 A, X-CUMPICH, 97204, MERIDA, YUC",,"CALLE 20 A No. 300 A   X-CUMPICH_x000D__x000D_MERIDA,97204, YUC_x000D_MX",999 964 2200 EXT 5,IHA0807246H9
243868,ENTRADA DE COLABORADORES DEL HOTEL HOLIDAY INN ORIZABA,194432.0,1,2026-09-17 00:00:00,2026-10-02 00:00:00,C03465,OPERADORA DECORI ORIZABA,HOLIDAY INN ORIZABA (VEROZ),1814.67,0,290.35,2105.02,0.0,68739022,,3,CJA,ORIENTE 6  892 Entre Sur 17 y 19,CENTRO,ORIZABA,VER,94300,Cobro Regreso,"ORIZABA, VER.","ORIENTE 6  892 Entre Sur 17 y 19, CENTRO, 94300, ORIZABA, VER",,"SUR 17  No. 340 Int 1A   CENTRO_x000D__x000D_ORIZABA,94300, VER_x000D_MX",272 728 0305,ODO120810J51
243868,ENTRADA DE COLABORADORES DEL HOTEL HOLIDAY INN ORIZABA,194432.0,1,2026-09-17 00:00:00,2026-10-02 00:00:00,C03465,OPERADORA DECORI ORIZABA,HOLIDAY INN ORIZABA (VEROZ),2491.68,0,398.67,2890.35,0.0,68758340,,4,CJA,ORIENTE 6  892 Entre Sur 17 y 19,CENTRO,ORIZABA,VER,94300,Cobro Regreso,"ORIZABA, VER.","ORIENTE 6  892 Entre Sur 17 y 19, CENTRO, 94300, ORIZABA, VER",,"SUR 17  No. 340 Int 1A   CENTRO_x000D__x000D_ORIZABA,94300, VER_x000D_MX",272 728 0305,ODO120810J51
243868,ENTRADA DE COLABORADORES DEL HOTEL HOLIDAY INN ORIZABA,194432.0,1,2026-09-17 00:00:00,2026-10-02 00:00:00,C03465,OPERADORA DECORI ORIZABA,HOLIDAY INN ORIZABA (VEROZ),1740.33,0,278.45,2018.78,0.0,69706958,,3,CJA,ORIENTE 6  892 Entre Sur 17 y 19,CENTRO,ORIZABA,VER,94300,Cobro Regreso,"ORIZABA, VER.","ORIENTE 6  892 Entre Sur 17 y 19, CENTRO, 94300, ORIZABA, VER",,"SUR 17  No. 340 Int 1A   CENTRO_x000D__x000D_ORIZABA,94300, VER_x000D_MX",272 728 0305,ODO120810J51
243868,ENTRADA DE COLABORADORES DEL HOTEL HOLIDAY INN ORIZABA,194432.0,1,2026-09-17 00:00:00,2026-10-02 00:00:00,C03465,OPERADORA DECORI ORIZABA,HOLIDAY INN ORIZABA (VEROZ),1900.0,0,304.0,2204.0,0.0,4029-A93,,1,CJA,ORIENTE 6  892 Entre Sur 17 y 19,CENTRO,ORIZABA,VER,94300,Cobro Regreso,"ORIZABA, VER.","ORIENTE 6  892 Entre Sur 17 y 19, CENTRO, 94300, ORIZABA, VER",,"SUR 17  No. 340 Int 1A   CENTRO_x000D__x000D_ORIZABA,94300, VER_x000D_MX",272 728 0305,ODO120810J51
243869,,194367.0,1,2026-09-17 00:00:00,2026-10-17 00:00:00,C01657,INMOBILIARIA TURISTICA DE PUEBLA,HOLIDAY INN PUEBLA FINSA A0201874 (PUEVW),3024.45,0,483.91,3508.36,0.0,68739022,,5,CJA,LATERAL AUTOPISTA MEXICO-PUEBLA 7719,RANCHO MORATILLA,PUEBLA,PUE,72110,Cobro Regreso,"PUEBLA, PUE.","LATERAL AUTOPISTA MEXICO-PUEBLA 7719, RANCHO MORATILLA, 72110, PUEBLA, PUE",,"AUTOPISTA MEXICO-PUEBLA 7719   MORATILLA_x000D__x000D_PUEBLA,72110, PUE_x000D_MX",222 223 0000/11,ITP930309SFA
243869,,194367.0,1,2026-09-17 00:00:00,2026-10-17 00:00:00,C01657,INMOBILIARIA TURISTICA DE PUEBLA,HOLIDAY INN PUEBLA FINSA A0201874 (PUEVW),1160.22,0,185.63,1345.86,0.0,69706958,,2,CJA,LATERAL AUTOPISTA MEXICO-PUEBLA 7719,RANCHO MORATILLA,PUEBLA,PUE,72110,Cobro Regreso,"PUEBLA, PUE.","LATERAL AUTOPISTA MEXICO-PUEBLA 7719, RANCHO MORATILLA, 72110, PUEBLA, PUE",,"AUTOPISTA MEXICO-PUEBLA 7719   MORATILLA_x000D__x000D_PUEBLA,72110, PUE_x000D_MX",222 223 0000/11,ITP930309SFA
243869,,194367.0,1,2026-09-17 00:00:00,2026-10-17 00:00:00,C01657,INMOBILIARIA TURISTICA DE PUEBLA,HOLIDAY INN PUEBLA FINSA A0201874 (PUEVW),1255.32,0,200.85,1456.17,0.0,68739026,,2,CJA,LATERAL AUTOPISTA MEXICO-PUEBLA 7719,RANCHO MORATILLA,PUEBLA,PUE,72110,Cobro Regreso,"PUEBLA, PUE.","LATERAL AUTOPISTA MEXICO-PUEBLA 7719, RANCHO MORATILLA, 72110, PUEBLA, PUE",,"AUTOPISTA MEXICO-PUEBLA 7719   MORATILLA_x000D__x000D_PUEBLA,72110, PUE_x000D_MX",222 223 0000/11,ITP930309SFA
243869,,194367.0,1,2026-09-17 00:00:00,2026-10-17 00:00:00,C01657,INMOBILIARIA TURISTICA DE PUEBLA,HOLIDAY INN PUEBLA FINSA A0201874 (PUEVW),1425.6,0,228.1,1653.7,0.0,68739018,,1,CJA,LATERAL AUTOPISTA MEXICO-PUEBLA 7719,RANCHO MORATILLA,PUEBLA,PUE,72110,Cobro Regreso,"PUEBLA, PUE.","LATERAL AUTOPISTA MEXICO-PUEBLA 7719, RANCHO MORATILLA, 72110, PUEBLA, PUE",,"AUTOPISTA MEXICO-PUEBLA 7719   MORATILLA_x000D__x000D_PUEBLA,72110, PUE_x000D_MX",222 223 0000/11,ITP930309SFA
243869,,194367.0,1,2026-09-17 00:00:00,2026-10-17 00:00:00,C01657,INMOBILIARIA TURISTICA DE PUEBLA,HOLIDAY INN PUEBLA FINSA A0201874 (PUEVW),1016.5,0,162.64,1179.14,0.0,4032-L01,BRISS MOUTHWASH 1.0,1,CJA,LATERAL AUTOPISTA MEXICO-PUEBLA 7719,RANCHO MORATILLA,PUEBLA,PUE,72110,Cobro Regreso,"PUEBLA, PUE.","LATERAL AUTOPISTA MEXICO-PUEBLA 7719, RANCHO MORATILLA, 72110, PUEBLA, PUE",,"AUTOPISTA MEXICO-PUEBLA 7719   MORATILLA_x000D__x000D_PUEBLA,72110, PUE_x000D_MX",222 223 0000/11,ITP930309SFA
243869,,194367.0,1,2026-09-17 00:00:00,2026-10-17 00:00:00,C01657,INMOBILIARIA TURISTICA DE PUEBLA,HOLIDAY INN PUEBLA FINSA A0201874 (PUEVW),2215.0,0,354.4,2569.4,0.0,4029-A05,MISCELANEOS,1,CJA,LATERAL AUTOPISTA MEXICO-PUEBLA 7719,RANCHO MORATILLA,PUEBLA,PUE,72110,Cobro Regreso,"PUEBLA, PUE.","LATERAL AUTOPISTA MEXICO-PUEBLA 7719, RANCHO MORATILLA, 72110, PUEBLA, PUE",,"AUTOPISTA MEXICO-PUEBLA 7719   MORATILLA_x000D__x000D_PUEBLA,72110, PUE_x000D_MX",222 223 0000/11,ITP930309SFA
243870,TINGA SA DE CV,193713.0,1,2026-09-17 00:00:00,2026-10-17 00:00:00,C04979,TINGA,HOLIDAY INN EXPRESS & SUITES CHIHUAHUA JUVENTUD A0208120 (CUUGT),580.11,0,92.82,672.93,0.0,69706958,,1,CJA,PASEOS VISTAS DEL SOL 6403,VISTA DEL SOL,CHIHUAHUA,CHI,31206,Cobro Regreso,"CHIHUAHUA, CHI.","PASEOS VISTAS DEL SOL 6403, VISTA DEL SOL, 31206, CHIHUAHUA, CHI",,"CALLE ESCUDERO 702   SAN FELIPE VIEJO_x000D__x000D_CHIHUAHUA,31203, CHI_x000D_MX",614 545 1600,TIN860903EMA
243870,TINGA SA DE CV,193713.0,1,2026-09-17 00:00:00,2026-10-17 00:00:00,C04979,TINGA,HOLIDAY INN EXPRESS & SUITES CHIHUAHUA JUVENTUD A0208120 (CUUGT),1209.78,0,193.56,1403.34,0.0,68739022,,2,CJA,PASEOS VISTAS DEL SOL 6403,VISTA DEL SOL,CHIHUAHUA,CHI,31206,Cobro Regreso,"CHIHUAHUA, CHI.","PASEOS VISTAS DEL SOL 6403, VISTA DEL SOL, 31206, CHIHUAHUA, CHI",,"CALLE ESCUDERO 702   SAN FELIPE VIEJO_x000D__x000D_CHIHUAHUA,31203, CHI_x000D_MX",614 545 1600,TIN860903EMA
243871,4700247333,193877.0,1,2026-09-17 00:00:00,2026-11-01 00:00:00,C07081,FIDEICOMISO IRREVOCABLE DB/1616,HOLIDAY INN CIUDAD JUAREZ (CJSAT),2575.08,0,412.01,2987.09,0.0,68739022,,4,CJA,AV TECNOLOGICO 3620,ACEQUIAS DEL SUR,CIUDAD JUAREZ,CHI,32617,Cobro Regreso,"CIUDAD JUAREZ, CHI.","AV TECNOLOGICO 3620, ACEQUIAS DEL SUR, 32617, CIUDAD JUAREZ, CHI",,"AV. FUNDADORES Exterior: 1000 INT: PISO 7   VALLE DEL MIRADOR_x000D__x000D_MONTERREY,64750, NL_x000D_MX",656 629 4000,DBM121023M10
243871,4700247333,193877.0,1,2026-09-17 00:00:00,2026-11-01 00:00:00,C07081,FIDEICOMISO IRREVOCABLE DB/1616,HOLIDAY INN CIUDAD JUAREZ (CJSAT),2468.88,0,395.02,2863.9,0.0,69706958,,4,CJA,AV TECNOLOGICO 3620,ACEQUIAS DEL SUR,CIUDAD JUAREZ,CHI,32617,Cobro Regreso,"CIUDAD JUAREZ, CHI.","AV TECNOLOGICO 3620, ACEQUIAS DEL SUR, 32617, CIUDAD JUAREZ, CHI",,"AV. FUNDADORES Exterior: 1000 INT: PISO 7   VALLE DEL MIRADOR_x000D__x000D_MONTERREY,64750, NL_x000D_MX",656 629 4000,DBM121023M10
243874,4700248627,194382.0,1,2026-09-17 00:00:00,2026-11-01 00:00:00,C05672,FIDEICOMISO IRREVOCABLE DB/1616,HOLIDAY INN REYNOSA INDUSTRIAL PONIENTE(REXVF),643.77,0,103.0,746.77,0.0,68739022,,1,CJA,CARRETERA MTY-REYNOSA S/N ESQ. LOS ENCINOS,PARQUE INDUSTRIAL VILLA FLORIDA,REYNOSA,TAM,88730,Cobro Regreso,"REYNOSA, TAM.","CARRETERA MTY-REYNOSA S/N ESQ. LOS ENCINOS, PARQUE INDUSTRIAL VILLA FLORIDA, 88730, REYNOSA, TAM",,"AV. FUNDADORES Exterior: 1000 INT: PISO 7   VALLE DEL MIRADOR_x000D__x000D_MONTERREY,64750, NL_x000D_MX",(899) 9090170,DBM121023M10
243874,4700248627,194382.0,1,2026-09-17 00:00:00,2026-11-01 00:00:00,C05672,FIDEICOMISO IRREVOCABLE DB/1616,HOLIDAY INN REYNOSA INDUSTRIAL PONIENTE(REXVF),596.4,0,95.42,691.82,0.0,68732292,,1,CJA,CARRETERA MTY-REYNOSA S/N ESQ. LOS ENCINOS,PARQUE INDUSTRIAL VILLA FLORIDA,REYNOSA,TAM,88730,Cobro Regreso,"REYNOSA, TAM.","CARRETERA MTY-REYNOSA S/N ESQ. LOS ENCINOS, PARQUE INDUSTRIAL VILLA FLORIDA, 88730, REYNOSA, TAM",,"AV. FUNDADORES Exterior: 1000 INT: PISO 7   VALLE DEL MIRADOR_x000D__x000D_MONTERREY,64750, NL_x000D_MX",(899) 9090170,DBM121023M10
243874,4700248627,194382.0,1,2026-09-17 00:00:00,2026-11-01 00:00:00,C05672,FIDEICOMISO IRREVOCABLE DB/1616,HOLIDAY INN REYNOSA INDUSTRIAL PONIENTE(REXVF),1223.52,0,195.76,1419.28,0.0,68758339,,2,CJA,CARRETERA MTY-REYNOSA S/N ESQ. LOS ENCINOS,PARQUE INDUSTRIAL VILLA FLORIDA,REYNOSA,TAM,88730,Cobro Regreso,"REYNOSA, TAM.","CARRETERA MTY-REYNOSA S/N ESQ. LOS ENCINOS, PARQUE INDUSTRIAL VILLA FLORIDA, 88730, REYNOSA, TAM",,"AV. FUNDADORES Exterior: 1000 INT: PISO 7   VALLE DEL MIRADOR_x000D__x000D_MONTERREY,64750, NL_x000D_MX",(899) 9090170,DBM121023M10
243874,4700248627,194382.0,1,2026-09-17 00:00:00,2026-11-01 00:00:00,C05672,FIDEICOMISO IRREVOCABLE DB/1616,HOLIDAY INN REYNOSA INDUSTRIAL PONIENTE(REXVF),662.85,0,106.06,768.91,0.0,68758340,,1,CJA,CARRETERA MTY-REYNOSA S/N ESQ. LOS ENCINOS,PARQUE INDUSTRIAL VILLA FLORIDA,REYNOSA,TAM,88730,Cobro Regreso,"REYNOSA, TAM.","CARRETERA MTY-REYNOSA S/N ESQ. LOS ENCINOS, PARQUE INDUSTRIAL VILLA FLORIDA, 88730, REYNOSA, TAM",,"AV. FUNDADORES Exterior: 1000 INT: PISO 7   VALLE DEL MIRADOR_x000D__x000D_MONTERREY,64750, NL_x000D_MX",(899) 9090170,DBM121023M10
243874,4700248627,194382.0,1,2026-09-17 00:00:00,2026-11-01 00:00:00,C05672,FIDEICOMISO IRREVOCABLE DB/1616,HOLIDAY INN REYNOSA INDUSTRIAL PONIENTE(REXVF),1140.96,0,182.55,1323.51,0.0,68732295,,2,CJA,CARRETERA MTY-REYNOSA S/N ESQ. LOS ENCINOS,PARQUE INDUSTRIAL VILLA FLORIDA,REYNOSA,TAM,88730,Cobro Regreso,"REYNOSA, TAM.","CARRETERA MTY-REYNOSA S/N ESQ. LOS ENCINOS, PARQUE INDUSTRIAL VILLA FLORIDA, 88730, REYNOSA, TAM",,"AV. FUNDADORES Exterior: 1000 INT: PISO 7   VALLE DEL MIRADOR_x000D__x000D_MONTERREY,64750, NL_x000D_MX",(899) 9090170,DBM121023M10
243874,4700248627,194382.0,1,2026-09-17 00:00:00,2026-11-01 00:00:00,C05672,FIDEICOMISO IRREVOCABLE DB/1616,HOLIDAY INN REYNOSA INDUSTRIAL PONIENTE(REXVF),667.14,0,106.74,773.88,0.0,68739026,,1,CJA,CARRETERA MTY-REYNOSA S/N ESQ. LOS ENCINOS,PARQUE INDUSTRIAL VILLA FLORIDA,REYNOSA,TAM,88730,Cobro Regreso,"REYNOSA, TAM.","CARRETERA MTY-REYNOSA S/N ESQ. LOS ENCINOS, PARQUE INDUSTRIAL VILLA FLORIDA, 88730, REYNOSA, TAM",,"AV. FUNDADORES Exterior: 1000 INT: PISO 7   VALLE DEL MIRADOR_x000D__x000D_MONTERREY,64750, NL_x000D_MX",(899) 9090170,DBM121023M10
243874,4700248627,194382.0,1,2026-09-17 00:00:00,2026-11-01 00:00:00,C05672,FIDEICOMISO IRREVOCABLE DB/1616,HOLIDAY INN REYNOSA INDUSTRIAL PONIENTE(REXVF),2215.0,0,354.41,2569.4,0.0,4029-A05,MISCELANEOS,1,CJA,CARRETERA MTY-REYNOSA S/N ESQ. LOS ENCINOS,PARQUE INDUSTRIAL VILLA FLORIDA,REYNOSA,TAM,88730,Cobro Regreso,"REYNOSA, TAM.","CARRETERA MTY-REYNOSA S/N ESQ. LOS ENCINOS, PARQUE INDUSTRIAL VILLA FLORIDA, 88730, REYNOSA, TAM",,"AV. FUNDADORES Exterior: 1000 INT: PISO 7   VALLE DEL MIRADOR_x000D__x000D_MONTERREY,64750, NL_x000D_MX",(899) 9090170,DBM121023M10
243875,ORDEN 20144,192504.0,1,2026-09-17 00:00:00,2026-09-17 00:00:00,C07148,INMOBILIARIA PUERTA MAYA,HOLIDAY INN VILLAHERMOSA AEROPUERTO (VSADG),3629.34,0,580.69,4210.03,0.0,68739022,,6,CJA,CARR VILLAHERMOSA MACUSPANA  KM12+740.50 MARGEN IZQUIERDA SN,NO ESPECIFICADA EN EL CATALOGO,LA PALMA,TAB,86275,Cobro Regreso,"LA PALMA, TAB.","CARR VILLAHERMOSA MACUSPANA  KM12+740.50 MARGEN IZQUIERDA SN, NO ESPECIFICADA EN EL CATALOGO, 86275, LA PALMA, TAB",,"CARR VILLAHERMOSA MACUSPANA  KM12+740.50 MARGEN IZQUIERDA SN   NO ESPECIFICADA EN EL CATALOGO_x000D__x000D_LA PALMA,86275, TAB_x000D_MX",993 313 6800,IPM0301131Y8
243876,SERVICIOS TURISTICOS Y HOTELEROS VILLAHERMOSA,192578.0,1,2026-09-17 00:00:00,2026-10-02 00:00:00,C01860,SERVICIOS TURISTICOS Y HOTELEROS VILLAHERMOSA,HOLIDAY INN EXPRESS VILLAHERMOSA TABASCO 2000 (VSASA),1209.78,0,193.56,1403.34,0.0,68739022,,2,CJA,PERIFERICO CARLOS PELLICER CAMARA 4000,LA CHOCA,VILLAHERMOSA,TAB,86037,Cobro Regreso,"VILLAHERMOSA, TAB.","PERIFERICO CARLOS PELLICER CAMARA 4000, LA CHOCA, 86037, VILLAHERMOSA, TAB",,"CIRCUITO INTERIOR CARLOS PELLICER CAMARA 3916   TABASCO 2000_x000D__x000D_VILLAHERMOSA,86035, TAB_x000D_MX",993 310 4650,STH040316M43
243877,VILLAS CORAL AMA DE LLAVES 001,193840.0,1,2026-09-17 00:00:00,2026-10-02 00:00:00,C04472,INMOBILIARIA BALROY,HOLIDAY INN HUATULCO (HUXHI),1094.4,0,175.1,1269.5,0.0,68732292,,2,CJA,BOULEVARD SANTA CRUZ 604,SANTA CRUZ SECTOR A,SANTA MARIA HUATULCO,OAX,70987,Cobro Regreso,"SANTA MARIA HUATULCO, OAX.","BOULEVARD SANTA CRUZ 604, SANTA CRUZ SECTOR A, 70987, SANTA MARIA HUATULCO, OAX",,"BOULEVARD SANTA CRUZ 604   SANTA CRUZ SECTOR A_x000D__x000D_SANTA MARIA HUATULCO,70987, OAX_x000D_MX",958 583 0433,IBA110311LY5
243877,VILLAS CORAL AMA DE LLAVES 001,193840.0,1,2026-09-17 00:00:00,2026-10-02 00:00:00,C04472,INMOBILIARIA BALROY,HOLIDAY INN HUATULCO (HUXHI),1814.67,0,290.35,2105.02,0.0,68739022,,3,CJA,BOULEVARD SANTA CRUZ 604,SANTA CRUZ SECTOR A,SANTA MARIA HUATULCO,OAX,70987,Cobro Regreso,"SANTA MARIA HUATULCO, OAX.","BOULEVARD SANTA CRUZ 604, SANTA CRUZ SECTOR A, 70987, SANTA MARIA HUATULCO, OAX",,"BOULEVARD SANTA CRUZ 604   SANTA CRUZ SECTOR A_x000D__x000D_SANTA MARIA HUATULCO,70987, OAX_x000D_MX",958 583 0433,IBA110311LY5
243877,VILLAS CORAL AMA DE LLAVES 001,193840.0,1,2026-09-17 00:00:00,2026-10-02 00:00:00,C04472,INMOBILIARIA BALROY,HOLIDAY INN HUATULCO (HUXHI),2320.44,0,371.27,2691.71,0.0,69706958,,4,CJA,BOULEVARD SANTA CRUZ 604,SANTA CRUZ SECTOR A,SANTA MARIA HUATULCO,OAX,70987,Cobro Regreso,"SANTA MARIA HUATULCO, OAX.","BOULEVARD SANTA CRUZ 604, SANTA CRUZ SECTOR A, 70987, SANTA MARIA HUATULCO, OAX",,"BOULEVARD SANTA CRUZ 604   SANTA CRUZ SECTOR A_x000D__x000D_SANTA MARIA HUATULCO,70987, OAX_x000D_MX",958 583 0433,IBA110311LY5
243878,BRUNO,193856.0,1,2026-09-17 00:00:00,2026-10-17 00:00:00,C07617,OPERADORA DE SERVICIOS HOTELEROS CANDEDO,HOLIDAY INN & SUITES GDL CENTRO HISTORICO (GDLCT),604.89,0,96.78,701.67,0.0,68739022,,1,CJA,AV. JUAREZ 211-103,CENTRO,GUADALAJARA,JAL,44100,Transporte LOCAL,"GUADALAJARA, JAL.","AV. JUAREZ 211-103, CENTRO, 44100, GUADALAJARA, JAL",,"AVENIDA JUAREZ 211   GUADALAJARA CENTRO_x000D__x000D_GUADALAJARA,44100, JAL_x000D_MX",33 3560 1200,OSH1905033I3
243878,BRUNO,193856.0,1,2026-09-17 00:00:00,2026-10-17 00:00:00,C07617,OPERADORA DE SERVICIOS HOTELEROS CANDEDO,HOLIDAY INN & SUITES GDL CENTRO HISTORICO (GDLCT),2320.44,0,371.27,2691.71,0.0,69706958,,4,CJA,AV. JUAREZ 211-103,CENTRO,GUADALAJARA,JAL,44100,Transporte LOCAL,"GUADALAJARA, JAL.","AV. JUAREZ 211-103, CENTRO, 44100, GUADALAJARA, JAL",,"AVENIDA JUAREZ 211   GUADALAJARA CENTRO_x000D__x000D_GUADALAJARA,44100, JAL_x000D_MX",33 3560 1200,OSH1905033I3
243878,BRUNO,193856.0,1,2026-09-17 00:00:00,2026-10-17 00:00:00,C07617,OPERADORA DE SERVICIOS HOTELEROS CANDEDO,HOLIDAY INN & SUITES GDL CENTRO HISTORICO (GDLCT),2491.68,0,398.67,2890.35,0.0,68758340,,4,CJA,AV. JUAREZ 211-103,CENTRO,GUADALAJARA,JAL,44100,Transporte LOCAL,"GUADALAJARA, JAL.","AV. JUAREZ 211-103, CENTRO, 44100, GUADALAJARA, JAL",,"AVENIDA JUAREZ 211   GUADALAJARA CENTRO_x000D__x000D_GUADALAJARA,44100, JAL_x000D_MX",33 3560 1200,OSH1905033I3
243878,BRUNO,193856.0,1,2026-09-17 00:00:00,2026-10-17 00:00:00,C07617,OPERADORA DE SERVICIOS HOTELEROS CANDEDO,HOLIDAY INN & SUITES GDL CENTRO HISTORICO (GDLCT),560.88,0,89.74,650.62,0.0,68758339,,1,CJA,AV. JUAREZ 211-103,CENTRO,GUADALAJARA,JAL,44100,Transporte LOCAL,"GUADALAJARA, JAL.","AV. JUAREZ 211-103, CENTRO, 44100, GUADALAJARA, JAL",,"AVENIDA JUAREZ 211   GUADALAJARA CENTRO_x000D__x000D_GUADALAJARA,44100, JAL_x000D_MX",33 3560 1200,OSH1905033I3
243878,BRUNO,193856.0,1,2026-09-17 00:00:00,2026-10-17 00:00:00,C07617,OPERADORA DE SERVICIOS HOTELEROS CANDEDO,HOLIDAY INN & SUITES GDL CENTRO HISTORICO (GDLCT),523.2,0,83.71,606.91,0.0,68732295,,1,CJA,AV. JUAREZ 211-103,CENTRO,GUADALAJARA,JAL,44100,Transporte LOCAL,"GUADALAJARA, JAL.","AV. JUAREZ 211-103, CENTRO, 44100, GUADALAJARA, JAL",,"AVENIDA JUAREZ 211   GUADALAJARA CENTRO_x000D__x000D_GUADALAJARA,44100, JAL_x000D_MX",33 3560 1200,OSH1905033I3
243879,,193081.0,1,2026-09-17 00:00:00,2026-10-02 00:00:00,C07478,PROMOTORA DEVI,HOLIDAY INN & SUITES MONTERREY APODACA (MTYMI),3024.45,0,483.91,3508.36,0.0,68739022,,5,CJA,AV. MILIMEX No. 120,PARQUE INDUSTRIAL MILIMEX,APODACA,NL,66637,Cobro Regreso,"APODACA, NL.","AV. MILIMEX No. 120, PARQUE INDUSTRIAL MILIMEX, 66637, APODACA, NL",,"CALLE BELISARIO DOMINGUEZ 2020 5TO PISO   OBISPADO_x000D__x000D_MONTERREY,64060, NL_x000D_MX",812 353 4800,PDE1305084L7
243880,4700243402,193424.0,1,2026-09-17 00:00:00,2026-11-01 00:00:00,C03763,FIDEICOMISO IRREVOCABLE DB/1616,HOLIDAY INN PUEBLA LA NORIA (PUELN),1931.31,0,309.01,2240.32,0.0,68739022,,3,CJA,CIRCUITO JUAN PABLO II 1936,EX HACIENDA LA NORIA,PUEBLA,PUE,72410,Cobro Regreso,"PUEBLA, PUE.","CIRCUITO JUAN PABLO II 1936, EX HACIENDA LA NORIA, 72410, PUEBLA, PUE",,"AV. FUNDADORES Exterior: 1000 INT: PISO 7   VALLE DEL MIRADOR_x000D__x000D_MONTERREY,64750, NL_x000D_MX",222 211 9000,DBM121023M10
243880,4700243402,193424.0,1,2026-09-17 00:00:00,2026-11-01 00:00:00,C03763,FIDEICOMISO IRREVOCABLE DB/1616,HOLIDAY INN PUEBLA LA NORIA (PUELN),611.76,0,97.88,709.64,0.0,68758339,,1,CJA,CIRCUITO JUAN PABLO II 1936,EX HACIENDA LA NORIA,PUEBLA,PUE,72410,Cobro Regreso,"PUEBLA, PUE.","CIRCUITO JUAN PABLO II 1936, EX HACIENDA LA NORIA, 72410, PUEBLA, PUE",,"AV. FUNDADORES Exterior: 1000 INT: PISO 7   VALLE DEL MIRADOR_x000D__x000D_MONTERREY,64750, NL_x000D_MX",222 211 9000,DBM121023M10
243881,7852,192618.0,1,2026-09-17 00:00:00,2026-09-17 00:00:00,C00137,AUTELES KALIONCHIZ,HOLIDAY INN MONCLOVA (LOVMX),1209.78,0,193.56,1403.34,0.0,68739022,,2,CJA,BLVD HAROLD R PAPE 200,GUADALUPE,MONCLOVA,COA,25750,Cobro Regreso,"MONCLOVA, COA.","BLVD HAROLD R PAPE 200, GUADALUPE, 25750, MONCLOVA, COA",,"BLVD HAROLD R PAPE 200   GUADALUPE_x000D__x000D_MONCLOVA,25750, COA_x000D_MX",866 632 0025,AKA740320826
243882,4700243765,193425.0,1,2026-09-17 00:00:00,2026-11-01 00:00:00,C07565,FIDEICOMISO IRREVOCABLE DB/1616,CAMINO REAL GUANAJUATO EX HACIENDA SAN XAVIER (BJXCR),820.07,0,131.21,951.28,0.0,68739022,,1,CJA,ALHONDIGA 100,SAN JAVIER,GUANAJUATO,GTO,36020,Cobro Regreso,"GUANAJUATO, GTO.","ALHONDIGA 100, SAN JAVIER, 36020, GUANAJUATO, GTO",,"AV. FUNDADORES 1000 PISO 7   VALLE DEL MIRADOR_x000D__x000D_MONTERREY,64750, NL_x000D_MX",473 102 1500,DBM121023M10
243882,4700243765,193425.0,1,2026-09-17 00:00:00,2026-11-01 00:00:00,C07565,FIDEICOMISO IRREVOCABLE DB/1616,CAMINO REAL GUANAJUATO EX HACIENDA SAN XAVIER (BJXCR),793.61,0,126.98,920.59,0.0,68758339,,1,CJA,ALHONDIGA 100,SAN JAVIER,GUANAJUATO,GTO,36020,Cobro Regreso,"GUANAJUATO, GTO.","ALHONDIGA 100, SAN JAVIER, 36020, GUANAJUATO, GTO",,"AV. FUNDADORES 1000 PISO 7   VALLE DEL MIRADOR_x000D__x000D_MONTERREY,64750, NL_x000D_MX",473 102 1500,DBM121023M10
243883,,192655.0,1,2026-09-17 00:00:00,2026-10-02 00:00:00,C09411,OPERADORA HANNAHMAY,HOLIDAY INN CUERNAVACA (CVJMX),1814.67,0,290.35,2105.02,0.0,68739022,,3,CJA,CALLE GALEANA 42,ACAPANTZINGO,CUERNAVACA,MOR,62440,Cobro Regreso,"CUERNAVACA, MOR.","CALLE GALEANA 42, ACAPANTZINGO, 62440, CUERNAVACA, MOR",,"BLVD  DIAZ ORDAZ 86   POBLADO ACAPATZINGO_x000D__x000D_CUERNAVACA,62440, MOR_x000D_MX",777 362 0203,OHA241015BT0
243884,HITC,192664.0,1,2026-09-17 00:00:00,2026-10-02 00:00:00,C08576,OPERADORA HOTELERA ROYAL,HOLIDAY INN CIUDAD DE MEXICO TRADE CENTER A0206024 (MEXTC),2419.56,0,387.13,2806.69,0.0,68739022,,4,CJA,AV PRIMERO DE MAYO 223,SAN PEDRO DE LOS PINOS,CIUDAD DE MEXICO,CMX,3800,Cobro Regreso,"CIUDAD DE MEXICO, CMX.","AV PRIMERO DE MAYO 223, SAN PEDRO DE LOS PINOS, 03800, CIUDAD DE MEXICO, CMX",,"AV  REVOLUCION 583   SAN PEDRO DE LOS PINOS_x000D__x000D_CIUDAD DE MEXICO,03800, CMX_x000D_MX",55 5408 1227,OHR980618BLA
243884,HITC,192664.0,1,2026-09-17 00:00:00,2026-10-02 00:00:00,C08576,OPERADORA HOTELERA ROYAL,HOLIDAY INN CIUDAD DE MEXICO TRADE CENTER A0206024 (MEXTC),1121.76,0,179.48,1301.24,0.0,68758339,,2,CJA,AV PRIMERO DE MAYO 223,SAN PEDRO DE LOS PINOS,CIUDAD DE MEXICO,CMX,3800,Cobro Regreso,"CIUDAD DE MEXICO, CMX.","AV PRIMERO DE MAYO 223, SAN PEDRO DE LOS PINOS, 03800, CIUDAD DE MEXICO, CMX",,"AV  REVOLUCION 583   SAN PEDRO DE LOS PINOS_x000D__x000D_CIUDAD DE MEXICO,03800, CMX_x000D_MX",55 5408 1227,OHR980618BLA
243885,OC: CAN0004,192752.0,1,2026-09-17 00:00:00,2026-10-17 00:00:00,C09328,COMERCIALIZADORA SANITARIA,COMSAN,7419.69,10,1187.15,8606.84,0.0,68739022,,10,CJA,CALLE QUINTA ESTE #24 INT 2,CENTRO,CANANEA,SON,84620,Cobro Regreso,"CANANEA, SON.","CALLE QUINTA ESTE #24 INT 2, CENTRO, 84620, CANANEA, SON",,"BLVD. LUIS ENCINAS JOHNSON #214   HERMOSILLO CENTRO_x000D__x000D_HERMOSILLO,83000, SON_x000D_MX",662 212 1221,CSA950626BE2
243886,OC: HMO009,192753.0,1,2026-09-17 00:00:00,2026-10-17 00:00:00,C09328,COMERCIALIZADORA SANITARIA,COMSAN,3709.85,10,593.58,4303.42,0.0,68739022,,5,CJA,AV. LUIS DONALDO COLOSIO #126,CENTRO,HERMOSILLO,SON,83000,Cobro Regreso,"HERMOSILLO, SON.","AV. LUIS DONALDO COLOSIO #126, CENTRO, 83000, HERMOSILLO, SON",,"BLVD. LUIS ENCINAS JOHNSON #214   HERMOSILLO CENTRO_x000D__x000D_HERMOSILLO,83000, SON_x000D_MX",662 212 1221,CSA950626BE2
243886,OC: HMO009,192753.0,1,2026-09-17 00:00:00,2026-10-17 00:00:00,C09328,COMERCIALIZADORA SANITARIA,COMSAN,765.0,25,122.4,887.4,0.0,4074-J03,,2,CJA,AV. LUIS DONALDO COLOSIO #126,CENTRO,HERMOSILLO,SON,83000,Cobro Regreso,"HERMOSILLO, SON.","AV. LUIS DONALDO COLOSIO #126, CENTRO, 83000, HERMOSILLO, SON",,"BLVD. LUIS ENCINAS JOHNSON #214   HERMOSILLO CENTRO_x000D__x000D_HERMOSILLO,83000, SON_x000D_MX",662 212 1221,CSA950626BE2
243887,4503099568,192824.0,1,2026-09-17 00:00:00,2026-10-17 00:00:00,C08809,INMOBILIARIA HNF,STAYBRIDGE HNF GDL (GDLPI),1287.54,0,206.01,1493.55,0.0,68739022,,2,CJA,AV MEXICO 3040,RESIDENCIAL JUAN MANUEL,GUADALAJARA,,44680,Transporte LOCAL,"GUADALAJARA, .","AV MEXICO 3040, RESIDENCIAL JUAN MANUEL, 44680, GUADALAJARA, ",,"PICO DE ORIZABA 153   FOVISSSTE INDEPENDENCIA_x000D__x000D_GUADALAJARA,44240, JAL_x000D_MX",33 9690 9800,IHN120620UZ3
243888,HRZ,192876.0,1,2026-09-17 00:00:00,2026-10-17 00:00:00,C02514,HOTEL ROYAL PLAZA,HOLIDAY INN MEXICO PLAZA UNIVERSIDAD A0210800 (MEXAA),2419.56,0,387.13,2806.69,0.0,68739022,,4,CJA,PARROQUIA 1056 ENTRADA APROVEEDORES A ESPALDAS,SANTA CRUZ ATOYAC,MEXICO,CMX,3310,One Paqueteria C.Regreso,"MEXICO, CMX.","PARROQUIA 1056 ENTRADA APROVEEDORES A ESPALDAS, SANTA CRUZ ATOYAC, 03310, MEXICO, CMX",,"AV CUAUHTEMOC 1361   SANTA CRUZ ATOYAC_x000D__x000D_MEXICO,03310, CMX_x000D_MX",55 9183 7739,HRP880129QX5
243889,123,192883.0,1,2026-09-17 00:00:00,2026-10-17 00:00:00,C00112,FORSA EXPRESS,HOLIDAY INN EXPRESS MORELIA (MLMRA) A0200840,3024.45,0,483.91,3508.36,0.0,68739022,,5,CJA,PERIFERICO PASEO DE LA REPUBLICA No.5000,EJIDAL OCOLUSEN,MORELIA,MCH,58295,Cobro Regreso,"MORELIA, MCH.","PERIFERICO PASEO DE LA REPUBLICA No.5000, EJIDAL OCOLUSEN, 58295, MORELIA, MCH",,"AVENIDA MARIANO OTERO 2397   RESIDENCIAL VICTORIA_x000D__x000D_ZAPOPAN,45089, JAL_x000D_MX",443 315 71 00,FEX970818F83
243890,"4500006038 //Refacturación Factura 240795 08/07/2026, no se relaciono anticipo facturado.",,1,2026-09-17 00:00:00,2026-09-17 00:00:00,C09703,SERVICIOS HOTELEROS ICP,PRESIDENTE INTERCONTINENTAL MIYANA,2498.81,0,399.81,2898.63,145.68,4029-A25,MISCELANEOS,3,CJA,AV. EJERCITO NACIONAL #769 TORRE B INT PISO 14,GRANADA,MIGUEL HIDALGO,CMX,11520,Solo Factura,"MIGUEL HIDALGO, CMX.","AV. EJERCITO NACIONAL #769 TORRE B INT PISO 14, GRANADA, 11520, MIGUEL HIDALGO, CMX",,"AV. EJERCITO NACIONAL #769 TORRE B INT PISO 14   GRANADA_x000D__x000D_MIGUEL HIDALGO,11520, CMX_x000D_MX",55 5269 8000,SHI240509P58
243890,"4500006038 //Refacturación Factura 240795 08/07/2026, no se relaciono anticipo facturado.",191346.0,1,2026-09-17 00:00:00,2026-09-17 00:00:00,C09703,SERVICIOS HOTELEROS ICP,PRESIDENTE INTERCONTINENTAL MIYANA,2915.96,0,466.55,3382.51,170.0,4029-A42,,4,CJA,AV. EJERCITO NACIONAL #769 TORRE B INT PISO 14,GRANADA,MIGUEL HIDALGO,CMX,11520,Solo Factura,"MIGUEL HIDALGO, CMX.","AV. EJERCITO NACIONAL #769 TORRE B INT PISO 14, GRANADA, 11520, MIGUEL HIDALGO, CMX",,"AV. EJERCITO NACIONAL #769 TORRE B INT PISO 14   GRANADA_x000D__x000D_MIGUEL HIDALGO,11520, CMX_x000D_MX",55 5269 8000,SHI240509P58
243890,"4500006038 //Refacturación Factura 240795 08/07/2026, no se relaciono anticipo facturado.",191346.0,1,2026-09-17 00:00:00,2026-09-17 00:00:00,C09703,SERVICIOS HOTELEROS ICP,PRESIDENTE INTERCONTINENTAL MIYANA,6063.48,0,970.16,7033.64,353.5,4029-A43,,5,CJA,AV. EJERCITO NACIONAL #769 TORRE B INT PISO 14,GRANADA,MIGUEL HIDALGO,CMX,11520,Solo Factura,"MIGUEL HIDALGO, CMX.","AV. EJERCITO NACIONAL #769 TORRE B INT PISO 14, GRANADA, 11520, MIGUEL HIDALGO, CMX",,"AV. EJERCITO NACIONAL #769 TORRE B INT PISO 14   GRANADA_x000D__x000D_MIGUEL HIDALGO,11520, CMX_x000D_MX",55 5269 8000,SHI240509P58
243890,"4500006038 //Refacturación Factura 240795 08/07/2026, no se relaciono anticipo facturado.",191346.0,1,2026-09-17 00:00:00,2026-09-17 00:00:00,C09703,SERVICIOS HOTELEROS ICP,PRESIDENTE INTERCONTINENTAL MIYANA,1418.53,0,226.96,1645.46,82.7,4029-A45,,5,CJA,AV. EJERCITO NACIONAL #769 TORRE B INT PISO 14,GRANADA,MIGUEL HIDALGO,CMX,11520,Solo Factura,"MIGUEL HIDALGO, CMX.","AV. EJERCITO NACIONAL #769 TORRE B INT PISO 14, GRANADA, 11520, MIGUEL HIDALGO, CMX",,"AV. EJERCITO NACIONAL #769 TORRE B INT PISO 14   GRANADA_x000D__x000D_MIGUEL HIDALGO,11520, CMX_x000D_MX",55 5269 8000,SHI240509P58
243890,"4500006038 //Refacturación Factura 240795 08/07/2026, no se relaciono anticipo facturado.",191346.0,1,2026-09-17 00:00:00,2026-09-17 00:00:00,C09703,SERVICIOS HOTELEROS ICP,PRESIDENTE INTERCONTINENTAL MIYANA,18524.92,0,2963.99,21488.9,1080.0,4029-A48,,8,CJA,AV. EJERCITO NACIONAL #769 TORRE B INT PISO 14,GRANADA,MIGUEL HIDALGO,CMX,11520,Solo Factura,"MIGUEL HIDALGO, CMX.","AV. EJERCITO NACIONAL #769 TORRE B INT PISO 14, GRANADA, 11520, MIGUEL HIDALGO, CMX",,"AV. EJERCITO NACIONAL #769 TORRE B INT PISO 14   GRANADA_x000D__x000D_MIGUEL HIDALGO,11520, CMX_x000D_MX",55 5269 8000,SHI240509P58
243891,OC 02503,193211.0,1,2026-09-17 00:00:00,2026-10-17 00:00:00,C08128,PROMOTORA DEVI,HOLIDAY INN EXPRESS MONTERREY FUNDIDORA (MTYFU),1814.67,0,290.35,2105.02,0.0,68739022,,3,CJA,AV FUNDIDORA SIN NUMERO,OBRERA,MONTERREY,NL,64010,Cobro Regreso,"MONTERREY, NL.","AV FUNDIDORA SIN NUMERO, OBRERA, 64010, MONTERREY, NL",,"BELISARIO DOMINGUEZ 2020 INT 5TO PISO   OBISPADO_x000D__x000D_MONTERREY,64060, NL_x000D_MX",81 3674 7708,PDE1305084L7
243892,INMOBILIARIA HOTELERA DE QUERETARO,193445.0,1,2026-09-17 00:00:00,2026-09-17 00:00:00,C00667,INMOBILIARIA HOTELERA DE QUERETARO,HOLIDAY INN QUERETARO CENTRO HISTORICO A0223804 (MQEMX),3862.62,0,618.02,4480.64,0.0,68739022,,6,CJA,AV 5 FEBRERO #110,NIÑOS HEROES,SANTIAGO DE QUERETARO,QUE,76010,Cobro Regreso,"SANTIAGO DE QUERETARO, QUE.","AV 5 FEBRERO #110, NIÑOS HEROES, 76010, SANTIAGO DE QUERETARO, QUE",,"AVENIDA 5 DE FEBRERO 110   NIÑOS HEROES_x000D__x000D_QUERETARO,76010, QUE_x000D_MX",442 192 0202,IHQ771005U8A
243893,INMOBILIARIA HOTELERA DE QUERETARO,194406.0,1,2026-09-17 00:00:00,2026-09-17 00:00:00,C00667,INMOBILIARIA HOTELERA DE QUERETARO,HOLIDAY INN QUERETARO CENTRO HISTORICO A0223804 (MQEMX),1988.55,0,318.17,2306.72,0.0,68758340,,3,CJA,AV 5 FEBRERO #110,NIÑOS HEROES,SANTIAGO DE QUERETARO,QUE,76010,Cobro Regreso,"SANTIAGO DE QUERETARO, QUE.","AV 5 FEBRERO #110, NIÑOS HEROES, 76010, SANTIAGO DE QUERETARO, QUE",,"AVENIDA 5 DE FEBRERO 110   NIÑOS HEROES_x000D__x000D_QUERETARO,76010, QUE_x000D_MX",442 192 0202,IHQ771005U8A
243893,INMOBILIARIA HOTELERA DE QUERETARO,194406.0,1,2026-09-17 00:00:00,2026-09-17 00:00:00,C00667,INMOBILIARIA HOTELERA DE QUERETARO,HOLIDAY INN QUERETARO CENTRO HISTORICO A0223804 (MQEMX),667.14,0,106.74,773.88,0.0,68739026,,1,CJA,AV 5 FEBRERO #110,NIÑOS HEROES,SANTIAGO DE QUERETARO,QUE,76010,Cobro Regreso,"SANTIAGO DE QUERETARO, QUE.","AV 5 FEBRERO #110, NIÑOS HEROES, 76010, SANTIAGO DE QUERETARO, QUE",,"AVENIDA 5 DE FEBRERO 110   NIÑOS HEROES_x000D__x000D_QUERETARO,76010, QUE_x000D_MX",442 192 0202,IHQ771005U8A
243893,INMOBILIARIA HOTELERA DE QUERETARO,194406.0,1,2026-09-17 00:00:00,2026-09-17 00:00:00,C00667,INMOBILIARIA HOTELERA DE QUERETARO,HOLIDAY INN QUERETARO CENTRO HISTORICO A0223804 (MQEMX),1234.44,0,197.51,1431.95,0.0,69706958,,2,CJA,AV 5 FEBRERO #110,NIÑOS HEROES,SANTIAGO DE QUERETARO,QUE,76010,Cobro Regreso,"SANTIAGO DE QUERETARO, QUE.","AV 5 FEBRERO #110, NIÑOS HEROES, 76010, SANTIAGO DE QUERETARO, QUE",,"AVENIDA 5 DE FEBRERO 110   NIÑOS HEROES_x000D__x000D_QUERETARO,76010, QUE_x000D_MX",442 192 0202,IHQ771005U8A
243893,INMOBILIARIA HOTELERA DE QUERETARO,194406.0,1,2026-09-17 00:00:00,2026-09-17 00:00:00,C00667,INMOBILIARIA HOTELERA DE QUERETARO,HOLIDAY INN QUERETARO CENTRO HISTORICO A0223804 (MQEMX),632.16,0,101.15,733.31,0.0,4029-A90,,1,CJA,AV 5 FEBRERO #110,NIÑOS HEROES,SANTIAGO DE QUERETARO,QUE,76010,Cobro Regreso,"SANTIAGO DE QUERETARO, QUE.","AV 5 FEBRERO #110, NIÑOS HEROES, 76010, SANTIAGO DE QUERETARO, QUE",,"AVENIDA 5 DE FEBRERO 110   NIÑOS HEROES_x000D__x000D_QUERETARO,76010, QUE_x000D_MX",442 192 0202,IHQ771005U8A
243893,INMOBILIARIA HOTELERA DE QUERETARO,194406.0,1,2026-09-17 00:00:00,2026-09-17 00:00:00,C00667,INMOBILIARIA HOTELERA DE QUERETARO,HOLIDAY INN QUERETARO CENTRO HISTORICO A0223804 (MQEMX),2400.0,0,383.99,2784.0,0.0,4029-A92,,1,CJA,AV 5 FEBRERO #110,NIÑOS HEROES,SANTIAGO DE QUERETARO,QUE,76010,Cobro Regreso,"SANTIAGO DE QUERETARO, QUE.","AV 5 FEBRERO #110, NIÑOS HEROES, 76010, SANTIAGO DE QUERETARO, QUE",,"AVENIDA 5 DE FEBRERO 110   NIÑOS HEROES_x000D__x000D_QUERETARO,76010, QUE_x000D_MX",442 192 0202,IHQ771005U8A
243893,INMOBILIARIA HOTELERA DE QUERETARO,194406.0,1,2026-09-17 00:00:00,2026-09-17 00:00:00,C00667,INMOBILIARIA HOTELERA DE QUERETARO,HOLIDAY INN QUERETARO CENTRO HISTORICO A0223804 (MQEMX),2385.6,0,381.7,2767.3,0.0,68732292,,4,CJA,AV 5 FEBRERO #110,NIÑOS HEROES,SANTIAGO DE QUERETARO,QUE,76010,Cobro Regreso,"SANTIAGO DE QUERETARO, QUE.","AV 5 FEBRERO #110, NIÑOS HEROES, 76010, SANTIAGO DE QUERETARO, QUE",,"AVENIDA 5 DE FEBRERO 110   NIÑOS HEROES_x000D__x000D_QUERETARO,76010, QUE_x000D_MX",442 192 0202,IHQ771005U8A
243893,INMOBILIARIA HOTELERA DE QUERETARO,194406.0,1,2026-09-17 00:00:00,2026-09-17 00:00:00,C00667,INMOBILIARIA HOTELERA DE QUERETARO,HOLIDAY INN QUERETARO CENTRO HISTORICO A0223804 (MQEMX),2215.0,0,354.4,2569.4,0.0,4029-A05,MISCELANEOS,1,CJA,AV 5 FEBRERO #110,NIÑOS HEROES,SANTIAGO DE QUERETARO,QUE,76010,Cobro Regreso,"SANTIAGO DE QUERETARO, QUE.","AV 5 FEBRERO #110, NIÑOS HEROES, 76010, SANTIAGO DE QUERETARO, QUE",,"AVENIDA 5 DE FEBRERO 110   NIÑOS HEROES_x000D__x000D_QUERETARO,76010, QUE_x000D_MX",442 192 0202,IHQ771005U8A
243894,,194515.0,1,2026-09-17 00:00:00,2026-09-17 00:00:00,C08997,MARCOS ALFREDO RAMOS SANDOVAL,MARCOS ALFREDO RAMOS SANDOVAL,911.99,0,145.92,1057.91,0.0,4016-J07,,1,CJA,SOLIDARIDAD #101,LA LABOR,DELICIAS,CHI,33029,Tiny Pack C Ocurre Oficina,"DELICIAS, CHI.","SOLIDARIDAD #101, LA LABOR, 33029, DELICIAS, CHI",,"SOLIDARIDAD #101   LA LABOR_x000D__x000D_DELICIAS,33029, CHI_x000D_MX",639 117 7348,RASM7209308Y0
243894,,194515.0,1,2026-09-17 00:00:00,2026-09-17 00:00:00,C08997,MARCOS ALFREDO RAMOS SANDOVAL,MARCOS ALFREDO RAMOS SANDOVAL,1167.9,0,186.86,1354.76,0.0,4016-L04,,1,CJA,SOLIDARIDAD #101,LA LABOR,DELICIAS,CHI,33029,Tiny Pack C Ocurre Oficina,"DELICIAS, CHI.","SOLIDARIDAD #101, LA LABOR, 33029, DELICIAS, CHI",,"SOLIDARIDAD #101   LA LABOR_x000D__x000D_DELICIAS,33029, CHI_x000D_MX",639 117 7348,RASM7209308Y0
243895,"4500006038  // Refacturación Factura 242251 07/08/2026, error Forma y Metodo de Pago.",191346.0,1,2026-09-17 00:00:00,2026-09-17 00:00:00,C09703,SERVICIOS HOTELEROS ICP,PRESIDENTE INTERCONTINENTAL MIYANA,2735.86,0,437.74,3173.59,159.5,4029-A39,,5,CJA,AV. EJERCITO NACIONAL #769 TORRE B INT PISO 14,GRANADA,MIGUEL HIDALGO,CMX,11520,Solo Factura,"MIGUEL HIDALGO, CMX.","AV. EJERCITO NACIONAL #769 TORRE B INT PISO 14, GRANADA, 11520, MIGUEL HIDALGO, CMX",,"AV. EJERCITO NACIONAL #769 TORRE B INT PISO 14   GRANADA_x000D__x000D_MIGUEL HIDALGO,11520, CMX_x000D_MX",55 5269 8000,SHI240509P58
243895,"4500006038  // Refacturación Factura 242251 07/08/2026, error Forma y Metodo de Pago.",191346.0,1,2026-09-17 00:00:00,2026-09-17 00:00:00,C09703,SERVICIOS HOTELEROS ICP,PRESIDENTE INTERCONTINENTAL MIYANA,728.99,0,116.64,845.63,42.5,4029-A42,,1,CJA,AV. EJERCITO NACIONAL #769 TORRE B INT PISO 14,GRANADA,MIGUEL HIDALGO,CMX,11520,Solo Factura,"MIGUEL HIDALGO, CMX.","AV. EJERCITO NACIONAL #769 TORRE B INT PISO 14, GRANADA, 11520, MIGUEL HIDALGO, CMX",,"AV. EJERCITO NACIONAL #769 TORRE B INT PISO 14   GRANADA_x000D__x000D_MIGUEL HIDALGO,11520, CMX_x000D_MX",55 5269 8000,SHI240509P58
243896,672,194366.0,1,2026-09-17 00:00:00,2026-10-17 00:00:00,C06706,OPERADORA DE HOTELES TORREON CENTRO HISTORICO,HOLIDAY INN EXPRESS TORREON ( MILENIUM )(TRCMX),3629.34,0,580.7,4210.03,0.0,68739022,,6,CJA,INDEPENCIA OTE 1133,GRANJAS SAN ISIDRO,TORREON,COA,27100,Cobro Regreso,"TORREON, COA.","INDEPENCIA OTE 1133, GRANJAS SAN ISIDRO, 27100, TORREON, COA",,"BOULEVARD INDEPENDENCIA OTE 1133   GRANJAS SAN ISIDRO_x000D__x000D_TORREON,27100, COA_x000D_MX",871 729 6000,OHT171004KQ4
243896,672,194366.0,1,2026-09-17 00:00:00,2026-10-17 00:00:00,C06706,OPERADORA DE HOTELES TORREON CENTRO HISTORICO,HOLIDAY INN EXPRESS TORREON ( MILENIUM )(TRCMX),3114.6,0,498.33,3612.94,0.0,68758340,,5,CJA,INDEPENCIA OTE 1133,GRANJAS SAN ISIDRO,TORREON,COA,27100,Cobro Regreso,"TORREON, COA.","INDEPENCIA OTE 1133, GRANJAS SAN ISIDRO, 27100, TORREON, COA",,"BOULEVARD INDEPENDENCIA OTE 1133   GRANJAS SAN ISIDRO_x000D__x000D_TORREON,27100, COA_x000D_MX",871 729 6000,OHT171004KQ4
243896,672,194366.0,1,2026-09-17 00:00:00,2026-10-17 00:00:00,C06706,OPERADORA DE HOTELES TORREON CENTRO HISTORICO,HOLIDAY INN EXPRESS TORREON ( MILENIUM )(TRCMX),2900.55,0,464.09,3364.64,0.0,69706958,,5,CJA,INDEPENCIA OTE 1133,GRANJAS SAN ISIDRO,TORREON,COA,27100,Cobro Regreso,"TORREON, COA.","INDEPENCIA OTE 1133, GRANJAS SAN ISIDRO, 27100, TORREON, COA",,"BOULEVARD INDEPENDENCIA OTE 1133   GRANJAS SAN ISIDRO_x000D__x000D_TORREON,27100, COA_x000D_MX",871 729 6000,OHT171004KQ4
243897,38722,194152.0,1,2026-09-17 00:00:00,2026-10-02 00:00:00,C03428,OPERADORA ALRO,HOLIDAY INN BUENAVISTA (MEXBU),6048.9,0,967.82,7016.72,0.0,68739022,,10,CJA,Mariano Azuela No. 12,Santa Maria La Ribera,CUAUHTEMOC,CMX,6400,Cobro Regreso,"CUAUHTEMOC, CMX.","Mariano Azuela No. 12, Santa Maria La Ribera, 06400, CUAUHTEMOC, CMX",,"Mariano Azuela No. 12   Santa Maria La Ribera_x000D__x000D_CUAUHTEMOC,06400, CMX_x000D_MX",55 5140 7780,OAL111108K5A
243897,38722,194152.0,1,2026-09-17 00:00:00,2026-10-02 00:00:00,C03428,OPERADORA ALRO,HOLIDAY INN BUENAVISTA (MEXBU),1255.32,0,200.85,1456.17,0.0,68739026,,2,CJA,Mariano Azuela No. 12,Santa Maria La Ribera,CUAUHTEMOC,CMX,6400,Cobro Regreso,"CUAUHTEMOC, CMX.","Mariano Azuela No. 12, Santa Maria La Ribera, 06400, CUAUHTEMOC, CMX",,"Mariano Azuela No. 12   Santa Maria La Ribera_x000D__x000D_CUAUHTEMOC,06400, CMX_x000D_MX",55 5140 7780,OAL111108K5A
243897,38722,194152.0,1,2026-09-17 00:00:00,2026-10-02 00:00:00,C03428,OPERADORA ALRO,HOLIDAY INN BUENAVISTA (MEXBU),1160.22,0,185.64,1345.86,0.0,69706958,,2,CJA,Mariano Azuela No. 12,Santa Maria La Ribera,CUAUHTEMOC,CMX,6400,Cobro Regreso,"CUAUHTEMOC, CMX.","Mariano Azuela No. 12, Santa Maria La Ribera, 06400, CUAUHTEMOC, CMX",,"Mariano Azuela No. 12   Santa Maria La Ribera_x000D__x000D_CUAUHTEMOC,06400, CMX_x000D_MX",55 5140 7780,OAL111108K5A
243897,38722,194152.0,1,2026-09-17 00:00:00,2026-10-02 00:00:00,C03428,OPERADORA ALRO,HOLIDAY INN BUENAVISTA (MEXBU),622.92,0,99.67,722.59,0.0,68758340,,1,CJA,Mariano Azuela No. 12,Santa Maria La Ribera,CUAUHTEMOC,CMX,6400,Cobro Regreso,"CUAUHTEMOC, CMX.","Mariano Azuela No. 12, Santa Maria La Ribera, 06400, CUAUHTEMOC, CMX",,"Mariano Azuela No. 12   Santa Maria La Ribera_x000D__x000D_CUAUHTEMOC,06400, CMX_x000D_MX",55 5140 7780,OAL111108K5A
243898,7996,194468.0,1,2026-09-17 00:00:00,2026-10-02 00:00:00,C08323,TURISTICA ARIZONA,HOLIDAY INN EXPRESS SAN LUIS POTOSI A0201813 (SLPMV),1814.67,0,290.35,2105.02,0.0,68739022,,3,CJA,AV BENITO JUAREZ 1270,VALLE DORADO,SAN LUIS POTOSI,SLP,78399,Cobro Regreso,"SAN LUIS POTOSI, SLP.","AV BENITO JUAREZ 1270, VALLE DORADO, 78399, SAN LUIS POTOSI, SLP",,"AV BENITO JUAREZ 1270   VALLE DORADO_x000D__x000D_SAN LUIS POTOSI,78399, SLP_x000D_MX",444 499 9016,TAR0212118V1
243898,7996,194468.0,1,2026-09-17 00:00:00,2026-10-02 00:00:00,C08323,TURISTICA ARIZONA,HOLIDAY INN EXPRESS SAN LUIS POTOSI A0201813 (SLPMV),1882.98,0,301.28,2184.26,0.0,68739026,,3,CJA,AV BENITO JUAREZ 1270,VALLE DORADO,SAN LUIS POTOSI,SLP,78399,Cobro Regreso,"SAN LUIS POTOSI, SLP.","AV BENITO JUAREZ 1270, VALLE DORADO, 78399, SAN LUIS POTOSI, SLP",,"AV BENITO JUAREZ 1270   VALLE DORADO_x000D__x000D_SAN LUIS POTOSI,78399, SLP_x000D_MX",444 499 9016,TAR0212118V1
243898,7996,194468.0,1,2026-09-17 00:00:00,2026-10-02 00:00:00,C08323,TURISTICA ARIZONA,HOLIDAY INN EXPRESS SAN LUIS POTOSI A0201813 (SLPMV),1868.76,0,299.0,2167.76,0.0,68758340,,3,CJA,AV BENITO JUAREZ 1270,VALLE DORADO,SAN LUIS POTOSI,SLP,78399,Cobro Regreso,"SAN LUIS POTOSI, SLP.","AV BENITO JUAREZ 1270, VALLE DORADO, 78399, SAN LUIS POTOSI, SLP",,"AV BENITO JUAREZ 1270   VALLE DORADO_x000D__x000D_SAN LUIS POTOSI,78399, SLP_x000D_MX",444 499 9016,TAR0212118V1
243898,7996,194468.0,1,2026-09-17 00:00:00,2026-10-02 00:00:00,C08323,TURISTICA ARIZONA,HOLIDAY INN EXPRESS SAN LUIS POTOSI A0201813 (SLPMV),1740.33,0,278.45,2018.78,0.0,69706958,,3,CJA,AV BENITO JUAREZ 1270,VALLE DORADO,SAN LUIS POTOSI,SLP,78399,Cobro Regreso,"SAN LUIS POTOSI, SLP.","AV BENITO JUAREZ 1270, VALLE DORADO, 78399, SAN LUIS POTOSI, SLP",,"AV BENITO JUAREZ 1270   VALLE DORADO_x000D__x000D_SAN LUIS POTOSI,78399, SLP_x000D_MX",444 499 9016,TAR0212118V1
243898,7996,194468.0,1,2026-09-17 00:00:00,2026-10-02 00:00:00,C08323,TURISTICA ARIZONA,HOLIDAY INN EXPRESS SAN LUIS POTOSI A0201813 (SLPMV),560.88,0,89.74,650.62,0.0,68758339,,1,CJA,AV BENITO JUAREZ 1270,VALLE DORADO,SAN LUIS POTOSI,SLP,78399,Cobro Regreso,"SAN LUIS POTOSI, SLP.","AV BENITO JUAREZ 1270, VALLE DORADO, 78399, SAN LUIS POTOSI, SLP",,"AV BENITO JUAREZ 1270   VALLE DORADO_x000D__x000D_SAN LUIS POTOSI,78399, SLP_x000D_MX",444 499 9016,TAR0212118V1
243899,132003,193314.0,1,2026-09-17 00:00:00,2026-10-17 00:00:00,C00485,HOSPITALIDAD LATINA,HOLIDAY INN GUADALAJARA SELECT GRUPO HOLA (GDLHI),632.16,0,101.15,733.31,0.0,4029-A90,,1,CJA,AV.NIÑOS HEROES 3089 M1-A,JARDINES DE LOS ARCOS,GUADALAJARA,JAL,44500,Transporte LOCAL,"GUADALAJARA, JAL.","AV.NIÑOS HEROES 3089 M1-A, JARDINES DE LOS ARCOS, 44500, GUADALAJARA, JAL",,"AVENIDA MARIANO OTERO 2535   CIUDAD DEL SOL_x000D__x000D_ZAPOPAN,45050, JAL_x000D_MX",33 3122 2020,HLA981210IF7
243899,132003,193314.0,1,2026-09-17 00:00:00,2026-10-17 00:00:00,C00485,HOSPITALIDAD LATINA,HOLIDAY INN GUADALAJARA SELECT GRUPO HOLA (GDLHI),5250.0,0,840.0,6090.0,0.0,4029-A96,,3,CJA,AV.NIÑOS HEROES 3089 M1-A,JARDINES DE LOS ARCOS,GUADALAJARA,JAL,44500,Transporte LOCAL,"GUADALAJARA, JAL.","AV.NIÑOS HEROES 3089 M1-A, JARDINES DE LOS ARCOS, 44500, GUADALAJARA, JAL",,"AVENIDA MARIANO OTERO 2535   CIUDAD DEL SOL_x000D__x000D_ZAPOPAN,45050, JAL_x000D_MX",33 3122 2020,HLA981210IF7
243899,132003,193314.0,1,2026-09-17 00:00:00,2026-10-17 00:00:00,C00485,HOSPITALIDAD LATINA,HOLIDAY INN GUADALAJARA SELECT GRUPO HOLA (GDLHI),1740.33,0,278.45,2018.78,0.0,69706958,,3,CJA,AV.NIÑOS HEROES 3089 M1-A,JARDINES DE LOS ARCOS,GUADALAJARA,JAL,44500,Transporte LOCAL,"GUADALAJARA, JAL.","AV.NIÑOS HEROES 3089 M1-A, JARDINES DE LOS ARCOS, 44500, GUADALAJARA, JAL",,"AVENIDA MARIANO OTERO 2535   CIUDAD DEL SOL_x000D__x000D_ZAPOPAN,45050, JAL_x000D_MX",33 3122 2020,HLA981210IF7
243899,132003,193314.0,1,2026-09-17 00:00:00,2026-10-17 00:00:00,C00485,HOSPITALIDAD LATINA,HOLIDAY INN GUADALAJARA SELECT GRUPO HOLA (GDLHI),3629.34,0,580.69,4210.03,0.0,68739022,,6,CJA,AV.NIÑOS HEROES 3089 M1-A,JARDINES DE LOS ARCOS,GUADALAJARA,JAL,44500,Transporte LOCAL,"GUADALAJARA, JAL.","AV.NIÑOS HEROES 3089 M1-A, JARDINES DE LOS ARCOS, 44500, GUADALAJARA, JAL",,"AVENIDA MARIANO OTERO 2535   CIUDAD DEL SOL_x000D__x000D_ZAPOPAN,45050, JAL_x000D_MX",33 3122 2020,HLA981210IF7
243900,12981,192948.0,1,2026-09-17 00:00:00,2026-10-02 00:00:00,C08501,OPERADORA HOTELERA RAYMA,HOLIDAY INN EXPRESS & SUITES ENSENADA A0198992 (TIJEN),604.89,0,96.78,701.67,0.0,68739022,,1,CJA,BLANCARTE 151,CENTRO,ENSENADA,BC,22800,Cobro Regreso,"ENSENADA, BC.","BLANCARTE 151, CENTRO, 22800, ENSENADA, BC",,"AVENIDA BLANCARTE 151   SECCION PRIMERA_x000D__x000D_ENSENADA,22800, BC_x000D_MX",646 152 8470,OHR1611153CA
243901,13102,193604.0,1,2026-09-17 00:00:00,2026-10-02 00:00:00,C08501,OPERADORA HOTELERA RAYMA,HOLIDAY INN EXPRESS & SUITES ENSENADA A0198992 (TIJEN),2419.56,0,387.13,2806.69,0.0,68739022,,4,CJA,BLANCARTE 151,CENTRO,ENSENADA,BC,22800,Cobro Regreso,"ENSENADA, BC.","BLANCARTE 151, CENTRO, 22800, ENSENADA, BC",,"AVENIDA BLANCARTE 151   SECCION PRIMERA_x000D__x000D_ENSENADA,22800, BC_x000D_MX",646 152 8470,OHR1611153CA
243902,310827,194069.0,1,2026-09-17 00:00:00,2026-10-02 00:00:00,C05754,VISUS GRUPO HOTELERO,HOLIDAY INN EXPRESS & SUITES MONTERREY VALLE (MTYRR),4060.77,0,649.72,4710.49,0.0,69706958,,7,CJA,AV. VASCONCELOS 345,SANTA ENGRACIA,"SAN PEDRO GARZA GARCIA, NL",NL,66267,Cobro Regreso,"SAN PEDRO GARZA GARCIA, NL, NL.","AV. VASCONCELOS 345, SANTA ENGRACIA, 66267, SAN PEDRO GARZA GARCIA, NL, NL",,"AVENIDA VASCONCELOS 345   SANTA ENGRACIA_x000D__x000D_SAN PEDRO GARZA GARCIA,66267, NL_x000D_MX",(81) 2222.60.00,VGH161110FT6
243902,310827,194069.0,1,2026-09-17 00:00:00,2026-10-02 00:00:00,C05754,VISUS GRUPO HOTELERO,HOLIDAY INN EXPRESS & SUITES MONTERREY VALLE (MTYRR),6048.9,0,967.83,7016.72,0.0,68739022,,10,CJA,AV. VASCONCELOS 345,SANTA ENGRACIA,"SAN PEDRO GARZA GARCIA, NL",NL,66267,Cobro Regreso,"SAN PEDRO GARZA GARCIA, NL, NL.","AV. VASCONCELOS 345, SANTA ENGRACIA, 66267, SAN PEDRO GARZA GARCIA, NL, NL",,"AVENIDA VASCONCELOS 345   SANTA ENGRACIA_x000D__x000D_SAN PEDRO GARZA GARCIA,66267, NL_x000D_MX",(81) 2222.60.00,VGH161110FT6
243903,MES AGOSTO,192917.0,1,2026-09-17 00:00:00,2026-10-02 00:00:00,C05518,SELFI GRUPO OPERADOR DE ESTACIONAMIENTOS,HOLIDAY INN EXPRESS XALAPA (JALEX),1209.78,0,193.56,1403.34,0.0,68739022,,2,CJA,IGNACIO ZARAGOZA 8,CENTRO,XALAPA ENRIQUEZ,VER,91000,Cobro Regreso,"XALAPA ENRIQUEZ, VER.","IGNACIO ZARAGOZA 8, CENTRO, 91000, XALAPA ENRIQUEZ, VER",,"IGNACIO ZARAGOZA 8 PISO 1   CENTRO_x000D__x000D_XALAPA-ENRIQUEZ,91000, VER_x000D_MX",228 141 1690,SGO050614JG0
243904,4503111372,192923.0,1,2026-09-17 00:00:00,2026-10-17 00:00:00,C08131,INMOBILIARIA HOTELERA EL PRESIDENTE SAN JOSE DEL CABO,HOLIDAY INN & SUITES AGUASCALIENTES (AGUGP),3024.45,0,483.91,3508.36,0.0,68739022,,5,CJA,CARRETERA PANAMERICANA SUR KM 52 S/N,CARRETERA PANAMERICANA,AGUASCALIENTES,AGS,20345,Cobro Regreso,"AGUASCALIENTES, AGS.","CARRETERA PANAMERICANA SUR KM 52 S/N, CARRETERA PANAMERICANA, 20345, AGUASCALIENTES, AGS",,"AVENIDA EJERCITO NACIONAL MEXICANO 769 INT TORRE B PISO 8   GRANADA_x000D__x000D_MIGUEL HIDALGO,11520, CMX_x000D_MX",449 478 1300,IHP810701G7A
243905,4//CANCELACION//HOTEL HOLIDAY INN BOCA DEL RIO,192933.0,1,2026-09-17 00:00:00,2026-10-17 00:00:00,C01016,PROMOTORA HOTELERA DE VERACRUZ,HOLIDAY INN VERACRUZ (VCRMX),8468.46,0,1354.95,9823.41,0.0,68739022,,14,CJA,BLVD.ADOLFO RUIZ CORTINES 4298,FRACC COSTA DE ORO,BOCA DEL RIO,VER,94299,Cobro Regreso,"BOCA DEL RIO, VER.","BLVD.ADOLFO RUIZ CORTINES 4298, FRACC COSTA DE ORO, 94299, BOCA DEL RIO, VER",,"MORELOS 225   CENTRO_x000D__x000D_VERACRUZ,91700, VER_x000D_MX",229 923 2050 al 54,PHV980313PU8
243906,,192937.0,1,2026-09-17 00:00:00,2026-10-02 00:00:00,C00456,HOTELERA BAJO LERMA,HOLIDAY INN LA PIEDAD (LPDEX),2419.56,0,387.13,2806.69,0.0,68739022,,4,CJA,KM.2.5 CARRETERA LA PIEDAD,MARGARITAS,LA PIEDAD,MCH,59300,Cobro Destino,"LA PIEDAD, MCH.","KM.2.5 CARRETERA LA PIEDAD, MARGARITAS, 59300, LA PIEDAD, MCH",,"CARRETERA LA PIEDAD GUADALAJARA KM 2.5  SIN NUMERO   MARGARITA_x000D__x000D_LA PIEDAD,59300, MCH_x000D_MX",352 526 3017,HBL920330BGA
243907,03 AGOSTO AMA DE LLAVES,192975.0,1,2026-09-17 00:00:00,2026-09-17 00:00:00,C04552,HOTELERA QUERETANA,HOLIDAY INN EXPRESS & SUITES QUERETARO (MQERG),1814.67,0,290.35,2105.02,0.0,68739022,,3,CJA,AVENIDA 5 DE FEBRERO 110 BIS,NIÑOS HEROES,QUERETARO,QUE,76010,Cobro Regreso,"QUERETARO, QUE.","AVENIDA 5 DE FEBRERO 110 BIS, NIÑOS HEROES, 76010, QUERETARO, QUE",,"AVENIDA 5 DE FEBRERO 110 BIS   NIÑOS HEROES_x000D__x000D_QUERETARO,76010, QUE_x000D_MX",442 215 0020,HQU100513C37
243908,HOTEL STAYBRIDGE,192977.0,1,2026-09-17 00:00:00,2026-10-17 00:00:00,C08487,ALTA HOTELERIA,STAYBRIDGE SUITES VILLAHERMOSA (VSAVH),1931.31,0,309.01,2240.32,0.0,68739022,,3,CJA,PROL DE PASEO USUMACINTA CARRIZAL 1708,TABASCO 2000,CENTRO,TAB,86035,Cobro Regreso,"CENTRO, TAB.","PROL DE PASEO USUMACINTA CARRIZAL 1708, TABASCO 2000, 86035, CENTRO, TAB",,"AVENIDA PASEO USUMACINTA 1708   CARRIZAL_x000D__x000D_VILLAHERMOSA,86038, TAB_x000D_MX",99 3319 1800,AHO991230PN4
243909,holiday inn express reforma,192979.0,1,2026-09-17 00:00:00,2026-10-02 00:00:00,C02642,HOTELES Y RESTAURANTES UNIDOS,HOLIDAY INN EXPRESS MEXICO REFORMA (MEXRE),15122.25,0,2419.56,17541.81,0.0,68739022,,25,CJA,AV. PASEO DE LA REFORMA 208,JUAREZ,MEXICO,DF,6500,Cobro Regreso,"MEXICO, DF.","AV. PASEO DE LA REFORMA 208, JUAREZ, 06500, MEXICO, DF",,"AV PASEO DE LA REFORMA 208   JUAREZ_x000D_MEXICO_x000D_CUAUHTEMOC,06600, CMX_x000D_MX",55 9150 5900,HRU020823LQ1
243909,holiday inn express reforma,192979.0,1,2026-09-17 00:00:00,2026-10-02 00:00:00,C02642,HOTELES Y RESTAURANTES UNIDOS,HOLIDAY INN EXPRESS MEXICO REFORMA (MEXRE),5801.1,0,928.18,6729.28,0.0,69706958,,10,CJA,AV. PASEO DE LA REFORMA 208,JUAREZ,MEXICO,DF,6500,Cobro Regreso,"MEXICO, DF.","AV. PASEO DE LA REFORMA 208, JUAREZ, 06500, MEXICO, DF",,"AV PASEO DE LA REFORMA 208   JUAREZ_x000D_MEXICO_x000D_CUAUHTEMOC,06600, CMX_x000D_MX",55 9150 5900,HRU020823LQ1
243909,holiday inn express reforma,192979.0,1,2026-09-17 00:00:00,2026-10-02 00:00:00,C02642,HOTELES Y RESTAURANTES UNIDOS,HOLIDAY INN EXPRESS MEXICO REFORMA (MEXRE),1264.32,0,202.29,1466.61,0.0,4029-A90,,2,CJA,AV. PASEO DE LA REFORMA 208,JUAREZ,MEXICO,DF,6500,Cobro Regreso,"MEXICO, DF.","AV. PASEO DE LA REFORMA 208, JUAREZ, 06500, MEXICO, DF",,"AV PASEO DE LA REFORMA 208   JUAREZ_x000D_MEXICO_x000D_CUAUHTEMOC,06600, CMX_x000D_MX",55 9150 5900,HRU020823LQ1
243909,holiday inn express reforma,192979.0,1,2026-09-17 00:00:00,2026-10-02 00:00:00,C02642,HOTELES Y RESTAURANTES UNIDOS,HOLIDAY INN EXPRESS MEXICO REFORMA (MEXRE),2215.0,0,354.4,2569.4,0.0,4029-A05,MISCELANEOS,1,CJA,AV. PASEO DE LA REFORMA 208,JUAREZ,MEXICO,DF,6500,Cobro Regreso,"MEXICO, DF.","AV. PASEO DE LA REFORMA 208, JUAREZ, 06500, MEXICO, DF",,"AV PASEO DE LA REFORMA 208   JUAREZ_x000D_MEXICO_x000D_CUAUHTEMOC,06600, CMX_x000D_MX",55 9150 5900,HRU020823LQ1
243910,,193042.0,1,2026-09-17 00:00:00,2026-10-02 00:00:00,C04085,HOTELERA DUPORT,HOLIDAY INN COATZACOALCOS (MTTCO),2419.56,0,387.13,2806.69,0.0,68739022,,4,CJA,Blvd. John Spark 4,Reserva Territorial Duport Ostion,Coatzacoalcos,VER,96536,Cobro Regreso,"Coatzacoalcos, VER.","Blvd. John Spark 4, Reserva Territorial Duport Ostion, 96536, Coatzacoalcos, VER",,"BLVD. MALECON COSTERO 4   EL TESORO_x000D__x000D_COATZACOALCOS,96536, VER_x000D_MX",921 211 8500,HDU0810038R8
243911,Agosto,193054.0,1,2026-09-17 00:00:00,2026-10-02 00:00:00,C07858,PROMOTORA DE HOTELES MIXHIUCA,HOLIDAY INN EXPRESS MEXICO AEROPUERTO A0200280 (MEXAI),4234.23,0,677.48,4911.71,0.0,68739022,,7,CJA,AVENIDA RIO CHURUBUSCO  253,GRANJAS MEXICO,IZTACALCO,CMX,8400,Cobro Regreso,"IZTACALCO, CMX.","AVENIDA RIO CHURUBUSCO  253, GRANJAS MEXICO, 08400, IZTACALCO, CMX",,"AVENIDA RIO CHURUBUSCO  253   GRANJAS MEXICO_x000D__x000D_IZTACALCO,08400, CMX_x000D_MX",55 5803 4900,PHM041119BZ6
243912,20609,193076.0,1,2026-09-17 00:00:00,2026-10-17 00:00:00,C08624,OPERADORA DE HOTELES FLOSOL,HOLIDAY INN & SUITES PUERTO VALLARTA (PVRIF),4839.12,0,774.26,5613.38,0.0,68739022,,8,CJA,BLVD. FRANCISCO MEDINA ASCENCIO 3650,VILLA LAS FLORES,PUERTO VALLARTA,JAL,48335,Cobro Regreso,"PUERTO VALLARTA, JAL.","BLVD. FRANCISCO MEDINA ASCENCIO 3650, VILLA LAS FLORES, 48335, PUERTO VALLARTA, JAL",,"BLVD. PUERTA DE HIERRO 5200 INT 14   PUERTA DE HIERRO_x000D__x000D_ZAPOPAN,45116, JAL_x000D_MX",322 226 7760,OHF0605235S7
243913,operadora de estancias creativas,193086.0,1,2026-09-17 00:00:00,2026-10-02 00:00:00,C07041,OPERADORA DE ESTANCIAS CREATIVAS,HOLIDAY INN EXPRESS TAPACHULA (TAPPF),2419.56,0,387.13,2806.69,0.0,68739022,,4,CJA,CARRETERA A PTO MADERO KM 3.5,LAS HORTENCIAS,TAPACHULA,CHS,30797,Cobro Regreso,"TAPACHULA, CHS.","CARRETERA A PTO MADERO KM 3.5, LAS HORTENCIAS, 30797, TAPACHULA, CHS",,"BLVD. BELISARIO DOMINGUEZ KM. 1081   JARDINES DE TUXTLA_x000D__x000D_TUXTLA,29020, CHS_x000D_MX",962 6201 600,OEC180105ND5
243914,OC 179871,193109.0,1,2026-09-17 00:00:00,2026-10-17 00:00:00,C04248,EMPRESAS OPTIMA,HOLIDAY INN EXPRESS GUADALAJARA AEROPUERTO (GDLOP),604.89,0,96.78,701.67,0.0,68739022,,1,CJA,SOLIDARIDAD 7012 A,LAS PINTAS,EL SALTO,JAL,45690,Transporte LOCAL,"EL SALTO, JAL.","SOLIDARIDAD 7012 A, LAS PINTAS, 45690, EL SALTO, JAL",,"SOLIDARIDAD 7012 A   LAS PINTAS_x000D__x000D_EL SALTO,45690, JAL_x000D_MX",81 8174 2400 CORPO,EOP000815CM5
243915,INMOBILIARIA BALROY,193111.0,1,2026-09-17 00:00:00,2026-10-02 00:00:00,C04472,INMOBILIARIA BALROY,HOLIDAY INN HUATULCO (HUXHI),9073.35,0,1451.74,10525.09,0.0,68739022,,15,CJA,BOULEVARD SANTA CRUZ 604,SANTA CRUZ SECTOR A,SANTA MARIA HUATULCO,OAX,70987,Cobro Regreso,"SANTA MARIA HUATULCO, OAX.","BOULEVARD SANTA CRUZ 604, SANTA CRUZ SECTOR A, 70987, SANTA MARIA HUATULCO, OAX",,"BOULEVARD SANTA CRUZ 604   SANTA CRUZ SECTOR A_x000D__x000D_SANTA MARIA HUATULCO,70987, OAX_x000D_MX",958 583 0433,IBA110311LY5
243916,,193286.0,1,2026-09-17 00:00:00,2026-10-17 00:00:00,C01962,FORSA EXPRESS GUADALAJARA,HOLIDAY INN EXPRESS GUADALAJARA EXPO (GDLOR),1209.78,0,193.56,1403.34,0.0,68739022,,2,CJA,MARIANO OTERO 2397,RESIDENCIAL VICTORIA,ZAPOPAN,JAL,45089,Transporte LOCAL,"ZAPOPAN, JAL.","MARIANO OTERO 2397, RESIDENCIAL VICTORIA, 45089, ZAPOPAN, JAL",,"MARIANO OTERO 2397   RESIDENCIAL VICTORIA_x000D__x000D_ZAPOPAN,45089, JAL_x000D_MX",5000 8080,FEG770328531
243917,Gwesty accommodation,193121.0,1,2026-09-17 00:00:00,2026-10-17 00:00:00,C09637,GWESTY ACCOMMODATION,HOLIDAY INN EXPRESS & SUITES MEXICALI A0200941 (MXLBC),2419.56,0,387.13,2806.69,0.0,68739022,,4,CJA,CALZADA MANUEL GOMEZ MORIN 1950 INT 855 A,Rivera,MEXICALI,BC,21259,Cobro Regreso,"MEXICALI, BC.","CALZADA MANUEL GOMEZ MORIN 1950 INT 855 A, Rivera, 21259, MEXICALI, BC",,"BLVD. LAZARO CARDENAS 4530  INT I   ISLAS AGRARIAS A_x000D__x000D_MEXICALI,21600, BC_x000D_MX",686 841 8110,GAC241010HX5
243918,staybridge,193123.0,1,2026-09-17 00:00:00,2026-10-02 00:00:00,C08608,HOTEL ROYAL PLAZA,STAYBRIDGE  SUITES PUEBLA (PUEAA),1209.78,0,193.56,1403.34,0.0,68739022,,2,CJA,Av Hermanos Serdan 810 INT SN,El Riego Sur,PUEBLA,PUE,72160,Cobro Regreso,"PUEBLA, PUE.","Av Hermanos Serdan 810 INT SN, El Riego Sur, 72160, PUEBLA, PUE",,"AV CUAUHTEMOC 1361   SANTA CRUZ ATOYAC_x000D__x000D_CUAUHTEMOC,03310, CMX_x000D_MX",222 690 0506,HRP880129QX5
243919,,193157.0,1,2026-09-17 00:00:00,2026-10-02 00:00:00,C01684,OPERADORA BRITS,HOLIDAY INN DURANGO A0210061 (DGOMX),604.89,0,96.78,701.67,0.0,68739022,,1,CJA,BLVD. FRANCISCO VILLA 4315,20 DE NOVIEMBRE,DURANGO,DUR,34234,Cobro Destino,"DURANGO, DUR.","BLVD. FRANCISCO VILLA 4315, 20 DE NOVIEMBRE, 34234, DURANGO, DUR",,"BLVD. FRANCISCO VILLA 4315   20 DE NOVIEMBRE_x000D__x000D_DURANGO,34236, DUR_x000D_MX",618 175 4279,OBR010723IT7
243920,holiday inn conveciones,193166.0,1,2026-09-17 00:00:00,2026-10-17 00:00:00,C00865,OPERAINN,HOLIDAY INN LEON CENTRO DE CONVENCIONES (BJXAP),1931.31,0,309.01,2240.32,0.0,68739022,,3,CJA,BLVD.ADOLFO LOPEZ MATEOS 2501,ORIENTE BUGAMBILIAS,LEON,GTO,37270,Cobro Regreso,"LEON, GTO.","BLVD.ADOLFO LOPEZ MATEOS 2501, ORIENTE BUGAMBILIAS, 37270, LEON, GTO",,"BLVD.ADOLFO LOPEZ MATEOS 2501 ORIENTE   BUGAMBILIAS_x000D__x000D_LEON,37270, GTO_x000D_MX",477 710 0040,OPE010420CQ3
243920,holiday inn conveciones,193166.0,1,2026-09-17 00:00:00,2026-10-17 00:00:00,C00865,OPERAINN,HOLIDAY INN LEON CENTRO DE CONVENCIONES (BJXAP),1851.66,0,296.27,2147.93,0.0,69706958,,3,CJA,BLVD.ADOLFO LOPEZ MATEOS 2501,ORIENTE BUGAMBILIAS,LEON,GTO,37270,Cobro Regreso,"LEON, GTO.","BLVD.ADOLFO LOPEZ MATEOS 2501, ORIENTE BUGAMBILIAS, 37270, LEON, GTO",,"BLVD.ADOLFO LOPEZ MATEOS 2501 ORIENTE   BUGAMBILIAS_x000D__x000D_LEON,37270, GTO_x000D_MX",477 710 0040,OPE010420CQ3
243921,4503110952,193172.0,1,2026-09-17 00:00:00,2026-10-17 00:00:00,C08549,ALKOER,STAYBRIDGE SUITES SILAO (BJXPI),1209.78,0,193.56,1403.34,0.0,68739022,,2,CJA,AV PLAZA HIDALGO 304 Y 306,PUERTO INTERIOR,SILAO DE LA VICTORIA,GTO,36275,Cobro Regreso,"SILAO DE LA VICTORIA, GTO.","AV PLAZA HIDALGO 304 Y 306, PUERTO INTERIOR, 36275, SILAO DE LA VICTORIA, GTO",,"AV EJERCITO NACIONAL MEXICANO 769 TORRE B PISO 8   GRANADA_x000D__x000D_CIUDAD DE MEXICO,11520, CMX_x000D_MX",472 690 6001,ALK150317SW2
243922,389006,193302.0,1,2026-09-17 00:00:00,2026-10-17 00:00:00,C08529,HOTELERIA SUSTENTABLE DEL PACIFICO,HOLIDAY INN EXPRESS GUAYMAS (GYMSO),560.88,0,89.74,650.62,0.0,68758339,,1,CJA,CALZADA AGUSTIN GARCIA LOPEZ  1298,LAS QUINTAS,GUAYMAS,SON,85448,Cobro Regreso,"GUAYMAS, SON.","CALZADA AGUSTIN GARCIA LOPEZ  1298, LAS QUINTAS, 85448, GUAYMAS, SON",,"CALLE MIGUEL ALEMAN 737   ZONA NORTE_x000D__x000D_CIUDAD OBREGON,85040, SON_x000D_MX",622 225 2504,HSP210914247
243922,389006,193302.0,1,2026-09-17 00:00:00,2026-10-17 00:00:00,C08529,HOTELERIA SUSTENTABLE DEL PACIFICO,HOLIDAY INN EXPRESS GUAYMAS (GYMSO),1209.78,0,193.57,1403.34,0.0,68739022,,2,CJA,CALZADA AGUSTIN GARCIA LOPEZ  1298,LAS QUINTAS,GUAYMAS,SON,85448,Cobro Regreso,"GUAYMAS, SON.","CALZADA AGUSTIN GARCIA LOPEZ  1298, LAS QUINTAS, 85448, GUAYMAS, SON",,"CALLE MIGUEL ALEMAN 737   ZONA NORTE_x000D__x000D_CIUDAD OBREGON,85040, SON_x000D_MX",622 225 2504,HSP210914247
243923,holiday inn suites,193306.0,1,2026-09-17 00:00:00,2026-10-17 00:00:00,C05176,OPERAINNSUITES,HOLIDAY INN & SUITES LEON (BJXPM),643.77,0,103.0,746.77,0.0,68739022,,1,CJA,BOULEVARD ADOLFO LOPEZ MATEOS 2619 PTE,VILLAS DEL JUNCAL,LEON,GTO,37180,Cobro Regreso,"LEON, GTO.","BOULEVARD ADOLFO LOPEZ MATEOS 2619 PTE, VILLAS DEL JUNCAL, 37180, LEON, GTO",,"BOULEVARD ADOLFO LOPEZ MATEOS 2619 PTE   VILLAS DEL JUNCAL_x000D__x000D_LEON,37180, GTO_x000D_MX",477 775 5100,OPE1506185I6
243923,holiday inn suites,193306.0,1,2026-09-17 00:00:00,2026-10-17 00:00:00,C05176,OPERAINNSUITES,HOLIDAY INN & SUITES LEON (BJXPM),1234.44,0,197.51,1431.95,0.0,69706958,,2,CJA,BOULEVARD ADOLFO LOPEZ MATEOS 2619 PTE,VILLAS DEL JUNCAL,LEON,GTO,37180,Cobro Regreso,"LEON, GTO.","BOULEVARD ADOLFO LOPEZ MATEOS 2619 PTE, VILLAS DEL JUNCAL, 37180, LEON, GTO",,"BOULEVARD ADOLFO LOPEZ MATEOS 2619 PTE   VILLAS DEL JUNCAL_x000D__x000D_LEON,37180, GTO_x000D_MX",477 775 5100,OPE1506185I6
243924,A.TP,193307.0,1,2026-09-17 00:00:00,2026-10-17 00:00:00,C02514,HOTEL ROYAL PLAZA,HOLIDAY INN MEXICO PLAZA UNIVERSIDAD A0210800 (MEXAA),7258.68,0,1161.39,8420.07,0.0,68739022,,12,CJA,PARROQUIA 1056 ENTRADA APROVEEDORES A ESPALDAS,SANTA CRUZ ATOYAC,MEXICO,CMX,3310,One Paqueteria C.Regreso,"MEXICO, CMX.","PARROQUIA 1056 ENTRADA APROVEEDORES A ESPALDAS, SANTA CRUZ ATOYAC, 03310, MEXICO, CMX",,"AV CUAUHTEMOC 1361   SANTA CRUZ ATOYAC_x000D__x000D_MEXICO,03310, CMX_x000D_MX",55 9183 7739,HRP880129QX5
243925,*,194054.0,1,2026-09-17 00:00:00,2026-10-17 00:00:00,C02514,HOTEL ROYAL PLAZA,HOLIDAY INN MEXICO PLAZA UNIVERSIDAD A0210800 (MEXAA),6048.9,0,967.82,7016.72,0.0,68739022,,10,CJA,PARROQUIA 1056 ENTRADA APROVEEDORES A ESPALDAS,SANTA CRUZ ATOYAC,MEXICO,CMX,3310,One Paqueteria C.Regreso,"MEXICO, CMX.","PARROQUIA 1056 ENTRADA APROVEEDORES A ESPALDAS, SANTA CRUZ ATOYAC, 03310, MEXICO, CMX",,"AV CUAUHTEMOC 1361   SANTA CRUZ ATOYAC_x000D__x000D_MEXICO,03310, CMX_x000D_MX",55 9183 7739,HRP880129QX5
243925,*,194054.0,1,2026-09-17 00:00:00,2026-10-17 00:00:00,C02514,HOTEL ROYAL PLAZA,HOLIDAY INN MEXICO PLAZA UNIVERSIDAD A0210800 (MEXAA),2900.55,0,464.09,3364.64,0.0,69706958,,5,CJA,PARROQUIA 1056 ENTRADA APROVEEDORES A ESPALDAS,SANTA CRUZ ATOYAC,MEXICO,CMX,3310,One Paqueteria C.Regreso,"MEXICO, CMX.","PARROQUIA 1056 ENTRADA APROVEEDORES A ESPALDAS, SANTA CRUZ ATOYAC, 03310, MEXICO, CMX",,"AV CUAUHTEMOC 1361   SANTA CRUZ ATOYAC_x000D__x000D_MEXICO,03310, CMX_x000D_MX",55 9183 7739,HRP880129QX5
243926,300014025,189316.0,13,2026-09-17 00:00:00,2026-10-17 00:00:00,C02351,GILCHRIST & SOAMES,GILCHRIST & SOAMES,116638.36,0,0.0,116638.36,6800.0,2351-J152,EE BATHE 1.5OZ OAT S,200,CJA,"2425 E. PERRY ROAD, SUITE 150",TAX ID 26-0871731,PLAINFIELD,IN,46168,Exportacion,"PLAINFIELD, IN.","2425 E. PERRY ROAD, SUITE 150, TAX ID 26-0871731, 46168, PLAINFIELD, IN",,"2425 E. PERRY ROAD, SUITE 150_x000D_PLAINFIELD IN  46168_x000D_USA",317-786-8286,XEXX010101000
243927,HOLIDAY INN AMAREA EN ACAPULCO,193347.0,1,2026-09-17 00:00:00,2026-10-02 00:00:00,C06344,HOTELES ROMANO,LAILA HOTELS,1648.82,0,263.81,1912.63,0.0,68739022,,2,CJA,AV. COSTERA MIGUEL ALEMAN 2310,FRACC. COSTA AZUL,ACAPULCO,GRO,39840,Cobro Regreso,"ACAPULCO, GRO.","AV. COSTERA MIGUEL ALEMAN 2310, FRACC. COSTA AZUL, 39840, ACAPULCO, GRO",,"RIO LERMA 237 ANEXO A   CUAUHTEMOC_x000D__x000D_CDMX,06500, CMX_x000D_MX",55 5242 7750,HRO170316K20
243928,h.hab,194323.0,1,2026-09-17 00:00:00,2026-10-17 00:00:00,C02514,HOTEL ROYAL PLAZA,HOLIDAY INN MEXICO PLAZA UNIVERSIDAD A0210800 (MEXAA),5444.01,0,871.04,6315.05,0.0,68739022,,9,CJA,PARROQUIA 1056 ENTRADA APROVEEDORES A ESPALDAS,SANTA CRUZ ATOYAC,MEXICO,CMX,3310,One Paqueteria C.Regreso,"MEXICO, CMX.","PARROQUIA 1056 ENTRADA APROVEEDORES A ESPALDAS, SANTA CRUZ ATOYAC, 03310, MEXICO, CMX",,"AV CUAUHTEMOC 1361   SANTA CRUZ ATOYAC_x000D__x000D_MEXICO,03310, CMX_x000D_MX",55 9183 7739,HRP880129QX5
243928,h.hab,194323.0,1,2026-09-17 00:00:00,2026-10-17 00:00:00,C02514,HOTEL ROYAL PLAZA,HOLIDAY INN MEXICO PLAZA UNIVERSIDAD A0210800 (MEXAA),2491.68,0,398.67,2890.35,0.0,68758340,,4,CJA,PARROQUIA 1056 ENTRADA APROVEEDORES A ESPALDAS,SANTA CRUZ ATOYAC,MEXICO,CMX,3310,One Paqueteria C.Regreso,"MEXICO, CMX.","PARROQUIA 1056 ENTRADA APROVEEDORES A ESPALDAS, SANTA CRUZ ATOYAC, 03310, MEXICO, CMX",,"AV CUAUHTEMOC 1361   SANTA CRUZ ATOYAC_x000D__x000D_MEXICO,03310, CMX_x000D_MX",55 9183 7739,HRP880129QX5
243929,h.rtz,194324.0,1,2026-09-17 00:00:00,2026-10-17 00:00:00,C02514,HOTEL ROYAL PLAZA,HOLIDAY INN MEXICO PLAZA UNIVERSIDAD A0210800 (MEXAA),2320.44,0,371.27,2691.71,0.0,69706958,,4,CJA,PARROQUIA 1056 ENTRADA APROVEEDORES A ESPALDAS,SANTA CRUZ ATOYAC,MEXICO,CMX,3310,One Paqueteria C.Regreso,"MEXICO, CMX.","PARROQUIA 1056 ENTRADA APROVEEDORES A ESPALDAS, SANTA CRUZ ATOYAC, 03310, MEXICO, CMX",,"AV CUAUHTEMOC 1361   SANTA CRUZ ATOYAC_x000D__x000D_MEXICO,03310, CMX_x000D_MX",55 9183 7739,HRP880129QX5
243929,h.rtz,194324.0,1,2026-09-17 00:00:00,2026-10-17 00:00:00,C02514,HOTEL ROYAL PLAZA,HOLIDAY INN MEXICO PLAZA UNIVERSIDAD A0210800 (MEXAA),2419.56,0,387.13,2806.69,0.0,68739022,,4,CJA,PARROQUIA 1056 ENTRADA APROVEEDORES A ESPALDAS,SANTA CRUZ ATOYAC,MEXICO,CMX,3310,One Paqueteria C.Regreso,"MEXICO, CMX.","PARROQUIA 1056 ENTRADA APROVEEDORES A ESPALDAS, SANTA CRUZ ATOYAC, 03310, MEXICO, CMX",,"AV CUAUHTEMOC 1361   SANTA CRUZ ATOYAC_x000D__x000D_MEXICO,03310, CMX_x000D_MX",55 9183 7739,HRP880129QX5
243929,h.rtz,194324.0,1,2026-09-17 00:00:00,2026-10-17 00:00:00,C02514,HOTEL ROYAL PLAZA,HOLIDAY INN MEXICO PLAZA UNIVERSIDAD A0210800 (MEXAA),1868.76,0,299.0,2167.76,0.0,68758340,,3,CJA,PARROQUIA 1056 ENTRADA APROVEEDORES A ESPALDAS,SANTA CRUZ ATOYAC,MEXICO,CMX,3310,One Paqueteria C.Regreso,"MEXICO, CMX.","PARROQUIA 1056 ENTRADA APROVEEDORES A ESPALDAS, SANTA CRUZ ATOYAC, 03310, MEXICO, CMX",,"AV CUAUHTEMOC 1361   SANTA CRUZ ATOYAC_x000D__x000D_MEXICO,03310, CMX_x000D_MX",55 9183 7739,HRP880129QX5
243929,h.rtz,194324.0,1,2026-09-17 00:00:00,2026-10-17 00:00:00,C02514,HOTEL ROYAL PLAZA,HOLIDAY INN MEXICO PLAZA UNIVERSIDAD A0210800 (MEXAA),627.66,0,100.43,728.09,0.0,68739026,,1,CJA,PARROQUIA 1056 ENTRADA APROVEEDORES A ESPALDAS,SANTA CRUZ ATOYAC,MEXICO,CMX,3310,One Paqueteria C.Regreso,"MEXICO, CMX.","PARROQUIA 1056 ENTRADA APROVEEDORES A ESPALDAS, SANTA CRUZ ATOYAC, 03310, MEXICO, CMX",,"AV CUAUHTEMOC 1361   SANTA CRUZ ATOYAC_x000D__x000D_MEXICO,03310, CMX_x000D_MX",55 9183 7739,HRP880129QX5
243930,ERROR T.C. CORRECION,189622.0,13,2026-09-17 00:00:00,2026-10-17 00:00:00,C02351,GILCHRIST & SOAMES,GILCHRIST & SOAMES,87478.77,0,0.0,87478.77,5100.0,2351-J152,EE BATHE 1.5OZ OAT S,150,CJA,"2425 E. PERRY ROAD, SUITE 150",TAX ID 26-0871731,PLAINFIELD,IN,46168,Exportacion,"PLAINFIELD, IN.","2425 E. PERRY ROAD, SUITE 150, TAX ID 26-0871731, 46168, PLAINFIELD, IN",,"2425 E. PERRY ROAD, SUITE 150_x000D_PLAINFIELD IN  46168_x000D_USA",317-786-8286,XEXX010101000
243931,OPERADORA ABACORY / HOLIDAY INN EXPRESS CUERNAVACA,193376.0,1,2026-09-17 00:00:00,2026-10-02 00:00:00,C09423,OPERADORA ABACORY,HOLIDAY INN EXPRESS & SUITES CUERNAVACA (CVJJH),3024.45,0,483.91,3508.36,0.0,68739022,,5,CJA,AVE. MORELOS SUR  133,LAS PALMAS,CUERNAVACA,MOR,62050,Cobro Regreso,"CUERNAVACA, MOR.","AVE. MORELOS SUR  133, LAS PALMAS, 62050, CUERNAVACA, MOR",,"AVE. MORELOS SUR 133   LAS PALMAS_x000D__x000D_CUERNAVACA,62050, MOR_x000D_MX",777 310 5333,OAB2410156T5
243931,OPERADORA ABACORY / HOLIDAY INN EXPRESS CUERNAVACA,193376.0,1,2026-09-17 00:00:00,2026-10-02 00:00:00,C09423,OPERADORA ABACORY,HOLIDAY INN EXPRESS & SUITES CUERNAVACA (CVJJH),1160.22,0,185.64,1345.86,0.0,69706958,,2,CJA,AVE. MORELOS SUR  133,LAS PALMAS,CUERNAVACA,MOR,62050,Cobro Regreso,"CUERNAVACA, MOR.","AVE. MORELOS SUR  133, LAS PALMAS, 62050, CUERNAVACA, MOR",,"AVE. MORELOS SUR 133   LAS PALMAS_x000D__x000D_CUERNAVACA,62050, MOR_x000D_MX",777 310 5333,OAB2410156T5
243931,OPERADORA ABACORY / HOLIDAY INN EXPRESS CUERNAVACA,193376.0,1,2026-09-17 00:00:00,2026-10-02 00:00:00,C09423,OPERADORA ABACORY,HOLIDAY INN EXPRESS & SUITES CUERNAVACA (CVJJH),1868.76,0,299.0,2167.76,0.0,68758340,,3,CJA,AVE. MORELOS SUR  133,LAS PALMAS,CUERNAVACA,MOR,62050,Cobro Regreso,"CUERNAVACA, MOR.","AVE. MORELOS SUR  133, LAS PALMAS, 62050, CUERNAVACA, MOR",,"AVE. MORELOS SUR 133   LAS PALMAS_x000D__x000D_CUERNAVACA,62050, MOR_x000D_MX",777 310 5333,OAB2410156T5
243932,,193399.0,1,2026-09-17 00:00:00,2026-10-02 00:00:00,C07043,OPERADORA DE ESTANCIAS CREATIVAS,HOLIDAY INN TUXTLA GUTIERREZ (TGZMX),3024.45,0,483.91,3508.36,0.0,68739022,,5,CJA,BLVD BELISARIO DOMINGUEZ KM  1081,JARDINES DE TUXTLA,TUXTLA,CHS,29020,Cobro Regreso,"TUXTLA, CHS.","BLVD BELISARIO DOMINGUEZ KM  1081, JARDINES DE TUXTLA, 29020, TUXTLA, CHS",,"BELISARIO DOMINGUEZ KM 1081   JARDINES DE TUXTLA_x000D__x000D_TUXTLA,29020, CHS_x000D_MX",961 617 1019,OEC180105ND5
243933,OPERADORA ABACORY / HOLIDAY INN EXPRESS CUERNAVACA,193426.0,1,2026-09-17 00:00:00,2026-10-02 00:00:00,C09423,OPERADORA ABACORY,HOLIDAY INN EXPRESS & SUITES CUERNAVACA (CVJJH),3629.34,0,580.69,4210.03,0.0,68739022,,6,CJA,AVE. MORELOS SUR  133,LAS PALMAS,CUERNAVACA,MOR,62050,Cobro Regreso,"CUERNAVACA, MOR.","AVE. MORELOS SUR  133, LAS PALMAS, 62050, CUERNAVACA, MOR",,"AVE. MORELOS SUR 133   LAS PALMAS_x000D__x000D_CUERNAVACA,62050, MOR_x000D_MX",777 310 5333,OAB2410156T5
243934,300014025,189316.0,13,2026-09-17 00:00:00,2026-10-17 00:00:00,C02351,GILCHRIST & SOAMES,GILCHRIST & SOAMES,116468.36,0,0.0,116468.36,6800.0,2351-J152,EE BATHE 1.5OZ OAT S,200,CJA,"2425 E. PERRY ROAD, SUITE 150",TAX ID 26-0871731,PLAINFIELD,IN,46168,Exportacion,"PLAINFIELD, IN.","2425 E. PERRY ROAD, SUITE 150, TAX ID 26-0871731, 46168, PLAINFIELD, IN",,"2425 E. PERRY ROAD, SUITE 150_x000D_PLAINFIELD IN  46168_x000D_USA",317-786-8286,XEXX010101000
243935,MIT M 133161/26,193930.0,1,2026-09-17 00:00:00,2026-12-16 00:00:00,C05558,HOTELERA PLAYA LITIBU,IBEROSTAR PUNTA MITA,15969.6,0,2555.14,18524.74,0.0,7294-L19,,20,CJA,CAMINO INGRESO A LITIBU LOTE #15,HIGUERA BLANCA,BAHIA DE BANDERAS,NAY,63734,Cobro Regreso,"BAHIA DE BANDERAS, NAY.","CAMINO INGRESO A LITIBU LOTE #15, HIGUERA BLANCA, 63734, BAHIA DE BANDERAS, NAY",,"CAMINO INGRESO A LITIBU LOTE #15   HIGUERA BLANCA_x000D__x000D_BAHIA DE BANDERAS,63734, NAY_x000D_MX",329-29-84-280,HPL040719KV5
243935,MIT M 133161/26,193930.0,1,2026-09-17 00:00:00,2026-12-16 00:00:00,C05558,HOTELERA PLAYA LITIBU,IBEROSTAR PUNTA MITA,3960.0,0,633.6,4593.6,0.0,7294-L14,,3,CJA,CAMINO INGRESO A LITIBU LOTE #15,HIGUERA BLANCA,BAHIA DE BANDERAS,NAY,63734,Cobro Regreso,"BAHIA DE BANDERAS, NAY.","CAMINO INGRESO A LITIBU LOTE #15, HIGUERA BLANCA, 63734, BAHIA DE BANDERAS, NAY",,"CAMINO INGRESO A LITIBU LOTE #15   HIGUERA BLANCA_x000D__x000D_BAHIA DE BANDERAS,63734, NAY_x000D_MX",329-29-84-280,HPL040719KV5
243935,MIT M 133161/26,193930.0,1,2026-09-17 00:00:00,2026-12-16 00:00:00,C05558,HOTELERA PLAYA LITIBU,IBEROSTAR PUNTA MITA,35931.6,0,5749.06,41680.66,0.0,7294-L18,,45,CJA,CAMINO INGRESO A LITIBU LOTE #15,HIGUERA BLANCA,BAHIA DE BANDERAS,NAY,63734,Cobro Regreso,"BAHIA DE BANDERAS, NAY.","CAMINO INGRESO A LITIBU LOTE #15, HIGUERA BLANCA, 63734, BAHIA DE BANDERAS, NAY",,"CAMINO INGRESO A LITIBU LOTE #15   HIGUERA BLANCA_x000D__x000D_BAHIA DE BANDERAS,63734, NAY_x000D_MX",329-29-84-280,HPL040719KV5
243935,MIT M 133161/26,193930.0,1,2026-09-17 00:00:00,2026-12-16 00:00:00,C05558,HOTELERA PLAYA LITIBU,IBEROSTAR PUNTA MITA,43916.4,0,7026.62,50943.02,0.0,7294-L21,,55,CJA,CAMINO INGRESO A LITIBU LOTE #15,HIGUERA BLANCA,BAHIA DE BANDERAS,NAY,63734,Cobro Regreso,"BAHIA DE BANDERAS, NAY.","CAMINO INGRESO A LITIBU LOTE #15, HIGUERA BLANCA, 63734, BAHIA DE BANDERAS, NAY",,"CAMINO INGRESO A LITIBU LOTE #15   HIGUERA BLANCA_x000D__x000D_BAHIA DE BANDERAS,63734, NAY_x000D_MX",329-29-84-280,HPL040719KV5
243935,MIT M 133161/26,193930.0,1,2026-09-17 00:00:00,2026-12-16 00:00:00,C05558,HOTELERA PLAYA LITIBU,IBEROSTAR PUNTA MITA,31939.2,0,5110.27,37049.47,0.0,7294-L22,,40,CJA,CAMINO INGRESO A LITIBU LOTE #15,HIGUERA BLANCA,BAHIA DE BANDERAS,NAY,63734,Cobro Regreso,"BAHIA DE BANDERAS, NAY.","CAMINO INGRESO A LITIBU LOTE #15, HIGUERA BLANCA, 63734, BAHIA DE BANDERAS, NAY",,"CAMINO INGRESO A LITIBU LOTE #15   HIGUERA BLANCA_x000D__x000D_BAHIA DE BANDERAS,63734, NAY_x000D_MX",329-29-84-280,HPL040719KV5
243936,300014093,189622.0,13,2026-09-17 00:00:00,2026-10-17 00:00:00,C02351,GILCHRIST & SOAMES,GILCHRIST & SOAMES,87351.27,0,0.0,87351.27,5100.0,2351-J152,EE BATHE 1.5OZ OAT S,150,CJA,"2425 E. PERRY ROAD, SUITE 150",TAX ID 26-0871731,PLAINFIELD,IN,46168,Exportacion,"PLAINFIELD, IN.","2425 E. PERRY ROAD, SUITE 150, TAX ID 26-0871731, 46168, PLAINFIELD, IN",,"2425 E. PERRY ROAD, SUITE 150_x000D_PLAINFIELD IN  46168_x000D_USA",317-786-8286,XEXX010101000
243937,300014385,192012.0,13,2026-09-17 00:00:00,2026-10-17 00:00:00,C02351,GILCHRIST & SOAMES,GILCHRIST & SOAMES,77074.65,0,0.0,77074.65,4500.0,2351-J151,EE BATHE 1OZ ALOE SO,250,CJA,"2425 E. PERRY ROAD, SUITE 150",TAX ID 26-0871731,PLAINFIELD,IN,46168,Exportacion,"PLAINFIELD, IN.","2425 E. PERRY ROAD, SUITE 150, TAX ID 26-0871731, 46168, PLAINFIELD, IN",,"2425 E. PERRY ROAD, SUITE 150_x000D_PLAINFIELD IN  46168_x000D_USA",317-786-8286,XEXX010101000
243938,300014495,191395.0,13,2026-09-17 00:00:00,2026-10-17 00:00:00,C02351,GILCHRIST & SOAMES,GILCHRIST & SOAMES,24814.95,0,0.0,24814.95,1448.82,2351-J141,LONDON COL ALOE SOAP,54,CJA,"2425 E. PERRY ROAD, SUITE 150",TAX ID 26-0871731,PLAINFIELD,IN,46168,Exportacion,"PLAINFIELD, IN.","2425 E. PERRY ROAD, SUITE 150, TAX ID 26-0871731, 46168, PLAINFIELD, IN",,"2425 E. PERRY ROAD, SUITE 150_x000D_PLAINFIELD IN  46168_x000D_USA",317-786-8286,XEXX010101000
243939,HOTEL HOLIDAY INN BOCA DEL RIO,194430.0,1,2026-09-17 00:00:00,2026-10-17 00:00:00,C01016,PROMOTORA HOTELERA DE VERACRUZ,HOLIDAY INN VERACRUZ (VCRMX),6961.32,0,1113.81,8075.13,0.0,69706958,,12,CJA,BLVD.ADOLFO RUIZ CORTINES 4298,FRACC COSTA DE ORO,BOCA DEL RIO,VER,94299,Cobro Regreso,"BOCA DEL RIO, VER.","BLVD.ADOLFO RUIZ CORTINES 4298, FRACC COSTA DE ORO, 94299, BOCA DEL RIO, VER",,"MORELOS 225   CENTRO_x000D__x000D_VERACRUZ,91700, VER_x000D_MX",229 923 2050 al 54,PHV980313PU8
243939,HOTEL HOLIDAY INN BOCA DEL RIO,194430.0,1,2026-09-17 00:00:00,2026-10-17 00:00:00,C01016,PROMOTORA HOTELERA DE VERACRUZ,HOLIDAY INN VERACRUZ (VCRMX),4983.36,0,797.34,5780.7,0.0,68758340,,8,CJA,BLVD.ADOLFO RUIZ CORTINES 4298,FRACC COSTA DE ORO,BOCA DEL RIO,VER,94299,Cobro Regreso,"BOCA DEL RIO, VER.","BLVD.ADOLFO RUIZ CORTINES 4298, FRACC COSTA DE ORO, 94299, BOCA DEL RIO, VER",,"MORELOS 225   CENTRO_x000D__x000D_VERACRUZ,91700, VER_x000D_MX",229 923 2050 al 54,PHV980313PU8
243940,300014186,190224.0,13,2026-09-17 00:00:00,2026-10-17 00:00:00,C02351,GILCHRIST & SOAMES,GILCHRIST & SOAMES,13926.88,0,0.0,13926.88,813.12,2351-J132,A200VE025PLU LONDON,32,CJA,"2425 E. PERRY ROAD, SUITE 150",TAX ID 26-0871731,PLAINFIELD,IN,46168,Exportacion,"PLAINFIELD, IN.","2425 E. PERRY ROAD, SUITE 150, TAX ID 26-0871731, 46168, PLAINFIELD, IN",,"2425 E. PERRY ROAD, SUITE 150_x000D_PLAINFIELD IN  46168_x000D_USA",317-786-8286,XEXX010101000
243941,300014659,193208.0,13,2026-09-17 00:00:00,2026-10-17 00:00:00,C02351,GILCHRIST & SOAMES,GILCHRIST & SOAMES,353310.2,0,0.0,353310.2,20628.0,2351-J98,SPA-ALOE CTN SOAP 1.,600,CJA,"2425 E. PERRY ROAD, SUITE 150",TAX ID 26-0871731,PLAINFIELD,IN,46168,Exportacion,"PLAINFIELD, IN.","2425 E. PERRY ROAD, SUITE 150, TAX ID 26-0871731, 46168, PLAINFIELD, IN",,"2425 E. PERRY ROAD, SUITE 150_x000D_PLAINFIELD IN  46168_x000D_USA",317-786-8286,XEXX010101000
243943,394973,193453.0,1,2026-09-17 00:00:00,2026-10-17 00:00:00,C08529,HOTELERIA SUSTENTABLE DEL PACIFICO,HOLIDAY INN EXPRESS GUAYMAS (GYMSO),2804.4,0,448.7,3253.1,0.0,68758339,,5,CJA,CALZADA AGUSTIN GARCIA LOPEZ  1298,LAS QUINTAS,GUAYMAS,SON,85448,Cobro Regreso,"GUAYMAS, SON.","CALZADA AGUSTIN GARCIA LOPEZ  1298, LAS QUINTAS, 85448, GUAYMAS, SON",,"CALLE MIGUEL ALEMAN 737   ZONA NORTE_x000D__x000D_CIUDAD OBREGON,85040, SON_x000D_MX",622 225 2504,HSP210914247
243943,394973,193453.0,1,2026-09-17 00:00:00,2026-10-17 00:00:00,C08529,HOTELERIA SUSTENTABLE DEL PACIFICO,HOLIDAY INN EXPRESS GUAYMAS (GYMSO),2419.56,0,387.13,2806.69,0.0,68739022,,4,CJA,CALZADA AGUSTIN GARCIA LOPEZ  1298,LAS QUINTAS,GUAYMAS,SON,85448,Cobro Regreso,"GUAYMAS, SON.","CALZADA AGUSTIN GARCIA LOPEZ  1298, LAS QUINTAS, 85448, GUAYMAS, SON",,"CALLE MIGUEL ALEMAN 737   ZONA NORTE_x000D__x000D_CIUDAD OBREGON,85040, SON_x000D_MX",622 225 2504,HSP210914247
243778,PO5427715,194116.0,1,2026-09-14 00:00:00,2026-10-14 00:00:00,C05936,FIDEICOMISO F/1596,FIESTA INN PUERTO VALLARTA LA ISLA (FIPVT),5220.0,0,835.2,6055.2,0.0,4024-A14,FIESTA INN,2000,PZA,FCO MED ASCENCIO 2479,ZONA HOTELERA NORTE,PUERTO VALLARTA,JAL,48333,Cobro Regreso,"PUERTO VALLARTA, JAL.","FCO MED ASCENCIO 2479, ZONA HOTELERA NORTE, 48333, PUERTO VALLARTA, JAL",,"AV SANTA FE 481 PISO 7   SANTA FE CUAJIMALPA_x000D__x000D_CUAJIMALPA DE MORELOS,05348, CMX_x000D_MX",(322)688-1550,FFX121005C6A
243779,,194452.0,1,2026-09-14 00:00:00,2026-09-14 00:00:00,CN0220,HOTEL MARIA TERESA,HOTEL MARIA TERESA,7155.0,0,1144.8,8299.8,0.0,4018-L14,,6,CJA,AV INDEPENDENCIA 626,CENTRO,PLAYA AZUL,MCH,60982,Tres Guerras C.Destino,"PLAYA AZUL, MCH.","AV INDEPENDENCIA 626, CENTRO, 60982, PLAYA AZUL, MCH",,"AV INDEPENDENCIA 626   CENTRO_x000D__x000D_PLAYA AZUL,60982, MCH_x000D_MX",753 536 0005,HMT851115DI0
243779,,194452.0,1,2026-09-14 00:00:00,2026-09-14 00:00:00,CN0220,HOTEL MARIA TERESA,HOTEL MARIA TERESA,5967.5,0,954.8,6922.3,0.0,4018-J06,,5,CJA,AV INDEPENDENCIA 626,CENTRO,PLAYA AZUL,MCH,60982,Tres Guerras C.Destino,"PLAYA AZUL, MCH.","AV INDEPENDENCIA 626, CENTRO, 60982, PLAYA AZUL, MCH",,"AV INDEPENDENCIA 626   CENTRO_x000D__x000D_PLAYA AZUL,60982, MCH_x000D_MX",753 536 0005,HMT851115DI0
243779,,194452.0,1,2026-09-14 00:00:00,2026-09-14 00:00:00,CN0220,HOTEL MARIA TERESA,HOTEL MARIA TERESA,4770.0,0,763.2,5533.2,0.0,4018-L16,,4,CJA,AV INDEPENDENCIA 626,CENTRO,PLAYA AZUL,MCH,60982,Tres Guerras C.Destino,"PLAYA AZUL, MCH.","AV INDEPENDENCIA 626, CENTRO, 60982, PLAYA AZUL, MCH",,"AV INDEPENDENCIA 626   CENTRO_x000D__x000D_PLAYA AZUL,60982, MCH_x000D_MX",753 536 0005,HMT851115DI0
243780,PAR R 496387/26,191341.0,3,2026-09-14 00:00:00,2026-12-13 00:00:00,C07431,HOTELERA PLAYA PARAISO,IBEROSTAR PLAYA PARAISO,3038.7,0,486.19,3524.96,179.04,JHRB-0093,,6,PZA,CARRETERA CHETUMAL PTO JUAREZ KM 309,PLAYA PARAISO,PLAYA DEL CARMEN,QR,77710,CEDIS Cancún,"PLAYA DEL CARMEN, QR.","CARRETERA CHETUMAL PTO JUAREZ KM 309, PLAYA PARAISO, 77710, PLAYA DEL CARMEN, QR",,"CARRETERA CHETUMAL PTO JUAREZ KM 309   PLAYA PARAISO_x000D__x000D_PLAYA DEL CARMEN,77710, QR_x000D_MX",9848772800  EXT. 807,HPP980205ER1
243781,PAR M 497752/26,191573.0,3,2026-09-14 00:00:00,2026-12-13 00:00:00,C07431,HOTELERA PLAYA PARAISO,IBEROSTAR PLAYA PARAISO,1200.0,0,192.0,1392.0,0.0,4029-A94,,1,CJA,CARRETERA CHETUMAL PTO JUAREZ KM 309,PLAYA PARAISO,PLAYA DEL CARMEN,QR,77710,CEDIS Cancún,"PLAYA DEL CARMEN, QR.","CARRETERA CHETUMAL PTO JUAREZ KM 309, PLAYA PARAISO, 77710, PLAYA DEL CARMEN, QR",,"CARRETERA CHETUMAL PTO JUAREZ KM 309   PLAYA PARAISO_x000D__x000D_PLAYA DEL CARMEN,77710, QR_x000D_MX",9848772800  EXT. 807,HPP980205ER1
243782,PAR M 498677/26,192001.0,3,2026-09-14 00:00:00,2026-12-13 00:00:00,C07431,HOTELERA PLAYA PARAISO,IBEROSTAR PLAYA PARAISO,2528.0,0,404.48,2932.48,0.0,4029-A90,,4,CJA,CARRETERA CHETUMAL PTO JUAREZ KM 309,PLAYA PARAISO,PLAYA DEL CARMEN,QR,77710,CEDIS Cancún,"PLAYA DEL CARMEN, QR.","CARRETERA CHETUMAL PTO JUAREZ KM 309, PLAYA PARAISO, 77710, PLAYA DEL CARMEN, QR",,"CARRETERA CHETUMAL PTO JUAREZ KM 309   PLAYA PARAISO_x000D__x000D_PLAYA DEL CARMEN,77710, QR_x000D_MX",9848772800  EXT. 807,HPP980205ER1
243782,PAR M 498677/26,192001.0,3,2026-09-14 00:00:00,2026-12-13 00:00:00,C07431,HOTELERA PLAYA PARAISO,IBEROSTAR PLAYA PARAISO,1200.0,0,192.0,1392.0,0.0,4029-A95,,1,CJA,CARRETERA CHETUMAL PTO JUAREZ KM 309,PLAYA PARAISO,PLAYA DEL CARMEN,QR,77710,CEDIS Cancún,"PLAYA DEL CARMEN, QR.","CARRETERA CHETUMAL PTO JUAREZ KM 309, PLAYA PARAISO, 77710, PLAYA DEL CARMEN, QR",,"CARRETERA CHETUMAL PTO JUAREZ KM 309   PLAYA PARAISO_x000D__x000D_PLAYA DEL CARMEN,77710, QR_x000D_MX",9848772800  EXT. 807,HPP980205ER1
243782,PAR M 498677/26,192001.0,3,2026-09-14 00:00:00,2026-12-13 00:00:00,C07431,HOTELERA PLAYA PARAISO,IBEROSTAR PLAYA PARAISO,1200.0,0,192.0,1392.0,0.0,4029-A94,,1,CJA,CARRETERA CHETUMAL PTO JUAREZ KM 309,PLAYA PARAISO,PLAYA DEL CARMEN,QR,77710,CEDIS Cancún,"PLAYA DEL CARMEN, QR.","CARRETERA CHETUMAL PTO JUAREZ KM 309, PLAYA PARAISO, 77710, PLAYA DEL CARMEN, QR",,"CARRETERA CHETUMAL PTO JUAREZ KM 309   PLAYA PARAISO_x000D__x000D_PLAYA DEL CARMEN,77710, QR_x000D_MX",9848772800  EXT. 807,HPP980205ER1
243782,PAR M 498677/26,192001.0,3,2026-09-14 00:00:00,2026-12-13 00:00:00,C07431,HOTELERA PLAYA PARAISO,IBEROSTAR PLAYA PARAISO,1900.0,0,304.0,2204.0,0.0,4029-A93,,1,CJA,CARRETERA CHETUMAL PTO JUAREZ KM 309,PLAYA PARAISO,PLAYA DEL CARMEN,QR,77710,CEDIS Cancún,"PLAYA DEL CARMEN, QR.","CARRETERA CHETUMAL PTO JUAREZ KM 309, PLAYA PARAISO, 77710, PLAYA DEL CARMEN, QR",,"CARRETERA CHETUMAL PTO JUAREZ KM 309   PLAYA PARAISO_x000D__x000D_PLAYA DEL CARMEN,77710, QR_x000D_MX",9848772800  EXT. 807,HPP980205ER1
243782,PAR M 498677/26,192001.0,3,2026-09-14 00:00:00,2026-12-13 00:00:00,C07431,HOTELERA PLAYA PARAISO,IBEROSTAR PLAYA PARAISO,2932.0,0,469.12,3401.12,0.0,4029-A91,,2,CJA,CARRETERA CHETUMAL PTO JUAREZ KM 309,PLAYA PARAISO,PLAYA DEL CARMEN,QR,77710,CEDIS Cancún,"PLAYA DEL CARMEN, QR.","CARRETERA CHETUMAL PTO JUAREZ KM 309, PLAYA PARAISO, 77710, PLAYA DEL CARMEN, QR",,"CARRETERA CHETUMAL PTO JUAREZ KM 309   PLAYA PARAISO_x000D__x000D_PLAYA DEL CARMEN,77710, QR_x000D_MX",9848772800  EXT. 807,HPP980205ER1
243782,PAR M 498677/26,192001.0,3,2026-09-14 00:00:00,2026-12-13 00:00:00,C07431,HOTELERA PLAYA PARAISO,IBEROSTAR PLAYA PARAISO,22092.0,0,3534.72,25626.72,0.0,4029-A92,,7,CJA,CARRETERA CHETUMAL PTO JUAREZ KM 309,PLAYA PARAISO,PLAYA DEL CARMEN,QR,77710,CEDIS Cancún,"PLAYA DEL CARMEN, QR.","CARRETERA CHETUMAL PTO JUAREZ KM 309, PLAYA PARAISO, 77710, PLAYA DEL CARMEN, QR",,"CARRETERA CHETUMAL PTO JUAREZ KM 309   PLAYA PARAISO_x000D__x000D_PLAYA DEL CARMEN,77710, QR_x000D_MX",9848772800  EXT. 807,HPP980205ER1
243783,PAR M 503474/26,193230.0,3,2026-09-14 00:00:00,2026-12-13 00:00:00,C07431,HOTELERA PLAYA PARAISO,IBEROSTAR PLAYA PARAISO,10330.56,0,1652.89,11983.45,0.0,4011-L51,,17,CJA,CARRETERA CHETUMAL PTO JUAREZ KM 309,PLAYA PARAISO,PLAYA DEL CARMEN,QR,77710,CEDIS Cancún,"PLAYA DEL CARMEN, QR.","CARRETERA CHETUMAL PTO JUAREZ KM 309, PLAYA PARAISO, 77710, PLAYA DEL CARMEN, QR",,"CARRETERA CHETUMAL PTO JUAREZ KM 309   PLAYA PARAISO_x000D__x000D_PLAYA DEL CARMEN,77710, QR_x000D_MX",9848772800  EXT. 807,HPP980205ER1
243783,PAR M 503474/26,193230.0,3,2026-09-14 00:00:00,2026-12-13 00:00:00,C07431,HOTELERA PLAYA PARAISO,IBEROSTAR PLAYA PARAISO,4790.88,0,766.54,5557.42,0.0,5013-L42,,6,CJA,CARRETERA CHETUMAL PTO JUAREZ KM 309,PLAYA PARAISO,PLAYA DEL CARMEN,QR,77710,CEDIS Cancún,"PLAYA DEL CARMEN, QR.","CARRETERA CHETUMAL PTO JUAREZ KM 309, PLAYA PARAISO, 77710, PLAYA DEL CARMEN, QR",,"CARRETERA CHETUMAL PTO JUAREZ KM 309   PLAYA PARAISO_x000D__x000D_PLAYA DEL CARMEN,77710, QR_x000D_MX",9848772800  EXT. 807,HPP980205ER1
243783,PAR M 503474/26,193230.0,3,2026-09-14 00:00:00,2026-12-13 00:00:00,C07431,HOTELERA PLAYA PARAISO,IBEROSTAR PLAYA PARAISO,27946.8,0,4471.49,32418.29,0.0,7294-L18,,35,CJA,CARRETERA CHETUMAL PTO JUAREZ KM 309,PLAYA PARAISO,PLAYA DEL CARMEN,QR,77710,CEDIS Cancún,"PLAYA DEL CARMEN, QR.","CARRETERA CHETUMAL PTO JUAREZ KM 309, PLAYA PARAISO, 77710, PLAYA DEL CARMEN, QR",,"CARRETERA CHETUMAL PTO JUAREZ KM 309   PLAYA PARAISO_x000D__x000D_PLAYA DEL CARMEN,77710, QR_x000D_MX",9848772800  EXT. 807,HPP980205ER1
243783,PAR M 503474/26,193230.0,3,2026-09-14 00:00:00,2026-12-13 00:00:00,C07431,HOTELERA PLAYA PARAISO,IBEROSTAR PLAYA PARAISO,6076.8,0,972.29,7049.09,0.0,4011-L50,,10,CJA,CARRETERA CHETUMAL PTO JUAREZ KM 309,PLAYA PARAISO,PLAYA DEL CARMEN,QR,77710,CEDIS Cancún,"PLAYA DEL CARMEN, QR.","CARRETERA CHETUMAL PTO JUAREZ KM 309, PLAYA PARAISO, 77710, PLAYA DEL CARMEN, QR",,"CARRETERA CHETUMAL PTO JUAREZ KM 309   PLAYA PARAISO_x000D__x000D_PLAYA DEL CARMEN,77710, QR_x000D_MX",9848772800  EXT. 807,HPP980205ER1
243783,PAR M 503474/26,193230.0,3,2026-09-14 00:00:00,2026-12-13 00:00:00,C07431,HOTELERA PLAYA PARAISO,IBEROSTAR PLAYA PARAISO,23954.4,0,3832.7,27787.1,0.0,7294-L21,,30,CJA,CARRETERA CHETUMAL PTO JUAREZ KM 309,PLAYA PARAISO,PLAYA DEL CARMEN,QR,77710,CEDIS Cancún,"PLAYA DEL CARMEN, QR.","CARRETERA CHETUMAL PTO JUAREZ KM 309, PLAYA PARAISO, 77710, PLAYA DEL CARMEN, QR",,"CARRETERA CHETUMAL PTO JUAREZ KM 309   PLAYA PARAISO_x000D__x000D_PLAYA DEL CARMEN,77710, QR_x000D_MX",9848772800  EXT. 807,HPP980205ER1
243783,PAR M 503474/26,193230.0,3,2026-09-14 00:00:00,2026-12-13 00:00:00,C07431,HOTELERA PLAYA PARAISO,IBEROSTAR PLAYA PARAISO,27946.8,0,4471.49,32418.29,0.0,7294-L22,,35,CJA,CARRETERA CHETUMAL PTO JUAREZ KM 309,PLAYA PARAISO,PLAYA DEL CARMEN,QR,77710,CEDIS Cancún,"PLAYA DEL CARMEN, QR.","CARRETERA CHETUMAL PTO JUAREZ KM 309, PLAYA PARAISO, 77710, PLAYA DEL CARMEN, QR",,"CARRETERA CHETUMAL PTO JUAREZ KM 309   PLAYA PARAISO_x000D__x000D_PLAYA DEL CARMEN,77710, QR_x000D_MX",9848772800  EXT. 807,HPP980205ER1
243783,PAR M 503474/26,193230.0,3,2026-09-14 00:00:00,2026-12-13 00:00:00,C07431,HOTELERA PLAYA PARAISO,IBEROSTAR PLAYA PARAISO,3992.4,0,638.78,4631.18,0.0,5013-L45,,5,CJA,CARRETERA CHETUMAL PTO JUAREZ KM 309,PLAYA PARAISO,PLAYA DEL CARMEN,QR,77710,CEDIS Cancún,"PLAYA DEL CARMEN, QR.","CARRETERA CHETUMAL PTO JUAREZ KM 309, PLAYA PARAISO, 77710, PLAYA DEL CARMEN, QR",,"CARRETERA CHETUMAL PTO JUAREZ KM 309   PLAYA PARAISO_x000D__x000D_PLAYA DEL CARMEN,77710, QR_x000D_MX",9848772800  EXT. 807,HPP980205ER1
243783,PAR M 503474/26,193230.0,3,2026-09-14 00:00:00,2026-12-13 00:00:00,C07431,HOTELERA PLAYA PARAISO,IBEROSTAR PLAYA PARAISO,6570.0,0,1051.2,7621.2,0.0,4029-A05,MISCELANEOS,3,CJA,CARRETERA CHETUMAL PTO JUAREZ KM 309,PLAYA PARAISO,PLAYA DEL CARMEN,QR,77710,CEDIS Cancún,"PLAYA DEL CARMEN, QR.","CARRETERA CHETUMAL PTO JUAREZ KM 309, PLAYA PARAISO, 77710, PLAYA DEL CARMEN, QR",,"CARRETERA CHETUMAL PTO JUAREZ KM 309   PLAYA PARAISO_x000D__x000D_PLAYA DEL CARMEN,77710, QR_x000D_MX",9848772800  EXT. 807,HPP980205ER1
243784,PAR M 504307/26,193483.0,3,2026-09-14 00:00:00,2026-12-13 00:00:00,C07431,HOTELERA PLAYA PARAISO,IBEROSTAR PLAYA PARAISO,6076.8,0,972.29,7049.09,0.0,4011-L51,,10,CJA,CARRETERA CHETUMAL PTO JUAREZ KM 309,PLAYA PARAISO,PLAYA DEL CARMEN,QR,77710,CEDIS Cancún,"PLAYA DEL CARMEN, QR.","CARRETERA CHETUMAL PTO JUAREZ KM 309, PLAYA PARAISO, 77710, PLAYA DEL CARMEN, QR",,"CARRETERA CHETUMAL PTO JUAREZ KM 309   PLAYA PARAISO_x000D__x000D_PLAYA DEL CARMEN,77710, QR_x000D_MX",9848772800  EXT. 807,HPP980205ER1
243784,PAR M 504307/26,193483.0,3,2026-09-14 00:00:00,2026-12-13 00:00:00,C07431,HOTELERA PLAYA PARAISO,IBEROSTAR PLAYA PARAISO,1320.0,0,211.2,1531.2,0.0,7294-L13,,1,CJA,CARRETERA CHETUMAL PTO JUAREZ KM 309,PLAYA PARAISO,PLAYA DEL CARMEN,QR,77710,CEDIS Cancún,"PLAYA DEL CARMEN, QR.","CARRETERA CHETUMAL PTO JUAREZ KM 309, PLAYA PARAISO, 77710, PLAYA DEL CARMEN, QR",,"CARRETERA CHETUMAL PTO JUAREZ KM 309   PLAYA PARAISO_x000D__x000D_PLAYA DEL CARMEN,77710, QR_x000D_MX",9848772800  EXT. 807,HPP980205ER1
243784,PAR M 504307/26,193483.0,3,2026-09-14 00:00:00,2026-12-13 00:00:00,C07431,HOTELERA PLAYA PARAISO,IBEROSTAR PLAYA PARAISO,3038.4,0,486.14,3524.54,0.0,4011-L50,,5,CJA,CARRETERA CHETUMAL PTO JUAREZ KM 309,PLAYA PARAISO,PLAYA DEL CARMEN,QR,77710,CEDIS Cancún,"PLAYA DEL CARMEN, QR.","CARRETERA CHETUMAL PTO JUAREZ KM 309, PLAYA PARAISO, 77710, PLAYA DEL CARMEN, QR",,"CARRETERA CHETUMAL PTO JUAREZ KM 309   PLAYA PARAISO_x000D__x000D_PLAYA DEL CARMEN,77710, QR_x000D_MX",9848772800  EXT. 807,HPP980205ER1
243784,PAR M 504307/26,193483.0,3,2026-09-14 00:00:00,2026-12-13 00:00:00,C07431,HOTELERA PLAYA PARAISO,IBEROSTAR PLAYA PARAISO,7292.16,0,1166.75,8458.91,0.0,4011-L53,,12,CJA,CARRETERA CHETUMAL PTO JUAREZ KM 309,PLAYA PARAISO,PLAYA DEL CARMEN,QR,77710,CEDIS Cancún,"PLAYA DEL CARMEN, QR.","CARRETERA CHETUMAL PTO JUAREZ KM 309, PLAYA PARAISO, 77710, PLAYA DEL CARMEN, QR",,"CARRETERA CHETUMAL PTO JUAREZ KM 309   PLAYA PARAISO_x000D__x000D_PLAYA DEL CARMEN,77710, QR_x000D_MX",9848772800  EXT. 807,HPP980205ER1
243784,PAR M 504307/26,193483.0,3,2026-09-14 00:00:00,2026-12-13 00:00:00,C07431,HOTELERA PLAYA PARAISO,IBEROSTAR PLAYA PARAISO,6076.8,0,972.29,7049.09,0.0,4011-L54,,10,CJA,CARRETERA CHETUMAL PTO JUAREZ KM 309,PLAYA PARAISO,PLAYA DEL CARMEN,QR,77710,CEDIS Cancún,"PLAYA DEL CARMEN, QR.","CARRETERA CHETUMAL PTO JUAREZ KM 309, PLAYA PARAISO, 77710, PLAYA DEL CARMEN, QR",,"CARRETERA CHETUMAL PTO JUAREZ KM 309   PLAYA PARAISO_x000D__x000D_PLAYA DEL CARMEN,77710, QR_x000D_MX",9848772800  EXT. 807,HPP980205ER1
243785,PAR R 506347/26,194112.0,3,2026-09-14 00:00:00,2026-12-13 00:00:00,C07431,HOTELERA PLAYA PARAISO,IBEROSTAR PLAYA PARAISO,53132.49,0,8501.2,61633.7,3130.56,JHFH-0033,,72,PZA,CARRETERA CHETUMAL PTO JUAREZ KM 309,PLAYA PARAISO,PLAYA DEL CARMEN,QR,77710,CEDIS Cancún,"PLAYA DEL CARMEN, QR.","CARRETERA CHETUMAL PTO JUAREZ KM 309, PLAYA PARAISO, 77710, PLAYA DEL CARMEN, QR",,"CARRETERA CHETUMAL PTO JUAREZ KM 309   PLAYA PARAISO_x000D__x000D_PLAYA DEL CARMEN,77710, QR_x000D_MX",9848772800  EXT. 807,HPP980205ER1
243785,PAR R 506347/26,194112.0,3,2026-09-14 00:00:00,2026-12-13 00:00:00,C07431,HOTELERA PLAYA PARAISO,IBEROSTAR PLAYA PARAISO,10643.61,0,1702.98,12346.6,627.12,JHFH-0034,,72,PZA,CARRETERA CHETUMAL PTO JUAREZ KM 309,PLAYA PARAISO,PLAYA DEL CARMEN,QR,77710,CEDIS Cancún,"PLAYA DEL CARMEN, QR.","CARRETERA CHETUMAL PTO JUAREZ KM 309, PLAYA PARAISO, 77710, PLAYA DEL CARMEN, QR",,"CARRETERA CHETUMAL PTO JUAREZ KM 309   PLAYA PARAISO_x000D__x000D_PLAYA DEL CARMEN,77710, QR_x000D_MX",9848772800  EXT. 807,HPP980205ER1
243786,DESARROLLADORA GRAND HOTEL - Amenidades,194455.0,1,2026-09-14 00:00:00,2026-09-14 00:00:00,C08449,DESARROLLADORA GRAND HOTEL,COURTYARD LOS LAGOS SAN LUIS POTOSI A0153234,2361.99,0,377.92,2739.91,0.0,C06601-L08,,3,CJA,AV LOS LAGOS 105,LOS LAGOS,SAN LUIS POTOSI,SLP,78397,Tres Guerras C.Regreso,"SAN LUIS POTOSI, SLP.","AV LOS LAGOS 105, LOS LAGOS, 78397, SAN LUIS POTOSI, SLP",,"AVENIDA LOS LAGOS 105   LOS LAGOS_x000D__x000D_SAN LUIS POTOSI,78397, SLP_x000D_MX",4444 804 3800,DGH141014HX6
243786,DESARROLLADORA GRAND HOTEL - Amenidades,194455.0,1,2026-09-14 00:00:00,2026-09-14 00:00:00,C08449,DESARROLLADORA GRAND HOTEL,COURTYARD LOS LAGOS SAN LUIS POTOSI A0153234,3149.32,0,503.89,3653.21,0.0,C06601-L10,,4,CJA,AV LOS LAGOS 105,LOS LAGOS,SAN LUIS POTOSI,SLP,78397,Tres Guerras C.Regreso,"SAN LUIS POTOSI, SLP.","AV LOS LAGOS 105, LOS LAGOS, 78397, SAN LUIS POTOSI, SLP",,"AVENIDA LOS LAGOS 105   LOS LAGOS_x000D__x000D_SAN LUIS POTOSI,78397, SLP_x000D_MX",4444 804 3800,DGH141014HX6
243786,DESARROLLADORA GRAND HOTEL - Amenidades,194455.0,1,2026-09-14 00:00:00,2026-09-14 00:00:00,C08449,DESARROLLADORA GRAND HOTEL,COURTYARD LOS LAGOS SAN LUIS POTOSI A0153234,787.33,0,125.97,913.3,0.0,C06601-L09,,1,CJA,AV LOS LAGOS 105,LOS LAGOS,SAN LUIS POTOSI,SLP,78397,Tres Guerras C.Regreso,"SAN LUIS POTOSI, SLP.","AV LOS LAGOS 105, LOS LAGOS, 78397, SAN LUIS POTOSI, SLP",,"AVENIDA LOS LAGOS 105   LOS LAGOS_x000D__x000D_SAN LUIS POTOSI,78397, SLP_x000D_MX",4444 804 3800,DGH141014HX6
243786,DESARROLLADORA GRAND HOTEL - Amenidades,194455.0,1,2026-09-14 00:00:00,2026-09-14 00:00:00,C08449,DESARROLLADORA GRAND HOTEL,COURTYARD LOS LAGOS SAN LUIS POTOSI A0153234,2389.47,0,382.32,2771.79,0.0,C06601-L11,,3,CJA,AV LOS LAGOS 105,LOS LAGOS,SAN LUIS POTOSI,SLP,78397,Tres Guerras C.Regreso,"SAN LUIS POTOSI, SLP.","AV LOS LAGOS 105, LOS LAGOS, 78397, SAN LUIS POTOSI, SLP",,"AVENIDA LOS LAGOS 105   LOS LAGOS_x000D__x000D_SAN LUIS POTOSI,78397, SLP_x000D_MX",4444 804 3800,DGH141014HX6
243786,DESARROLLADORA GRAND HOTEL - Amenidades,194455.0,1,2026-09-14 00:00:00,2026-09-14 00:00:00,C08449,DESARROLLADORA GRAND HOTEL,COURTYARD LOS LAGOS SAN LUIS POTOSI A0153234,1788.0,0,286.08,2074.08,0.0,C06601-J04,,2,CJA,AV LOS LAGOS 105,LOS LAGOS,SAN LUIS POTOSI,SLP,78397,Tres Guerras C.Regreso,"SAN LUIS POTOSI, SLP.","AV LOS LAGOS 105, LOS LAGOS, 78397, SAN LUIS POTOSI, SLP",,"AVENIDA LOS LAGOS 105   LOS LAGOS_x000D__x000D_SAN LUIS POTOSI,78397, SLP_x000D_MX",4444 804 3800,DGH141014HX6
243787,OC14490 SUSTITUYE PEDIDO 191985,194211.0,1,2026-09-14 00:00:00,2026-11-13 00:00:00,C09421,GRUPO AGC INTERNACIONAL,GRUPO AGC,128352.0,0,20536.32,148888.32,0.0,C09421-L07,,1120,CJA,AV. 18 DE MARZO 704 BODEGA ALCE,LA NOGALERA,GUADALAJARA,JAL,44470,Transporte LOCAL,"GUADALAJARA, JAL.","AV. 18 DE MARZO 704 BODEGA ALCE, LA NOGALERA, 44470, GUADALAJARA, JAL",,"AV LAZARO CARDENAS 2825   ALAMO INDUSTRIAL_x000D__x000D_SAN PEDRO TLAQUEPAQUE,45593, JAL_x000D_MX",33 31 22 78 26,GAI220912B38
243788,OC 29,193776.0,1,2026-09-14 00:00:00,2026-10-14 00:00:00,C01774,GEORGINA GUADALUPE VILLASEÑOR DEL CASTILLO,HOTEL STORE PUERTO VALLARTA,12526.5,16,2004.24,14530.74,0.0,4016-L33,,25,CJA,AV TEPIC NORTE 473,MEZCALES,BAHIA DE BANDERAS,NAY,63732,Sanchez Barcelata C.Regreso,"BAHIA DE BANDERAS, NAY.","AV TEPIC NORTE 473, MEZCALES, 63732, BAHIA DE BANDERAS, NAY",,"CALLE CIRCUITO SAN RAFAEL 18   VALLE DORADO_x000D__x000D_BAHIA DE BANDERAS,63735, NAY_x000D_MX",322 225 4903,VICG6612208R9
243789,,194437.0,1,2026-09-14 00:00:00,2026-09-14 00:00:00,C09535,ADMINISTRADORA Y OPERADORA DE HOTELES JAD,GARNER BY IHG,853.96,0,136.63,990.59,0.0,68739026,,1,CJA,AV. SABALO CERRITOS 3170A,CERRITOS RESORT,MAZATLAN,SIN,82112,Tres Guerras C.Regreso,"MAZATLAN, SIN.","AV. SABALO CERRITOS 3170A, CERRITOS RESORT, 82112, MAZATLAN, SIN",,"AV. SABALO CERRITOS 3170A   CERRITOS RESORT_x000D__x000D_MAZATLAN,82112, SIN_x000D_MX",66 9117 0159,AOH170918HXA
243789,,194437.0,1,2026-09-14 00:00:00,2026-09-14 00:00:00,C09535,ADMINISTRADORA Y OPERADORA DE HOTELES JAD,GARNER BY IHG,774.18,0,123.87,898.05,0.0,68732292,,1,CJA,AV. SABALO CERRITOS 3170A,CERRITOS RESORT,MAZATLAN,SIN,82112,Tres Guerras C.Regreso,"MAZATLAN, SIN.","AV. SABALO CERRITOS 3170A, CERRITOS RESORT, 82112, MAZATLAN, SIN",,"AV. SABALO CERRITOS 3170A   CERRITOS RESORT_x000D__x000D_MAZATLAN,82112, SIN_x000D_MX",66 9117 0159,AOH170918HXA
243789,,194437.0,1,2026-09-14 00:00:00,2026-09-14 00:00:00,C09535,ADMINISTRADORA Y OPERADORA DE HOTELES JAD,GARNER BY IHG,803.73,0,128.6,932.33,0.0,68732293,,1,CJA,AV. SABALO CERRITOS 3170A,CERRITOS RESORT,MAZATLAN,SIN,82112,Tres Guerras C.Regreso,"MAZATLAN, SIN.","AV. SABALO CERRITOS 3170A, CERRITOS RESORT, 82112, MAZATLAN, SIN",,"AV. SABALO CERRITOS 3170A   CERRITOS RESORT_x000D__x000D_MAZATLAN,82112, SIN_x000D_MX",66 9117 0159,AOH170918HXA
243790,,193550.0,1,2026-09-14 00:00:00,2026-09-14 00:00:00,C08492,NATURAL ATMA,PERSEA,1680.0,0,268.8,1948.8,0.0,8014-L07,,1,CJA,Calle Juárez norte 402 Int calle Ópalo casa 7,Joyas de San Mateo,Texcoco,MEX,56110,Tres Guerras C.Regreso,"Texcoco, MEX.","Calle Juárez norte 402 Int calle Ópalo casa 7, Joyas de San Mateo, 56110, Texcoco, MEX",,"CALLE  CUAUHTEMOC 527   OTRA SIN ESPECIFICAR EN CATALOGO_x000D__x000D_TEXCOCO,56226, DF2_x000D_MX",5543779474,NAT150113EQ7
243790,,193550.0,1,2026-09-14 00:00:00,2026-09-14 00:00:00,C08492,NATURAL ATMA,PERSEA,3360.0,0,537.6,3897.6,0.0,8014-L08,,2,CJA,Calle Juárez norte 402 Int calle Ópalo casa 7,Joyas de San Mateo,Texcoco,MEX,56110,Tres Guerras C.Regreso,"Texcoco, MEX.","Calle Juárez norte 402 Int calle Ópalo casa 7, Joyas de San Mateo, 56110, Texcoco, MEX",,"CALLE  CUAUHTEMOC 527   OTRA SIN ESPECIFICAR EN CATALOGO_x000D__x000D_TEXCOCO,56226, DF2_x000D_MX",5543779474,NAT150113EQ7
243790,,193550.0,1,2026-09-14 00:00:00,2026-09-14 00:00:00,C08492,NATURAL ATMA,PERSEA,3360.0,0,537.6,3897.6,0.0,8014-L05,,2,CJA,Calle Juárez norte 402 Int calle Ópalo casa 7,Joyas de San Mateo,Texcoco,MEX,56110,Tres Guerras C.Regreso,"Texcoco, MEX.","Calle Juárez norte 402 Int calle Ópalo casa 7, Joyas de San Mateo, 56110, Texcoco, MEX",,"CALLE  CUAUHTEMOC 527   OTRA SIN ESPECIFICAR EN CATALOGO_x000D__x000D_TEXCOCO,56226, DF2_x000D_MX",5543779474,NAT150113EQ7
243790,,193550.0,1,2026-09-14 00:00:00,2026-09-14 00:00:00,C08492,NATURAL ATMA,PERSEA,1680.0,0,268.8,1948.8,0.0,8014-L19,,1,CJA,Calle Juárez norte 402 Int calle Ópalo casa 7,Joyas de San Mateo,Texcoco,MEX,56110,Tres Guerras C.Regreso,"Texcoco, MEX.","Calle Juárez norte 402 Int calle Ópalo casa 7, Joyas de San Mateo, 56110, Texcoco, MEX",,"CALLE  CUAUHTEMOC 527   OTRA SIN ESPECIFICAR EN CATALOGO_x000D__x000D_TEXCOCO,56226, DF2_x000D_MX",5543779474,NAT150113EQ7
243790,,193550.0,1,2026-09-14 00:00:00,2026-09-14 00:00:00,C08492,NATURAL ATMA,PERSEA,1680.0,0,268.8,1948.8,0.0,8014-L06,,1,CJA,Calle Juárez norte 402 Int calle Ópalo casa 7,Joyas de San Mateo,Texcoco,MEX,56110,Tres Guerras C.Regreso,"Texcoco, MEX.","Calle Juárez norte 402 Int calle Ópalo casa 7, Joyas de San Mateo, 56110, Texcoco, MEX",,"CALLE  CUAUHTEMOC 527   OTRA SIN ESPECIFICAR EN CATALOGO_x000D__x000D_TEXCOCO,56226, DF2_x000D_MX",5543779474,NAT150113EQ7
243790,,193550.0,1,2026-09-14 00:00:00,2026-09-14 00:00:00,C08492,NATURAL ATMA,PERSEA,445.2,0,71.23,516.43,0.0,SCO,,1,PZA,Calle Juárez norte 402 Int calle Ópalo casa 7,Joyas de San Mateo,Texcoco,MEX,56110,Tres Guerras C.Regreso,"Texcoco, MEX.","Calle Juárez norte 402 Int calle Ópalo casa 7, Joyas de San Mateo, 56110, Texcoco, MEX",,"CALLE  CUAUHTEMOC 527   OTRA SIN ESPECIFICAR EN CATALOGO_x000D__x000D_TEXCOCO,56226, DF2_x000D_MX",5543779474,NAT150113EQ7
243791,tramite de pago,194469.0,1,2026-09-14 00:00:00,2026-09-14 00:00:00,C07000,HOSPEDAJE QUEBEC EJECUTIVO,HOTEL QUEBEC,798.9,0,127.82,926.72,0.0,4052-L43,,1,CJA,QUEBEC #854,LOMAS DE PROVIDENCIA,GUADALAJARA,JAL,44647,FACTURA DETENIDA,"GUADALAJARA, JAL.","QUEBEC #854, LOMAS DE PROVIDENCIA, 44647, GUADALAJARA, JAL",,"QUEBEC #854   LOMAS DE PROVIDENCIA_x000D__x000D_GUADALAJARA,44647, JAL_x000D_MX",333 109 0820,HQE1604114X6
243791,tramite de pago,194469.0,1,2026-09-14 00:00:00,2026-09-14 00:00:00,C07000,HOSPEDAJE QUEBEC EJECUTIVO,HOTEL QUEBEC,798.9,0,127.82,926.72,0.0,4052-L41,,1,CJA,QUEBEC #854,LOMAS DE PROVIDENCIA,GUADALAJARA,JAL,44647,FACTURA DETENIDA,"GUADALAJARA, JAL.","QUEBEC #854, LOMAS DE PROVIDENCIA, 44647, GUADALAJARA, JAL",,"QUEBEC #854   LOMAS DE PROVIDENCIA_x000D__x000D_GUADALAJARA,44647, JAL_x000D_MX",333 109 0820,HQE1604114X6
243791,tramite de pago,194469.0,1,2026-09-14 00:00:00,2026-09-14 00:00:00,C07000,HOSPEDAJE QUEBEC EJECUTIVO,HOTEL QUEBEC,3025.5,0,484.09,3509.58,0.0,4052-J07,,3,CJA,QUEBEC #854,LOMAS DE PROVIDENCIA,GUADALAJARA,JAL,44647,FACTURA DETENIDA,"GUADALAJARA, JAL.","QUEBEC #854, LOMAS DE PROVIDENCIA, 44647, GUADALAJARA, JAL",,"QUEBEC #854   LOMAS DE PROVIDENCIA_x000D__x000D_GUADALAJARA,44647, JAL_x000D_MX",333 109 0820,HQE1604114X6
243792,OC33,194460.0,1,2026-09-14 00:00:00,2026-10-14 00:00:00,C01774,GEORGINA GUADALUPE VILLASEÑOR DEL CASTILLO,HOTEL STORE PUERTO VALLARTA,699.64,16,111.94,811.58,0.0,4051-J03,,1,CJA,AV TEPIC NORTE 473,MEZCALES,BAHIA DE BANDERAS,NAY,63732,Sanchez Barcelata C.Regreso,"BAHIA DE BANDERAS, NAY.","AV TEPIC NORTE 473, MEZCALES, 63732, BAHIA DE BANDERAS, NAY",,"CALLE CIRCUITO SAN RAFAEL 18   VALLE DORADO_x000D__x000D_BAHIA DE BANDERAS,63735, NAY_x000D_MX",322 225 4903,VICG6612208R9
243792,OC33,194460.0,1,2026-09-14 00:00:00,2026-10-14 00:00:00,C01774,GEORGINA GUADALUPE VILLASEÑOR DEL CASTILLO,HOTEL STORE PUERTO VALLARTA,563.56,16,90.17,653.73,0.0,4051-J04,,1,CJA,AV TEPIC NORTE 473,MEZCALES,BAHIA DE BANDERAS,NAY,63732,Sanchez Barcelata C.Regreso,"BAHIA DE BANDERAS, NAY.","AV TEPIC NORTE 473, MEZCALES, 63732, BAHIA DE BANDERAS, NAY",,"CALLE CIRCUITO SAN RAFAEL 18   VALLE DORADO_x000D__x000D_BAHIA DE BANDERAS,63735, NAY_x000D_MX",322 225 4903,VICG6612208R9
243792,OC33,194460.0,1,2026-09-14 00:00:00,2026-10-14 00:00:00,C01774,GEORGINA GUADALUPE VILLASEÑOR DEL CASTILLO,HOTEL STORE PUERTO VALLARTA,1093.26,16,174.92,1268.18,0.0,4051-L10,,1,CJA,AV TEPIC NORTE 473,MEZCALES,BAHIA DE BANDERAS,NAY,63732,Sanchez Barcelata C.Regreso,"BAHIA DE BANDERAS, NAY.","AV TEPIC NORTE 473, MEZCALES, 63732, BAHIA DE BANDERAS, NAY",,"CALLE CIRCUITO SAN RAFAEL 18   VALLE DORADO_x000D__x000D_BAHIA DE BANDERAS,63735, NAY_x000D_MX",322 225 4903,VICG6612208R9
243792,OC33,194460.0,1,2026-09-14 00:00:00,2026-10-14 00:00:00,C01774,GEORGINA GUADALUPE VILLASEÑOR DEL CASTILLO,HOTEL STORE PUERTO VALLARTA,1093.26,16,174.92,1268.18,0.0,4051-L12,,1,CJA,AV TEPIC NORTE 473,MEZCALES,BAHIA DE BANDERAS,NAY,63732,Sanchez Barcelata C.Regreso,"BAHIA DE BANDERAS, NAY.","AV TEPIC NORTE 473, MEZCALES, 63732, BAHIA DE BANDERAS, NAY",,"CALLE CIRCUITO SAN RAFAEL 18   VALLE DORADO_x000D__x000D_BAHIA DE BANDERAS,63735, NAY_x000D_MX",322 225 4903,VICG6612208R9
243792,OC33,194460.0,1,2026-09-14 00:00:00,2026-10-14 00:00:00,C01774,GEORGINA GUADALUPE VILLASEÑOR DEL CASTILLO,HOTEL STORE PUERTO VALLARTA,3830.36,16,612.86,4443.22,0.0,4016-J07,,5,CJA,AV TEPIC NORTE 473,MEZCALES,BAHIA DE BANDERAS,NAY,63732,Sanchez Barcelata C.Regreso,"BAHIA DE BANDERAS, NAY.","AV TEPIC NORTE 473, MEZCALES, 63732, BAHIA DE BANDERAS, NAY",,"CALLE CIRCUITO SAN RAFAEL 18   VALLE DORADO_x000D__x000D_BAHIA DE BANDERAS,63735, NAY_x000D_MX",322 225 4903,VICG6612208R9
243792,OC33,194460.0,1,2026-09-14 00:00:00,2026-10-14 00:00:00,C01774,GEORGINA GUADALUPE VILLASEÑOR DEL CASTILLO,HOTEL STORE PUERTO VALLARTA,40754.28,16,6520.69,47274.96,0.0,4016-J08,,58,CJA,AV TEPIC NORTE 473,MEZCALES,BAHIA DE BANDERAS,NAY,63732,Sanchez Barcelata C.Regreso,"BAHIA DE BANDERAS, NAY.","AV TEPIC NORTE 473, MEZCALES, 63732, BAHIA DE BANDERAS, NAY",,"CALLE CIRCUITO SAN RAFAEL 18   VALLE DORADO_x000D__x000D_BAHIA DE BANDERAS,63735, NAY_x000D_MX",322 225 4903,VICG6612208R9
243792,OC33,194460.0,1,2026-09-14 00:00:00,2026-10-14 00:00:00,C01774,GEORGINA GUADALUPE VILLASEÑOR DEL CASTILLO,HOTEL STORE PUERTO VALLARTA,29431.08,16,4708.97,34140.05,0.0,4016-L04,,30,CJA,AV TEPIC NORTE 473,MEZCALES,BAHIA DE BANDERAS,NAY,63732,Sanchez Barcelata C.Regreso,"BAHIA DE BANDERAS, NAY.","AV TEPIC NORTE 473, MEZCALES, 63732, BAHIA DE BANDERAS, NAY",,"CALLE CIRCUITO SAN RAFAEL 18   VALLE DORADO_x000D__x000D_BAHIA DE BANDERAS,63735, NAY_x000D_MX",322 225 4903,VICG6612208R9
243792,OC33,194460.0,1,2026-09-14 00:00:00,2026-10-14 00:00:00,C01774,GEORGINA GUADALUPE VILLASEÑOR DEL CASTILLO,HOTEL STORE PUERTO VALLARTA,3334.8,16,533.57,3868.37,0.0,4043-J07,,4,CJA,AV TEPIC NORTE 473,MEZCALES,BAHIA DE BANDERAS,NAY,63732,Sanchez Barcelata C.Regreso,"BAHIA DE BANDERAS, NAY.","AV TEPIC NORTE 473, MEZCALES, 63732, BAHIA DE BANDERAS, NAY",,"CALLE CIRCUITO SAN RAFAEL 18   VALLE DORADO_x000D__x000D_BAHIA DE BANDERAS,63735, NAY_x000D_MX",322 225 4903,VICG6612208R9
243792,OC33,194460.0,1,2026-09-14 00:00:00,2026-10-14 00:00:00,C01774,GEORGINA GUADALUPE VILLASEÑOR DEL CASTILLO,HOTEL STORE PUERTO VALLARTA,2565.36,16,410.46,2975.82,0.0,4043-J08,,4,CJA,AV TEPIC NORTE 473,MEZCALES,BAHIA DE BANDERAS,NAY,63732,Sanchez Barcelata C.Regreso,"BAHIA DE BANDERAS, NAY.","AV TEPIC NORTE 473, MEZCALES, 63732, BAHIA DE BANDERAS, NAY",,"CALLE CIRCUITO SAN RAFAEL 18   VALLE DORADO_x000D__x000D_BAHIA DE BANDERAS,63735, NAY_x000D_MX",322 225 4903,VICG6612208R9
243792,OC33,194460.0,1,2026-09-14 00:00:00,2026-10-14 00:00:00,C01774,GEORGINA GUADALUPE VILLASEÑOR DEL CASTILLO,HOTEL STORE PUERTO VALLARTA,4468.13,16,714.9,5183.03,0.0,4043-L38,,8,CJA,AV TEPIC NORTE 473,MEZCALES,BAHIA DE BANDERAS,NAY,63732,Sanchez Barcelata C.Regreso,"BAHIA DE BANDERAS, NAY.","AV TEPIC NORTE 473, MEZCALES, 63732, BAHIA DE BANDERAS, NAY",,"CALLE CIRCUITO SAN RAFAEL 18   VALLE DORADO_x000D__x000D_BAHIA DE BANDERAS,63735, NAY_x000D_MX",322 225 4903,VICG6612208R9
243792,OC33,194460.0,1,2026-09-14 00:00:00,2026-10-14 00:00:00,C01774,GEORGINA GUADALUPE VILLASEÑOR DEL CASTILLO,HOTEL STORE PUERTO VALLARTA,15025.5,16,2404.08,17429.58,0.0,4018-L14,,15,CJA,AV TEPIC NORTE 473,MEZCALES,BAHIA DE BANDERAS,NAY,63732,Sanchez Barcelata C.Regreso,"BAHIA DE BANDERAS, NAY.","AV TEPIC NORTE 473, MEZCALES, 63732, BAHIA DE BANDERAS, NAY",,"CALLE CIRCUITO SAN RAFAEL 18   VALLE DORADO_x000D__x000D_BAHIA DE BANDERAS,63735, NAY_x000D_MX",322 225 4903,VICG6612208R9
243792,OC33,194460.0,1,2026-09-14 00:00:00,2026-10-14 00:00:00,C01774,GEORGINA GUADALUPE VILLASEÑOR DEL CASTILLO,HOTEL STORE PUERTO VALLARTA,3842.58,16,614.81,4457.39,0.0,4018-J07,,5,CJA,AV TEPIC NORTE 473,MEZCALES,BAHIA DE BANDERAS,NAY,63732,Sanchez Barcelata C.Regreso,"BAHIA DE BANDERAS, NAY.","AV TEPIC NORTE 473, MEZCALES, 63732, BAHIA DE BANDERAS, NAY",,"CALLE CIRCUITO SAN RAFAEL 18   VALLE DORADO_x000D__x000D_BAHIA DE BANDERAS,63735, NAY_x000D_MX",322 225 4903,VICG6612208R9
243792,OC33,194460.0,1,2026-09-14 00:00:00,2026-10-14 00:00:00,C01774,GEORGINA GUADALUPE VILLASEÑOR DEL CASTILLO,HOTEL STORE PUERTO VALLARTA,4927.91,16,788.47,5716.38,0.0,4018-A23,,8,CJA,AV TEPIC NORTE 473,MEZCALES,BAHIA DE BANDERAS,NAY,63732,Sanchez Barcelata C.Regreso,"BAHIA DE BANDERAS, NAY.","AV TEPIC NORTE 473, MEZCALES, 63732, BAHIA DE BANDERAS, NAY",,"CALLE CIRCUITO SAN RAFAEL 18   VALLE DORADO_x000D__x000D_BAHIA DE BANDERAS,63735, NAY_x000D_MX",322 225 4903,VICG6612208R9
243792,OC33,194460.0,1,2026-09-14 00:00:00,2026-10-14 00:00:00,C01774,GEORGINA GUADALUPE VILLASEÑOR DEL CASTILLO,HOTEL STORE PUERTO VALLARTA,4070.62,16,651.3,4721.92,0.0,4052-L35,,2,CJA,AV TEPIC NORTE 473,MEZCALES,BAHIA DE BANDERAS,NAY,63732,Sanchez Barcelata C.Regreso,"BAHIA DE BANDERAS, NAY.","AV TEPIC NORTE 473, MEZCALES, 63732, BAHIA DE BANDERAS, NAY",,"CALLE CIRCUITO SAN RAFAEL 18   VALLE DORADO_x000D__x000D_BAHIA DE BANDERAS,63735, NAY_x000D_MX",322 225 4903,VICG6612208R9
243792,OC33,194460.0,1,2026-09-14 00:00:00,2026-10-14 00:00:00,C01774,GEORGINA GUADALUPE VILLASEÑOR DEL CASTILLO,HOTEL STORE PUERTO VALLARTA,4070.62,16,651.3,4721.92,0.0,4052-L37,,2,CJA,AV TEPIC NORTE 473,MEZCALES,BAHIA DE BANDERAS,NAY,63732,Sanchez Barcelata C.Regreso,"BAHIA DE BANDERAS, NAY.","AV TEPIC NORTE 473, MEZCALES, 63732, BAHIA DE BANDERAS, NAY",,"CALLE CIRCUITO SAN RAFAEL 18   VALLE DORADO_x000D__x000D_BAHIA DE BANDERAS,63735, NAY_x000D_MX",322 225 4903,VICG6612208R9
243792,OC33,194460.0,1,2026-09-14 00:00:00,2026-10-14 00:00:00,C01774,GEORGINA GUADALUPE VILLASEÑOR DEL CASTILLO,HOTEL STORE PUERTO VALLARTA,2505.3,16,400.85,2906.15,0.0,4016-L30,,5,CJA,AV TEPIC NORTE 473,MEZCALES,BAHIA DE BANDERAS,NAY,63732,Sanchez Barcelata C.Regreso,"BAHIA DE BANDERAS, NAY.","AV TEPIC NORTE 473, MEZCALES, 63732, BAHIA DE BANDERAS, NAY",,"CALLE CIRCUITO SAN RAFAEL 18   VALLE DORADO_x000D__x000D_BAHIA DE BANDERAS,63735, NAY_x000D_MX",322 225 4903,VICG6612208R9
243792,OC33,194460.0,1,2026-09-14 00:00:00,2026-10-14 00:00:00,C01774,GEORGINA GUADALUPE VILLASEÑOR DEL CASTILLO,HOTEL STORE PUERTO VALLARTA,2505.3,16,400.85,2906.15,0.0,4016-L33,,5,CJA,AV TEPIC NORTE 473,MEZCALES,BAHIA DE BANDERAS,NAY,63732,Sanchez Barcelata C.Regreso,"BAHIA DE BANDERAS, NAY.","AV TEPIC NORTE 473, MEZCALES, 63732, BAHIA DE BANDERAS, NAY",,"CALLE CIRCUITO SAN RAFAEL 18   VALLE DORADO_x000D__x000D_BAHIA DE BANDERAS,63735, NAY_x000D_MX",322 225 4903,VICG6612208R9
243792,OC33,194460.0,1,2026-09-14 00:00:00,2026-10-14 00:00:00,C01774,GEORGINA GUADALUPE VILLASEÑOR DEL CASTILLO,HOTEL STORE PUERTO VALLARTA,4070.62,16,651.29,4721.92,0.0,4052-L38,,2,CJA,AV TEPIC NORTE 473,MEZCALES,BAHIA DE BANDERAS,NAY,63732,Sanchez Barcelata C.Regreso,"BAHIA DE BANDERAS, NAY.","AV TEPIC NORTE 473, MEZCALES, 63732, BAHIA DE BANDERAS, NAY",,"CALLE CIRCUITO SAN RAFAEL 18   VALLE DORADO_x000D__x000D_BAHIA DE BANDERAS,63735, NAY_x000D_MX",322 225 4903,VICG6612208R9
243792,OC33,194460.0,1,2026-09-14 00:00:00,2026-10-14 00:00:00,C01774,GEORGINA GUADALUPE VILLASEÑOR DEL CASTILLO,HOTEL STORE PUERTO VALLARTA,10809.96,16,1729.59,12539.55,0.0,4016-L07,ELEMENTS EVOLUTION B,10,CJA,AV TEPIC NORTE 473,MEZCALES,BAHIA DE BANDERAS,NAY,63732,Sanchez Barcelata C.Regreso,"BAHIA DE BANDERAS, NAY.","AV TEPIC NORTE 473, MEZCALES, 63732, BAHIA DE BANDERAS, NAY",,"CALLE CIRCUITO SAN RAFAEL 18   VALLE DORADO_x000D__x000D_BAHIA DE BANDERAS,63735, NAY_x000D_MX",322 225 4903,VICG6612208R9
243792,OC33,194460.0,1,2026-09-14 00:00:00,2026-10-14 00:00:00,C01774,GEORGINA GUADALUPE VILLASEÑOR DEL CASTILLO,HOTEL STORE PUERTO VALLARTA,3621.74,16,579.48,4201.22,0.0,4043-L01,ALMOND & OLIVE SHAMP,4,CJA,AV TEPIC NORTE 473,MEZCALES,BAHIA DE BANDERAS,NAY,63732,Sanchez Barcelata C.Regreso,"BAHIA DE BANDERAS, NAY.","AV TEPIC NORTE 473, MEZCALES, 63732, BAHIA DE BANDERAS, NAY",,"CALLE CIRCUITO SAN RAFAEL 18   VALLE DORADO_x000D__x000D_BAHIA DE BANDERAS,63735, NAY_x000D_MX",322 225 4903,VICG6612208R9
243792,OC33,194460.0,1,2026-09-14 00:00:00,2026-10-14 00:00:00,C01774,GEORGINA GUADALUPE VILLASEÑOR DEL CASTILLO,HOTEL STORE PUERTO VALLARTA,1810.87,16,289.74,2100.61,0.0,4043-L02,ALMOND & OLIVE BODY,2,CJA,AV TEPIC NORTE 473,MEZCALES,BAHIA DE BANDERAS,NAY,63732,Sanchez Barcelata C.Regreso,"BAHIA DE BANDERAS, NAY.","AV TEPIC NORTE 473, MEZCALES, 63732, BAHIA DE BANDERAS, NAY",,"CALLE CIRCUITO SAN RAFAEL 18   VALLE DORADO_x000D__x000D_BAHIA DE BANDERAS,63735, NAY_x000D_MX",322 225 4903,VICG6612208R9
243792,OC33,194460.0,1,2026-09-14 00:00:00,2026-10-14 00:00:00,C01774,GEORGINA GUADALUPE VILLASEÑOR DEL CASTILLO,HOTEL STORE PUERTO VALLARTA,3621.74,16,579.48,4201.22,0.0,4043-L03,ALMOND & OLIVE CONDI,4,CJA,AV TEPIC NORTE 473,MEZCALES,BAHIA DE BANDERAS,NAY,63732,Sanchez Barcelata C.Regreso,"BAHIA DE BANDERAS, NAY.","AV TEPIC NORTE 473, MEZCALES, 63732, BAHIA DE BANDERAS, NAY",,"CALLE CIRCUITO SAN RAFAEL 18   VALLE DORADO_x000D__x000D_BAHIA DE BANDERAS,63735, NAY_x000D_MX",322 225 4903,VICG6612208R9
243793,OC 35,194465.0,1,2026-09-14 00:00:00,2026-10-14 00:00:00,C01774,GEORGINA GUADALUPE VILLASEÑOR DEL CASTILLO,HOTEL STORE PUERTO VALLARTA,2137.97,16,342.07,2480.04,0.0,4018-A24,,5,CJA,AV TEPIC NORTE 473,MEZCALES,BAHIA DE BANDERAS,NAY,63732,Sanchez Barcelata C.Regreso,"BAHIA DE BANDERAS, NAY.","AV TEPIC NORTE 473, MEZCALES, 63732, BAHIA DE BANDERAS, NAY",,"CALLE CIRCUITO SAN RAFAEL 18   VALLE DORADO_x000D__x000D_BAHIA DE BANDERAS,63735, NAY_x000D_MX",322 225 4903,VICG6612208R9
243793,OC 35,194465.0,1,2026-09-14 00:00:00,2026-10-14 00:00:00,C01774,GEORGINA GUADALUPE VILLASEÑOR DEL CASTILLO,HOTEL STORE PUERTO VALLARTA,4008.48,16,641.36,4649.84,0.0,4016-L30,,8,CJA,AV TEPIC NORTE 473,MEZCALES,BAHIA DE BANDERAS,NAY,63732,Sanchez Barcelata C.Regreso,"BAHIA DE BANDERAS, NAY.","AV TEPIC NORTE 473, MEZCALES, 63732, BAHIA DE BANDERAS, NAY",,"CALLE CIRCUITO SAN RAFAEL 18   VALLE DORADO_x000D__x000D_BAHIA DE BANDERAS,63735, NAY_x000D_MX",322 225 4903,VICG6612208R9
243793,OC 35,194465.0,1,2026-09-14 00:00:00,2026-10-14 00:00:00,C01774,GEORGINA GUADALUPE VILLASEÑOR DEL CASTILLO,HOTEL STORE PUERTO VALLARTA,9019.08,16,1443.05,10462.13,0.0,4016-L33,,18,CJA,AV TEPIC NORTE 473,MEZCALES,BAHIA DE BANDERAS,NAY,63732,Sanchez Barcelata C.Regreso,"BAHIA DE BANDERAS, NAY.","AV TEPIC NORTE 473, MEZCALES, 63732, BAHIA DE BANDERAS, NAY",,"CALLE CIRCUITO SAN RAFAEL 18   VALLE DORADO_x000D__x000D_BAHIA DE BANDERAS,63735, NAY_x000D_MX",322 225 4903,VICG6612208R9
243794,Mariana Aguilar,191846.0,1,2026-09-14 00:00:00,2026-09-14 00:00:00,CLIESP,VENTAS DE MOSTRADOR,VENTAS DE MOSTRADOR,5065.0,0,810.4,5875.4,0.0,4043-L27,,2,CJA,PRIVADA DEL GALLO 1525,LA AURORA,GUADALAJARA,JAL,44460,Cobro Regreso,"GUADALAJARA, JAL.","PRIVADA DEL GALLO 1525, LA AURORA, 44460, GUADALAJARA, JAL",,"PRIVADA DEL GALLO 1525   LA AURORA_x000D__x000D_GUADALAJARA,44460, JAL_x000D_MX",38115800,XAXX010101000
243795,221053 maritza,194478.0,1,2026-09-14 00:00:00,2026-09-14 00:00:00,C01666,MESON DEL MARQUES,HOTEL FERIA JALISCIENCE,45599.5,0,7295.92,52895.42,0.0,4016-J07,,50,CJA,RITA PEREZ DE MORENO No.57,CENTRO,SAN JUAN DE LOS LAGOS,JAL,47000,Cobro Regreso,"SAN JUAN DE LOS LAGOS, JAL.","RITA PEREZ DE MORENO No.57, CENTRO, 47000, SAN JUAN DE LOS LAGOS, JAL",,"RITA PEREZ #57   CENTRO_x000D__x000D_SAN JUAN DE LOS LAGOS,47000, JAL_x000D_MX",395 785 05 52,MMA961024CM2
243795,221053 maritza,194478.0,1,2026-09-14 00:00:00,2026-09-14 00:00:00,C01666,MESON DEL MARQUES,HOTEL FERIA JALISCIENCE,29197.5,0,4671.6,33869.1,0.0,4016-L04,,25,CJA,RITA PEREZ DE MORENO No.57,CENTRO,SAN JUAN DE LOS LAGOS,JAL,47000,Cobro Regreso,"SAN JUAN DE LOS LAGOS, JAL.","RITA PEREZ DE MORENO No.57, CENTRO, 47000, SAN JUAN DE LOS LAGOS, JAL",,"RITA PEREZ #57   CENTRO_x000D__x000D_SAN JUAN DE LOS LAGOS,47000, JAL_x000D_MX",395 785 05 52,MMA961024CM2
243795,221053 maritza,194478.0,1,2026-09-14 00:00:00,2026-09-14 00:00:00,C01666,MESON DEL MARQUES,HOTEL FERIA JALISCIENCE,32172.5,0,5147.6,37320.1,0.0,4016-L07,ELEMENTS EVOLUTION B,25,CJA,RITA PEREZ DE MORENO No.57,CENTRO,SAN JUAN DE LOS LAGOS,JAL,47000,Cobro Regreso,"SAN JUAN DE LOS LAGOS, JAL.","RITA PEREZ DE MORENO No.57, CENTRO, 47000, SAN JUAN DE LOS LAGOS, JAL",,"RITA PEREZ #57   CENTRO_x000D__x000D_SAN JUAN DE LOS LAGOS,47000, JAL_x000D_MX",395 785 05 52,MMA961024CM2
243796,,194470.0,1,2026-09-14 00:00:00,2026-09-14 00:00:00,C07973,NINFA COSIO,NINFA COSIO,2977.5,0,476.4,3453.9,0.0,4043-J07,,3,CJA,MANUEL ACUÑA #2886,PRADOS PROVIDENCIA,GUADALAJARA,JAL,44670,Cliente Pasa por Mercancia,"GUADALAJARA, JAL.","MANUEL ACUÑA #2886, PRADOS PROVIDENCIA, 44670, GUADALAJARA, JAL",,"AV. FRANCISCO I MADERO #45   CENTRO_x000D__x000D_MASCOTA,46900, JAL_x000D_MX",388 106 6191,COPN6306157B1
243796,,194470.0,1,2026-09-14 00:00:00,2026-09-14 00:00:00,C07973,NINFA COSIO,NINFA COSIO,3233.7,0,517.39,3751.09,0.0,4043-L01,ALMOND & OLIVE SHAMP,3,CJA,MANUEL ACUÑA #2886,PRADOS PROVIDENCIA,GUADALAJARA,JAL,44670,Cliente Pasa por Mercancia,"GUADALAJARA, JAL.","MANUEL ACUÑA #2886, PRADOS PROVIDENCIA, 44670, GUADALAJARA, JAL",,"AV. FRANCISCO I MADERO #45   CENTRO_x000D__x000D_MASCOTA,46900, JAL_x000D_MX",388 106 6191,COPN6306157B1
243796,,194470.0,1,2026-09-14 00:00:00,2026-09-14 00:00:00,C07973,NINFA COSIO,NINFA COSIO,3233.7,0,517.39,3751.09,0.0,4043-L02,ALMOND & OLIVE BODY,3,CJA,MANUEL ACUÑA #2886,PRADOS PROVIDENCIA,GUADALAJARA,JAL,44670,Cliente Pasa por Mercancia,"GUADALAJARA, JAL.","MANUEL ACUÑA #2886, PRADOS PROVIDENCIA, 44670, GUADALAJARA, JAL",,"AV. FRANCISCO I MADERO #45   CENTRO_x000D__x000D_MASCOTA,46900, JAL_x000D_MX",388 106 6191,COPN6306157B1
243797,220634 maritza,194453.0,1,2026-09-14 00:00:00,2026-09-14 00:00:00,C09804,EXPERIENCIAS TURISTICAS VIVEE,HOTEL AQUA SPA & RESORT,3490.0,0,558.4,4048.4,0.0,4011-L53,,4,CJA,CALLE CARRETERA MARTINEZ TLAPACOYAN S/N,LOMAS DEL MIRADOR,MARTINEZ DE LA TORRE,VER,93607,Tres Guerras C.Destino,"MARTINEZ DE LA TORRE, VER.","CALLE CARRETERA MARTINEZ TLAPACOYAN S/N, LOMAS DEL MIRADOR, 93607, MARTINEZ DE LA TORRE, VER",,"CALLE CARRETERA MARTINEZ TLAPACOYAN S/N   LOMAS DEL MIRADOR_x000D__x000D_MARTINEZ DE LA TORRE,93607, VER_x000D_MX",232 373 5009,ETV250113GY9
243797,220634 maritza,194453.0,1,2026-09-14 00:00:00,2026-09-14 00:00:00,C09804,EXPERIENCIAS TURISTICAS VIVEE,HOTEL AQUA SPA & RESORT,1745.0,0,279.2,2024.2,0.0,4011-L50,,2,CJA,CALLE CARRETERA MARTINEZ TLAPACOYAN S/N,LOMAS DEL MIRADOR,MARTINEZ DE LA TORRE,VER,93607,Tres Guerras C.Destino,"MARTINEZ DE LA TORRE, VER.","CALLE CARRETERA MARTINEZ TLAPACOYAN S/N, LOMAS DEL MIRADOR, 93607, MARTINEZ DE LA TORRE, VER",,"CALLE CARRETERA MARTINEZ TLAPACOYAN S/N   LOMAS DEL MIRADOR_x000D__x000D_MARTINEZ DE LA TORRE,93607, VER_x000D_MX",232 373 5009,ETV250113GY9
243797,220634 maritza,194453.0,1,2026-09-14 00:00:00,2026-09-14 00:00:00,C09804,EXPERIENCIAS TURISTICAS VIVEE,HOTEL AQUA SPA & RESORT,1944.0,0,311.04,2255.04,0.0,4011-L37,,1,CJA,CALLE CARRETERA MARTINEZ TLAPACOYAN S/N,LOMAS DEL MIRADOR,MARTINEZ DE LA TORRE,VER,93607,Tres Guerras C.Destino,"MARTINEZ DE LA TORRE, VER.","CALLE CARRETERA MARTINEZ TLAPACOYAN S/N, LOMAS DEL MIRADOR, 93607, MARTINEZ DE LA TORRE, VER",,"CALLE CARRETERA MARTINEZ TLAPACOYAN S/N   LOMAS DEL MIRADOR_x000D__x000D_MARTINEZ DE LA TORRE,93607, VER_x000D_MX",232 373 5009,ETV250113GY9
243798,oc34,194466.0,1,2026-09-14 00:00:00,2026-10-14 00:00:00,C01774,GEORGINA GUADALUPE VILLASEÑOR DEL CASTILLO,HOTEL STORE PUERTO VALLARTA,6912.0,10,1105.92,8017.92,0.0,JHSH-0293,,16,PZA,AV TEPIC NORTE 473,MEZCALES,BAHIA DE BANDERAS,NAY,63732,Sanchez Barcelata C.Regreso,"BAHIA DE BANDERAS, NAY.","AV TEPIC NORTE 473, MEZCALES, 63732, BAHIA DE BANDERAS, NAY",,"CALLE CIRCUITO SAN RAFAEL 18   VALLE DORADO_x000D__x000D_BAHIA DE BANDERAS,63735, NAY_x000D_MX",322 225 4903,VICG6612208R9
243799,0000007284,194471.0,1,2026-09-14 00:00:00,2026-10-14 00:00:00,C01762,DISTRIBUIDORA JOFA,DISTRIBUIDORA JOFA,13743.23,15,2198.92,15942.14,0.0,4043-L03,ALMOND & OLIVE CONDI,15,CJA,CALLE VILLASANA #656,20 DE NOVIEMBRE,TIJUANA,BC,22100,Tres Guerras C.Regreso,"TIJUANA, BC.","CALLE VILLASANA #656, 20 DE NOVIEMBRE, 22100, TIJUANA, BC",,"CALLE F 2473   LIBERTAD_x000D__x000D_MEXICALI,21030, BC_x000D_MX",686 557 1686,DJO031218PI8
243799,0000007284,194471.0,1,2026-09-14 00:00:00,2026-10-14 00:00:00,C01762,DISTRIBUIDORA JOFA,DISTRIBUIDORA JOFA,3042.15,15,486.74,3528.89,0.0,4016-L32,,6,CJA,CALLE VILLASANA #656,20 DE NOVIEMBRE,TIJUANA,BC,22100,Tres Guerras C.Regreso,"TIJUANA, BC.","CALLE VILLASANA #656, 20 DE NOVIEMBRE, 22100, TIJUANA, BC",,"CALLE F 2473   LIBERTAD_x000D__x000D_MEXICALI,21030, BC_x000D_MX",686 557 1686,DJO031218PI8
243799,0000007284,194471.0,1,2026-09-14 00:00:00,2026-10-14 00:00:00,C01762,DISTRIBUIDORA JOFA,DISTRIBUIDORA JOFA,4963.58,15,794.17,5757.75,0.0,4016-L05,,5,CJA,CALLE VILLASANA #656,20 DE NOVIEMBRE,TIJUANA,BC,22100,Tres Guerras C.Regreso,"TIJUANA, BC.","CALLE VILLASANA #656, 20 DE NOVIEMBRE, 22100, TIJUANA, BC",,"CALLE F 2473   LIBERTAD_x000D__x000D_MEXICALI,21030, BC_x000D_MX",686 557 1686,DJO031218PI8
243799,0000007284,194471.0,1,2026-09-14 00:00:00,2026-10-14 00:00:00,C01762,DISTRIBUIDORA JOFA,DISTRIBUIDORA JOFA,3910.68,15,625.71,4536.39,0.0,4029-L62,,15,CJA,CALLE VILLASANA #656,20 DE NOVIEMBRE,TIJUANA,BC,22100,Tres Guerras C.Regreso,"TIJUANA, BC.","CALLE VILLASANA #656, 20 DE NOVIEMBRE, 22100, TIJUANA, BC",,"CALLE F 2473   LIBERTAD_x000D__x000D_MEXICALI,21030, BC_x000D_MX",686 557 1686,DJO031218PI8
243799,0000007284,194471.0,1,2026-09-14 00:00:00,2026-10-14 00:00:00,C01762,DISTRIBUIDORA JOFA,DISTRIBUIDORA JOFA,8653.68,15,1384.59,10038.27,0.0,4018-A24,,20,CJA,CALLE VILLASANA #656,20 DE NOVIEMBRE,TIJUANA,BC,22100,Tres Guerras C.Regreso,"TIJUANA, BC.","CALLE VILLASANA #656, 20 DE NOVIEMBRE, 22100, TIJUANA, BC",,"CALLE F 2473   LIBERTAD_x000D__x000D_MEXICALI,21030, BC_x000D_MX",686 557 1686,DJO031218PI8
243799,0000007284,194471.0,1,2026-09-14 00:00:00,2026-10-14 00:00:00,C01762,DISTRIBUIDORA JOFA,DISTRIBUIDORA JOFA,25308.75,15,4049.4,29358.15,0.0,4043-J07,,30,CJA,CALLE VILLASANA #656,20 DE NOVIEMBRE,TIJUANA,BC,22100,Tres Guerras C.Regreso,"TIJUANA, BC.","CALLE VILLASANA #656, 20 DE NOVIEMBRE, 22100, TIJUANA, BC",,"CALLE F 2473   LIBERTAD_x000D__x000D_MEXICALI,21030, BC_x000D_MX",686 557 1686,DJO031218PI8
243799,0000007284,194471.0,1,2026-09-14 00:00:00,2026-10-14 00:00:00,C01762,DISTRIBUIDORA JOFA,DISTRIBUIDORA JOFA,32448.75,15,5191.8,37640.55,0.0,4043-J08,,50,CJA,CALLE VILLASANA #656,20 DE NOVIEMBRE,TIJUANA,BC,22100,Tres Guerras C.Regreso,"TIJUANA, BC.","CALLE VILLASANA #656, 20 DE NOVIEMBRE, 22100, TIJUANA, BC",,"CALLE F 2473   LIBERTAD_x000D__x000D_MEXICALI,21030, BC_x000D_MX",686 557 1686,DJO031218PI8
243799,0000007284,194471.0,1,2026-09-14 00:00:00,2026-10-14 00:00:00,C01762,DISTRIBUIDORA JOFA,DISTRIBUIDORA JOFA,10863.0,15,1738.08,12601.08,0.0,4029-L60,,25,CJA,CALLE VILLASANA #656,20 DE NOVIEMBRE,TIJUANA,BC,22100,Tres Guerras C.Regreso,"TIJUANA, BC.","CALLE VILLASANA #656, 20 DE NOVIEMBRE, 22100, TIJUANA, BC",,"CALLE F 2473   LIBERTAD_x000D__x000D_MEXICALI,21030, BC_x000D_MX",686 557 1686,DJO031218PI8
243799,0000007284,194471.0,1,2026-09-14 00:00:00,2026-10-14 00:00:00,C01762,DISTRIBUIDORA JOFA,DISTRIBUIDORA JOFA,3553.85,15,568.62,4122.47,0.0,8014-J03,,2,CJA,CALLE VILLASANA #656,20 DE NOVIEMBRE,TIJUANA,BC,22100,Tres Guerras C.Regreso,"TIJUANA, BC.","CALLE VILLASANA #656, 20 DE NOVIEMBRE, 22100, TIJUANA, BC",,"CALLE F 2473   LIBERTAD_x000D__x000D_MEXICALI,21030, BC_x000D_MX",686 557 1686,DJO031218PI8
243799,0000007284,194471.0,1,2026-09-14 00:00:00,2026-10-14 00:00:00,C01762,DISTRIBUIDORA JOFA,DISTRIBUIDORA JOFA,2548.3,15,407.73,2956.03,0.0,8014-L27,,2,CJA,CALLE VILLASANA #656,20 DE NOVIEMBRE,TIJUANA,BC,22100,Tres Guerras C.Regreso,"TIJUANA, BC.","CALLE VILLASANA #656, 20 DE NOVIEMBRE, 22100, TIJUANA, BC",,"CALLE F 2473   LIBERTAD_x000D__x000D_MEXICALI,21030, BC_x000D_MX",686 557 1686,DJO031218PI8
243799,0000007284,194471.0,1,2026-09-14 00:00:00,2026-10-14 00:00:00,C01762,DISTRIBUIDORA JOFA,DISTRIBUIDORA JOFA,2548.3,15,407.73,2956.03,0.0,8014-L26,,2,CJA,CALLE VILLASANA #656,20 DE NOVIEMBRE,TIJUANA,BC,22100,Tres Guerras C.Regreso,"TIJUANA, BC.","CALLE VILLASANA #656, 20 DE NOVIEMBRE, 22100, TIJUANA, BC",,"CALLE F 2473   LIBERTAD_x000D__x000D_MEXICALI,21030, BC_x000D_MX",686 557 1686,DJO031218PI8
243799,0000007284,194471.0,1,2026-09-14 00:00:00,2026-10-14 00:00:00,C01762,DISTRIBUIDORA JOFA,DISTRIBUIDORA JOFA,3395.33,15,543.25,3938.58,0.0,4052-L43,,5,CJA,CALLE VILLASANA #656,20 DE NOVIEMBRE,TIJUANA,BC,22100,Tres Guerras C.Regreso,"TIJUANA, BC.","CALLE VILLASANA #656, 20 DE NOVIEMBRE, 22100, TIJUANA, BC",,"CALLE F 2473   LIBERTAD_x000D__x000D_MEXICALI,21030, BC_x000D_MX",686 557 1686,DJO031218PI8
243799,0000007284,194471.0,1,2026-09-14 00:00:00,2026-10-14 00:00:00,C01762,DISTRIBUIDORA JOFA,DISTRIBUIDORA JOFA,5432.52,15,869.2,6301.72,0.0,4052-L41,,8,CJA,CALLE VILLASANA #656,20 DE NOVIEMBRE,TIJUANA,BC,22100,Tres Guerras C.Regreso,"TIJUANA, BC.","CALLE VILLASANA #656, 20 DE NOVIEMBRE, 22100, TIJUANA, BC",,"CALLE F 2473   LIBERTAD_x000D__x000D_MEXICALI,21030, BC_x000D_MX",686 557 1686,DJO031218PI8
243799,0000007284,194471.0,1,2026-09-14 00:00:00,2026-10-14 00:00:00,C01762,DISTRIBUIDORA JOFA,DISTRIBUIDORA JOFA,5432.52,15,869.2,6301.72,0.0,4052-L45,,8,CJA,CALLE VILLASANA #656,20 DE NOVIEMBRE,TIJUANA,BC,22100,Tres Guerras C.Regreso,"TIJUANA, BC.","CALLE VILLASANA #656, 20 DE NOVIEMBRE, 22100, TIJUANA, BC",,"CALLE F 2473   LIBERTAD_x000D__x000D_MEXICALI,21030, BC_x000D_MX",686 557 1686,DJO031218PI8
243799,0000007284,194471.0,1,2026-09-14 00:00:00,2026-10-14 00:00:00,C01762,DISTRIBUIDORA JOFA,DISTRIBUIDORA JOFA,1283.48,15,205.36,1488.84,0.0,4029-A90,,2,CJA,CALLE VILLASANA #656,20 DE NOVIEMBRE,TIJUANA,BC,22100,Tres Guerras C.Regreso,"TIJUANA, BC.","CALLE VILLASANA #656, 20 DE NOVIEMBRE, 22100, TIJUANA, BC",,"CALLE F 2473   LIBERTAD_x000D__x000D_MEXICALI,21030, BC_x000D_MX",686 557 1686,DJO031218PI8
243800,4700247934,194467.0,11,2026-09-14 00:00:00,2026-10-29 00:00:00,C01874,FIDEICOMISO IRREVOCABLE DB/1616,HOLIDAY INN EXPRESS & SUITES MONTERREY AEROPUERTO(MTYZO),2200.0,0,352.0,2552.0,0.0,4029-A92,,1,CJA,BLVD.AEROPUERTO 400,PARQUE INDUSTRIAL MILEMIUM,APODACA,NL,66600,CEDIS Monterrey  (Solo Factura),"APODACA, NL.","BLVD.AEROPUERTO 400, PARQUE INDUSTRIAL MILEMIUM, 66600, APODACA, NL",,"AV. FUNDADORES 1000 PISO 7   VALLE DEL MIRADOR_x000D__x000D_MONTERREY,64750, NL_x000D_MX",81 8288 1200,DBM121023M10
243800,4700247934,194467.0,11,2026-09-14 00:00:00,2026-10-29 00:00:00,C01874,FIDEICOMISO IRREVOCABLE DB/1616,HOLIDAY INN EXPRESS & SUITES MONTERREY AEROPUERTO(MTYZO),2447.04,0,391.53,2838.57,0.0,68758339,,4,CJA,BLVD.AEROPUERTO 400,PARQUE INDUSTRIAL MILEMIUM,APODACA,NL,66600,CEDIS Monterrey  (Solo Factura),"APODACA, NL.","BLVD.AEROPUERTO 400, PARQUE INDUSTRIAL MILEMIUM, 66600, APODACA, NL",,"AV. FUNDADORES 1000 PISO 7   VALLE DEL MIRADOR_x000D__x000D_MONTERREY,64750, NL_x000D_MX",81 8288 1200,DBM121023M10
243800,4700247934,194467.0,11,2026-09-14 00:00:00,2026-10-29 00:00:00,C01874,FIDEICOMISO IRREVOCABLE DB/1616,HOLIDAY INN EXPRESS & SUITES MONTERREY AEROPUERTO(MTYZO),2469.12,0,395.06,2864.18,0.0,68732293,,4,CJA,BLVD.AEROPUERTO 400,PARQUE INDUSTRIAL MILEMIUM,APODACA,NL,66600,CEDIS Monterrey  (Solo Factura),"APODACA, NL.","BLVD.AEROPUERTO 400, PARQUE INDUSTRIAL MILEMIUM, 66600, APODACA, NL",,"AV. FUNDADORES 1000 PISO 7   VALLE DEL MIRADOR_x000D__x000D_MONTERREY,64750, NL_x000D_MX",81 8288 1200,DBM121023M10
243800,4700247934,194467.0,11,2026-09-14 00:00:00,2026-10-29 00:00:00,C01874,FIDEICOMISO IRREVOCABLE DB/1616,HOLIDAY INN EXPRESS & SUITES MONTERREY AEROPUERTO(MTYZO),2281.92,0,365.1,2647.03,0.0,68732295,,4,CJA,BLVD.AEROPUERTO 400,PARQUE INDUSTRIAL MILEMIUM,APODACA,NL,66600,CEDIS Monterrey  (Solo Factura),"APODACA, NL.","BLVD.AEROPUERTO 400, PARQUE INDUSTRIAL MILEMIUM, 66600, APODACA, NL",,"AV. FUNDADORES 1000 PISO 7   VALLE DEL MIRADOR_x000D__x000D_MONTERREY,64750, NL_x000D_MX",81 8288 1200,DBM121023M10
243800,4700247934,194467.0,11,2026-09-14 00:00:00,2026-10-29 00:00:00,C01874,FIDEICOMISO IRREVOCABLE DB/1616,HOLIDAY INN EXPRESS & SUITES MONTERREY AEROPUERTO(MTYZO),1789.2,0,286.27,2075.47,0.0,68732292,,3,CJA,BLVD.AEROPUERTO 400,PARQUE INDUSTRIAL MILEMIUM,APODACA,NL,66600,CEDIS Monterrey  (Solo Factura),"APODACA, NL.","BLVD.AEROPUERTO 400, PARQUE INDUSTRIAL MILEMIUM, 66600, APODACA, NL",,"AV. FUNDADORES 1000 PISO 7   VALLE DEL MIRADOR_x000D__x000D_MONTERREY,64750, NL_x000D_MX",81 8288 1200,DBM121023M10
243800,4700247934,194467.0,11,2026-09-14 00:00:00,2026-10-29 00:00:00,C01874,FIDEICOMISO IRREVOCABLE DB/1616,HOLIDAY INN EXPRESS & SUITES MONTERREY AEROPUERTO(MTYZO),2215.0,0,354.4,2569.4,0.0,4029-A05,MISCELANEOS,1,CJA,BLVD.AEROPUERTO 400,PARQUE INDUSTRIAL MILEMIUM,APODACA,NL,66600,CEDIS Monterrey  (Solo Factura),"APODACA, NL.","BLVD.AEROPUERTO 400, PARQUE INDUSTRIAL MILEMIUM, 66600, APODACA, NL",,"AV. FUNDADORES 1000 PISO 7   VALLE DEL MIRADOR_x000D__x000D_MONTERREY,64750, NL_x000D_MX",81 8288 1200,DBM121023M10
243801,Encore Monterrey,194210.0,1,2026-09-14 00:00:00,2026-09-29 00:00:00,C07957,OPERADORA HOTELERA PUEBLA,ENCORE MONTERREY,754.99,0,120.8,875.79,0.0,4029-A90,,1,CJA,BLVD. CARLOS SALINAS DE GORTARI # 301 PTE,APODACA CENTRO,CIUDAD APODACA,NL,66600,Tres Guerras C.Regreso,"CIUDAD APODACA, NL.","BLVD. CARLOS SALINAS DE GORTARI # 301 PTE, APODACA CENTRO, 66600, CIUDAD APODACA, NL",,"LATERAL DEL ANILLO PERIFERICO ECOLOGICO 1230_x000D__x000D_CORONANGO,72680, PUE_x000D_MX",33 2255 0730,OHP160328C64
243801,Encore Monterrey,194210.0,1,2026-09-14 00:00:00,2026-09-29 00:00:00,C07957,OPERADORA HOTELERA PUEBLA,ENCORE MONTERREY,3294.0,0,527.04,3821.04,0.0,5369-L21,,6,CJA,BLVD. CARLOS SALINAS DE GORTARI # 301 PTE,APODACA CENTRO,CIUDAD APODACA,NL,66600,Tres Guerras C.Regreso,"CIUDAD APODACA, NL.","BLVD. CARLOS SALINAS DE GORTARI # 301 PTE, APODACA CENTRO, 66600, CIUDAD APODACA, NL",,"LATERAL DEL ANILLO PERIFERICO ECOLOGICO 1230_x000D__x000D_CORONANGO,72680, PUE_x000D_MX",33 2255 0730,OHP160328C64
243801,Encore Monterrey,194210.0,1,2026-09-14 00:00:00,2026-09-29 00:00:00,C07957,OPERADORA HOTELERA PUEBLA,ENCORE MONTERREY,4781.0,0,764.96,5545.96,0.0,4029-A96,,2,CJA,BLVD. CARLOS SALINAS DE GORTARI # 301 PTE,APODACA CENTRO,CIUDAD APODACA,NL,66600,Tres Guerras C.Regreso,"CIUDAD APODACA, NL.","BLVD. CARLOS SALINAS DE GORTARI # 301 PTE, APODACA CENTRO, 66600, CIUDAD APODACA, NL",,"LATERAL DEL ANILLO PERIFERICO ECOLOGICO 1230_x000D__x000D_CORONANGO,72680, PUE_x000D_MX",33 2255 0730,OHP160328C64
243802,20260911400140BET0000477592620,194463.0,1,2026-09-14 00:00:00,2026-09-14 00:00:00,C09048,HOTEL DE SERVICIOS DE TEHUACAN,HOTEL CASA REAL DE TEHUACAN,1823.98,0,291.84,2115.82,0.0,4016-J07,,2,CJA,AV. REFORMA SUR #206,CENTRO,TEHUACAN,PUE,75700,Tres Guerras C.Destino,"TEHUACAN, PUE.","AV. REFORMA SUR #206, CENTRO, 75700, TEHUACAN, PUE",,"AV. REFORMA SUR #206   CENTRO_x000D__x000D_TEHUACAN,75700, PUE_x000D_MX",238 384 9611,HST0412066N9
243803,248F400000212,194474.0,1,2026-09-14 00:00:00,2026-10-14 00:00:00,C06340,IMPULSORA MT,FAIRFIELD TIJUANA,787.33,0,125.97,913.3,0.0,C06601-L09,,1,CJA,BLVD RODOLFO SANCHEZ TABOADA 10461,ZONA URBANA RIO TIJUANA,TIJUANA,BC,22010,Tres Guerras C.Regreso,"TIJUANA, BC.","BLVD RODOLFO SANCHEZ TABOADA 10461, ZONA URBANA RIO TIJUANA, 22010, TIJUANA, BC",,"BLVD RODOLFO SANCHEZ TABOADA 10461   ZONA URBANA RIO TIJUANA_x000D__x000D_TIJUANA,22010, BC_x000D_MX",664 512 1300,IMT151117D45
243803,248F400000212,194474.0,1,2026-09-14 00:00:00,2026-10-14 00:00:00,C06340,IMPULSORA MT,FAIRFIELD TIJUANA,796.49,0,127.44,923.93,0.0,C06601-L11,,1,CJA,BLVD RODOLFO SANCHEZ TABOADA 10461,ZONA URBANA RIO TIJUANA,TIJUANA,BC,22010,Tres Guerras C.Regreso,"TIJUANA, BC.","BLVD RODOLFO SANCHEZ TABOADA 10461, ZONA URBANA RIO TIJUANA, 22010, TIJUANA, BC",,"BLVD RODOLFO SANCHEZ TABOADA 10461   ZONA URBANA RIO TIJUANA_x000D__x000D_TIJUANA,22010, BC_x000D_MX",664 512 1300,IMT151117D45
243803,248F400000212,194474.0,1,2026-09-14 00:00:00,2026-10-14 00:00:00,C06340,IMPULSORA MT,FAIRFIELD TIJUANA,2361.99,0,377.92,2739.91,0.0,C06601-L10,,3,CJA,BLVD RODOLFO SANCHEZ TABOADA 10461,ZONA URBANA RIO TIJUANA,TIJUANA,BC,22010,Tres Guerras C.Regreso,"TIJUANA, BC.","BLVD RODOLFO SANCHEZ TABOADA 10461, ZONA URBANA RIO TIJUANA, 22010, TIJUANA, BC",,"BLVD RODOLFO SANCHEZ TABOADA 10461   ZONA URBANA RIO TIJUANA_x000D__x000D_TIJUANA,22010, BC_x000D_MX",664 512 1300,IMT151117D45
243803,248F400000212,194474.0,1,2026-09-14 00:00:00,2026-10-14 00:00:00,C06340,IMPULSORA MT,FAIRFIELD TIJUANA,1788.0,0,286.08,2074.08,0.0,C06601-J04,,2,CJA,BLVD RODOLFO SANCHEZ TABOADA 10461,ZONA URBANA RIO TIJUANA,TIJUANA,BC,22010,Tres Guerras C.Regreso,"TIJUANA, BC.","BLVD RODOLFO SANCHEZ TABOADA 10461, ZONA URBANA RIO TIJUANA, 22010, TIJUANA, BC",,"BLVD RODOLFO SANCHEZ TABOADA 10461   ZONA URBANA RIO TIJUANA_x000D__x000D_TIJUANA,22010, BC_x000D_MX",664 512 1300,IMT151117D45
243803,248F400000212,194474.0,1,2026-09-14 00:00:00,2026-10-14 00:00:00,C06340,IMPULSORA MT,FAIRFIELD TIJUANA,2361.99,0,377.92,2739.91,0.0,C06601-L08,,3,CJA,BLVD RODOLFO SANCHEZ TABOADA 10461,ZONA URBANA RIO TIJUANA,TIJUANA,BC,22010,Tres Guerras C.Regreso,"TIJUANA, BC.","BLVD RODOLFO SANCHEZ TABOADA 10461, ZONA URBANA RIO TIJUANA, 22010, TIJUANA, BC",,"BLVD RODOLFO SANCHEZ TABOADA 10461   ZONA URBANA RIO TIJUANA_x000D__x000D_TIJUANA,22010, BC_x000D_MX",664 512 1300,IMT151117D45
243804,CAFI GUATEMALA 27072026,193485.0,13,2026-09-14 00:00:00,2026-12-13 00:00:00,C01958,CORPORACION CAFI S A,CORPORACION CAFI S A,25405.35,0,0.0,25405.35,1496.88,4016-L07,ELEMENTS EVOLUTION B,36,CJA,AVENIDA ELENA 6-42 ZONA 3,,GUATEMALA,GU,1003,Exportacion,"GUATEMALA, GU.","AVENIDA ELENA 6-42 ZONA 3, , 01003, GUATEMALA, GU",,AVENIDA ELENA 6-42 ZONA 3_x000D__x000D_01003 GUATEMALA_x000D_GUATEMALA,(502)243 67376,XEXX010101000
243804,CAFI GUATEMALA 27072026,193485.0,13,2026-09-14 00:00:00,2026-12-13 00:00:00,C01958,CORPORACION CAFI S A,CORPORACION CAFI S A,5477.61,0,0.0,5477.61,322.74,4043-L01,ALMOND & OLIVE SHAMP,9,CJA,AVENIDA ELENA 6-42 ZONA 3,,GUATEMALA,GU,1003,Exportacion,"GUATEMALA, GU.","AVENIDA ELENA 6-42 ZONA 3, , 01003, GUATEMALA, GU",,AVENIDA ELENA 6-42 ZONA 3_x000D__x000D_01003 GUATEMALA_x000D_GUATEMALA,(502)243 67376,XEXX010101000
243804,CAFI GUATEMALA 27072026,193485.0,13,2026-09-14 00:00:00,2026-12-13 00:00:00,C01958,CORPORACION CAFI S A,CORPORACION CAFI S A,1217.25,0,0.0,1217.25,71.72,4043-L03,ALMOND & OLIVE CONDI,2,CJA,AVENIDA ELENA 6-42 ZONA 3,,GUATEMALA,GU,1003,Exportacion,"GUATEMALA, GU.","AVENIDA ELENA 6-42 ZONA 3, , 01003, GUATEMALA, GU",,AVENIDA ELENA 6-42 ZONA 3_x000D__x000D_01003 GUATEMALA_x000D_GUATEMALA,(502)243 67376,XEXX010101000
243804,CAFI GUATEMALA 27072026,193485.0,13,2026-09-14 00:00:00,2026-12-13 00:00:00,C01958,CORPORACION CAFI S A,CORPORACION CAFI S A,3651.74,0,0.0,3651.74,215.16,4043-L04,ALMOND & OLIVE BATH,6,CJA,AVENIDA ELENA 6-42 ZONA 3,,GUATEMALA,GU,1003,Exportacion,"GUATEMALA, GU.","AVENIDA ELENA 6-42 ZONA 3, , 01003, GUATEMALA, GU",,AVENIDA ELENA 6-42 ZONA 3_x000D__x000D_01003 GUATEMALA_x000D_GUATEMALA,(502)243 67376,XEXX010101000
243804,CAFI GUATEMALA 27072026,193485.0,13,2026-09-14 00:00:00,2026-12-13 00:00:00,C01958,CORPORACION CAFI S A,CORPORACION CAFI S A,1501.36,0,0.0,1501.36,88.46,4052-L36,Body Lotion Cava,2,CJA,AVENIDA ELENA 6-42 ZONA 3,,GUATEMALA,GU,1003,Exportacion,"GUATEMALA, GU.","AVENIDA ELENA 6-42 ZONA 3, , 01003, GUATEMALA, GU",,AVENIDA ELENA 6-42 ZONA 3_x000D__x000D_01003 GUATEMALA_x000D_GUATEMALA,(502)243 67376,XEXX010101000
243804,CAFI GUATEMALA 27072026,193485.0,13,2026-09-14 00:00:00,2026-12-13 00:00:00,C01958,CORPORACION CAFI S A,CORPORACION CAFI S A,5908.87,0,0.0,5908.87,348.15,0506-L35,,15,CJA,AVENIDA ELENA 6-42 ZONA 3,,GUATEMALA,GU,1003,Exportacion,"GUATEMALA, GU.","AVENIDA ELENA 6-42 ZONA 3, , 01003, GUATEMALA, GU",,AVENIDA ELENA 6-42 ZONA 3_x000D__x000D_01003 GUATEMALA_x000D_GUATEMALA,(502)243 67376,XEXX010101000
243804,CAFI GUATEMALA 27072026,193485.0,13,2026-09-14 00:00:00,2026-12-13 00:00:00,C01958,CORPORACION CAFI S A,CORPORACION CAFI S A,2757.47,0,0.0,2757.47,162.47,0506-L37,,7,CJA,AVENIDA ELENA 6-42 ZONA 3,,GUATEMALA,GU,1003,Exportacion,"GUATEMALA, GU.","AVENIDA ELENA 6-42 ZONA 3, , 01003, GUATEMALA, GU",,AVENIDA ELENA 6-42 ZONA 3_x000D__x000D_01003 GUATEMALA_x000D_GUATEMALA,(502)243 67376,XEXX010101000
243804,CAFI GUATEMALA 27072026,193485.0,13,2026-09-14 00:00:00,2026-12-13 00:00:00,C01958,CORPORACION CAFI S A,CORPORACION CAFI S A,3939.25,0,0.0,3939.25,232.1,0506-L38,,10,CJA,AVENIDA ELENA 6-42 ZONA 3,,GUATEMALA,GU,1003,Exportacion,"GUATEMALA, GU.","AVENIDA ELENA 6-42 ZONA 3, , 01003, GUATEMALA, GU",,AVENIDA ELENA 6-42 ZONA 3_x000D__x000D_01003 GUATEMALA_x000D_GUATEMALA,(502)243 67376,XEXX010101000
243804,CAFI GUATEMALA 27072026,193485.0,13,2026-09-14 00:00:00,2026-12-13 00:00:00,C01958,CORPORACION CAFI S A,CORPORACION CAFI S A,2851.33,0,0.0,2851.33,168.0,4011-J07,,14,CJA,AVENIDA ELENA 6-42 ZONA 3,,GUATEMALA,GU,1003,Exportacion,"GUATEMALA, GU.","AVENIDA ELENA 6-42 ZONA 3, , 01003, GUATEMALA, GU",,AVENIDA ELENA 6-42 ZONA 3_x000D__x000D_01003 GUATEMALA_x000D_GUATEMALA,(502)243 67376,XEXX010101000
243804,CAFI GUATEMALA 27072026,193485.0,13,2026-09-14 00:00:00,2026-12-13 00:00:00,C01958,CORPORACION CAFI S A,CORPORACION CAFI S A,2773.94,0,0.0,2773.94,163.44,4011-L27,,3,CJA,AVENIDA ELENA 6-42 ZONA 3,,GUATEMALA,GU,1003,Exportacion,"GUATEMALA, GU.","AVENIDA ELENA 6-42 ZONA 3, , 01003, GUATEMALA, GU",,AVENIDA ELENA 6-42 ZONA 3_x000D__x000D_01003 GUATEMALA_x000D_GUATEMALA,(502)243 67376,XEXX010101000
243804,CAFI GUATEMALA 27072026,193485.0,13,2026-09-14 00:00:00,2026-12-13 00:00:00,C01958,CORPORACION CAFI S A,CORPORACION CAFI S A,1849.29,0,0.0,1849.29,108.96,4011-L28,,2,CJA,AVENIDA ELENA 6-42 ZONA 3,,GUATEMALA,GU,1003,Exportacion,"GUATEMALA, GU.","AVENIDA ELENA 6-42 ZONA 3, , 01003, GUATEMALA, GU",,AVENIDA ELENA 6-42 ZONA 3_x000D__x000D_01003 GUATEMALA_x000D_GUATEMALA,(502)243 67376,XEXX010101000
243804,CAFI GUATEMALA 27072026,193485.0,13,2026-09-14 00:00:00,2026-12-13 00:00:00,C01958,CORPORACION CAFI S A,CORPORACION CAFI S A,4623.23,0,0.0,4623.23,272.4,4011-L42,,5,CJA,AVENIDA ELENA 6-42 ZONA 3,,GUATEMALA,GU,1003,Exportacion,"GUATEMALA, GU.","AVENIDA ELENA 6-42 ZONA 3, , 01003, GUATEMALA, GU",,AVENIDA ELENA 6-42 ZONA 3_x000D__x000D_01003 GUATEMALA_x000D_GUATEMALA,(502)243 67376,XEXX010101000
243804,CAFI GUATEMALA 27072026,193485.0,13,2026-09-14 00:00:00,2026-12-13 00:00:00,C01958,CORPORACION CAFI S A,CORPORACION CAFI S A,159199.24,0,0.0,159199.24,9380.0,4016-J07,,280,CJA,AVENIDA ELENA 6-42 ZONA 3,,GUATEMALA,GU,1003,Exportacion,"GUATEMALA, GU.","AVENIDA ELENA 6-42 ZONA 3, , 01003, GUATEMALA, GU",,AVENIDA ELENA 6-42 ZONA 3_x000D__x000D_01003 GUATEMALA_x000D_GUATEMALA,(502)243 67376,XEXX010101000
243804,CAFI GUATEMALA 27072026,193485.0,13,2026-09-14 00:00:00,2026-12-13 00:00:00,C01958,CORPORACION CAFI S A,CORPORACION CAFI S A,44021.64,0,0.0,44021.64,2593.75,4016-J08,,83,CJA,AVENIDA ELENA 6-42 ZONA 3,,GUATEMALA,GU,1003,Exportacion,"GUATEMALA, GU.","AVENIDA ELENA 6-42 ZONA 3, , 01003, GUATEMALA, GU",,AVENIDA ELENA 6-42 ZONA 3_x000D__x000D_01003 GUATEMALA_x000D_GUATEMALA,(502)243 67376,XEXX010101000
243804,CAFI GUATEMALA 27072026,193485.0,13,2026-09-14 00:00:00,2026-12-13 00:00:00,C01958,CORPORACION CAFI S A,CORPORACION CAFI S A,45165.06,0,0.0,45165.06,2661.12,4016-L04,,64,CJA,AVENIDA ELENA 6-42 ZONA 3,,GUATEMALA,GU,1003,Exportacion,"GUATEMALA, GU.","AVENIDA ELENA 6-42 ZONA 3, , 01003, GUATEMALA, GU",,AVENIDA ELENA 6-42 ZONA 3_x000D__x000D_01003 GUATEMALA_x000D_GUATEMALA,(502)243 67376,XEXX010101000
243804,CAFI GUATEMALA 27072026,193485.0,13,2026-09-14 00:00:00,2026-12-13 00:00:00,C01958,CORPORACION CAFI S A,CORPORACION CAFI S A,2822.82,0,0.0,2822.82,166.32,4016-L05,,4,CJA,AVENIDA ELENA 6-42 ZONA 3,,GUATEMALA,GU,1003,Exportacion,"GUATEMALA, GU.","AVENIDA ELENA 6-42 ZONA 3, , 01003, GUATEMALA, GU",,AVENIDA ELENA 6-42 ZONA 3_x000D__x000D_01003 GUATEMALA_x000D_GUATEMALA,(502)243 67376,XEXX010101000
243804,CAFI GUATEMALA 27072026,193485.0,13,2026-09-14 00:00:00,2026-12-13 00:00:00,C01958,CORPORACION CAFI S A,CORPORACION CAFI S A,13076.06,0,0.0,13076.06,770.44,4016-L30,,44,CJA,AVENIDA ELENA 6-42 ZONA 3,,GUATEMALA,GU,1003,Exportacion,"GUATEMALA, GU.","AVENIDA ELENA 6-42 ZONA 3, , 01003, GUATEMALA, GU",,AVENIDA ELENA 6-42 ZONA 3_x000D__x000D_01003 GUATEMALA_x000D_GUATEMALA,(502)243 67376,XEXX010101000
243804,CAFI GUATEMALA 27072026,193485.0,13,2026-09-14 00:00:00,2026-12-13 00:00:00,C01958,CORPORACION CAFI S A,CORPORACION CAFI S A,4457.75,0,0.0,4457.75,262.65,4016-L31,,15,CJA,AVENIDA ELENA 6-42 ZONA 3,,GUATEMALA,GU,1003,Exportacion,"GUATEMALA, GU.","AVENIDA ELENA 6-42 ZONA 3, , 01003, GUATEMALA, GU",,AVENIDA ELENA 6-42 ZONA 3_x000D__x000D_01003 GUATEMALA_x000D_GUATEMALA,(502)243 67376,XEXX010101000
243804,CAFI GUATEMALA 27072026,193485.0,13,2026-09-14 00:00:00,2026-12-13 00:00:00,C01958,CORPORACION CAFI S A,CORPORACION CAFI S A,18128.18,0,0.0,18128.18,1068.11,4016-L33,,61,CJA,AVENIDA ELENA 6-42 ZONA 3,,GUATEMALA,GU,1003,Exportacion,"GUATEMALA, GU.","AVENIDA ELENA 6-42 ZONA 3, , 01003, GUATEMALA, GU",,AVENIDA ELENA 6-42 ZONA 3_x000D__x000D_01003 GUATEMALA_x000D_GUATEMALA,(502)243 67376,XEXX010101000
243804,CAFI GUATEMALA 27072026,193485.0,13,2026-09-14 00:00:00,2026-12-13 00:00:00,C01958,CORPORACION CAFI S A,CORPORACION CAFI S A,29243.1,0,0.0,29243.1,1723.0,4018-A23,,50,CJA,AVENIDA ELENA 6-42 ZONA 3,,GUATEMALA,GU,1003,Exportacion,"GUATEMALA, GU.","AVENIDA ELENA 6-42 ZONA 3, , 01003, GUATEMALA, GU",,AVENIDA ELENA 6-42 ZONA 3_x000D__x000D_01003 GUATEMALA_x000D_GUATEMALA,(502)243 67376,XEXX010101000
243804,CAFI GUATEMALA 27072026,193485.0,13,2026-09-14 00:00:00,2026-12-13 00:00:00,C01958,CORPORACION CAFI S A,CORPORACION CAFI S A,30854.1,0,0.0,30854.1,1817.92,4018-A24,,76,CJA,AVENIDA ELENA 6-42 ZONA 3,,GUATEMALA,GU,1003,Exportacion,"GUATEMALA, GU.","AVENIDA ELENA 6-42 ZONA 3, , 01003, GUATEMALA, GU",,AVENIDA ELENA 6-42 ZONA 3_x000D__x000D_01003 GUATEMALA_x000D_GUATEMALA,(502)243 67376,XEXX010101000
243804,CAFI GUATEMALA 27072026,193485.0,13,2026-09-14 00:00:00,2026-12-13 00:00:00,C01958,CORPORACION CAFI S A,CORPORACION CAFI S A,53251.97,0,0.0,53251.97,3137.6,4018-A25,,40,CJA,AVENIDA ELENA 6-42 ZONA 3,,GUATEMALA,GU,1003,Exportacion,"GUATEMALA, GU.","AVENIDA ELENA 6-42 ZONA 3, , 01003, GUATEMALA, GU",,AVENIDA ELENA 6-42 ZONA 3_x000D__x000D_01003 GUATEMALA_x000D_GUATEMALA,(502)243 67376,XEXX010101000
243804,CAFI GUATEMALA 27072026,193485.0,13,2026-09-14 00:00:00,2026-12-13 00:00:00,C01958,CORPORACION CAFI S A,CORPORACION CAFI S A,15916.53,0,0.0,15916.53,937.8,4018-A26,,45,CJA,AVENIDA ELENA 6-42 ZONA 3,,GUATEMALA,GU,1003,Exportacion,"GUATEMALA, GU.","AVENIDA ELENA 6-42 ZONA 3, , 01003, GUATEMALA, GU",,AVENIDA ELENA 6-42 ZONA 3_x000D__x000D_01003 GUATEMALA_x000D_GUATEMALA,(502)243 67376,XEXX010101000
243804,CAFI GUATEMALA 27072026,193485.0,13,2026-09-14 00:00:00,2026-12-13 00:00:00,C01958,CORPORACION CAFI S A,CORPORACION CAFI S A,12143.61,0,0.0,12143.61,715.5,4018-A27,,18,CJA,AVENIDA ELENA 6-42 ZONA 3,,GUATEMALA,GU,1003,Exportacion,"GUATEMALA, GU.","AVENIDA ELENA 6-42 ZONA 3, , 01003, GUATEMALA, GU",,AVENIDA ELENA 6-42 ZONA 3_x000D__x000D_01003 GUATEMALA_x000D_GUATEMALA,(502)243 67376,XEXX010101000
243804,CAFI GUATEMALA 27072026,193485.0,13,2026-09-14 00:00:00,2026-12-13 00:00:00,C01958,CORPORACION CAFI S A,CORPORACION CAFI S A,11274.46,0,0.0,11274.46,664.29,4018-A28,,33,CJA,AVENIDA ELENA 6-42 ZONA 3,,GUATEMALA,GU,1003,Exportacion,"GUATEMALA, GU.","AVENIDA ELENA 6-42 ZONA 3, , 01003, GUATEMALA, GU",,AVENIDA ELENA 6-42 ZONA 3_x000D__x000D_01003 GUATEMALA_x000D_GUATEMALA,(502)243 67376,XEXX010101000
243804,CAFI GUATEMALA 27072026,193485.0,13,2026-09-14 00:00:00,2026-12-13 00:00:00,C01958,CORPORACION CAFI S A,CORPORACION CAFI S A,18696.58,0,0.0,18696.58,1101.6,4018-A29,,24,CJA,AVENIDA ELENA 6-42 ZONA 3,,GUATEMALA,GU,1003,Exportacion,"GUATEMALA, GU.","AVENIDA ELENA 6-42 ZONA 3, , 01003, GUATEMALA, GU",,AVENIDA ELENA 6-42 ZONA 3_x000D__x000D_01003 GUATEMALA_x000D_GUATEMALA,(502)243 67376,XEXX010101000
243804,CAFI GUATEMALA 27072026,193485.0,13,2026-09-14 00:00:00,2026-12-13 00:00:00,C01958,CORPORACION CAFI S A,CORPORACION CAFI S A,29097.82,0,0.0,29097.82,1714.44,4018-J08,,52,CJA,AVENIDA ELENA 6-42 ZONA 3,,GUATEMALA,GU,1003,Exportacion,"GUATEMALA, GU.","AVENIDA ELENA 6-42 ZONA 3, , 01003, GUATEMALA, GU",,AVENIDA ELENA 6-42 ZONA 3_x000D__x000D_01003 GUATEMALA_x000D_GUATEMALA,(502)243 67376,XEXX010101000
243804,CAFI GUATEMALA 27072026,193485.0,13,2026-09-14 00:00:00,2026-12-13 00:00:00,C01958,CORPORACION CAFI S A,CORPORACION CAFI S A,35433.2,0,0.0,35433.2,2087.72,4018-J09,,82,CJA,AVENIDA ELENA 6-42 ZONA 3,,GUATEMALA,GU,1003,Exportacion,"GUATEMALA, GU.","AVENIDA ELENA 6-42 ZONA 3, , 01003, GUATEMALA, GU",,AVENIDA ELENA 6-42 ZONA 3_x000D__x000D_01003 GUATEMALA_x000D_GUATEMALA,(502)243 67376,XEXX010101000
243804,CAFI GUATEMALA 27072026,193485.0,13,2026-09-14 00:00:00,2026-12-13 00:00:00,C01958,CORPORACION CAFI S A,CORPORACION CAFI S A,69804.11,0,0.0,69804.11,4112.85,4018-L14,,105,CJA,AVENIDA ELENA 6-42 ZONA 3,,GUATEMALA,GU,1003,Exportacion,"GUATEMALA, GU.","AVENIDA ELENA 6-42 ZONA 3, , 01003, GUATEMALA, GU",,AVENIDA ELENA 6-42 ZONA 3_x000D__x000D_01003 GUATEMALA_x000D_GUATEMALA,(502)243 67376,XEXX010101000
243804,CAFI GUATEMALA 27072026,193485.0,13,2026-09-14 00:00:00,2026-12-13 00:00:00,C01958,CORPORACION CAFI S A,CORPORACION CAFI S A,15955.23,0,0.0,15955.23,940.08,4018-L15,,24,CJA,AVENIDA ELENA 6-42 ZONA 3,,GUATEMALA,GU,1003,Exportacion,"GUATEMALA, GU.","AVENIDA ELENA 6-42 ZONA 3, , 01003, GUATEMALA, GU",,AVENIDA ELENA 6-42 ZONA 3_x000D__x000D_01003 GUATEMALA_x000D_GUATEMALA,(502)243 67376,XEXX010101000
243804,CAFI GUATEMALA 27072026,193485.0,13,2026-09-14 00:00:00,2026-12-13 00:00:00,C01958,CORPORACION CAFI S A,CORPORACION CAFI S A,17284.83,0,0.0,17284.83,1018.42,4018-L16,,26,CJA,AVENIDA ELENA 6-42 ZONA 3,,GUATEMALA,GU,1003,Exportacion,"GUATEMALA, GU.","AVENIDA ELENA 6-42 ZONA 3, , 01003, GUATEMALA, GU",,AVENIDA ELENA 6-42 ZONA 3_x000D__x000D_01003 GUATEMALA_x000D_GUATEMALA,(502)243 67376,XEXX010101000
243804,CAFI GUATEMALA 27072026,193485.0,13,2026-09-14 00:00:00,2026-12-13 00:00:00,C01958,CORPORACION CAFI S A,CORPORACION CAFI S A,17284.83,0,0.0,17284.83,1018.42,4018-L17,,26,CJA,AVENIDA ELENA 6-42 ZONA 3,,GUATEMALA,GU,1003,Exportacion,"GUATEMALA, GU.","AVENIDA ELENA 6-42 ZONA 3, , 01003, GUATEMALA, GU",,AVENIDA ELENA 6-42 ZONA 3_x000D__x000D_01003 GUATEMALA_x000D_GUATEMALA,(502)243 67376,XEXX010101000
243804,CAFI GUATEMALA 27072026,193485.0,13,2026-09-14 00:00:00,2026-12-13 00:00:00,C01958,CORPORACION CAFI S A,CORPORACION CAFI S A,6940.95,0,0.0,6940.95,408.96,4043-J07,,12,CJA,AVENIDA ELENA 6-42 ZONA 3,,GUATEMALA,GU,1003,Exportacion,"GUATEMALA, GU.","AVENIDA ELENA 6-42 ZONA 3, , 01003, GUATEMALA, GU",,AVENIDA ELENA 6-42 ZONA 3_x000D__x000D_01003 GUATEMALA_x000D_GUATEMALA,(502)243 67376,XEXX010101000
243804,CAFI GUATEMALA 27072026,193485.0,13,2026-09-14 00:00:00,2026-12-13 00:00:00,C01958,CORPORACION CAFI S A,CORPORACION CAFI S A,1928.21,0,0.0,1928.21,113.61,4052-J08,,7,CJA,AVENIDA ELENA 6-42 ZONA 3,,GUATEMALA,GU,1003,Exportacion,"GUATEMALA, GU.","AVENIDA ELENA 6-42 ZONA 3, , 01003, GUATEMALA, GU",,AVENIDA ELENA 6-42 ZONA 3_x000D__x000D_01003 GUATEMALA_x000D_GUATEMALA,(502)243 67376,XEXX010101000
243804,CAFI GUATEMALA 27072026,193485.0,13,2026-09-14 00:00:00,2026-12-13 00:00:00,C01958,CORPORACION CAFI S A,CORPORACION CAFI S A,6227.78,0,0.0,6227.78,366.94,4052-L17,,14,CJA,AVENIDA ELENA 6-42 ZONA 3,,GUATEMALA,GU,1003,Exportacion,"GUATEMALA, GU.","AVENIDA ELENA 6-42 ZONA 3, , 01003, GUATEMALA, GU",,AVENIDA ELENA 6-42 ZONA 3_x000D__x000D_01003 GUATEMALA_x000D_GUATEMALA,(502)243 67376,XEXX010101000
243804,CAFI GUATEMALA 27072026,193485.0,13,2026-09-14 00:00:00,2026-12-13 00:00:00,C01958,CORPORACION CAFI S A,CORPORACION CAFI S A,2252.04,0,0.0,2252.04,132.69,4052-L35,,3,CJA,AVENIDA ELENA 6-42 ZONA 3,,GUATEMALA,GU,1003,Exportacion,"GUATEMALA, GU.","AVENIDA ELENA 6-42 ZONA 3, , 01003, GUATEMALA, GU",,AVENIDA ELENA 6-42 ZONA 3_x000D__x000D_01003 GUATEMALA_x000D_GUATEMALA,(502)243 67376,XEXX010101000
243804,CAFI GUATEMALA 27072026,193485.0,13,2026-09-14 00:00:00,2026-12-13 00:00:00,C01958,CORPORACION CAFI S A,CORPORACION CAFI S A,1501.36,0,0.0,1501.36,88.46,4052-L37,,2,CJA,AVENIDA ELENA 6-42 ZONA 3,,GUATEMALA,GU,1003,Exportacion,"GUATEMALA, GU.","AVENIDA ELENA 6-42 ZONA 3, , 01003, GUATEMALA, GU",,AVENIDA ELENA 6-42 ZONA 3_x000D__x000D_01003 GUATEMALA_x000D_GUATEMALA,(502)243 67376,XEXX010101000
243804,CAFI GUATEMALA 27072026,193485.0,13,2026-09-14 00:00:00,2026-12-13 00:00:00,C01958,CORPORACION CAFI S A,CORPORACION CAFI S A,750.68,0,0.0,750.68,44.23,4052-L38,,1,CJA,AVENIDA ELENA 6-42 ZONA 3,,GUATEMALA,GU,1003,Exportacion,"GUATEMALA, GU.","AVENIDA ELENA 6-42 ZONA 3, , 01003, GUATEMALA, GU",,AVENIDA ELENA 6-42 ZONA 3_x000D__x000D_01003 GUATEMALA_x000D_GUATEMALA,(502)243 67376,XEXX010101000
243804,CAFI GUATEMALA 27072026,193485.0,13,2026-09-14 00:00:00,2026-12-13 00:00:00,C01958,CORPORACION CAFI S A,CORPORACION CAFI S A,14863.4,0,0.0,14863.4,875.75,4052-L41,,25,CJA,AVENIDA ELENA 6-42 ZONA 3,,GUATEMALA,GU,1003,Exportacion,"GUATEMALA, GU.","AVENIDA ELENA 6-42 ZONA 3, , 01003, GUATEMALA, GU",,AVENIDA ELENA 6-42 ZONA 3_x000D__x000D_01003 GUATEMALA_x000D_GUATEMALA,(502)243 67376,XEXX010101000
243804,CAFI GUATEMALA 27072026,193485.0,13,2026-09-14 00:00:00,2026-12-13 00:00:00,C01958,CORPORACION CAFI S A,CORPORACION CAFI S A,19619.69,0,0.0,19619.69,1155.99,4052-L43,,33,CJA,AVENIDA ELENA 6-42 ZONA 3,,GUATEMALA,GU,1003,Exportacion,"GUATEMALA, GU.","AVENIDA ELENA 6-42 ZONA 3, , 01003, GUATEMALA, GU",,AVENIDA ELENA 6-42 ZONA 3_x000D__x000D_01003 GUATEMALA_x000D_GUATEMALA,(502)243 67376,XEXX010101000
243804,CAFI GUATEMALA 27072026,193485.0,13,2026-09-14 00:00:00,2026-12-13 00:00:00,C01958,CORPORACION CAFI S A,CORPORACION CAFI S A,23781.45,0,0.0,23781.45,1401.2,4052-L45,,40,CJA,AVENIDA ELENA 6-42 ZONA 3,,GUATEMALA,GU,1003,Exportacion,"GUATEMALA, GU.","AVENIDA ELENA 6-42 ZONA 3, , 01003, GUATEMALA, GU",,AVENIDA ELENA 6-42 ZONA 3_x000D__x000D_01003 GUATEMALA_x000D_GUATEMALA,(502)243 67376,XEXX010101000
243804,CAFI GUATEMALA 27072026,193485.0,13,2026-09-14 00:00:00,2026-12-13 00:00:00,C01958,CORPORACION CAFI S A,CORPORACION CAFI S A,8918.04,0,0.0,8918.04,525.45,4052-L46,,15,CJA,AVENIDA ELENA 6-42 ZONA 3,,GUATEMALA,GU,1003,Exportacion,"GUATEMALA, GU.","AVENIDA ELENA 6-42 ZONA 3, , 01003, GUATEMALA, GU",,AVENIDA ELENA 6-42 ZONA 3_x000D__x000D_01003 GUATEMALA_x000D_GUATEMALA,(502)243 67376,XEXX010101000
243804,CAFI GUATEMALA 27072026,193485.0,13,2026-09-14 00:00:00,2026-12-13 00:00:00,C01958,CORPORACION CAFI S A,CORPORACION CAFI S A,64924.77,0,0.0,64924.77,3825.36,4074-J03,,184,CJA,AVENIDA ELENA 6-42 ZONA 3,,GUATEMALA,GU,1003,Exportacion,"GUATEMALA, GU.","AVENIDA ELENA 6-42 ZONA 3, , 01003, GUATEMALA, GU",,AVENIDA ELENA 6-42 ZONA 3_x000D__x000D_01003 GUATEMALA_x000D_GUATEMALA,(502)243 67376,XEXX010101000
243804,CAFI GUATEMALA 27072026,193485.0,13,2026-09-14 00:00:00,2026-12-13 00:00:00,C01958,CORPORACION CAFI S A,CORPORACION CAFI S A,5600.83,0,0.0,5600.83,330.0,8014-J03,,6,CJA,AVENIDA ELENA 6-42 ZONA 3,,GUATEMALA,GU,1003,Exportacion,"GUATEMALA, GU.","AVENIDA ELENA 6-42 ZONA 3, , 01003, GUATEMALA, GU",,AVENIDA ELENA 6-42 ZONA 3_x000D__x000D_01003 GUATEMALA_x000D_GUATEMALA,(502)243 67376,XEXX010101000
243804,CAFI GUATEMALA 27072026,193485.0,13,2026-09-14 00:00:00,2026-12-13 00:00:00,C01958,CORPORACION CAFI S A,CORPORACION CAFI S A,5604.9,0,0.0,5604.9,330.24,8014-L20,,4,CJA,AVENIDA ELENA 6-42 ZONA 3,,GUATEMALA,GU,1003,Exportacion,"GUATEMALA, GU.","AVENIDA ELENA 6-42 ZONA 3, , 01003, GUATEMALA, GU",,AVENIDA ELENA 6-42 ZONA 3_x000D__x000D_01003 GUATEMALA_x000D_GUATEMALA,(502)243 67376,XEXX010101000
243804,CAFI GUATEMALA 27072026,193485.0,13,2026-09-14 00:00:00,2026-12-13 00:00:00,C01958,CORPORACION CAFI S A,CORPORACION CAFI S A,7006.12,0,0.0,7006.12,412.8,8014-L21,,5,CJA,AVENIDA ELENA 6-42 ZONA 3,,GUATEMALA,GU,1003,Exportacion,"GUATEMALA, GU.","AVENIDA ELENA 6-42 ZONA 3, , 01003, GUATEMALA, GU",,AVENIDA ELENA 6-42 ZONA 3_x000D__x000D_01003 GUATEMALA_x000D_GUATEMALA,(502)243 67376,XEXX010101000
243804,CAFI GUATEMALA 27072026,193485.0,13,2026-09-14 00:00:00,2026-12-13 00:00:00,C01958,CORPORACION CAFI S A,CORPORACION CAFI S A,2851.33,0,0.0,2851.33,168.0,JHJY-0065,,14,CJA,AVENIDA ELENA 6-42 ZONA 3,,GUATEMALA,GU,1003,Exportacion,"GUATEMALA, GU.","AVENIDA ELENA 6-42 ZONA 3, , 01003, GUATEMALA, GU",,AVENIDA ELENA 6-42 ZONA 3_x000D__x000D_01003 GUATEMALA_x000D_GUATEMALA,(502)243 67376,XEXX010101000
243805,AGREGADO CAFI GUATEMALA 27072026,193719.0,13,2026-09-14 00:00:00,2026-12-13 00:00:00,C01958,CORPORACION CAFI S A,CORPORACION CAFI S A,2036.66,0,0.0,2036.66,120.0,4011-J07,,10,CJA,AVENIDA ELENA 6-42 ZONA 3,,GUATEMALA,GU,1003,Exportacion,"GUATEMALA, GU.","AVENIDA ELENA 6-42 ZONA 3, , 01003, GUATEMALA, GU",,AVENIDA ELENA 6-42 ZONA 3_x000D__x000D_01003 GUATEMALA_x000D_GUATEMALA,(502)243 67376,XEXX010101000
243805,AGREGADO CAFI GUATEMALA 27072026,193719.0,13,2026-09-14 00:00:00,2026-12-13 00:00:00,C01958,CORPORACION CAFI S A,CORPORACION CAFI S A,6472.52,0,0.0,6472.52,381.36,4011-L30,,7,CJA,AVENIDA ELENA 6-42 ZONA 3,,GUATEMALA,GU,1003,Exportacion,"GUATEMALA, GU.","AVENIDA ELENA 6-42 ZONA 3, , 01003, GUATEMALA, GU",,AVENIDA ELENA 6-42 ZONA 3_x000D__x000D_01003 GUATEMALA_x000D_GUATEMALA,(502)243 67376,XEXX010101000
243805,AGREGADO CAFI GUATEMALA 27072026,193719.0,13,2026-09-14 00:00:00,2026-12-13 00:00:00,C01958,CORPORACION CAFI S A,CORPORACION CAFI S A,34114.12,0,0.0,34114.12,2010.0,4016-J07,,60,CJA,AVENIDA ELENA 6-42 ZONA 3,,GUATEMALA,GU,1003,Exportacion,"GUATEMALA, GU.","AVENIDA ELENA 6-42 ZONA 3, , 01003, GUATEMALA, GU",,AVENIDA ELENA 6-42 ZONA 3_x000D__x000D_01003 GUATEMALA_x000D_GUATEMALA,(502)243 67376,XEXX010101000
243805,AGREGADO CAFI GUATEMALA 27072026,193719.0,13,2026-09-14 00:00:00,2026-12-13 00:00:00,C01958,CORPORACION CAFI S A,CORPORACION CAFI S A,4234.22,0,0.0,4234.22,249.48,4016-L05,,6,CJA,AVENIDA ELENA 6-42 ZONA 3,,GUATEMALA,GU,1003,Exportacion,"GUATEMALA, GU.","AVENIDA ELENA 6-42 ZONA 3, , 01003, GUATEMALA, GU",,AVENIDA ELENA 6-42 ZONA 3_x000D__x000D_01003 GUATEMALA_x000D_GUATEMALA,(502)243 67376,XEXX010101000
243805,AGREGADO CAFI GUATEMALA 27072026,193719.0,13,2026-09-14 00:00:00,2026-12-13 00:00:00,C01958,CORPORACION CAFI S A,CORPORACION CAFI S A,11697.24,0,0.0,11697.24,689.2,4018-A23,,20,CJA,AVENIDA ELENA 6-42 ZONA 3,,GUATEMALA,GU,1003,Exportacion,"GUATEMALA, GU.","AVENIDA ELENA 6-42 ZONA 3, , 01003, GUATEMALA, GU",,AVENIDA ELENA 6-42 ZONA 3_x000D__x000D_01003 GUATEMALA_x000D_GUATEMALA,(502)243 67376,XEXX010101000
243805,AGREGADO CAFI GUATEMALA 27072026,193719.0,13,2026-09-14 00:00:00,2026-12-13 00:00:00,C01958,CORPORACION CAFI S A,CORPORACION CAFI S A,6746.45,0,0.0,6746.45,397.5,4018-A27,,10,CJA,AVENIDA ELENA 6-42 ZONA 3,,GUATEMALA,GU,1003,Exportacion,"GUATEMALA, GU.","AVENIDA ELENA 6-42 ZONA 3, , 01003, GUATEMALA, GU",,AVENIDA ELENA 6-42 ZONA 3_x000D__x000D_01003 GUATEMALA_x000D_GUATEMALA,(502)243 67376,XEXX010101000
243805,AGREGADO CAFI GUATEMALA 27072026,193719.0,13,2026-09-14 00:00:00,2026-12-13 00:00:00,C01958,CORPORACION CAFI S A,CORPORACION CAFI S A,4331.31,0,0.0,4331.31,255.2,4052-J07,,10,CJA,AVENIDA ELENA 6-42 ZONA 3,,GUATEMALA,GU,1003,Exportacion,"GUATEMALA, GU.","AVENIDA ELENA 6-42 ZONA 3, , 01003, GUATEMALA, GU",,AVENIDA ELENA 6-42 ZONA 3_x000D__x000D_01003 GUATEMALA_x000D_GUATEMALA,(502)243 67376,XEXX010101000
243805,AGREGADO CAFI GUATEMALA 27072026,193719.0,13,2026-09-14 00:00:00,2026-12-13 00:00:00,C01958,CORPORACION CAFI S A,CORPORACION CAFI S A,2669.05,0,0.0,2669.05,157.26,4052-L17,,6,CJA,AVENIDA ELENA 6-42 ZONA 3,,GUATEMALA,GU,1003,Exportacion,"GUATEMALA, GU.","AVENIDA ELENA 6-42 ZONA 3, , 01003, GUATEMALA, GU",,AVENIDA ELENA 6-42 ZONA 3_x000D__x000D_01003 GUATEMALA_x000D_GUATEMALA,(502)243 67376,XEXX010101000
243805,AGREGADO CAFI GUATEMALA 27072026,193719.0,13,2026-09-14 00:00:00,2026-12-13 00:00:00,C01958,CORPORACION CAFI S A,CORPORACION CAFI S A,4161.75,0,0.0,4161.75,245.21,4052-L43,,7,CJA,AVENIDA ELENA 6-42 ZONA 3,,GUATEMALA,GU,1003,Exportacion,"GUATEMALA, GU.","AVENIDA ELENA 6-42 ZONA 3, , 01003, GUATEMALA, GU",,AVENIDA ELENA 6-42 ZONA 3_x000D__x000D_01003 GUATEMALA_x000D_GUATEMALA,(502)243 67376,XEXX010101000
243805,AGREGADO CAFI GUATEMALA 27072026,193719.0,13,2026-09-14 00:00:00,2026-12-13 00:00:00,C01958,CORPORACION CAFI S A,CORPORACION CAFI S A,8407.35,0,0.0,8407.35,495.36,8014-L20,,6,CJA,AVENIDA ELENA 6-42 ZONA 3,,GUATEMALA,GU,1003,Exportacion,"GUATEMALA, GU.","AVENIDA ELENA 6-42 ZONA 3, , 01003, GUATEMALA, GU",,AVENIDA ELENA 6-42 ZONA 3_x000D__x000D_01003 GUATEMALA_x000D_GUATEMALA,(502)243 67376,XEXX010101000
243805,AGREGADO CAFI GUATEMALA 27072026,193719.0,13,2026-09-14 00:00:00,2026-12-13 00:00:00,C01958,CORPORACION CAFI S A,CORPORACION CAFI S A,4203.67,0,0.0,4203.67,247.68,8014-L21,,3,CJA,AVENIDA ELENA 6-42 ZONA 3,,GUATEMALA,GU,1003,Exportacion,"GUATEMALA, GU.","AVENIDA ELENA 6-42 ZONA 3, , 01003, GUATEMALA, GU",,AVENIDA ELENA 6-42 ZONA 3_x000D__x000D_01003 GUATEMALA_x000D_GUATEMALA,(502)243 67376,XEXX010101000
243805,AGREGADO CAFI GUATEMALA 27072026,193719.0,13,2026-09-14 00:00:00,2026-12-13 00:00:00,C01958,CORPORACION CAFI S A,CORPORACION CAFI S A,7006.12,0,0.0,7006.12,412.8,8014-L22,,5,CJA,AVENIDA ELENA 6-42 ZONA 3,,GUATEMALA,GU,1003,Exportacion,"GUATEMALA, GU.","AVENIDA ELENA 6-42 ZONA 3, , 01003, GUATEMALA, GU",,AVENIDA ELENA 6-42 ZONA 3_x000D__x000D_01003 GUATEMALA_x000D_GUATEMALA,(502)243 67376,XEXX010101000
243805,AGREGADO CAFI GUATEMALA 27072026,193719.0,13,2026-09-14 00:00:00,2026-12-13 00:00:00,C01958,CORPORACION CAFI S A,CORPORACION CAFI S A,4887.99,0,0.0,4887.99,288.0,JHJY-0065,,24,CJA,AVENIDA ELENA 6-42 ZONA 3,,GUATEMALA,GU,1003,Exportacion,"GUATEMALA, GU.","AVENIDA ELENA 6-42 ZONA 3, , 01003, GUATEMALA, GU",,AVENIDA ELENA 6-42 ZONA 3_x000D__x000D_01003 GUATEMALA_x000D_GUATEMALA,(502)243 67376,XEXX010101000
243807,OC14492/1,191067.0,1,2026-09-14 00:00:00,2026-11-13 00:00:00,C09421,GRUPO AGC INTERNACIONAL,GRUPO AGC,134400.0,0,21504.0,155904.0,0.0,C09421-L01,,1120,CJA,AV. 18 DE MARZO 704 BODEGA ALCE,LA NOGALERA,GUADALAJARA,JAL,44470,Solo Factura,"GUADALAJARA, JAL.","AV. 18 DE MARZO 704 BODEGA ALCE, LA NOGALERA, 44470, GUADALAJARA, JAL",,"AV LAZARO CARDENAS 2825   ALAMO INDUSTRIAL_x000D__x000D_SAN PEDRO TLAQUEPAQUE,45593, JAL_x000D_MX",33 31 22 78 26,GAI220912B38
243808,,221069.0,1,2026-09-15 00:00:00,2026-09-15 00:00:00,CLIESP,VENTAS DE MOSTRADOR,VENTAS DE MOSTRADOR,3283.16,10,525.31,3808.47,0.0,4016-J07,,4,CJA,PRIVADA DEL GALLO 1525,LA AURORA,GUADALAJARA,JAL,44460,Transporte LOCAL,"GUADALAJARA, JAL.","PRIVADA DEL GALLO 1525, LA AURORA, 44460, GUADALAJARA, JAL",,"PRIVADA DEL GALLO 1525   LA AURORA_x000D__x000D_GUADALAJARA,44460, JAL_x000D_MX",38115800,XAXX010101000
243809,OC14492/1,191067.0,1,2026-09-15 00:00:00,2026-11-14 00:00:00,C09421,GRUPO AGC INTERNACIONAL,GRUPO AGC,130560.0,0,20889.6,151449.6,0.0,C09421-L01,,1088,CJA,AV. 18 DE MARZO 704 BODEGA ALCE,LA NOGALERA,GUADALAJARA,JAL,44470,Transporte LOCAL,"GUADALAJARA, JAL.","AV. 18 DE MARZO 704 BODEGA ALCE, LA NOGALERA, 44470, GUADALAJARA, JAL",,"AV LAZARO CARDENAS 2825   ALAMO INDUSTRIAL_x000D__x000D_SAN PEDRO TLAQUEPAQUE,45593, JAL_x000D_MX",33 31 22 78 26,GAI220912B38
243827,,221083.0,1,2026-09-15 00:00:00,2026-09-15 00:00:00,CLIESP,VENTAS DE MOSTRADOR,VENTAS DE MOSTRADOR,798.48,0,127.76,926.24,0.0,7294-L21,,1,CJA,PRIVADA DEL GALLO 1525,LA AURORA,GUADALAJARA,JAL,44460,Cobro Destino,"GUADALAJARA, JAL.","PRIVADA DEL GALLO 1525, LA AURORA, 44460, GUADALAJARA, JAL",,"PRIVADA DEL GALLO 1525   LA AURORA_x000D__x000D_GUADALAJARA,44460, JAL_x000D_MX",38115800,XAXX010101000
243828,,194491.0,1,2026-09-15 00:00:00,2026-10-15 00:00:00,C09592,JAVIER ALEJANDRO GARCIA CORTES,ESCENCIA HOTELERA,25535.72,20,4085.72,29621.43,0.0,4016-J07,,35,CJA,SANTO DOMINGO 2,PLAYA AZUL SALAGUA,MANZANILLO,COL,28218,Cliente Pasa por Mercancia,"MANZANILLO, COL.","SANTO DOMINGO 2, PLAYA AZUL SALAGUA, 28218, MANZANILLO, COL",,"CALLE MILLET 19 DEPARTAMENTO 13   EUCALIPTO VALLARTA_x000D__x000D_ZAPOPAN,45020, JAL_x000D_MX",0,GACJ961221I97
243828,,194491.0,1,2026-09-15 00:00:00,2026-10-15 00:00:00,C09592,JAVIER ALEJANDRO GARCIA CORTES,ESCENCIA HOTELERA,6540.24,20,1046.44,7586.68,0.0,4016-L04,,7,CJA,SANTO DOMINGO 2,PLAYA AZUL SALAGUA,MANZANILLO,COL,28218,Cliente Pasa por Mercancia,"MANZANILLO, COL.","SANTO DOMINGO 2, PLAYA AZUL SALAGUA, 28218, MANZANILLO, COL",,"CALLE MILLET 19 DEPARTAMENTO 13   EUCALIPTO VALLARTA_x000D__x000D_ZAPOPAN,45020, JAL_x000D_MX",0,GACJ961221I97
243828,,194491.0,1,2026-09-15 00:00:00,2026-10-15 00:00:00,C09592,JAVIER ALEJANDRO GARCIA CORTES,ESCENCIA HOTELERA,1868.64,20,298.98,2167.62,0.0,4016-L05,,2,CJA,SANTO DOMINGO 2,PLAYA AZUL SALAGUA,MANZANILLO,COL,28218,Cliente Pasa por Mercancia,"MANZANILLO, COL.","SANTO DOMINGO 2, PLAYA AZUL SALAGUA, 28218, MANZANILLO, COL",,"CALLE MILLET 19 DEPARTAMENTO 13   EUCALIPTO VALLARTA_x000D__x000D_ZAPOPAN,45020, JAL_x000D_MX",0,GACJ961221I97
243829,4//CANCELACION//,221081.0,1,2026-09-15 00:00:00,2026-09-15 00:00:00,C09363,COMPAÑIA HOTELERA PLAZA FUNDADORES,MOTTO GUADALAJARA,1193.5,0,190.96,1384.46,0.0,4018-J06,,1,CJA,PEDRO MORENO #156,CENTRO,GUADALAJARA,JAL,44100,Cliente Pasa por Mercancia,"GUADALAJARA, JAL.","PEDRO MORENO #156, CENTRO, 44100, GUADALAJARA, JAL",,"AV. DE LA PAZ #1806 INT PRIMER PISO INTERIOR 1   AMERICANA_x000D__x000D_GUADALAJARA,44160, JAL_x000D_MX",33 1452 8462,PPA970718C69
243830,,221087.0,1,2026-09-15 00:00:00,2026-09-15 00:00:00,C09363,COMPAÑIA HOTELERA PLAZA FUNDADORES,MOTTO GUADALAJARA,1193.5,0,190.96,1384.46,0.0,4018-J06,,1,CJA,PEDRO MORENO #156,CENTRO,GUADALAJARA,JAL,44100,Transporte LOCAL,"GUADALAJARA, JAL.","PEDRO MORENO #156, CENTRO, 44100, GUADALAJARA, JAL",,"AV. DE LA PAZ #1806 INT PRIMER PISO INTERIOR 1   AMERICANA_x000D__x000D_GUADALAJARA,44160, JAL_x000D_MX",33 1452 8462,PPA970718C69
243831,OC-RTN-296882,187114.0,3,2026-09-15 00:00:00,2026-11-14 00:00:00,C03616,REPRESENTACIONES TURISTICAS MEXICO,BAHIA PRINCIPE,12303.76,0,1968.6,14272.36,725.0,C03616-L08,,25,CJA,Entre Calle HOTEL OASIS AKUMAL Y Calle HACIENDA DOÑA ISABEL SN,Akumal,Tulum,QR,77776,CEDIS Cancún,"Tulum, QR.","Entre Calle HOTEL OASIS AKUMAL Y Calle HACIENDA DOÑA ISABEL SN, Akumal, 77776, Tulum, QR",,"CARRET CHETUMAL B JUAREZ KM 250 LOC A   OTRA NO ESPECIFICADA EN EL CATALOGO_x000D__x000D_TULUM,77776, QR_x000D_MX",9848755000,RTM9705183M4
243831,OC-RTN-296882,187114.0,3,2026-09-15 00:00:00,2026-11-14 00:00:00,C03616,REPRESENTACIONES TURISTICAS MEXICO,BAHIA PRINCIPE,12303.76,0,1968.6,14272.36,725.0,C03616-L10,,25,CJA,Entre Calle HOTEL OASIS AKUMAL Y Calle HACIENDA DOÑA ISABEL SN,Akumal,Tulum,QR,77776,CEDIS Cancún,"Tulum, QR.","Entre Calle HOTEL OASIS AKUMAL Y Calle HACIENDA DOÑA ISABEL SN, Akumal, 77776, Tulum, QR",,"CARRET CHETUMAL B JUAREZ KM 250 LOC A   OTRA NO ESPECIFICADA EN EL CATALOGO_x000D__x000D_TULUM,77776, QR_x000D_MX",9848755000,RTM9705183M4
243831,OC-RTN-296882,187114.0,3,2026-09-15 00:00:00,2026-11-14 00:00:00,C03616,REPRESENTACIONES TURISTICAS MEXICO,BAHIA PRINCIPE,12303.76,0,1968.6,14272.36,725.0,C03616-L09,,25,CJA,Entre Calle HOTEL OASIS AKUMAL Y Calle HACIENDA DOÑA ISABEL SN,Akumal,Tulum,QR,77776,CEDIS Cancún,"Tulum, QR.","Entre Calle HOTEL OASIS AKUMAL Y Calle HACIENDA DOÑA ISABEL SN, Akumal, 77776, Tulum, QR",,"CARRET CHETUMAL B JUAREZ KM 250 LOC A   OTRA NO ESPECIFICADA EN EL CATALOGO_x000D__x000D_TULUM,77776, QR_x000D_MX",9848755000,RTM9705183M4
243831,OC-RTN-296882,187114.0,3,2026-09-15 00:00:00,2026-11-14 00:00:00,C03616,REPRESENTACIONES TURISTICAS MEXICO,BAHIA PRINCIPE,18667.77,0,2986.85,21654.61,1100.0,AC-0072,,10,CJA,Entre Calle HOTEL OASIS AKUMAL Y Calle HACIENDA DOÑA ISABEL SN,Akumal,Tulum,QR,77776,CEDIS Cancún,"Tulum, QR.","Entre Calle HOTEL OASIS AKUMAL Y Calle HACIENDA DOÑA ISABEL SN, Akumal, 77776, Tulum, QR",,"CARRET CHETUMAL B JUAREZ KM 250 LOC A   OTRA NO ESPECIFICADA EN EL CATALOGO_x000D__x000D_TULUM,77776, QR_x000D_MX",9848755000,RTM9705183M4
243832,OC-RTN-296850,187100.0,3,2026-09-15 00:00:00,2026-11-14 00:00:00,C03616,REPRESENTACIONES TURISTICAS MEXICO,BAHIA PRINCIPE,41069.09,0,6571.06,47640.15,2420.0,AC-0072,,22,CJA,Entre Calle HOTEL OASIS AKUMAL Y Calle HACIENDA DOÑA ISABEL SN,Akumal,Tulum,QR,77776,CEDIS Cancún,"Tulum, QR.","Entre Calle HOTEL OASIS AKUMAL Y Calle HACIENDA DOÑA ISABEL SN, Akumal, 77776, Tulum, QR",,"CARRET CHETUMAL B JUAREZ KM 250 LOC A   OTRA NO ESPECIFICADA EN EL CATALOGO_x000D__x000D_TULUM,77776, QR_x000D_MX",9848755000,RTM9705183M4
243832,OC-RTN-296850,187100.0,3,2026-09-15 00:00:00,2026-11-14 00:00:00,C03616,REPRESENTACIONES TURISTICAS MEXICO,BAHIA PRINCIPE,15205.75,0,2432.92,17638.67,896.0,C03616-L01,,8,CJA,Entre Calle HOTEL OASIS AKUMAL Y Calle HACIENDA DOÑA ISABEL SN,Akumal,Tulum,QR,77776,CEDIS Cancún,"Tulum, QR.","Entre Calle HOTEL OASIS AKUMAL Y Calle HACIENDA DOÑA ISABEL SN, Akumal, 77776, Tulum, QR",,"CARRET CHETUMAL B JUAREZ KM 250 LOC A   OTRA NO ESPECIFICADA EN EL CATALOGO_x000D__x000D_TULUM,77776, QR_x000D_MX",9848755000,RTM9705183M4
243832,OC-RTN-296850,187100.0,3,2026-09-15 00:00:00,2026-11-14 00:00:00,C03616,REPRESENTACIONES TURISTICAS MEXICO,BAHIA PRINCIPE,15205.75,0,2432.92,17638.67,896.0,C03616-L03,,8,CJA,Entre Calle HOTEL OASIS AKUMAL Y Calle HACIENDA DOÑA ISABEL SN,Akumal,Tulum,QR,77776,CEDIS Cancún,"Tulum, QR.","Entre Calle HOTEL OASIS AKUMAL Y Calle HACIENDA DOÑA ISABEL SN, Akumal, 77776, Tulum, QR",,"CARRET CHETUMAL B JUAREZ KM 250 LOC A   OTRA NO ESPECIFICADA EN EL CATALOGO_x000D__x000D_TULUM,77776, QR_x000D_MX",9848755000,RTM9705183M4
243832,OC-RTN-296850,187100.0,3,2026-09-15 00:00:00,2026-11-14 00:00:00,C03616,REPRESENTACIONES TURISTICAS MEXICO,BAHIA PRINCIPE,15205.75,0,2432.92,17638.67,896.0,C03616-L02,,8,CJA,Entre Calle HOTEL OASIS AKUMAL Y Calle HACIENDA DOÑA ISABEL SN,Akumal,Tulum,QR,77776,CEDIS Cancún,"Tulum, QR.","Entre Calle HOTEL OASIS AKUMAL Y Calle HACIENDA DOÑA ISABEL SN, Akumal, 77776, Tulum, QR",,"CARRET CHETUMAL B JUAREZ KM 250 LOC A   OTRA NO ESPECIFICADA EN EL CATALOGO_x000D__x000D_TULUM,77776, QR_x000D_MX",9848755000,RTM9705183M4
243832,OC-RTN-296850,187100.0,3,2026-09-15 00:00:00,2026-11-14 00:00:00,C03616,REPRESENTACIONES TURISTICAS MEXICO,BAHIA PRINCIPE,1476.45,0,236.23,1712.68,87.0,C03616-L08,,3,CJA,Entre Calle HOTEL OASIS AKUMAL Y Calle HACIENDA DOÑA ISABEL SN,Akumal,Tulum,QR,77776,CEDIS Cancún,"Tulum, QR.","Entre Calle HOTEL OASIS AKUMAL Y Calle HACIENDA DOÑA ISABEL SN, Akumal, 77776, Tulum, QR",,"CARRET CHETUMAL B JUAREZ KM 250 LOC A   OTRA NO ESPECIFICADA EN EL CATALOGO_x000D__x000D_TULUM,77776, QR_x000D_MX",9848755000,RTM9705183M4
243832,OC-RTN-296850,187100.0,3,2026-09-15 00:00:00,2026-11-14 00:00:00,C03616,REPRESENTACIONES TURISTICAS MEXICO,BAHIA PRINCIPE,984.3,0,157.49,1141.79,58.0,C03616-L10,,2,CJA,Entre Calle HOTEL OASIS AKUMAL Y Calle HACIENDA DOÑA ISABEL SN,Akumal,Tulum,QR,77776,CEDIS Cancún,"Tulum, QR.","Entre Calle HOTEL OASIS AKUMAL Y Calle HACIENDA DOÑA ISABEL SN, Akumal, 77776, Tulum, QR",,"CARRET CHETUMAL B JUAREZ KM 250 LOC A   OTRA NO ESPECIFICADA EN EL CATALOGO_x000D__x000D_TULUM,77776, QR_x000D_MX",9848755000,RTM9705183M4
243832,OC-RTN-296850,187100.0,3,2026-09-15 00:00:00,2026-11-14 00:00:00,C03616,REPRESENTACIONES TURISTICAS MEXICO,BAHIA PRINCIPE,1476.45,0,236.23,1712.68,87.0,C03616-L09,,3,CJA,Entre Calle HOTEL OASIS AKUMAL Y Calle HACIENDA DOÑA ISABEL SN,Akumal,Tulum,QR,77776,CEDIS Cancún,"Tulum, QR.","Entre Calle HOTEL OASIS AKUMAL Y Calle HACIENDA DOÑA ISABEL SN, Akumal, 77776, Tulum, QR",,"CARRET CHETUMAL B JUAREZ KM 250 LOC A   OTRA NO ESPECIFICADA EN EL CATALOGO_x000D__x000D_TULUM,77776, QR_x000D_MX",9848755000,RTM9705183M4
243833,PO 39049,193637.0,13,2026-09-15 00:00:00,2026-12-14 00:00:00,C02653,MARQUISE HOSPITALITY LLC,MARQUISE HOSPITALITY LLC,34090.74,0,0.0,34090.74,2008.8,4016-L07,ELEMENTS EVOLUTION B,48,CJA,580 N. Beach Street,,Fort Worth,TX,76111,Exportacion,"Fort Worth, TX.","580 N. Beach Street, , 76111, Fort Worth, TX",,6916 Tradonna Ln_x000D_North Richland Hills TX  76182_x000D_USA,800-946-2344,XEXX010101000
243833,PO 39049,193637.0,13,2026-09-15 00:00:00,2026-12-14 00:00:00,C02653,MARQUISE HOSPITALITY LLC,MARQUISE HOSPITALITY LLC,32803.68,0,0.0,32803.68,1932.96,4016-L08,ELEMENTS EVOLUTION S,48,CJA,580 N. Beach Street,,Fort Worth,TX,76111,Exportacion,"Fort Worth, TX.","580 N. Beach Street, , 76111, Fort Worth, TX",,6916 Tradonna Ln_x000D_North Richland Hills TX  76182_x000D_USA,800-946-2344,XEXX010101000
243833,PO 39049,193637.0,13,2026-09-15 00:00:00,2026-12-14 00:00:00,C02653,MARQUISE HOSPITALITY LLC,MARQUISE HOSPITALITY LLC,31247.81,0,0.0,31247.81,1841.28,4016-L04,,48,CJA,580 N. Beach Street,,Fort Worth,TX,76111,Exportacion,"Fort Worth, TX.","580 N. Beach Street, , 76111, Fort Worth, TX",,6916 Tradonna Ln_x000D_North Richland Hills TX  76182_x000D_USA,800-946-2344,XEXX010101000
243833,PO 39049,193637.0,13,2026-09-15 00:00:00,2026-12-14 00:00:00,C02653,MARQUISE HOSPITALITY LLC,MARQUISE HOSPITALITY LLC,74026.19,0,0.0,74026.19,4362.0,4016-J07,,150,CJA,580 N. Beach Street,,Fort Worth,TX,76111,Exportacion,"Fort Worth, TX.","580 N. Beach Street, , 76111, Fort Worth, TX",,6916 Tradonna Ln_x000D_North Richland Hills TX  76182_x000D_USA,800-946-2344,XEXX010101000
243833,PO 39049,193637.0,13,2026-09-15 00:00:00,2026-12-14 00:00:00,C02653,MARQUISE HOSPITALITY LLC,MARQUISE HOSPITALITY LLC,140273.02,0,0.0,140273.02,8265.6,4052-L20,,288,CJA,580 N. Beach Street,,Fort Worth,TX,76111,Exportacion,"Fort Worth, TX.","580 N. Beach Street, , 76111, Fort Worth, TX",,6916 Tradonna Ln_x000D_North Richland Hills TX  76182_x000D_USA,800-946-2344,XEXX010101000
243833,PO 39049,193637.0,13,2026-09-15 00:00:00,2026-12-14 00:00:00,C02653,MARQUISE HOSPITALITY LLC,MARQUISE HOSPITALITY LLC,73826.62,0,0.0,73826.62,4350.24,4052-L17,,216,CJA,580 N. Beach Street,,Fort Worth,TX,76111,Exportacion,"Fort Worth, TX.","580 N. Beach Street, , 76111, Fort Worth, TX",,6916 Tradonna Ln_x000D_North Richland Hills TX  76182_x000D_USA,800-946-2344,XEXX010101000
243833,PO 39049,193637.0,13,2026-09-15 00:00:00,2026-12-14 00:00:00,C02653,MARQUISE HOSPITALITY LLC,MARQUISE HOSPITALITY LLC,24413.37,0,0.0,24413.37,1438.56,4052-L19,,72,CJA,580 N. Beach Street,,Fort Worth,TX,76111,Exportacion,"Fort Worth, TX.","580 N. Beach Street, , 76111, Fort Worth, TX",,6916 Tradonna Ln_x000D_North Richland Hills TX  76182_x000D_USA,800-946-2344,XEXX010101000
243833,PO 39049,193637.0,13,2026-09-15 00:00:00,2026-12-14 00:00:00,C02653,MARQUISE HOSPITALITY LLC,MARQUISE HOSPITALITY LLC,73313.42,0,0.0,73313.42,4320.0,4052-L18,,216,CJA,580 N. Beach Street,,Fort Worth,TX,76111,Exportacion,"Fort Worth, TX.","580 N. Beach Street, , 76111, Fort Worth, TX",,6916 Tradonna Ln_x000D_North Richland Hills TX  76182_x000D_USA,800-946-2344,XEXX010101000
243833,PO 39049,193637.0,13,2026-09-15 00:00:00,2026-12-14 00:00:00,C02653,MARQUISE HOSPITALITY LLC,MARQUISE HOSPITALITY LLC,28702.21,0,0.0,28702.21,1691.28,4052-L35,,72,CJA,580 N. Beach Street,,Fort Worth,TX,76111,Exportacion,"Fort Worth, TX.","580 N. Beach Street, , 76111, Fort Worth, TX",,6916 Tradonna Ln_x000D_North Richland Hills TX  76182_x000D_USA,800-946-2344,XEXX010101000
243833,PO 39049,193637.0,13,2026-09-15 00:00:00,2026-12-14 00:00:00,C02653,MARQUISE HOSPITALITY LLC,MARQUISE HOSPITALITY LLC,28506.7,0,0.0,28506.7,1679.76,4052-L37,,72,CJA,580 N. Beach Street,,Fort Worth,TX,76111,Exportacion,"Fort Worth, TX.","580 N. Beach Street, , 76111, Fort Worth, TX",,6916 Tradonna Ln_x000D_North Richland Hills TX  76182_x000D_USA,800-946-2344,XEXX010101000
243833,PO 39049,193637.0,13,2026-09-15 00:00:00,2026-12-14 00:00:00,C02653,MARQUISE HOSPITALITY LLC,MARQUISE HOSPITALITY LLC,4063.63,0,0.0,4063.63,239.45,8014-L22,,5,CJA,580 N. Beach Street,,Fort Worth,TX,76111,Exportacion,"Fort Worth, TX.","580 N. Beach Street, , 76111, Fort Worth, TX",,6916 Tradonna Ln_x000D_North Richland Hills TX  76182_x000D_USA,800-946-2344,XEXX010101000
243833,PO 39049,193637.0,13,2026-09-15 00:00:00,2026-12-14 00:00:00,C02653,MARQUISE HOSPITALITY LLC,MARQUISE HOSPITALITY LLC,8071.26,0,0.0,8071.26,475.6,8014-L23,,10,CJA,580 N. Beach Street,,Fort Worth,TX,76111,Exportacion,"Fort Worth, TX.","580 N. Beach Street, , 76111, Fort Worth, TX",,6916 Tradonna Ln_x000D_North Richland Hills TX  76182_x000D_USA,800-946-2344,XEXX010101000
243833,PO 39049,193637.0,13,2026-09-15 00:00:00,2026-12-14 00:00:00,C02653,MARQUISE HOSPITALITY LLC,MARQUISE HOSPITALITY LLC,4007.63,0,0.0,4007.63,236.15,8014-L24,,5,CJA,580 N. Beach Street,,Fort Worth,TX,76111,Exportacion,"Fort Worth, TX.","580 N. Beach Street, , 76111, Fort Worth, TX",,6916 Tradonna Ln_x000D_North Richland Hills TX  76182_x000D_USA,800-946-2344,XEXX010101000
243860,PEDIDO DE JULIO,192539.0,1,2026-09-15 00:00:00,2026-09-15 00:00:00,C04107,ORGANIZACION DE BIENES Y SERVICIOS,HOLIDAY INN EXPRESS PACHUCA (MEXMK),2419.56,0,387.13,2806.69,0.0,68739022,,4,CJA,Blvd. Luis Donaldo Colosio #212 – PH,Fracc. Arboledas de San Javier,Pachuca,HID,42084,Cobro Regreso,"Pachuca, HID.","Blvd. Luis Donaldo Colosio #212 – PH, Fracc. Arboledas de San Javier, 42084, Pachuca, HID",,"BOULEVARD LUIS DONALDO COLOSIO 212 INTERIOR PH   ARBOLEDAS DE SAN JAVIER_x000D__x000D_PACHUCA DE SOTO,42084, HID_x000D_MX",771 716 6790 1040,OBS890420U43
243872,4503124999,193698.0,1,2026-09-17 00:00:00,2026-10-17 00:00:00,C07018,ALKOER,STAYBRIDGE SUITES IRAPUATO (BJXAR),1245.84,0,199.34,1445.17,0.0,68758340,,2,CJA,Av. Río San Lorenzo No. 320,Parque Tecno Industrial Castro del Rio,IRAPUATO,GTO,36810,Cobro Regreso,"IRAPUATO, GTO.","Av. Río San Lorenzo No. 320, Parque Tecno Industrial Castro del Rio, 36810, IRAPUATO, GTO",,"AV EJERCITO NACIONAL MEXICANO 769 TORRE B PISO 8   GRANADA_x000D__x000D_CIUDAD DE MEXICO,11520, CMX_x000D_MX",462 166 4150,ALK150317SW2
243872,4503124999,193698.0,1,2026-09-17 00:00:00,2026-10-17 00:00:00,C07018,ALKOER,STAYBRIDGE SUITES IRAPUATO (BJXAR),1160.22,0,185.64,1345.86,0.0,69706958,,2,CJA,Av. Río San Lorenzo No. 320,Parque Tecno Industrial Castro del Rio,IRAPUATO,GTO,36810,Cobro Regreso,"IRAPUATO, GTO.","Av. Río San Lorenzo No. 320, Parque Tecno Industrial Castro del Rio, 36810, IRAPUATO, GTO",,"AV EJERCITO NACIONAL MEXICANO 769 TORRE B PISO 8   GRANADA_x000D__x000D_CIUDAD DE MEXICO,11520, CMX_x000D_MX",462 166 4150,ALK150317SW2
243872,4503124999,193698.0,1,2026-09-17 00:00:00,2026-10-17 00:00:00,C07018,ALKOER,STAYBRIDGE SUITES IRAPUATO (BJXAR),1814.67,0,290.34,2105.02,0.0,68739022,,3,CJA,Av. Río San Lorenzo No. 320,Parque Tecno Industrial Castro del Rio,IRAPUATO,GTO,36810,Cobro Regreso,"IRAPUATO, GTO.","Av. Río San Lorenzo No. 320, Parque Tecno Industrial Castro del Rio, 36810, IRAPUATO, GTO",,"AV EJERCITO NACIONAL MEXICANO 769 TORRE B PISO 8   GRANADA_x000D__x000D_CIUDAD DE MEXICO,11520, CMX_x000D_MX",462 166 4150,ALK150317SW2
243873,4700248194,194218.0,1,2026-09-17 00:00:00,2026-11-01 00:00:00,C07565,FIDEICOMISO IRREVOCABLE DB/1616,CAMINO REAL GUANAJUATO EX HACIENDA SAN XAVIER (BJXCR),786.26,0,125.8,912.06,0.0,69706958,,1,CJA,ALHONDIGA 100,SAN JAVIER,GUANAJUATO,GTO,36020,Cobro Regreso,"GUANAJUATO, GTO.","ALHONDIGA 100, SAN JAVIER, 36020, GUANAJUATO, GTO",,"AV. FUNDADORES 1000 PISO 7   VALLE DEL MIRADOR_x000D__x000D_MONTERREY,64750, NL_x000D_MX",473 102 1500,DBM121023M10
243873,4700248194,194218.0,1,2026-09-17 00:00:00,2026-11-01 00:00:00,C07565,FIDEICOMISO IRREVOCABLE DB/1616,CAMINO REAL GUANAJUATO EX HACIENDA SAN XAVIER (BJXCR),1640.14,0,262.42,1902.56,0.0,68739022,,2,CJA,ALHONDIGA 100,SAN JAVIER,GUANAJUATO,GTO,36020,Cobro Regreso,"GUANAJUATO, GTO.","ALHONDIGA 100, SAN JAVIER, 36020, GUANAJUATO, GTO",,"AV. FUNDADORES 1000 PISO 7   VALLE DEL MIRADOR_x000D__x000D_MONTERREY,64750, NL_x000D_MX",473 102 1500,DBM121023M10
243944,"I 111411/26 Refacturación Factura 238354 12/05/2026, corregción Uso de CFDi.",187058.0,3,2026-09-17 00:00:00,2026-10-17 00:00:00,C07431,HOTELERA PLAYA PARAISO,IBEROSTAR PLAYA PARAISO,14689.74,0,2350.36,17040.18,857.66,JHRB-0860,,1,PZA,CARRETERA CHETUMAL PTO JUAREZ KM 309,PLAYA PARAISO,PLAYA DEL CARMEN,QR,77710,CEDIS Cancún (Solo Factura),"PLAYA DEL CARMEN, QR.","CARRETERA CHETUMAL PTO JUAREZ KM 309, PLAYA PARAISO, 77710, PLAYA DEL CARMEN, QR",,"CARRETERA CHETUMAL PTO JUAREZ KM 309   PLAYA PARAISO_x000D__x000D_PLAYA DEL CARMEN,77710, QR_x000D_MX",9848772800  EXT. 807,HPP980205ER1
243945,"I 112557/26 // Refacturación Factura 238515 15/05/2026, correccón Uso de CFDi.",188465.0,3,2026-09-17 00:00:00,2026-10-17 00:00:00,C07431,HOTELERA PLAYA PARAISO,IBEROSTAR PLAYA PARAISO,29322.96,0,4691.67,34014.58,1712.02,JHRB-0860,,2,PZA,CARRETERA CHETUMAL PTO JUAREZ KM 309,PLAYA PARAISO,PLAYA DEL CARMEN,QR,77710,CEDIS Cancún (Solo Factura),"PLAYA DEL CARMEN, QR.","CARRETERA CHETUMAL PTO JUAREZ KM 309, PLAYA PARAISO, 77710, PLAYA DEL CARMEN, QR",,"CARRETERA CHETUMAL PTO JUAREZ KM 309   PLAYA PARAISO_x000D__x000D_PLAYA DEL CARMEN,77710, QR_x000D_MX",9848772800  EXT. 807,HPP980205ER1
243946,"I 112557/26  // Refacturación Factura 239223 01/06/2026, corrrección Uso de CFdi.",188465.0,3,2026-09-17 00:00:00,2026-10-17 00:00:00,C07431,HOTELERA PLAYA PARAISO,IBEROSTAR PLAYA PARAISO,10655.48,0,1704.88,12360.38,622.12,JHRB-0257,,2,PZA,CARRETERA CHETUMAL PTO JUAREZ KM 309,PLAYA PARAISO,PLAYA DEL CARMEN,QR,77710,CEDIS Cancún (Solo Factura),"PLAYA DEL CARMEN, QR.","CARRETERA CHETUMAL PTO JUAREZ KM 309, PLAYA PARAISO, 77710, PLAYA DEL CARMEN, QR",,"CARRETERA CHETUMAL PTO JUAREZ KM 309   PLAYA PARAISO_x000D__x000D_PLAYA DEL CARMEN,77710, QR_x000D_MX",9848772800  EXT. 807,HPP980205ER1
243947,"I 115922/26 //Refacturación Factura 242234 07/08/2026, corrección Uso CFDi.",192647.0,3,2026-09-17 00:00:00,2026-11-16 00:00:00,C07431,HOTELERA PLAYA PARAISO,IBEROSTAR PLAYA PARAISO,17812.81,0,2850.05,20662.86,1040.0,JHFH-0025,,100,PZA,CARRETERA CHETUMAL PTO JUAREZ KM 309,PLAYA PARAISO,PLAYA DEL CARMEN,QR,77710,CEDIS Cancún (Solo Factura),"PLAYA DEL CARMEN, QR.","CARRETERA CHETUMAL PTO JUAREZ KM 309, PLAYA PARAISO, 77710, PLAYA DEL CARMEN, QR",,"CARRETERA CHETUMAL PTO JUAREZ KM 309   PLAYA PARAISO_x000D__x000D_PLAYA DEL CARMEN,77710, QR_x000D_MX",9848772800  EXT. 807,HPP980205ER1
243948,2600025,193463.0,1,2026-09-17 00:00:00,2026-10-02 00:00:00,C01699,GRUPO KIMBERLEY,HOLIDAY INN CAMPECHE (CPEMX),2400.0,0,384.0,2784.0,0.0,4029-A92,,1,CJA,AV. RESURGIMIENTO 127,DEL PRADO,CAMPECHE,CAM,24030,Cobro Regreso,"CAMPECHE, CAM.","AV. RESURGIMIENTO 127, DEL PRADO, 24030, CAMPECHE, CAM",,"AVENIDA RESURGIMIENTO 127   DEL PRADO_x000D__x000D_CAMPECHE,24030, CAM_x000D_MX",(981)127-37-00,GKI071109C82
243948,2600025,193463.0,1,2026-09-17 00:00:00,2026-10-02 00:00:00,C01699,GRUPO KIMBERLEY,HOLIDAY INN CAMPECHE (CPEMX),1264.32,0,202.29,1466.61,0.0,4029-A90,,2,CJA,AV. RESURGIMIENTO 127,DEL PRADO,CAMPECHE,CAM,24030,Cobro Regreso,"CAMPECHE, CAM.","AV. RESURGIMIENTO 127, DEL PRADO, 24030, CAMPECHE, CAM",,"AVENIDA RESURGIMIENTO 127   DEL PRADO_x000D__x000D_CAMPECHE,24030, CAM_x000D_MX",(981)127-37-00,GKI071109C82
243948,2600025,193463.0,1,2026-09-17 00:00:00,2026-10-02 00:00:00,C01699,GRUPO KIMBERLEY,HOLIDAY INN CAMPECHE (CPEMX),1814.67,0,290.35,2105.02,0.0,68739022,,3,CJA,AV. RESURGIMIENTO 127,DEL PRADO,CAMPECHE,CAM,24030,Cobro Regreso,"CAMPECHE, CAM.","AV. RESURGIMIENTO 127, DEL PRADO, 24030, CAMPECHE, CAM",,"AVENIDA RESURGIMIENTO 127   DEL PRADO_x000D__x000D_CAMPECHE,24030, CAM_x000D_MX",(981)127-37-00,GKI071109C82
243948,2600025,193463.0,1,2026-09-17 00:00:00,2026-10-02 00:00:00,C01699,GRUPO KIMBERLEY,HOLIDAY INN CAMPECHE (CPEMX),1868.76,0,299.0,2167.76,0.0,68758340,,3,CJA,AV. RESURGIMIENTO 127,DEL PRADO,CAMPECHE,CAM,24030,Cobro Regreso,"CAMPECHE, CAM.","AV. RESURGIMIENTO 127, DEL PRADO, 24030, CAMPECHE, CAM",,"AVENIDA RESURGIMIENTO 127   DEL PRADO_x000D__x000D_CAMPECHE,24030, CAM_x000D_MX",(981)127-37-00,GKI071109C82
243948,2600025,193463.0,1,2026-09-17 00:00:00,2026-10-02 00:00:00,C01699,GRUPO KIMBERLEY,HOLIDAY INN CAMPECHE (CPEMX),1740.33,0,278.45,2018.78,0.0,69706958,,3,CJA,AV. RESURGIMIENTO 127,DEL PRADO,CAMPECHE,CAM,24030,Cobro Regreso,"CAMPECHE, CAM.","AV. RESURGIMIENTO 127, DEL PRADO, 24030, CAMPECHE, CAM",,"AVENIDA RESURGIMIENTO 127   DEL PRADO_x000D__x000D_CAMPECHE,24030, CAM_x000D_MX",(981)127-37-00,GKI071109C82
243949,ACALI,193515.0,1,2026-09-17 00:00:00,2026-10-02 00:00:00,C02552,OPERADORA HI LA ISLA,HOLIDAY INN ACAPULCO LA ISLA  A0200833 (ACALI),1264.32,0,202.29,1466.61,0.0,4029-A90,,2,CJA,BOULEVARD DE LAS NACIONES 2000,LOTE 33 MZA 28 D ZON,LA ZANJA,GRO,39906,Cobro Regreso,"LA ZANJA, GRO.","BOULEVARD DE LAS NACIONES 2000, LOTE 33 MZA 28 D ZON, 39906, LA ZANJA, GRO",,"AV CAMINO AL DESIERTO DE LOS LEONES 67   SAN ANGEL_x000D__x000D_CIUDAD DE MEXICO,01000, CMX_x000D_MX",744 435 6500 ext702,OHI1107132U6
243949,ACALI,193515.0,1,2026-09-17 00:00:00,2026-10-02 00:00:00,C02552,OPERADORA HI LA ISLA,HOLIDAY INN ACAPULCO LA ISLA  A0200833 (ACALI),2419.56,0,387.13,2806.69,0.0,68739022,,4,CJA,BOULEVARD DE LAS NACIONES 2000,LOTE 33 MZA 28 D ZON,LA ZANJA,GRO,39906,Cobro Regreso,"LA ZANJA, GRO.","BOULEVARD DE LAS NACIONES 2000, LOTE 33 MZA 28 D ZON, 39906, LA ZANJA, GRO",,"AV CAMINO AL DESIERTO DE LOS LEONES 67   SAN ANGEL_x000D__x000D_CIUDAD DE MEXICO,01000, CMX_x000D_MX",744 435 6500 ext702,OHI1107132U6
243949,ACALI,193515.0,1,2026-09-17 00:00:00,2026-10-02 00:00:00,C02552,OPERADORA HI LA ISLA,HOLIDAY INN ACAPULCO LA ISLA  A0200833 (ACALI),1868.76,0,299.0,2167.76,0.0,68758340,,3,CJA,BOULEVARD DE LAS NACIONES 2000,LOTE 33 MZA 28 D ZON,LA ZANJA,GRO,39906,Cobro Regreso,"LA ZANJA, GRO.","BOULEVARD DE LAS NACIONES 2000, LOTE 33 MZA 28 D ZON, 39906, LA ZANJA, GRO",,"AV CAMINO AL DESIERTO DE LOS LEONES 67   SAN ANGEL_x000D__x000D_CIUDAD DE MEXICO,01000, CMX_x000D_MX",744 435 6500 ext702,OHI1107132U6
243949,ACALI,193515.0,1,2026-09-17 00:00:00,2026-10-02 00:00:00,C02552,OPERADORA HI LA ISLA,HOLIDAY INN ACAPULCO LA ISLA  A0200833 (ACALI),1160.22,0,185.64,1345.86,0.0,69706958,,2,CJA,BOULEVARD DE LAS NACIONES 2000,LOTE 33 MZA 28 D ZON,LA ZANJA,GRO,39906,Cobro Regreso,"LA ZANJA, GRO.","BOULEVARD DE LAS NACIONES 2000, LOTE 33 MZA 28 D ZON, 39906, LA ZANJA, GRO",,"AV CAMINO AL DESIERTO DE LOS LEONES 67   SAN ANGEL_x000D__x000D_CIUDAD DE MEXICO,01000, CMX_x000D_MX",744 435 6500 ext702,OHI1107132U6
243949,ACALI,193515.0,1,2026-09-17 00:00:00,2026-10-02 00:00:00,C02552,OPERADORA HI LA ISLA,HOLIDAY INN ACAPULCO LA ISLA  A0200833 (ACALI),2215.0,0,354.4,2569.4,0.0,4029-A05,MISCELANEOS,1,CJA,BOULEVARD DE LAS NACIONES 2000,LOTE 33 MZA 28 D ZON,LA ZANJA,GRO,39906,Cobro Regreso,"LA ZANJA, GRO.","BOULEVARD DE LAS NACIONES 2000, LOTE 33 MZA 28 D ZON, 39906, LA ZANJA, GRO",,"AV CAMINO AL DESIERTO DE LOS LEONES 67   SAN ANGEL_x000D__x000D_CIUDAD DE MEXICO,01000, CMX_x000D_MX",744 435 6500 ext702,OHI1107132U6
243950,,191896.0,1,2026-09-17 00:00:00,2026-10-02 00:00:00,C09629,EQUILIMP,EQUILIMP QUERETARO,4438.4,20,710.14,5148.54,0.0,4018-L45,,8,CJA,AV PEÑUELAS 5 INT:3,SAN PEDRITO PEÑUELAS,QUERETARO,QUE,76148,Cobro Destino,"QUERETARO, QUE.","AV PEÑUELAS 5 INT:3, SAN PEDRITO PEÑUELAS, 76148, QUERETARO, QUE",,"AV PEÑUELAS 21 INT:20B   SAN PEDRITO PEÑUELAS_x000D__x000D_QUERETARO,76148, QUE_x000D_MX",442 247 2725,EQU1701181AA
243951,OC 180161,193545.0,1,2026-09-17 00:00:00,2026-10-17 00:00:00,C03389,HOTELES Y SERVICIOS CASABLANCA,WYNDHAM GARDEN AEROPUERTO (WYA),4946.46,0,791.43,5737.89,0.0,68739022,,6,CJA,AVENIDA ROGELIO GONZALEZ CABALLERO 150,PARQUE INDUSTRIAL STIVA AEROPUERTO,APODACA,NL,66626,Cobro Regreso,"APODACA, NL.","AVENIDA ROGELIO GONZALEZ CABALLERO 150, PARQUE INDUSTRIAL STIVA AEROPUERTO, 66626, APODACA, NL",,"AVENIDA ROGELIO GONZALEZ CABALLERO 150   PARQUE INDUSTRIAL STIVA AEROPUERTO_x000D__x000D_APODACA,66626, NL_x000D_MX",81 8196 8900,HSC0010193M7
243952,4503119239,193640.0,1,2026-09-17 00:00:00,2026-10-17 00:00:00,C08800,ALKOER,STAYBRIDGE SALTILLO (SLWGP),1160.22,0,185.64,1345.86,0.0,69706958,,2,CJA,BULEVAR CORPORATIVO 177 MANZANA 1E LOTE 3A,PARQUE CENTRO,SALTILLO,COA,25279,Cobro Regreso,"SALTILLO, COA.","BULEVAR CORPORATIVO 177 MANZANA 1E LOTE 3A, PARQUE CENTRO, 25279, SALTILLO, COA",,"AV EJERCITO NACIONAL MEXICANO 769 INT TORRE B PISO 8   GRANADA_x000D__x000D_MIGUEL HIDALGO,11520, DF2_x000D_MX",844 554 2730,ALK150317SW2
243953,,193655.0,1,2026-09-17 00:00:00,2026-10-02 00:00:00,C07045,OPERADORA DE ESTANCIAS CREATIVAS,HOLIDAY INN EXPRESS TUXTLA GUTIERREZ LA MARIMBA (TGZRF),2419.56,0,387.13,2806.69,0.0,68739022,,4,CJA,AVENIDA CENTRAL PONIENTE 1254,EL MAGUEY,TUXTLA,CHS,29000,Cobro Regreso,"TUXTLA, CHS.","AVENIDA CENTRAL PONIENTE 1254, EL MAGUEY, 29000, TUXTLA, CHS",,"BELISARIO DOMINGUEZ KM 1081   JARDINEZ DE TUXTLA_x000D__x000D_TUXTLA,29020, CHS_x000D_MX",961 617 019,OEC180105ND5
243954,hotel avid tijuana,193666.0,1,2026-09-17 00:00:00,2026-10-02 00:00:00,C08479,OPERADORA Y SERVICIOS TURISTICOS DE GUANAJUATO,AVID TIJUANA OTAY(TIJAV),1234.44,0,197.51,1431.95,0.0,69706958,,2,CJA,CALLE ING JUAN OJEDA ROBLES ING. JUAN OJEDA ROBLES 14802,MISIONES DE CALIFORNIA,TIJUANA,BC,22253,Cobro Regreso,"TIJUANA, BC.","CALLE ING JUAN OJEDA ROBLES ING. JUAN OJEDA ROBLES 14802, MISIONES DE CALIFORNIA, 22253, TIJUANA, BC",,"CALLE ING JUAN OJEDA ROBLES 14802   MISION DE LAS CALIFORNIAS_x000D__x000D_TIJUANA,22207, BC_x000D_MX",664 512 6200,OST1005174Z6
243955,OC. HM0010,193672.0,1,2026-09-17 00:00:00,2026-10-17 00:00:00,C09328,COMERCIALIZADORA SANITARIA,COMSAN,4451.81,10,712.29,5164.1,0.0,68739022,,6,CJA,AV. LUIS DONALDO COLOSIO #126,CENTRO,HERMOSILLO,SON,83000,Cobro Regreso,"HERMOSILLO, SON.","AV. LUIS DONALDO COLOSIO #126, CENTRO, 83000, HERMOSILLO, SON",,"BLVD. LUIS ENCINAS JOHNSON #214   HERMOSILLO CENTRO_x000D__x000D_HERMOSILLO,83000, SON_x000D_MX",662 212 1221,CSA950626BE2
243955,OC. HM0010,193672.0,1,2026-09-17 00:00:00,2026-10-17 00:00:00,C09328,COMERCIALIZADORA SANITARIA,COMSAN,3556.94,10,569.11,4126.04,0.0,69706958,,5,CJA,AV. LUIS DONALDO COLOSIO #126,CENTRO,HERMOSILLO,SON,83000,Cobro Regreso,"HERMOSILLO, SON.","AV. LUIS DONALDO COLOSIO #126, CENTRO, 83000, HERMOSILLO, SON",,"BLVD. LUIS ENCINAS JOHNSON #214   HERMOSILLO CENTRO_x000D__x000D_HERMOSILLO,83000, SON_x000D_MX",662 212 1221,CSA950626BE2
243956,,193697.0,1,2026-09-17 00:00:00,2026-10-02 00:00:00,C07997,AQUA OPERADORA HOTELERA,HOLIDAY INN EXPRESS GUADALAJARA PONIENTE (GDLQP) A0224769,2419.56,0,387.13,2806.69,0.0,68739022,,4,CJA,CARRETERA GUADALAJARA-NOGALES No. 440 int  3,SAN JUAN DE OCOTAN,ZAPOPAN,JAL,45019,Transporte LOCAL,"ZAPOPAN, JAL.","CARRETERA GUADALAJARA-NOGALES No. 440 int  3, SAN JUAN DE OCOTAN, 45019, ZAPOPAN, JAL",,"CARRETERA GUADALAJARA-NOGALES No. 440 int  3   SAN JUAN DE OCOTAN_x000D__x000D_ZAPOPAN,45019, JAL_x000D_MX",33 2994 1020,AOH1503186D5
243957,PEDIDO SEPTIEMBRE PARIS 20,194534.0,1,2026-09-17 00:00:00,2026-09-17 00:00:00,C09639,HOTELES EURO MEXICO POZA RICA,HOTEL PARIS FC,4639.6,0,742.34,5381.94,0.0,4011-J07,,4,CJA,BOULEVARD ADOLFO RUIZ CORTINES 1328,CAZONES,POZA RICA DE HIDALGO,VER,93230,Tres Guerras Ocurre Oficina,"POZA RICA DE HIDALGO, VER.","BOULEVARD ADOLFO RUIZ CORTINES 1328, CAZONES, 93230, POZA RICA DE HIDALGO, VER",,"BOULEVARD ADOLFO RUIZ CORTINES 1328   CAZONES_x000D__x000D_POZA RICA DE HIDALGO,93230, VER_x000D_MX",782 160 6000,HEM110203F26
243957,PEDIDO SEPTIEMBRE PARIS 20,194534.0,1,2026-09-17 00:00:00,2026-09-17 00:00:00,C09639,HOTELES EURO MEXICO POZA RICA,HOTEL PARIS FC,4917.5,0,786.8,5704.3,0.0,4011-J08,,5,CJA,BOULEVARD ADOLFO RUIZ CORTINES 1328,CAZONES,POZA RICA DE HIDALGO,VER,93230,Tres Guerras Ocurre Oficina,"POZA RICA DE HIDALGO, VER.","BOULEVARD ADOLFO RUIZ CORTINES 1328, CAZONES, 93230, POZA RICA DE HIDALGO, VER",,"BOULEVARD ADOLFO RUIZ CORTINES 1328   CAZONES_x000D__x000D_POZA RICA DE HIDALGO,93230, VER_x000D_MX",782 160 6000,HEM110203F26
243957,PEDIDO SEPTIEMBRE PARIS 20,194534.0,1,2026-09-17 00:00:00,2026-09-17 00:00:00,C09639,HOTELES EURO MEXICO POZA RICA,HOTEL PARIS FC,5798.0,0,927.68,6725.68,0.0,4011-L09,,4,CJA,BOULEVARD ADOLFO RUIZ CORTINES 1328,CAZONES,POZA RICA DE HIDALGO,VER,93230,Tres Guerras Ocurre Oficina,"POZA RICA DE HIDALGO, VER.","BOULEVARD ADOLFO RUIZ CORTINES 1328, CAZONES, 93230, POZA RICA DE HIDALGO, VER",,"BOULEVARD ADOLFO RUIZ CORTINES 1328   CAZONES_x000D__x000D_POZA RICA DE HIDALGO,93230, VER_x000D_MX",782 160 6000,HEM110203F26
243957,PEDIDO SEPTIEMBRE PARIS 20,194534.0,1,2026-09-17 00:00:00,2026-09-17 00:00:00,C09639,HOTELES EURO MEXICO POZA RICA,HOTEL PARIS FC,4525.5,0,724.08,5249.58,0.0,4011-L10,,3,CJA,BOULEVARD ADOLFO RUIZ CORTINES 1328,CAZONES,POZA RICA DE HIDALGO,VER,93230,Tres Guerras Ocurre Oficina,"POZA RICA DE HIDALGO, VER.","BOULEVARD ADOLFO RUIZ CORTINES 1328, CAZONES, 93230, POZA RICA DE HIDALGO, VER",,"BOULEVARD ADOLFO RUIZ CORTINES 1328   CAZONES_x000D__x000D_POZA RICA DE HIDALGO,93230, VER_x000D_MX",782 160 6000,HEM110203F26
243958,8846APR2202608245688365538,193739.0,1,2026-09-17 00:00:00,2026-09-17 00:00:00,C08871,ESTANCIA & CONFORT DE ANGELES,HOLIDAY INN EXPRESS & SUITES PUEBLA ANGELOPOLIS  (PUEAN),2243.52,0,358.96,2602.48,0.0,68758339,,4,CJA,AV. PERSEO ORIENTE 2502,SAN MARTINITO,SAN ANDRES CHOLULA,PUE,72825,Cobro Regreso,"SAN ANDRES CHOLULA, PUE.","AV. PERSEO ORIENTE 2502, SAN MARTINITO, 72825, SAN ANDRES CHOLULA, PUE",,"AV. PERSEO ORIENTE 2502   SAN MARTINITO_x000D__x000D_SAN ANDRES CHOLULA,72825, PUE_x000D_MX",222 605 8033,EAC18061562A
243958,8846APR2202608245688365538,193739.0,1,2026-09-17 00:00:00,2026-09-17 00:00:00,C08871,ESTANCIA & CONFORT DE ANGELES,HOLIDAY INN EXPRESS & SUITES PUEBLA ANGELOPOLIS  (PUEAN),3024.45,0,483.91,3508.36,0.0,68739022,,5,CJA,AV. PERSEO ORIENTE 2502,SAN MARTINITO,SAN ANDRES CHOLULA,PUE,72825,Cobro Regreso,"SAN ANDRES CHOLULA, PUE.","AV. PERSEO ORIENTE 2502, SAN MARTINITO, 72825, SAN ANDRES CHOLULA, PUE",,"AV. PERSEO ORIENTE 2502   SAN MARTINITO_x000D__x000D_SAN ANDRES CHOLULA,72825, PUE_x000D_MX",222 605 8033,EAC18061562A
243958,8846APR2202608245688365538,193739.0,1,2026-09-17 00:00:00,2026-09-17 00:00:00,C08871,ESTANCIA & CONFORT DE ANGELES,HOLIDAY INN EXPRESS & SUITES PUEBLA ANGELOPOLIS  (PUEAN),2900.55,0,464.09,3364.64,0.0,69706958,,5,CJA,AV. PERSEO ORIENTE 2502,SAN MARTINITO,SAN ANDRES CHOLULA,PUE,72825,Cobro Regreso,"SAN ANDRES CHOLULA, PUE.","AV. PERSEO ORIENTE 2502, SAN MARTINITO, 72825, SAN ANDRES CHOLULA, PUE",,"AV. PERSEO ORIENTE 2502   SAN MARTINITO_x000D__x000D_SAN ANDRES CHOLULA,72825, PUE_x000D_MX",222 605 8033,EAC18061562A
243959,PEDIDO SEPTIEMBRE PARIS EXPRESS,194535.0,1,2026-09-17 00:00:00,2026-09-17 00:00:00,C09639,HOTELES EURO MEXICO POZA RICA,HOTEL PARIS FC,2735.97,0,437.75,3173.73,0.0,4016-J07,,3,CJA,BOULEVARD ADOLFO RUIZ CORTINES 1328,CAZONES,POZA RICA DE HIDALGO,VER,93230,Tres Guerras Ocurre Oficina,"POZA RICA DE HIDALGO, VER.","BOULEVARD ADOLFO RUIZ CORTINES 1328, CAZONES, 93230, POZA RICA DE HIDALGO, VER",,"BOULEVARD ADOLFO RUIZ CORTINES 1328   CAZONES_x000D__x000D_POZA RICA DE HIDALGO,93230, VER_x000D_MX",782 160 6000,HEM110203F26
243959,PEDIDO SEPTIEMBRE PARIS EXPRESS,194535.0,1,2026-09-17 00:00:00,2026-09-17 00:00:00,C09639,HOTELES EURO MEXICO POZA RICA,HOTEL PARIS FC,4182.5,0,669.2,4851.7,0.0,4016-J08,,5,CJA,BOULEVARD ADOLFO RUIZ CORTINES 1328,CAZONES,POZA RICA DE HIDALGO,VER,93230,Tres Guerras Ocurre Oficina,"POZA RICA DE HIDALGO, VER.","BOULEVARD ADOLFO RUIZ CORTINES 1328, CAZONES, 93230, POZA RICA DE HIDALGO, VER",,"BOULEVARD ADOLFO RUIZ CORTINES 1328   CAZONES_x000D__x000D_POZA RICA DE HIDALGO,93230, VER_x000D_MX",782 160 6000,HEM110203F26
243959,PEDIDO SEPTIEMBRE PARIS EXPRESS,194535.0,1,2026-09-17 00:00:00,2026-09-17 00:00:00,C09639,HOTELES EURO MEXICO POZA RICA,HOTEL PARIS FC,4671.6,0,747.46,5419.06,0.0,4016-L04,,4,CJA,BOULEVARD ADOLFO RUIZ CORTINES 1328,CAZONES,POZA RICA DE HIDALGO,VER,93230,Tres Guerras Ocurre Oficina,"POZA RICA DE HIDALGO, VER.","BOULEVARD ADOLFO RUIZ CORTINES 1328, CAZONES, 93230, POZA RICA DE HIDALGO, VER",,"BOULEVARD ADOLFO RUIZ CORTINES 1328   CAZONES_x000D__x000D_POZA RICA DE HIDALGO,93230, VER_x000D_MX",782 160 6000,HEM110203F26
243960,3680597,194517.0,1,2026-09-17 00:00:00,2026-09-17 00:00:00,C08161,HOTEL LMECO,HOTEL GUMONT,992.5,0,158.8,1151.3,0.0,4043-J07,,1,CJA,"AV. LOPEZ MATEOS #613, SOTANO - 2 PISO",JARDINES DEL BOSQUE,GUADALAJARA,JAL,44520,Transporte LOCAL,"GUADALAJARA, JAL.","AV. LOPEZ MATEOS #613, SOTANO - 2 PISO, JARDINES DEL BOSQUE, 44520, GUADALAJARA, JAL",,"AV ADOLFO LOPEZ MATEOS 613   JARDINES DEL BOSQUE_x000D__x000D_GUADALAJARA,44520, JAL_x000D_MX",332 876 0090,HLM160712LC7
243960,3680597,194517.0,1,2026-09-17 00:00:00,2026-09-17 00:00:00,C08161,HOTEL LMECO,HOTEL GUMONT,1167.9,0,186.86,1354.76,0.0,4016-L04,,1,CJA,"AV. LOPEZ MATEOS #613, SOTANO - 2 PISO",JARDINES DEL BOSQUE,GUADALAJARA,JAL,44520,Transporte LOCAL,"GUADALAJARA, JAL.","AV. LOPEZ MATEOS #613, SOTANO - 2 PISO, JARDINES DEL BOSQUE, 44520, GUADALAJARA, JAL",,"AV ADOLFO LOPEZ MATEOS 613   JARDINES DEL BOSQUE_x000D__x000D_GUADALAJARA,44520, JAL_x000D_MX",332 876 0090,HLM160712LC7
243960,3680597,194517.0,1,2026-09-17 00:00:00,2026-09-17 00:00:00,C08161,HOTEL LMECO,HOTEL GUMONT,836.5,0,133.84,970.34,0.0,4016-J08,,1,CJA,"AV. LOPEZ MATEOS #613, SOTANO - 2 PISO",JARDINES DEL BOSQUE,GUADALAJARA,JAL,44520,Transporte LOCAL,"GUADALAJARA, JAL.","AV. LOPEZ MATEOS #613, SOTANO - 2 PISO, JARDINES DEL BOSQUE, 44520, GUADALAJARA, JAL",,"AV ADOLFO LOPEZ MATEOS 613   JARDINES DEL BOSQUE_x000D__x000D_GUADALAJARA,44520, JAL_x000D_MX",332 876 0090,HLM160712LC7
243960,3680597,194517.0,1,2026-09-17 00:00:00,2026-09-17 00:00:00,C08161,HOTEL LMECO,HOTEL GUMONT,911.99,0,145.92,1057.91,0.0,4016-J07,,1,CJA,"AV. LOPEZ MATEOS #613, SOTANO - 2 PISO",JARDINES DEL BOSQUE,GUADALAJARA,JAL,44520,Transporte LOCAL,"GUADALAJARA, JAL.","AV. LOPEZ MATEOS #613, SOTANO - 2 PISO, JARDINES DEL BOSQUE, 44520, GUADALAJARA, JAL",,"AV ADOLFO LOPEZ MATEOS 613   JARDINES DEL BOSQUE_x000D__x000D_GUADALAJARA,44520, JAL_x000D_MX",332 876 0090,HLM160712LC7
243960,3680597,194517.0,1,2026-09-17 00:00:00,2026-09-17 00:00:00,C08161,HOTEL LMECO,HOTEL GUMONT,1077.9,0,172.46,1250.36,0.0,4043-L04,ALMOND & OLIVE BATH,1,CJA,"AV. LOPEZ MATEOS #613, SOTANO - 2 PISO",JARDINES DEL BOSQUE,GUADALAJARA,JAL,44520,Transporte LOCAL,"GUADALAJARA, JAL.","AV. LOPEZ MATEOS #613, SOTANO - 2 PISO, JARDINES DEL BOSQUE, 44520, GUADALAJARA, JAL",,"AV ADOLFO LOPEZ MATEOS 613   JARDINES DEL BOSQUE_x000D__x000D_GUADALAJARA,44520, JAL_x000D_MX",332 876 0090,HLM160712LC7
243960,3680597,194517.0,1,2026-09-17 00:00:00,2026-09-17 00:00:00,C08161,HOTEL LMECO,HOTEL GUMONT,2573.8,0,411.81,2985.61,0.0,4016-L07,ELEMENTS EVOLUTION B,2,CJA,"AV. LOPEZ MATEOS #613, SOTANO - 2 PISO",JARDINES DEL BOSQUE,GUADALAJARA,JAL,44520,Transporte LOCAL,"GUADALAJARA, JAL.","AV. LOPEZ MATEOS #613, SOTANO - 2 PISO, JARDINES DEL BOSQUE, 44520, GUADALAJARA, JAL",,"AV ADOLFO LOPEZ MATEOS 613   JARDINES DEL BOSQUE_x000D__x000D_GUADALAJARA,44520, JAL_x000D_MX",332 876 0090,HLM160712LC7
243961,416,193753.0,1,2026-09-17 00:00:00,2026-10-17 00:00:00,C05901,OPERADORA DE HOTELES SILAO,HOLIDAY INN EXPRESS SILAO (MILENIUM) (BJXAS),2419.56,0,387.13,2806.69,0.0,68739022,,4,CJA,LIBRAMIENTO NORTE 3360,LA JOYA,SILAO,GTO,36169,Cobro Regreso,"SILAO, GTO.","LIBRAMIENTO NORTE 3360, LA JOYA, 36169, SILAO, GTO",,"CARRETERA (CARR.) LIBRAMIENTO NORTE 3360   LA JOYA_x000D__x000D_SILAO DE LA VICTORIA,36169, GTO_x000D_MX",472 722 8022,OHS0710095J9
243962,4503127217,193799.0,1,2026-09-17 00:00:00,2026-10-17 00:00:00,C08091,INMOBILIARIA HOTELERA EL PRESIDENTE SAN JOSE DEL CABO,HOLIDAY INN EXPRESS & SUITES CELAYA (BJXCE),1209.78,0,193.56,1403.34,0.0,68739022,,2,CJA,EJE NOR-ORIENTE AV. LUIS DONALDO COLOSIO 285,LAS DELICIAS,CELAYA,GTO,38080,Cobro Regreso,"CELAYA, GTO.","EJE NOR-ORIENTE AV. LUIS DONALDO COLOSIO 285, LAS DELICIAS, 38080, CELAYA, GTO",,"AV EJERCITO NACIONAL MEXICANO 769 TORRE B PISO 8   GRANADA_x000D__x000D_CDMX,11520, DF2_x000D_MX",461 229 6300,IHP810701G7A
243963,HOTEL RAMADA ENCORE,194045.0,1,2026-09-17 00:00:00,2026-10-02 00:00:00,C03826,OPERADORA ENCORE QUERETARO,ENCORE QUERETARO (EQRO),8235.0,0,1317.6,9552.6,0.0,5369-L21,,15,CJA,CARRETERA QUERETARO-SAN LUIS POTOSÍ #11515,EL SALITRE,QUERETARO,QUE,76230,Cobro Regreso,"QUERETARO, QUE.","CARRETERA QUERETARO-SAN LUIS POTOSÍ #11515, EL SALITRE, 76230, QUERETARO, QUE",,"CARRETERA QUERETARO SAN LUIS POTOSI 11515   EL SALITRE_x000D__x000D_QUERETARO,76230, QUE_x000D_MX",33 3898 6000 EXT192,OEQ1312177T4
243964,operadora de estancias creativas,194048.0,1,2026-09-17 00:00:00,2026-10-02 00:00:00,C07041,OPERADORA DE ESTANCIAS CREATIVAS,HOLIDAY INN EXPRESS TAPACHULA (TAPPF),1699.92,0,271.99,1971.91,0.0,68732293,,3,CJA,CARRETERA A PTO MADERO KM 3.5,LAS HORTENCIAS,TAPACHULA,CHS,30797,Cobro Regreso,"TAPACHULA, CHS.","CARRETERA A PTO MADERO KM 3.5, LAS HORTENCIAS, 30797, TAPACHULA, CHS",,"BLVD. BELISARIO DOMINGUEZ KM. 1081   JARDINES DE TUXTLA_x000D__x000D_TUXTLA,29020, CHS_x000D_MX",962 6201 600,OEC180105ND5
243964,operadora de estancias creativas,194048.0,1,2026-09-17 00:00:00,2026-10-02 00:00:00,C07041,OPERADORA DE ESTANCIAS CREATIVAS,HOLIDAY INN EXPRESS TAPACHULA (TAPPF),2092.8,0,334.85,2427.65,0.0,68732295,,4,CJA,CARRETERA A PTO MADERO KM 3.5,LAS HORTENCIAS,TAPACHULA,CHS,30797,Cobro Regreso,"TAPACHULA, CHS.","CARRETERA A PTO MADERO KM 3.5, LAS HORTENCIAS, 30797, TAPACHULA, CHS",,"BLVD. BELISARIO DOMINGUEZ KM. 1081   JARDINES DE TUXTLA_x000D__x000D_TUXTLA,29020, CHS_x000D_MX",962 6201 600,OEC180105ND5
243964,operadora de estancias creativas,194048.0,1,2026-09-17 00:00:00,2026-10-02 00:00:00,C07041,OPERADORA DE ESTANCIAS CREATIVAS,HOLIDAY INN EXPRESS TAPACHULA (TAPPF),2188.8,0,350.21,2539.01,0.0,68732292,,4,CJA,CARRETERA A PTO MADERO KM 3.5,LAS HORTENCIAS,TAPACHULA,CHS,30797,Cobro Regreso,"TAPACHULA, CHS.","CARRETERA A PTO MADERO KM 3.5, LAS HORTENCIAS, 30797, TAPACHULA, CHS",,"BLVD. BELISARIO DOMINGUEZ KM. 1081   JARDINES DE TUXTLA_x000D__x000D_TUXTLA,29020, CHS_x000D_MX",962 6201 600,OEC180105ND5
243964,operadora de estancias creativas,194048.0,1,2026-09-17 00:00:00,2026-10-02 00:00:00,C07041,OPERADORA DE ESTANCIAS CREATIVAS,HOLIDAY INN EXPRESS TAPACHULA (TAPPF),2320.44,0,371.27,2691.71,0.0,69706958,,4,CJA,CARRETERA A PTO MADERO KM 3.5,LAS HORTENCIAS,TAPACHULA,CHS,30797,Cobro Regreso,"TAPACHULA, CHS.","CARRETERA A PTO MADERO KM 3.5, LAS HORTENCIAS, 30797, TAPACHULA, CHS",,"BLVD. BELISARIO DOMINGUEZ KM. 1081   JARDINES DE TUXTLA_x000D__x000D_TUXTLA,29020, CHS_x000D_MX",962 6201 600,OEC180105ND5
243964,operadora de estancias creativas,194048.0,1,2026-09-17 00:00:00,2026-10-02 00:00:00,C07041,OPERADORA DE ESTANCIAS CREATIVAS,HOLIDAY INN EXPRESS TAPACHULA (TAPPF),1000.0,0,160.0,1160.0,0.0,4029-A91,,1,CJA,CARRETERA A PTO MADERO KM 3.5,LAS HORTENCIAS,TAPACHULA,CHS,30797,Cobro Regreso,"TAPACHULA, CHS.","CARRETERA A PTO MADERO KM 3.5, LAS HORTENCIAS, 30797, TAPACHULA, CHS",,"BLVD. BELISARIO DOMINGUEZ KM. 1081   JARDINES DE TUXTLA_x000D__x000D_TUXTLA,29020, CHS_x000D_MX",962 6201 600,OEC180105ND5
243964,operadora de estancias creativas,194048.0,1,2026-09-17 00:00:00,2026-10-02 00:00:00,C07041,OPERADORA DE ESTANCIAS CREATIVAS,HOLIDAY INN EXPRESS TAPACHULA (TAPPF),2400.0,0,384.0,2784.0,0.0,4029-A92,,1,CJA,CARRETERA A PTO MADERO KM 3.5,LAS HORTENCIAS,TAPACHULA,CHS,30797,Cobro Regreso,"TAPACHULA, CHS.","CARRETERA A PTO MADERO KM 3.5, LAS HORTENCIAS, 30797, TAPACHULA, CHS",,"BLVD. BELISARIO DOMINGUEZ KM. 1081   JARDINES DE TUXTLA_x000D__x000D_TUXTLA,29020, CHS_x000D_MX",962 6201 600,OEC180105ND5
243964,operadora de estancias creativas,194048.0,1,2026-09-17 00:00:00,2026-10-02 00:00:00,C07041,OPERADORA DE ESTANCIAS CREATIVAS,HOLIDAY INN EXPRESS TAPACHULA (TAPPF),632.16,0,101.15,733.31,0.0,4029-A90,,1,CJA,CARRETERA A PTO MADERO KM 3.5,LAS HORTENCIAS,TAPACHULA,CHS,30797,Cobro Regreso,"TAPACHULA, CHS.","CARRETERA A PTO MADERO KM 3.5, LAS HORTENCIAS, 30797, TAPACHULA, CHS",,"BLVD. BELISARIO DOMINGUEZ KM. 1081   JARDINES DE TUXTLA_x000D__x000D_TUXTLA,29020, CHS_x000D_MX",962 6201 600,OEC180105ND5
243964,operadora de estancias creativas,194048.0,1,2026-09-17 00:00:00,2026-10-02 00:00:00,C07041,OPERADORA DE ESTANCIAS CREATIVAS,HOLIDAY INN EXPRESS TAPACHULA (TAPPF),1868.76,0,299.0,2167.76,0.0,68758340,,3,CJA,CARRETERA A PTO MADERO KM 3.5,LAS HORTENCIAS,TAPACHULA,CHS,30797,Cobro Regreso,"TAPACHULA, CHS.","CARRETERA A PTO MADERO KM 3.5, LAS HORTENCIAS, 30797, TAPACHULA, CHS",,"BLVD. BELISARIO DOMINGUEZ KM. 1081   JARDINES DE TUXTLA_x000D__x000D_TUXTLA,29020, CHS_x000D_MX",962 6201 600,OEC180105ND5
243964,operadora de estancias creativas,194048.0,1,2026-09-17 00:00:00,2026-10-02 00:00:00,C07041,OPERADORA DE ESTANCIAS CREATIVAS,HOLIDAY INN EXPRESS TAPACHULA (TAPPF),2243.52,0,358.96,2602.48,0.0,68758339,,4,CJA,CARRETERA A PTO MADERO KM 3.5,LAS HORTENCIAS,TAPACHULA,CHS,30797,Cobro Regreso,"TAPACHULA, CHS.","CARRETERA A PTO MADERO KM 3.5, LAS HORTENCIAS, 30797, TAPACHULA, CHS",,"BLVD. BELISARIO DOMINGUEZ KM. 1081   JARDINES DE TUXTLA_x000D__x000D_TUXTLA,29020, CHS_x000D_MX",962 6201 600,OEC180105ND5
243964,operadora de estancias creativas,194048.0,1,2026-09-17 00:00:00,2026-10-02 00:00:00,C07041,OPERADORA DE ESTANCIAS CREATIVAS,HOLIDAY INN EXPRESS TAPACHULA (TAPPF),1814.67,0,290.35,2105.02,0.0,68739022,,3,CJA,CARRETERA A PTO MADERO KM 3.5,LAS HORTENCIAS,TAPACHULA,CHS,30797,Cobro Regreso,"TAPACHULA, CHS.","CARRETERA A PTO MADERO KM 3.5, LAS HORTENCIAS, 30797, TAPACHULA, CHS",,"BLVD. BELISARIO DOMINGUEZ KM. 1081   JARDINES DE TUXTLA_x000D__x000D_TUXTLA,29020, CHS_x000D_MX",962 6201 600,OEC180105ND5
243964,operadora de estancias creativas,194048.0,1,2026-09-17 00:00:00,2026-10-02 00:00:00,C07041,OPERADORA DE ESTANCIAS CREATIVAS,HOLIDAY INN EXPRESS TAPACHULA (TAPPF),2215.0,0,354.39,2569.4,0.0,4029-A05,MISCELANEOS,1,CJA,CARRETERA A PTO MADERO KM 3.5,LAS HORTENCIAS,TAPACHULA,CHS,30797,Cobro Regreso,"TAPACHULA, CHS.","CARRETERA A PTO MADERO KM 3.5, LAS HORTENCIAS, 30797, TAPACHULA, CHS",,"BLVD. BELISARIO DOMINGUEZ KM. 1081   JARDINES DE TUXTLA_x000D__x000D_TUXTLA,29020, CHS_x000D_MX",962 6201 600,OEC180105ND5
243965,*,194053.0,1,2026-09-17 00:00:00,2026-10-02 00:00:00,C08608,HOTEL ROYAL PLAZA,STAYBRIDGE  SUITES PUEBLA (PUEAA),4234.23,0,677.48,4911.71,0.0,68739022,,7,CJA,Av Hermanos Serdan 810 INT SN,El Riego Sur,PUEBLA,PUE,72160,Cobro Regreso,"PUEBLA, PUE.","Av Hermanos Serdan 810 INT SN, El Riego Sur, 72160, PUEBLA, PUE",,,,
243966,luz ma alvarez,194109.0,1,2026-09-17 00:00:00,2026-10-02 00:00:00,C01135,HOTELERA PLAZA DALI,HOLIDAY INN MEXICO DALI AEROPUERTO A0207811 (MEXPD),1160.22,0,185.64,1345.86,0.0,69706958,,2,CJA,VIADUCTO RIO DE LA PIEDAD 260,MAGDALENA MIXHUCA,MEXICO,CMX,15860,Cobro Regreso,"MEXICO, CMX.","VIADUCTO RIO DE LA PIEDAD 260, MAGDALENA MIXHUCA, 15860, MEXICO, CMX",,,,
243967,PEDIDO CENAR 03/09/26,194147.0,1,2026-09-17 00:00:00,2026-10-17 00:00:00,C08527,HOTELERIA SUSTENTABLE DEL PACIFICO,HOLIDAY INN EXPRESS & SUITES CIUDAD OBREGON (CENAR),5444.01,0,871.04,6315.05,0.0,68739022,,9,CJA,CALLE MIGUEL ALEMAN 737,ZONA NORTE,CIUDAD OBREGON,SON,85040,Cobro Regreso,"CIUDAD OBREGON, SON.","CALLE MIGUEL ALEMAN 737, ZONA NORTE, 85040, CIUDAD OBREGON, SON",,,,
243967,PEDIDO CENAR 03/09/26,194147.0,1,2026-09-17 00:00:00,2026-10-17 00:00:00,C08527,HOTELERIA SUSTENTABLE DEL PACIFICO,HOLIDAY INN EXPRESS & SUITES CIUDAD OBREGON (CENAR),1740.33,0,278.45,2018.78,0.0,69706958,,3,CJA,CALLE MIGUEL ALEMAN 737,ZONA NORTE,CIUDAD OBREGON,SON,85040,Cobro Regreso,"CIUDAD OBREGON, SON.","CALLE MIGUEL ALEMAN 737, ZONA NORTE, 85040, CIUDAD OBREGON, SON",,,,
243967,PEDIDO CENAR 03/09/26,194147.0,1,2026-09-17 00:00:00,2026-10-17 00:00:00,C08527,HOTELERIA SUSTENTABLE DEL PACIFICO,HOLIDAY INN EXPRESS & SUITES CIUDAD OBREGON (CENAR),2215.0,0,354.4,2569.4,0.0,4029-A05,MISCELANEOS,1,CJA,CALLE MIGUEL ALEMAN 737,ZONA NORTE,CIUDAD OBREGON,SON,85040,Cobro Regreso,"CIUDAD OBREGON, SON.","CALLE MIGUEL ALEMAN 737, ZONA NORTE, 85040, CIUDAD OBREGON, SON",,,,
243981,,194459.0,1,2026-09-17 00:00:00,2026-10-17 00:00:00,C01774,GEORGINA GUADALUPE VILLASEÑOR DEL CASTILLO,HOTEL STORE PUERTO VALLARTA,4100.0,0,656.0,4756.0,0.0,4016-L35,,2,CJA,AV TEPIC NORTE 473,MEZCALES,BAHIA DE BANDERAS,NAY,63732,Sanchez Barcelata C.Regreso,"BAHIA DE BANDERAS, NAY.","AV TEPIC NORTE 473, MEZCALES, 63732, BAHIA DE BANDERAS, NAY",,"CALLE CIRCUITO SAN RAFAEL 18   VALLE DORADO_x000D__x000D_BAHIA DE BANDERAS,63735, NAY_x000D_MX",322 225 4903,VICG6612208R9
243982,ENTREGAR A JAQUELINE FERRUSCA ROSAS HOLIDAY INN ZONA DIAMANTE,194472.0,1,2026-09-17 00:00:00,2026-10-17 00:00:00,C07717,CONSORCIO CUMA,HOLIDAY INN QUERETARO ZONA DIAMANTE (MQEBC),4640.88,0,742.54,5383.42,0.0,69706958,,8,CJA,ANILLO VIAL II FRAY JUNIPERO SERRA  1500 A INT SN,ARBOLEDAS,QUERETARO,QUE,76140,Cobro Regreso,"QUERETARO, QUE.","ANILLO VIAL II FRAY JUNIPERO SERRA  1500 A INT SN, ARBOLEDAS, 76140, QUERETARO, QUE",,"CALLE ANILLO VIAL II FRAY JUNIPERO SERRA 1500 A INT SN   ARBOLEDAS_x000D__x000D_QUERETARO,76140, QUE_x000D_MX",442 461 8749,CCU0410143LA
243982,ENTREGAR A JAQUELINE FERRUSCA ROSAS HOLIDAY INN ZONA DIAMANTE,194472.0,1,2026-09-17 00:00:00,2026-10-17 00:00:00,C07717,CONSORCIO CUMA,HOLIDAY INN QUERETARO ZONA DIAMANTE (MQEBC),4983.36,0,797.34,5780.7,0.0,68758340,,8,CJA,ANILLO VIAL II FRAY JUNIPERO SERRA  1500 A INT SN,ARBOLEDAS,QUERETARO,QUE,76140,Cobro Regreso,"QUERETARO, QUE.","ANILLO VIAL II FRAY JUNIPERO SERRA  1500 A INT SN, ARBOLEDAS, 76140, QUERETARO, QUE",,"CALLE ANILLO VIAL II FRAY JUNIPERO SERRA 1500 A INT SN   ARBOLEDAS_x000D__x000D_QUERETARO,76140, QUE_x000D_MX",442 461 8749,CCU0410143LA
243982,ENTREGAR A JAQUELINE FERRUSCA ROSAS HOLIDAY INN ZONA DIAMANTE,194472.0,1,2026-09-17 00:00:00,2026-10-17 00:00:00,C07717,CONSORCIO CUMA,HOLIDAY INN QUERETARO ZONA DIAMANTE (MQEBC),4839.12,0,774.25,5613.38,0.0,68739022,,8,CJA,ANILLO VIAL II FRAY JUNIPERO SERRA  1500 A INT SN,ARBOLEDAS,QUERETARO,QUE,76140,Cobro Regreso,"QUERETARO, QUE.","ANILLO VIAL II FRAY JUNIPERO SERRA  1500 A INT SN, ARBOLEDAS, 76140, QUERETARO, QUE",,"CALLE ANILLO VIAL II FRAY JUNIPERO SERRA 1500 A INT SN   ARBOLEDAS_x000D__x000D_QUERETARO,76140, QUE_x000D_MX",442 461 8749,CCU0410143LA
243982,ENTREGAR A JAQUELINE FERRUSCA ROSAS HOLIDAY INN ZONA DIAMANTE,194472.0,1,2026-09-17 00:00:00,2026-10-17 00:00:00,C07717,CONSORCIO CUMA,HOLIDAY INN QUERETARO ZONA DIAMANTE (MQEBC),632.16,0,101.15,733.31,0.0,4029-A90,,1,CJA,ANILLO VIAL II FRAY JUNIPERO SERRA  1500 A INT SN,ARBOLEDAS,QUERETARO,QUE,76140,Cobro Regreso,"QUERETARO, QUE.","ANILLO VIAL II FRAY JUNIPERO SERRA  1500 A INT SN, ARBOLEDAS, 76140, QUERETARO, QUE",,"CALLE ANILLO VIAL II FRAY JUNIPERO SERRA 1500 A INT SN   ARBOLEDAS_x000D__x000D_QUERETARO,76140, QUE_x000D_MX",442 461 8749,CCU0410143LA
243983,,194486.0,1,2026-09-17 00:00:00,2026-09-17 00:00:00,C09893,MAURICIO MIGUEL NIEBLAS GOMEZ,HOTEL NG,14978.76,0,2396.6,17375.36,0.0,JHJY-0046,,2,CJA,AV CENTRAL 500 + 400 DPTO 806,PUERTA DEL VALLE,ZAPOPAN,JAL,45136,Transporte LOCAL,"ZAPOPAN, JAL.","AV CENTRAL 500 + 400 DPTO 806, PUERTA DEL VALLE, 45136, ZAPOPAN, JAL",,"CALLE CASCADA 1-A   EL MANANTIAL_x000D__x000D_AMECA,46640, JAL_x000D_MX",33 33 68 4022,NIGM930311S54
243983,,194486.0,1,2026-09-17 00:00:00,2026-09-17 00:00:00,C09893,MAURICIO MIGUEL NIEBLAS GOMEZ,HOTEL NG,255.0,0,40.8,295.8,0.0,JHJY-0037,,1,CJA,AV CENTRAL 500 + 400 DPTO 806,PUERTA DEL VALLE,ZAPOPAN,JAL,45136,Transporte LOCAL,"ZAPOPAN, JAL.","AV CENTRAL 500 + 400 DPTO 806, PUERTA DEL VALLE, 45136, ZAPOPAN, JAL",,"CALLE CASCADA 1-A   EL MANANTIAL_x000D__x000D_AMECA,46640, JAL_x000D_MX",33 33 68 4022,NIGM930311S54
243984,OPERADORA PACAAR,194490.0,11,2026-09-17 00:00:00,2026-09-17 00:00:00,C03840,OPERADORA PACAAR,HOTEL CHN SANTA FE,1823.98,0,291.84,2115.82,0.0,4016-J07,,2,CJA,CALLE ZACATEPEC 100,VALLE MORELOS,MONTERREY,NL,64180,Cobro Regreso,"MONTERREY, NL.","CALLE ZACATEPEC 100, VALLE MORELOS, 64180, MONTERREY, NL",,"ZACATEPEC 100   VALLE MORELOS_x000D__x000D_MONTERREY,64180, NL_x000D_MX",81 2127 1000,OPA130709HB2
243984,OPERADORA PACAAR,194490.0,11,2026-09-17 00:00:00,2026-09-17 00:00:00,C03840,OPERADORA PACAAR,HOTEL CHN SANTA FE,3503.7,0,560.59,4064.29,0.0,4016-L04,,3,CJA,CALLE ZACATEPEC 100,VALLE MORELOS,MONTERREY,NL,64180,Cobro Regreso,"MONTERREY, NL.","CALLE ZACATEPEC 100, VALLE MORELOS, 64180, MONTERREY, NL",,"ZACATEPEC 100   VALLE MORELOS_x000D__x000D_MONTERREY,64180, NL_x000D_MX",81 2127 1000,OPA130709HB2
243985,,194494.0,1,2026-09-17 00:00:00,2026-10-02 00:00:00,C04173,HOTEL BELLO VERACRUZ,HOTEL BELLO VERACRUZ,14887.5,0,2382.0,17269.5,0.0,4043-J07,,15,CJA,CALZADA RUIZ CORTINES 258,COSTA VERDE,BOCA DEL RIO,VER,94294,Cobro Destino,"BOCA DEL RIO, VER.","CALZADA RUIZ CORTINES 258, COSTA VERDE, 94294, BOCA DEL RIO, VER",,"CALZADA RUIZ CORTINES 258  INT L2   COSTA VERDE_x000D__x000D_BOCA DEL RIO,94294, VER_x000D_MX",(229) 922-4829,HBV940404AD7
243986,4700256060,194495.0,1,2026-09-17 00:00:00,2026-11-01 00:00:00,C08464,PROMOTORA PLATINIUM,"HILTON GARDEN INN BOCA DEL RIO, VERACRUZ MEXICO (VERBR)",4599.0,0,735.84,5334.84,0.0,4011-L27,,3,CJA,BLVD MANUEL AVILA CAMACHO LOTE 5,COSTA DE ORO 1ERA SECCION,BOCA DEL RIO VERACRUZ,VER,94299,Cobro Regreso,"BOCA DEL RIO VERACRUZ, VER.","BLVD MANUEL AVILA CAMACHO LOTE 5, COSTA DE ORO 1ERA SECCION, 94299, BOCA DEL RIO VERACRUZ, VER",,"BLVD.MANUEL A.CAMACHO LOTE 5   COSTA DE ORO 1A SECCION_x000D__x000D_VERACRUZ DE IGNACIO DE LA LLAVE,94299, VER_x000D_MX",229 923 0201,PPL991214SG5
243986,4700256060,194495.0,1,2026-09-17 00:00:00,2026-11-01 00:00:00,C08464,PROMOTORA PLATINIUM,"HILTON GARDEN INN BOCA DEL RIO, VERACRUZ MEXICO (VERBR)",2049.87,0,327.98,2377.85,0.0,4011-J08,,3,CJA,BLVD MANUEL AVILA CAMACHO LOTE 5,COSTA DE ORO 1ERA SECCION,BOCA DEL RIO VERACRUZ,VER,94299,Cobro Regreso,"BOCA DEL RIO VERACRUZ, VER.","BLVD MANUEL AVILA CAMACHO LOTE 5, COSTA DE ORO 1ERA SECCION, 94299, BOCA DEL RIO VERACRUZ, VER",,"BLVD.MANUEL A.CAMACHO LOTE 5   COSTA DE ORO 1A SECCION_x000D__x000D_VERACRUZ DE IGNACIO DE LA LLAVE,94299, VER_x000D_MX",229 923 0201,PPL991214SG5
243986,4700256060,194495.0,1,2026-09-17 00:00:00,2026-11-01 00:00:00,C08464,PROMOTORA PLATINIUM,"HILTON GARDEN INN BOCA DEL RIO, VERACRUZ MEXICO (VERBR)",1748.25,0,279.72,2027.97,0.0,4011-J07,,3,CJA,BLVD MANUEL AVILA CAMACHO LOTE 5,COSTA DE ORO 1ERA SECCION,BOCA DEL RIO VERACRUZ,VER,94299,Cobro Regreso,"BOCA DEL RIO VERACRUZ, VER.","BLVD MANUEL AVILA CAMACHO LOTE 5, COSTA DE ORO 1ERA SECCION, 94299, BOCA DEL RIO VERACRUZ, VER",,"BLVD.MANUEL A.CAMACHO LOTE 5   COSTA DE ORO 1A SECCION_x000D__x000D_VERACRUZ DE IGNACIO DE LA LLAVE,94299, VER_x000D_MX",229 923 0201,PPL991214SG5
243986,4700256060,194495.0,1,2026-09-17 00:00:00,2026-11-01 00:00:00,C08464,PROMOTORA PLATINIUM,"HILTON GARDEN INN BOCA DEL RIO, VERACRUZ MEXICO (VERBR)",1533.0,0,245.28,1778.28,0.0,4011-L28,,1,CJA,BLVD MANUEL AVILA CAMACHO LOTE 5,COSTA DE ORO 1ERA SECCION,BOCA DEL RIO VERACRUZ,VER,94299,Cobro Regreso,"BOCA DEL RIO VERACRUZ, VER.","BLVD MANUEL AVILA CAMACHO LOTE 5, COSTA DE ORO 1ERA SECCION, 94299, BOCA DEL RIO VERACRUZ, VER",,"BLVD.MANUEL A.CAMACHO LOTE 5   COSTA DE ORO 1A SECCION_x000D__x000D_VERACRUZ DE IGNACIO DE LA LLAVE,94299, VER_x000D_MX",229 923 0201,PPL991214SG5
243987,operadora de estancias creativas,194499.0,1,2026-09-17 00:00:00,2026-10-02 00:00:00,C07043,OPERADORA DE ESTANCIAS CREATIVAS,HOLIDAY INN TUXTLA GUTIERREZ (TGZMX),632.16,0,101.15,733.31,0.0,4029-A90,,1,CJA,BLVD BELISARIO DOMINGUEZ KM  1081,JARDINES DE TUXTLA,TUXTLA,CHS,29020,Cobro Regreso,"TUXTLA, CHS.","BLVD BELISARIO DOMINGUEZ KM  1081, JARDINES DE TUXTLA, 29020, TUXTLA, CHS",,"BELISARIO DOMINGUEZ KM 1081   JARDINES DE TUXTLA_x000D__x000D_TUXTLA,29020, CHS_x000D_MX",961 617 1019,OEC180105ND5
243987,operadora de estancias creativas,194499.0,1,2026-09-17 00:00:00,2026-10-02 00:00:00,C07043,OPERADORA DE ESTANCIAS CREATIVAS,HOLIDAY INN TUXTLA GUTIERREZ (TGZMX),2400.0,0,384.0,2784.0,0.0,4029-A92,,1,CJA,BLVD BELISARIO DOMINGUEZ KM  1081,JARDINES DE TUXTLA,TUXTLA,CHS,29020,Cobro Regreso,"TUXTLA, CHS.","BLVD BELISARIO DOMINGUEZ KM  1081, JARDINES DE TUXTLA, 29020, TUXTLA, CHS",,"BELISARIO DOMINGUEZ KM 1081   JARDINES DE TUXTLA_x000D__x000D_TUXTLA,29020, CHS_x000D_MX",961 617 1019,OEC180105ND5
243987,operadora de estancias creativas,194499.0,1,2026-09-17 00:00:00,2026-10-02 00:00:00,C07043,OPERADORA DE ESTANCIAS CREATIVAS,HOLIDAY INN TUXTLA GUTIERREZ (TGZMX),4640.88,0,742.54,5383.42,0.0,69706958,,8,CJA,BLVD BELISARIO DOMINGUEZ KM  1081,JARDINES DE TUXTLA,TUXTLA,CHS,29020,Cobro Regreso,"TUXTLA, CHS.","BLVD BELISARIO DOMINGUEZ KM  1081, JARDINES DE TUXTLA, 29020, TUXTLA, CHS",,"BELISARIO DOMINGUEZ KM 1081   JARDINES DE TUXTLA_x000D__x000D_TUXTLA,29020, CHS_x000D_MX",961 617 1019,OEC180105ND5
243987,operadora de estancias creativas,194499.0,1,2026-09-17 00:00:00,2026-10-02 00:00:00,C07043,OPERADORA DE ESTANCIAS CREATIVAS,HOLIDAY INN TUXTLA GUTIERREZ (TGZMX),4983.36,0,797.33,5780.7,0.0,68758340,,8,CJA,BLVD BELISARIO DOMINGUEZ KM  1081,JARDINES DE TUXTLA,TUXTLA,CHS,29020,Cobro Regreso,"TUXTLA, CHS.","BLVD BELISARIO DOMINGUEZ KM  1081, JARDINES DE TUXTLA, 29020, TUXTLA, CHS",,"BELISARIO DOMINGUEZ KM 1081   JARDINES DE TUXTLA_x000D__x000D_TUXTLA,29020, CHS_x000D_MX",961 617 1019,OEC180105ND5
243987,operadora de estancias creativas,194499.0,1,2026-09-17 00:00:00,2026-10-02 00:00:00,C07043,OPERADORA DE ESTANCIAS CREATIVAS,HOLIDAY INN TUXTLA GUTIERREZ (TGZMX),2215.0,0,354.4,2569.4,0.0,4029-A05,MISCELANEOS,1,CJA,BLVD BELISARIO DOMINGUEZ KM  1081,JARDINES DE TUXTLA,TUXTLA,CHS,29020,Cobro Regreso,"TUXTLA, CHS.","BLVD BELISARIO DOMINGUEZ KM  1081, JARDINES DE TUXTLA, 29020, TUXTLA, CHS",,"BELISARIO DOMINGUEZ KM 1081   JARDINES DE TUXTLA_x000D__x000D_TUXTLA,29020, CHS_x000D_MX",961 617 1019,OEC180105ND5
243988,BO-11267,194500.0,1,2026-09-17 00:00:00,2026-10-02 00:00:00,C02295,IMPULSORA PLAZA MINATITLAN,CITY EXPRESS MINATITLAN (CEMTT),3017.19,0,482.75,3499.94,0.0,4051-L12,,3,CJA,BLVD.INSTITUTOS TECNOLOGICOS KM.711 MZA 28 LT 39,MORELOS,MINATITLAN,VER,96760,Cobro Regreso,"MINATITLAN, VER.","BLVD.INSTITUTOS TECNOLOGICOS KM.711 MZA 28 LT 39, MORELOS, 96760, MINATITLAN, VER",,"JUAN SALVADOR AGRAZ 69 PISO 12   SANTA FE CUAJIMALPA_x000D__x000D_CUAJIMALPA DE MORELOS,05348, CMX_x000D_MX",(922) 225-08-80,IPM100503N16
243988,BO-11267,194500.0,1,2026-09-17 00:00:00,2026-10-02 00:00:00,C02295,IMPULSORA PLAZA MINATITLAN,CITY EXPRESS MINATITLAN (CEMTT),3017.19,0,482.75,3499.94,0.0,4051-L11,,3,CJA,BLVD.INSTITUTOS TECNOLOGICOS KM.711 MZA 28 LT 39,MORELOS,MINATITLAN,VER,96760,Cobro Regreso,"MINATITLAN, VER.","BLVD.INSTITUTOS TECNOLOGICOS KM.711 MZA 28 LT 39, MORELOS, 96760, MINATITLAN, VER",,"JUAN SALVADOR AGRAZ 69 PISO 12   SANTA FE CUAJIMALPA_x000D__x000D_CUAJIMALPA DE MORELOS,05348, CMX_x000D_MX",(922) 225-08-80,IPM100503N16
243988,BO-11267,194500.0,1,2026-09-17 00:00:00,2026-10-02 00:00:00,C02295,IMPULSORA PLAZA MINATITLAN,CITY EXPRESS MINATITLAN (CEMTT),6034.38,0,965.5,6999.88,0.0,4051-L10,,6,CJA,BLVD.INSTITUTOS TECNOLOGICOS KM.711 MZA 28 LT 39,MORELOS,MINATITLAN,VER,96760,Cobro Regreso,"MINATITLAN, VER.","BLVD.INSTITUTOS TECNOLOGICOS KM.711 MZA 28 LT 39, MORELOS, 96760, MINATITLAN, VER",,"JUAN SALVADOR AGRAZ 69 PISO 12   SANTA FE CUAJIMALPA_x000D__x000D_CUAJIMALPA DE MORELOS,05348, CMX_x000D_MX",(922) 225-08-80,IPM100503N16
243988,BO-11267,194500.0,1,2026-09-17 00:00:00,2026-10-02 00:00:00,C02295,IMPULSORA PLAZA MINATITLAN,CITY EXPRESS MINATITLAN (CEMTT),1932.84,0,309.25,2242.09,0.0,4051-J03,,3,CJA,BLVD.INSTITUTOS TECNOLOGICOS KM.711 MZA 28 LT 39,MORELOS,MINATITLAN,VER,96760,Cobro Regreso,"MINATITLAN, VER.","BLVD.INSTITUTOS TECNOLOGICOS KM.711 MZA 28 LT 39, MORELOS, 96760, MINATITLAN, VER",,"JUAN SALVADOR AGRAZ 69 PISO 12   SANTA FE CUAJIMALPA_x000D__x000D_CUAJIMALPA DE MORELOS,05348, CMX_x000D_MX",(922) 225-08-80,IPM100503N16
243988,BO-11267,194500.0,1,2026-09-17 00:00:00,2026-10-02 00:00:00,C02295,IMPULSORA PLAZA MINATITLAN,CITY EXPRESS MINATITLAN (CEMTT),3319.68,0,531.15,3850.83,0.0,4051-J04,,8,CJA,BLVD.INSTITUTOS TECNOLOGICOS KM.711 MZA 28 LT 39,MORELOS,MINATITLAN,VER,96760,Cobro Regreso,"MINATITLAN, VER.","BLVD.INSTITUTOS TECNOLOGICOS KM.711 MZA 28 LT 39, MORELOS, 96760, MINATITLAN, VER",,"JUAN SALVADOR AGRAZ 69 PISO 12   SANTA FE CUAJIMALPA_x000D__x000D_CUAJIMALPA DE MORELOS,05348, CMX_x000D_MX",(922) 225-08-80,IPM100503N16
243989,COTIZACION 7583091 - PEDIDO C09292,194505.0,1,2026-09-17 00:00:00,2026-09-17 00:00:00,C09292,GLADIS SEBIGNE VILLAMAR GOMEZ,HOTEL GLADYS,1823.98,0,291.84,2115.82,0.0,4016-J07,,2,CJA,CALLE OTTAWA #1560 INT 605,PROVIDENCIA,GUADALAJARA,JAL,44630,Transporte LOCAL,"GUADALAJARA, JAL.","CALLE OTTAWA #1560 INT 605, PROVIDENCIA, 44630, GUADALAJARA, JAL",,"CALLE PAULINO NAVARRO #51   N/A_x000D__x000D_LA HUERTA,48850, JAL_x000D_MX",357 384 0155,VIGG641010IIA
243990,C08160,194506.0,1,2026-09-17 00:00:00,2026-09-17 00:00:00,C08160,SERRA DO SUIDO,MOTEL SCALA,9119.9,0,1459.18,10579.08,0.0,4016-J07,,10,CJA,CARRETERA A LAREDO KM 16,BALCONES DEL NORTE,GENERAL ESCOBEDO,NL,66052,Cobro Destino,"GENERAL ESCOBEDO, NL.","CARRETERA A LAREDO KM 16, BALCONES DEL NORTE, 66052, GENERAL ESCOBEDO, NL",,"CARRETERA LIBRE FEDERAL MONTERREY LAREDO KM 16   BALCONES DEL NORTE_x000D__x000D_GENERAL ESCOBEDO,66052, NL_x000D_MX",818 161 3930,SDS900404BL5
243990,C08160,194506.0,1,2026-09-17 00:00:00,2026-09-17 00:00:00,C08160,SERRA DO SUIDO,MOTEL SCALA,2335.8,0,373.73,2709.53,0.0,4016-L04,,2,CJA,CARRETERA A LAREDO KM 16,BALCONES DEL NORTE,GENERAL ESCOBEDO,NL,66052,Cobro Destino,"GENERAL ESCOBEDO, NL.","CARRETERA A LAREDO KM 16, BALCONES DEL NORTE, 66052, GENERAL ESCOBEDO, NL",,"CARRETERA LIBRE FEDERAL MONTERREY LAREDO KM 16   BALCONES DEL NORTE_x000D__x000D_GENERAL ESCOBEDO,66052, NL_x000D_MX",818 161 3930,SDS900404BL5
243990,C08160,194506.0,1,2026-09-17 00:00:00,2026-09-17 00:00:00,C08160,SERRA DO SUIDO,MOTEL SCALA,3860.7,0,617.71,4478.41,0.0,4016-L07,ELEMENTS EVOLUTION B,3,CJA,CARRETERA A LAREDO KM 16,BALCONES DEL NORTE,GENERAL ESCOBEDO,NL,66052,Cobro Destino,"GENERAL ESCOBEDO, NL.","CARRETERA A LAREDO KM 16, BALCONES DEL NORTE, 66052, GENERAL ESCOBEDO, NL",,"CARRETERA LIBRE FEDERAL MONTERREY LAREDO KM 16   BALCONES DEL NORTE_x000D__x000D_GENERAL ESCOBEDO,66052, NL_x000D_MX",818 161 3930,SDS900404BL5
243991,IW-09468,194507.0,1,2026-09-17 00:00:00,2026-10-02 00:00:00,C07423,IMPULSORA PLAZA TIJUANA,CITY EXPRESS TAPACHULA (CETAP),3017.19,0,482.75,3499.94,0.0,4051-L10,,3,CJA,CARRETERA A PUERTO MADERO PRIVADA PASEO DE LAS HORTENCIAS TRAMO 1. KM 3.5 S/N,FRACCIONAMIENTO LAS HORTENCIAS,TAPACHULA,CHS,30797,Cobro Regreso,"TAPACHULA, CHS.","CARRETERA A PUERTO MADERO PRIVADA PASEO DE LAS HORTENCIAS TRAMO 1. KM 3.5 S/N, FRACCIONAMIENTO LAS HORTENCIAS, 30797, TAPACHULA, CHS",,"JUAN SALVADOR AGRAZ 69 PISO 12   SANTA FE CUAJIMALPA_x000D__x000D_CUAJIMALPA DE MORELOS,05348, CHS_x000D_MX",962 117 5260,IPT050810HQ4
243991,IW-09468,194507.0,1,2026-09-17 00:00:00,2026-10-02 00:00:00,C07423,IMPULSORA PLAZA TIJUANA,CITY EXPRESS TAPACHULA (CETAP),1005.73,0,160.92,1166.65,0.0,4051-L11,,1,CJA,CARRETERA A PUERTO MADERO PRIVADA PASEO DE LAS HORTENCIAS TRAMO 1. KM 3.5 S/N,FRACCIONAMIENTO LAS HORTENCIAS,TAPACHULA,CHS,30797,Cobro Regreso,"TAPACHULA, CHS.","CARRETERA A PUERTO MADERO PRIVADA PASEO DE LAS HORTENCIAS TRAMO 1. KM 3.5 S/N, FRACCIONAMIENTO LAS HORTENCIAS, 30797, TAPACHULA, CHS",,"JUAN SALVADOR AGRAZ 69 PISO 12   SANTA FE CUAJIMALPA_x000D__x000D_CUAJIMALPA DE MORELOS,05348, CHS_x000D_MX",962 117 5260,IPT050810HQ4
243991,IW-09468,194507.0,1,2026-09-17 00:00:00,2026-10-02 00:00:00,C07423,IMPULSORA PLAZA TIJUANA,CITY EXPRESS TAPACHULA (CETAP),2074.8,0,331.97,2406.77,0.0,4051-J04,,5,CJA,CARRETERA A PUERTO MADERO PRIVADA PASEO DE LAS HORTENCIAS TRAMO 1. KM 3.5 S/N,FRACCIONAMIENTO LAS HORTENCIAS,TAPACHULA,CHS,30797,Cobro Regreso,"TAPACHULA, CHS.","CARRETERA A PUERTO MADERO PRIVADA PASEO DE LAS HORTENCIAS TRAMO 1. KM 3.5 S/N, FRACCIONAMIENTO LAS HORTENCIAS, 30797, TAPACHULA, CHS",,"JUAN SALVADOR AGRAZ 69 PISO 12   SANTA FE CUAJIMALPA_x000D__x000D_CUAJIMALPA DE MORELOS,05348, CHS_x000D_MX",962 117 5260,IPT050810HQ4
243991,IW-09468,194507.0,1,2026-09-17 00:00:00,2026-10-02 00:00:00,C07423,IMPULSORA PLAZA TIJUANA,CITY EXPRESS TAPACHULA (CETAP),644.28,0,103.08,747.36,0.0,4051-J03,,1,CJA,CARRETERA A PUERTO MADERO PRIVADA PASEO DE LAS HORTENCIAS TRAMO 1. KM 3.5 S/N,FRACCIONAMIENTO LAS HORTENCIAS,TAPACHULA,CHS,30797,Cobro Regreso,"TAPACHULA, CHS.","CARRETERA A PUERTO MADERO PRIVADA PASEO DE LAS HORTENCIAS TRAMO 1. KM 3.5 S/N, FRACCIONAMIENTO LAS HORTENCIAS, 30797, TAPACHULA, CHS",,"JUAN SALVADOR AGRAZ 69 PISO 12   SANTA FE CUAJIMALPA_x000D__x000D_CUAJIMALPA DE MORELOS,05348, CHS_x000D_MX",962 117 5260,IPT050810HQ4
243992,3250676,194508.0,1,2026-09-17 00:00:00,2026-09-17 00:00:00,C09462,INICIATIVAS URBANISTICAS Y RESIDENCIALES DEL PACIFICO,LUXOR SUITE & POOL,7444.0,0,1191.04,8635.04,0.0,4052-J08,,8,CJA,CALLE AYUNTAMIENTO #333,EL MANTE,ZAPOPAN,JAL,45235,Transporte LOCAL,"ZAPOPAN, JAL.","CALLE AYUNTAMIENTO #333, EL MANTE, 45235, ZAPOPAN, JAL",,"CALLE AYUNTAMIENTO #333   EL MANTE_x000D__x000D_ZAPOPAN,45235, JAL_x000D_MX",673 732 9761,IUR1606206X0
243992,3250676,194508.0,1,2026-09-17 00:00:00,2026-09-17 00:00:00,C09462,INICIATIVAS URBANISTICAS Y RESIDENCIALES DEL PACIFICO,LUXOR SUITE & POOL,6299.3,0,1007.89,7307.19,0.0,4052-L17,,7,CJA,CALLE AYUNTAMIENTO #333,EL MANTE,ZAPOPAN,JAL,45235,Transporte LOCAL,"ZAPOPAN, JAL.","CALLE AYUNTAMIENTO #333, EL MANTE, 45235, ZAPOPAN, JAL",,"CALLE AYUNTAMIENTO #333   EL MANTE_x000D__x000D_ZAPOPAN,45235, JAL_x000D_MX",673 732 9761,IUR1606206X0
243992,3250676,194508.0,1,2026-09-17 00:00:00,2026-09-17 00:00:00,C09462,INICIATIVAS URBANISTICAS Y RESIDENCIALES DEL PACIFICO,LUXOR SUITE & POOL,2699.7,0,431.95,3131.65,0.0,4052-L18,,3,CJA,CALLE AYUNTAMIENTO #333,EL MANTE,ZAPOPAN,JAL,45235,Transporte LOCAL,"ZAPOPAN, JAL.","CALLE AYUNTAMIENTO #333, EL MANTE, 45235, ZAPOPAN, JAL",,"CALLE AYUNTAMIENTO #333   EL MANTE_x000D__x000D_ZAPOPAN,45235, JAL_x000D_MX",673 732 9761,IUR1606206X0
243992,3250676,194508.0,1,2026-09-17 00:00:00,2026-09-17 00:00:00,C09462,INICIATIVAS URBANISTICAS Y RESIDENCIALES DEL PACIFICO,LUXOR SUITE & POOL,6051.0,0,968.16,7019.16,0.0,4052-J07,,6,CJA,CALLE AYUNTAMIENTO #333,EL MANTE,ZAPOPAN,JAL,45235,Transporte LOCAL,"ZAPOPAN, JAL.","CALLE AYUNTAMIENTO #333, EL MANTE, 45235, ZAPOPAN, JAL",,"CALLE AYUNTAMIENTO #333   EL MANTE_x000D__x000D_ZAPOPAN,45235, JAL_x000D_MX",673 732 9761,IUR1606206X0
243992,3250676,194508.0,1,2026-09-17 00:00:00,2026-09-17 00:00:00,C09462,INICIATIVAS URBANISTICAS Y RESIDENCIALES DEL PACIFICO,LUXOR SUITE & POOL,6768.3,0,1082.93,7851.23,0.0,4052-L20,,7,CJA,CALLE AYUNTAMIENTO #333,EL MANTE,ZAPOPAN,JAL,45235,Transporte LOCAL,"ZAPOPAN, JAL.","CALLE AYUNTAMIENTO #333, EL MANTE, 45235, ZAPOPAN, JAL",,"CALLE AYUNTAMIENTO #333   EL MANTE_x000D__x000D_ZAPOPAN,45235, JAL_x000D_MX",673 732 9761,IUR1606206X0
243993,397776,194511.0,1,2026-09-17 00:00:00,2026-10-17 00:00:00,C08529,HOTELERIA SUSTENTABLE DEL PACIFICO,HOLIDAY INN EXPRESS GUAYMAS (GYMSO),1046.4,0,167.42,1213.82,0.0,68732295,,2,CJA,CALZADA AGUSTIN GARCIA LOPEZ  1298,LAS QUINTAS,GUAYMAS,SON,85448,Cobro Regreso,"GUAYMAS, SON.","CALZADA AGUSTIN GARCIA LOPEZ  1298, LAS QUINTAS, 85448, GUAYMAS, SON",,"CALLE MIGUEL ALEMAN 737   ZONA NORTE_x000D__x000D_CIUDAD OBREGON,85040, SON_x000D_MX",622 225 2504,HSP210914247
243993,397776,194511.0,1,2026-09-17 00:00:00,2026-10-17 00:00:00,C08529,HOTELERIA SUSTENTABLE DEL PACIFICO,HOLIDAY INN EXPRESS GUAYMAS (GYMSO),1094.4,0,175.1,1269.5,0.0,68732292,,2,CJA,CALZADA AGUSTIN GARCIA LOPEZ  1298,LAS QUINTAS,GUAYMAS,SON,85448,Cobro Regreso,"GUAYMAS, SON.","CALZADA AGUSTIN GARCIA LOPEZ  1298, LAS QUINTAS, 85448, GUAYMAS, SON",,"CALLE MIGUEL ALEMAN 737   ZONA NORTE_x000D__x000D_CIUDAD OBREGON,85040, SON_x000D_MX",622 225 2504,HSP210914247
243993,397776,194511.0,1,2026-09-17 00:00:00,2026-10-17 00:00:00,C08529,HOTELERIA SUSTENTABLE DEL PACIFICO,HOLIDAY INN EXPRESS GUAYMAS (GYMSO),2243.52,0,358.97,2602.48,0.0,68758339,,4,CJA,CALZADA AGUSTIN GARCIA LOPEZ  1298,LAS QUINTAS,GUAYMAS,SON,85448,Cobro Regreso,"GUAYMAS, SON.","CALZADA AGUSTIN GARCIA LOPEZ  1298, LAS QUINTAS, 85448, GUAYMAS, SON",,"CALLE MIGUEL ALEMAN 737   ZONA NORTE_x000D__x000D_CIUDAD OBREGON,85040, SON_x000D_MX",622 225 2504,HSP210914247
243993,397776,194511.0,1,2026-09-17 00:00:00,2026-10-17 00:00:00,C08529,HOTELERIA SUSTENTABLE DEL PACIFICO,HOLIDAY INN EXPRESS GUAYMAS (GYMSO),1133.28,0,181.32,1314.6,0.0,68732293,,2,CJA,CALZADA AGUSTIN GARCIA LOPEZ  1298,LAS QUINTAS,GUAYMAS,SON,85448,Cobro Regreso,"GUAYMAS, SON.","CALZADA AGUSTIN GARCIA LOPEZ  1298, LAS QUINTAS, 85448, GUAYMAS, SON",,"CALLE MIGUEL ALEMAN 737   ZONA NORTE_x000D__x000D_CIUDAD OBREGON,85040, SON_x000D_MX",622 225 2504,HSP210914247
243993,397776,194511.0,1,2026-09-17 00:00:00,2026-10-17 00:00:00,C08529,HOTELERIA SUSTENTABLE DEL PACIFICO,HOLIDAY INN EXPRESS GUAYMAS (GYMSO),3629.34,0,580.7,4210.03,0.0,68739022,,6,CJA,CALZADA AGUSTIN GARCIA LOPEZ  1298,LAS QUINTAS,GUAYMAS,SON,85448,Cobro Regreso,"GUAYMAS, SON.","CALZADA AGUSTIN GARCIA LOPEZ  1298, LAS QUINTAS, 85448, GUAYMAS, SON",,"CALLE MIGUEL ALEMAN 737   ZONA NORTE_x000D__x000D_CIUDAD OBREGON,85040, SON_x000D_MX",622 225 2504,HSP210914247
243993,397776,194511.0,1,2026-09-17 00:00:00,2026-10-17 00:00:00,C08529,HOTELERIA SUSTENTABLE DEL PACIFICO,HOLIDAY INN EXPRESS GUAYMAS (GYMSO),1740.33,0,278.45,2018.78,0.0,69706958,,3,CJA,CALZADA AGUSTIN GARCIA LOPEZ  1298,LAS QUINTAS,GUAYMAS,SON,85448,Cobro Regreso,"GUAYMAS, SON.","CALZADA AGUSTIN GARCIA LOPEZ  1298, LAS QUINTAS, 85448, GUAYMAS, SON",,"CALLE MIGUEL ALEMAN 737   ZONA NORTE_x000D__x000D_CIUDAD OBREGON,85040, SON_x000D_MX",622 225 2504,HSP210914247
243994,America Campos,194513.0,1,2026-09-17 00:00:00,2026-09-17 00:00:00,C09608,AMERICA CAMPOS CHAGOYA,HOTEL ELSY,7295.92,0,1167.35,8463.27,0.0,4016-J07,,8,CJA,AV. PROL 5 DE MAYO #128,LA JOYITA,SILAO DE LA VICTORIA,GTO,36130,Cobro Destino,"SILAO DE LA VICTORIA, GTO.","AV. PROL 5 DE MAYO #128, LA JOYITA, 36130, SILAO DE LA VICTORIA, GTO",,"AV. PROL 5 DE MAYO #128   LA JOYITA_x000D__x000D_SILAO DE LA VICTORIA,36130, GTO_x000D_MX",47 2101 4623,CACX831109CP9
243995,,194519.0,1,2026-09-17 00:00:00,2026-10-17 00:00:00,C08508,HOSPITALIDAD DE IRAPUATO,"HAMPTON IRAPUATO, MEXICO (BJXIR)",2331.0,0,372.96,2703.96,0.0,4011-J07,,4,CJA,BLVD LAZARO CARDENAS 4210,RESIDENCIAL CAMPESTRE,IRAPUATO,GTO,36698,Cobro Regreso,"IRAPUATO, GTO.","BLVD LAZARO CARDENAS 4210, RESIDENCIAL CAMPESTRE, 36698, IRAPUATO, GTO",,"BLVD LAZARO CARDENAS  4210   RESIDENCIAL CAMPESTRE_x000D__x000D_IRAPUATO,36698, GTO_x000D_MX",4626073900,HIR1402262B9
243995,,194519.0,1,2026-09-17 00:00:00,2026-10-17 00:00:00,C08508,HOSPITALIDAD DE IRAPUATO,"HAMPTON IRAPUATO, MEXICO (BJXIR)",4099.74,0,655.96,4755.7,0.0,4011-J08,,6,CJA,BLVD LAZARO CARDENAS 4210,RESIDENCIAL CAMPESTRE,IRAPUATO,GTO,36698,Cobro Regreso,"IRAPUATO, GTO.","BLVD LAZARO CARDENAS 4210, RESIDENCIAL CAMPESTRE, 36698, IRAPUATO, GTO",,"BLVD LAZARO CARDENAS  4210   RESIDENCIAL CAMPESTRE_x000D__x000D_IRAPUATO,36698, GTO_x000D_MX",4626073900,HIR1402262B9
243995,,194519.0,1,2026-09-17 00:00:00,2026-10-17 00:00:00,C08508,HOSPITALIDAD DE IRAPUATO,"HAMPTON IRAPUATO, MEXICO (BJXIR)",4599.0,0,735.84,5334.84,0.0,4011-L27,,3,CJA,BLVD LAZARO CARDENAS 4210,RESIDENCIAL CAMPESTRE,IRAPUATO,GTO,36698,Cobro Regreso,"IRAPUATO, GTO.","BLVD LAZARO CARDENAS 4210, RESIDENCIAL CAMPESTRE, 36698, IRAPUATO, GTO",,"BLVD LAZARO CARDENAS  4210   RESIDENCIAL CAMPESTRE_x000D__x000D_IRAPUATO,36698, GTO_x000D_MX",4626073900,HIR1402262B9
243995,,194519.0,1,2026-09-17 00:00:00,2026-10-17 00:00:00,C08508,HOSPITALIDAD DE IRAPUATO,"HAMPTON IRAPUATO, MEXICO (BJXIR)",1533.0,0,245.28,1778.28,0.0,4011-L28,,1,CJA,BLVD LAZARO CARDENAS 4210,RESIDENCIAL CAMPESTRE,IRAPUATO,GTO,36698,Cobro Regreso,"IRAPUATO, GTO.","BLVD LAZARO CARDENAS 4210, RESIDENCIAL CAMPESTRE, 36698, IRAPUATO, GTO",,"BLVD LAZARO CARDENAS  4210   RESIDENCIAL CAMPESTRE_x000D__x000D_IRAPUATO,36698, GTO_x000D_MX",4626073900,HIR1402262B9
243995,,194519.0,1,2026-09-17 00:00:00,2026-10-17 00:00:00,C08508,HOSPITALIDAD DE IRAPUATO,"HAMPTON IRAPUATO, MEXICO (BJXIR)",1533.0,0,245.28,1778.28,0.0,4011-L30,,1,CJA,BLVD LAZARO CARDENAS 4210,RESIDENCIAL CAMPESTRE,IRAPUATO,GTO,36698,Cobro Regreso,"IRAPUATO, GTO.","BLVD LAZARO CARDENAS 4210, RESIDENCIAL CAMPESTRE, 36698, IRAPUATO, GTO",,"BLVD LAZARO CARDENAS  4210   RESIDENCIAL CAMPESTRE_x000D__x000D_IRAPUATO,36698, GTO_x000D_MX",4626073900,HIR1402262B9
243996,41281977,194520.0,1,2026-09-17 00:00:00,2026-09-17 00:00:00,C09291,OPERADORA VILLA LOS SAUCES,ECONO EXPRESS METEPEC,774.18,0,123.87,898.05,0.0,68732292,,1,CJA,AV. TECNOLOGICO NTE #1249,FRANCISCO I MADERO,METEPEC,DF2,52140,Cobro Destino,"METEPEC, DF2.","AV. TECNOLOGICO NTE #1249, FRANCISCO I MADERO, 52140, METEPEC, DF2",,"TECNOLOGICO NTE #1249   FRANCISCO I MADERO_x000D__x000D_METEPEC,52140, DF2_x000D_MX",7222712060,OVS990318GX2
243996,41281977,194520.0,1,2026-09-17 00:00:00,2026-09-17 00:00:00,C09291,OPERADORA VILLA LOS SAUCES,ECONO EXPRESS METEPEC,824.41,0,131.9,956.32,0.0,68739022,,1,CJA,AV. TECNOLOGICO NTE #1249,FRANCISCO I MADERO,METEPEC,DF2,52140,Cobro Destino,"METEPEC, DF2.","AV. TECNOLOGICO NTE #1249, FRANCISCO I MADERO, 52140, METEPEC, DF2",,"TECNOLOGICO NTE #1249   FRANCISCO I MADERO_x000D__x000D_METEPEC,52140, DF2_x000D_MX",7222712060,OVS990318GX2
243997,20260915400420000MIFB000175940,194521.0,1,2026-09-17 00:00:00,2026-09-17 00:00:00,C00620,OPERADOR DE SERVICIOS TURISTICOS RIO,HOTEL RIO TEQUISQUIAPAN,2791.5,0,446.64,3238.14,0.0,4052-J08,,3,CJA,CALLE NIÑOS HEROES #33,CENTRO,TEQUISQUIAPAN,QUE,76750,Cobro Destino,"TEQUISQUIAPAN, QUE.","CALLE NIÑOS HEROES #33, CENTRO, 76750, TEQUISQUIAPAN, QUE",,"CALLE NIÑOS HEROES #33   CENTRO_x000D__x000D_TEQUISQUIAPAN,76750, QUE_x000D_MX",414 273 0015,OST1108317G3
243997,20260915400420000MIFB000175940,194521.0,1,2026-09-17 00:00:00,2026-09-17 00:00:00,C00620,OPERADOR DE SERVICIOS TURISTICOS RIO,HOTEL RIO TEQUISQUIAPAN,3025.5,0,484.08,3509.58,0.0,4052-J07,,3,CJA,CALLE NIÑOS HEROES #33,CENTRO,TEQUISQUIAPAN,QUE,76750,Cobro Destino,"TEQUISQUIAPAN, QUE.","CALLE NIÑOS HEROES #33, CENTRO, 76750, TEQUISQUIAPAN, QUE",,"CALLE NIÑOS HEROES #33   CENTRO_x000D__x000D_TEQUISQUIAPAN,76750, QUE_x000D_MX",414 273 0015,OST1108317G3
243998,55,194523.0,1,2026-09-17 00:00:00,2026-10-17 00:00:00,C00308,OPERADORA RIO GRANDE,QUALITY INN AGUASCALIENTES (143211),4854.72,0,776.75,5631.48,0.0,4028-L32,,4,CJA,JOSE MARIA CHAVEZ  #101,CENTRO,AGUASCALIENTES,AGS,20000,Cobro Regreso,"AGUASCALIENTES, AGS.","JOSE MARIA CHAVEZ  #101, CENTRO, 20000, AGUASCALIENTES, AGS",,"JOSE MARIA CHAVEZ  #101   CENTRO_x000D__x000D_AGUASCALIENTES,20000, AGS_x000D_MX",(449)994 66 70,ORG631005AY9
243998,55,194523.0,1,2026-09-17 00:00:00,2026-10-17 00:00:00,C00308,OPERADORA RIO GRANDE,QUALITY INN AGUASCALIENTES (143211),3641.04,0,582.57,4223.61,0.0,4028-L31,,3,CJA,JOSE MARIA CHAVEZ  #101,CENTRO,AGUASCALIENTES,AGS,20000,Cobro Regreso,"AGUASCALIENTES, AGS.","JOSE MARIA CHAVEZ  #101, CENTRO, 20000, AGUASCALIENTES, AGS",,"JOSE MARIA CHAVEZ  #101   CENTRO_x000D__x000D_AGUASCALIENTES,20000, AGS_x000D_MX",(449)994 66 70,ORG631005AY9
243999,VENTA MOSTRADOR,221137.0,3,2026-09-18 00:00:00,2026-09-18 00:00:00,C08214,ERICK GONZALEZ CLARKE,MOONSHINE HOTEL,1167.9,0,186.86,1354.76,0.0,4016-L04,,1,CJA,1RA AV. NORTE MANZANA 27 LOTE 10,CENTRO,SOLIDARIDAD,QR,77710,CEDIS Cancún,"SOLIDARIDAD, QR.","1RA AV. NORTE MANZANA 27 LOTE 10, CENTRO, 77710, SOLIDARIDAD, QR",,"1RA AV. NORTE MANZANA 27 LOTE 10   CENTRO_x000D__x000D_SOLIDARIDAD,77710, QR_x000D_MX",984 879 4001,GOCE851114N81
243999,VENTA MOSTRADOR,221137.0,3,2026-09-18 00:00:00,2026-09-18 00:00:00,C08214,ERICK GONZALEZ CLARKE,MOONSHINE HOTEL,836.5,0,133.84,970.34,0.0,4016-J08,,1,CJA,1RA AV. NORTE MANZANA 27 LOTE 10,CENTRO,SOLIDARIDAD,QR,77710,CEDIS Cancún,"SOLIDARIDAD, QR.","1RA AV. NORTE MANZANA 27 LOTE 10, CENTRO, 77710, SOLIDARIDAD, QR",,"1RA AV. NORTE MANZANA 27 LOTE 10   CENTRO_x000D__x000D_SOLIDARIDAD,77710, QR_x000D_MX",984 879 4001,GOCE851114N81
244000,OC 4503139872,194524.0,1,2026-09-18 00:00:00,2026-10-18 00:00:00,C08091,INMOBILIARIA HOTELERA EL PRESIDENTE SAN JOSE DEL CABO,HOLIDAY INN EXPRESS & SUITES CELAYA (BJXCE),1209.78,0,193.56,1403.34,0.0,68739022,,2,CJA,EJE NOR-ORIENTE AV. LUIS DONALDO COLOSIO 285,LAS DELICIAS,CELAYA,GTO,38080,Cobro Regreso,"CELAYA, GTO.","EJE NOR-ORIENTE AV. LUIS DONALDO COLOSIO 285, LAS DELICIAS, 38080, CELAYA, GTO",,"AV EJERCITO NACIONAL MEXICANO 769 TORRE B PISO 8   GRANADA_x000D__x000D_CDMX,11520, DF2_x000D_MX",461 229 6300,IHP810701G7A
244000,OC 4503139872,194524.0,1,2026-09-18 00:00:00,2026-10-18 00:00:00,C08091,INMOBILIARIA HOTELERA EL PRESIDENTE SAN JOSE DEL CABO,HOLIDAY INN EXPRESS & SUITES CELAYA (BJXCE),1160.22,0,185.64,1345.86,0.0,69706958,,2,CJA,EJE NOR-ORIENTE AV. LUIS DONALDO COLOSIO 285,LAS DELICIAS,CELAYA,GTO,38080,Cobro Regreso,"CELAYA, GTO.","EJE NOR-ORIENTE AV. LUIS DONALDO COLOSIO 285, LAS DELICIAS, 38080, CELAYA, GTO",,"AV EJERCITO NACIONAL MEXICANO 769 TORRE B PISO 8   GRANADA_x000D__x000D_CDMX,11520, DF2_x000D_MX",461 229 6300,IHP810701G7A
244000,OC 4503139872,194524.0,1,2026-09-18 00:00:00,2026-10-18 00:00:00,C08091,INMOBILIARIA HOTELERA EL PRESIDENTE SAN JOSE DEL CABO,HOLIDAY INN EXPRESS & SUITES CELAYA (BJXCE),627.66,0,100.43,728.09,0.0,68739026,,1,CJA,EJE NOR-ORIENTE AV. LUIS DONALDO COLOSIO 285,LAS DELICIAS,CELAYA,GTO,38080,Cobro Regreso,"CELAYA, GTO.","EJE NOR-ORIENTE AV. LUIS DONALDO COLOSIO 285, LAS DELICIAS, 38080, CELAYA, GTO",,"AV EJERCITO NACIONAL MEXICANO 769 TORRE B PISO 8   GRANADA_x000D__x000D_CDMX,11520, DF2_x000D_MX",461 229 6300,IHP810701G7A
244000,OC 4503139872,194524.0,1,2026-09-18 00:00:00,2026-10-18 00:00:00,C08091,INMOBILIARIA HOTELERA EL PRESIDENTE SAN JOSE DEL CABO,HOLIDAY INN EXPRESS & SUITES CELAYA (BJXCE),1245.84,0,199.33,1445.17,0.0,68758340,,2,CJA,EJE NOR-ORIENTE AV. LUIS DONALDO COLOSIO 285,LAS DELICIAS,CELAYA,GTO,38080,Cobro Regreso,"CELAYA, GTO.","EJE NOR-ORIENTE AV. LUIS DONALDO COLOSIO 285, LAS DELICIAS, 38080, CELAYA, GTO",,"AV EJERCITO NACIONAL MEXICANO 769 TORRE B PISO 8   GRANADA_x000D__x000D_CDMX,11520, DF2_x000D_MX",461 229 6300,IHP810701G7A
244001,FACTURA PARA TRAMITE DE PAGO,194542.0,3,2026-09-18 00:00:00,2026-09-18 00:00:00,C09896,EXPERIENCIAS KAOBA,HOTEL CASA KAOBA,804.0,0,128.64,932.64,0.0,4029-L61,,2,CJA,"CARRETERA FEDERAL PLAYA TULUM, MANZANA 357 LOTE 8",EJIDO,PLAYA DEL CARMEN,QR,77712,CEDIS Cancún,"PLAYA DEL CARMEN, QR.","CARRETERA FEDERAL PLAYA TULUM, MANZANA 357 LOTE 8, EJIDO, 77712, PLAYA DEL CARMEN, QR",,"CARR. PLAYA-TULUM MZA 357 LT 7 Y 8   EJIDAL_x000D__x000D_PLAYA DEL CARMEN,77712, QR_x000D_MX",551 182 51 59,EKA221130RK0
244001,FACTURA PARA TRAMITE DE PAGO,194542.0,3,2026-09-18 00:00:00,2026-09-18 00:00:00,C09896,EXPERIENCIAS KAOBA,HOTEL CASA KAOBA,1094.0,0,175.04,1269.04,0.0,4029-L60,,2,CJA,"CARRETERA FEDERAL PLAYA TULUM, MANZANA 357 LOTE 8",EJIDO,PLAYA DEL CARMEN,QR,77712,CEDIS Cancún,"PLAYA DEL CARMEN, QR.","CARRETERA FEDERAL PLAYA TULUM, MANZANA 357 LOTE 8, EJIDO, 77712, PLAYA DEL CARMEN, QR",,"CARR. PLAYA-TULUM MZA 357 LT 7 Y 8   EJIDAL_x000D__x000D_PLAYA DEL CARMEN,77712, QR_x000D_MX",551 182 51 59,EKA221130RK0
244001,FACTURA PARA TRAMITE DE PAGO,194542.0,3,2026-09-18 00:00:00,2026-09-18 00:00:00,C09896,EXPERIENCIAS KAOBA,HOTEL CASA KAOBA,900.0,0,144.0,1044.0,0.0,4029-L62,,2,CJA,"CARRETERA FEDERAL PLAYA TULUM, MANZANA 357 LOTE 8",EJIDO,PLAYA DEL CARMEN,QR,77712,CEDIS Cancún,"PLAYA DEL CARMEN, QR.","CARRETERA FEDERAL PLAYA TULUM, MANZANA 357 LOTE 8, EJIDO, 77712, PLAYA DEL CARMEN, QR",,"CARR. PLAYA-TULUM MZA 357 LT 7 Y 8   EJIDAL_x000D__x000D_PLAYA DEL CARMEN,77712, QR_x000D_MX",551 182 51 59,EKA221130RK0
244002,221108 maritza,194530.0,1,2026-09-18 00:00:00,2026-09-18 00:00:00,C09392,MIKALLI PROPERTY MANAGEMENT,MIKALLI PROPERTY MANAGEMENT,899.9,0,143.98,1043.88,0.0,4052-L17,,1,CJA,AV MEXICO 61 TORRE SIENA DEP 306,NO ESPECIFICADA EN EL CATALOGO,BAHIA DE BANDERAS,NAY,63735,Cobro Destino,"BAHIA DE BANDERAS, NAY.","AV MEXICO 61 TORRE SIENA DEP 306, NO ESPECIFICADA EN EL CATALOGO, 63735, BAHIA DE BANDERAS, NAY",,"AV MEXICO 61 TORRE SIENA DEP 306   NO ESPECIFICADA EN EL CATALOGO_x000D__x000D_BAHIA DE BANDERAS,63735, NAY_x000D_MX",0,MPM241111UZ8
244002,221108 maritza,194530.0,1,2026-09-18 00:00:00,2026-09-18 00:00:00,C09392,MIKALLI PROPERTY MANAGEMENT,MIKALLI PROPERTY MANAGEMENT,899.9,0,143.98,1043.88,0.0,4052-L18,,1,CJA,AV MEXICO 61 TORRE SIENA DEP 306,NO ESPECIFICADA EN EL CATALOGO,BAHIA DE BANDERAS,NAY,63735,Cobro Destino,"BAHIA DE BANDERAS, NAY.","AV MEXICO 61 TORRE SIENA DEP 306, NO ESPECIFICADA EN EL CATALOGO, 63735, BAHIA DE BANDERAS, NAY",,"AV MEXICO 61 TORRE SIENA DEP 306   NO ESPECIFICADA EN EL CATALOGO_x000D__x000D_BAHIA DE BANDERAS,63735, NAY_x000D_MX",0,MPM241111UZ8
244002,221108 maritza,194530.0,1,2026-09-18 00:00:00,2026-09-18 00:00:00,C09392,MIKALLI PROPERTY MANAGEMENT,MIKALLI PROPERTY MANAGEMENT,966.9,0,154.7,1121.6,0.0,4052-L20,,1,CJA,AV MEXICO 61 TORRE SIENA DEP 306,NO ESPECIFICADA EN EL CATALOGO,BAHIA DE BANDERAS,NAY,63735,Cobro Destino,"BAHIA DE BANDERAS, NAY.","AV MEXICO 61 TORRE SIENA DEP 306, NO ESPECIFICADA EN EL CATALOGO, 63735, BAHIA DE BANDERAS, NAY",,"AV MEXICO 61 TORRE SIENA DEP 306   NO ESPECIFICADA EN EL CATALOGO_x000D__x000D_BAHIA DE BANDERAS,63735, NAY_x000D_MX",0,MPM241111UZ8
244002,221108 maritza,194530.0,1,2026-09-18 00:00:00,2026-09-18 00:00:00,C09392,MIKALLI PROPERTY MANAGEMENT,MIKALLI PROPERTY MANAGEMENT,2422.99,0,387.68,2810.67,0.0,4052-L35,,1,CJA,AV MEXICO 61 TORRE SIENA DEP 306,NO ESPECIFICADA EN EL CATALOGO,BAHIA DE BANDERAS,NAY,63735,Cobro Destino,"BAHIA DE BANDERAS, NAY.","AV MEXICO 61 TORRE SIENA DEP 306, NO ESPECIFICADA EN EL CATALOGO, 63735, BAHIA DE BANDERAS, NAY",,"AV MEXICO 61 TORRE SIENA DEP 306   NO ESPECIFICADA EN EL CATALOGO_x000D__x000D_BAHIA DE BANDERAS,63735, NAY_x000D_MX",0,MPM241111UZ8
244002,221108 maritza,194530.0,1,2026-09-18 00:00:00,2026-09-18 00:00:00,C09392,MIKALLI PROPERTY MANAGEMENT,MIKALLI PROPERTY MANAGEMENT,2422.99,0,387.68,2810.67,0.0,4052-L37,,1,CJA,AV MEXICO 61 TORRE SIENA DEP 306,NO ESPECIFICADA EN EL CATALOGO,BAHIA DE BANDERAS,NAY,63735,Cobro Destino,"BAHIA DE BANDERAS, NAY.","AV MEXICO 61 TORRE SIENA DEP 306, NO ESPECIFICADA EN EL CATALOGO, 63735, BAHIA DE BANDERAS, NAY",,"AV MEXICO 61 TORRE SIENA DEP 306   NO ESPECIFICADA EN EL CATALOGO_x000D__x000D_BAHIA DE BANDERAS,63735, NAY_x000D_MX",0,MPM241111UZ8
244002,221108 maritza,194530.0,1,2026-09-18 00:00:00,2026-09-18 00:00:00,C09392,MIKALLI PROPERTY MANAGEMENT,MIKALLI PROPERTY MANAGEMENT,2422.99,0,387.69,2810.67,0.0,4052-L38,,1,CJA,AV MEXICO 61 TORRE SIENA DEP 306,NO ESPECIFICADA EN EL CATALOGO,BAHIA DE BANDERAS,NAY,63735,Cobro Destino,"BAHIA DE BANDERAS, NAY.","AV MEXICO 61 TORRE SIENA DEP 306, NO ESPECIFICADA EN EL CATALOGO, 63735, BAHIA DE BANDERAS, NAY",,"AV MEXICO 61 TORRE SIENA DEP 306   NO ESPECIFICADA EN EL CATALOGO_x000D__x000D_BAHIA DE BANDERAS,63735, NAY_x000D_MX",0,MPM241111UZ8
244002,221108 maritza,194530.0,1,2026-09-18 00:00:00,2026-09-18 00:00:00,C09392,MIKALLI PROPERTY MANAGEMENT,MIKALLI PROPERTY MANAGEMENT,1008.5,0,161.36,1169.86,0.0,4052-J07,,1,CJA,AV MEXICO 61 TORRE SIENA DEP 306,NO ESPECIFICADA EN EL CATALOGO,BAHIA DE BANDERAS,NAY,63735,Cobro Destino,"BAHIA DE BANDERAS, NAY.","AV MEXICO 61 TORRE SIENA DEP 306, NO ESPECIFICADA EN EL CATALOGO, 63735, BAHIA DE BANDERAS, NAY",,"AV MEXICO 61 TORRE SIENA DEP 306   NO ESPECIFICADA EN EL CATALOGO_x000D__x000D_BAHIA DE BANDERAS,63735, NAY_x000D_MX",0,MPM241111UZ8
244002,221108 maritza,194530.0,1,2026-09-18 00:00:00,2026-09-18 00:00:00,C09392,MIKALLI PROPERTY MANAGEMENT,MIKALLI PROPERTY MANAGEMENT,2616.9,0,418.7,3035.6,0.0,4052-L36,Body Lotion Cava,1,CJA,AV MEXICO 61 TORRE SIENA DEP 306,NO ESPECIFICADA EN EL CATALOGO,BAHIA DE BANDERAS,NAY,63735,Cobro Destino,"BAHIA DE BANDERAS, NAY.","AV MEXICO 61 TORRE SIENA DEP 306, NO ESPECIFICADA EN EL CATALOGO, 63735, BAHIA DE BANDERAS, NAY",,"AV MEXICO 61 TORRE SIENA DEP 306   NO ESPECIFICADA EN EL CATALOGO_x000D__x000D_BAHIA DE BANDERAS,63735, NAY_x000D_MX",0,MPM241111UZ8
244003,OC14188,190963.0,1,2026-09-18 00:00:00,2026-11-17 00:00:00,C09421,GRUPO AGC INTERNACIONAL,GRUPO AGC,8880.0,0,1420.8,10300.8,0.0,C09421-L01,,74,CJA,AV. 18 DE MARZO 704 BODEGA ALCE,LA NOGALERA,GUADALAJARA,JAL,44470,Transporte LOCAL,"GUADALAJARA, JAL.","AV. 18 DE MARZO 704 BODEGA ALCE, LA NOGALERA, 44470, GUADALAJARA, JAL",,"AV LAZARO CARDENAS 2825   ALAMO INDUSTRIAL_x000D__x000D_SAN PEDRO TLAQUEPAQUE,45593, JAL_x000D_MX",33 31 22 78 26,GAI220912B38
244004,,194531.0,1,2026-09-18 00:00:00,2026-09-18 00:00:00,C08969,JOSE PABLO GARCIA EVERARDO,JP HOTEL,2683.6,0,429.38,3112.98,0.0,4051-J04,,4,CJA,AV. LAS TRUCHAS #136,JOSE GREEN,LAZARO CARDENAS,MCH,60952,Cobro Destino,"LAZARO CARDENAS, MCH.","AV. LAS TRUCHAS #136, JOSE GREEN, 60952, LAZARO CARDENAS, MCH",,"AV. LAS TRUCHAS 136   JOSE GREEN_x000D__x000D_LAZARO CARDENAS,60952, MCH_x000D_MX",753 145 8935,GAEP990109PC6
244004,,194531.0,1,2026-09-18 00:00:00,2026-09-18 00:00:00,C08969,JOSE PABLO GARCIA EVERARDO,JP HOTEL,3904.5,0,624.72,4529.22,0.0,4051-L10,,3,CJA,AV. LAS TRUCHAS #136,JOSE GREEN,LAZARO CARDENAS,MCH,60952,Cobro Destino,"LAZARO CARDENAS, MCH.","AV. LAS TRUCHAS #136, JOSE GREEN, 60952, LAZARO CARDENAS, MCH",,"AV. LAS TRUCHAS 136   JOSE GREEN_x000D__x000D_LAZARO CARDENAS,60952, MCH_x000D_MX",753 145 8935,GAEP990109PC6
244005,OC14492/1,191067.0,1,2026-09-18 00:00:00,2026-11-17 00:00:00,C09421,GRUPO AGC INTERNACIONAL,GRUPO AGC,67200.0,0,10752.0,77952.0,0.0,C09421-L01,,560,CJA,AV. 18 DE MARZO 704 BODEGA ALCE,LA NOGALERA,GUADALAJARA,JAL,44470,Transporte LOCAL,"GUADALAJARA, JAL.","AV. 18 DE MARZO 704 BODEGA ALCE, LA NOGALERA, 44470, GUADALAJARA, JAL",,"AV LAZARO CARDENAS 2825   ALAMO INDUSTRIAL_x000D__x000D_SAN PEDRO TLAQUEPAQUE,45593, JAL_x000D_MX",33 31 22 78 26,GAI220912B38
244006,SUSTITUYE PEDIDO 191985,194211.0,1,2026-09-18 00:00:00,2026-11-17 00:00:00,C09421,GRUPO AGC INTERNACIONAL,GRUPO AGC,39766.2,0,6362.59,46128.79,0.0,C09421-L07,,347,CJA,AV. 18 DE MARZO 704 BODEGA ALCE,LA NOGALERA,GUADALAJARA,JAL,44470,Transporte LOCAL,"GUADALAJARA, JAL.","AV. 18 DE MARZO 704 BODEGA ALCE, LA NOGALERA, 44470, GUADALAJARA, JAL",,"AV LAZARO CARDENAS 2825   ALAMO INDUSTRIAL_x000D__x000D_SAN PEDRO TLAQUEPAQUE,45593, JAL_x000D_MX",33 31 22 78 26,GAI220912B38
244007,OC14492/2,191068.0,1,2026-09-18 00:00:00,2026-11-17 00:00:00,C09421,GRUPO AGC INTERNACIONAL,GRUPO AGC,16800.0,0,2688.0,19488.0,0.0,C09421-L01,,140,CJA,AV. 18 DE MARZO 704 BODEGA ALCE,LA NOGALERA,GUADALAJARA,JAL,44470,Transporte LOCAL,"GUADALAJARA, JAL.","AV. 18 DE MARZO 704 BODEGA ALCE, LA NOGALERA, 44470, GUADALAJARA, JAL",,"AV LAZARO CARDENAS 2825   ALAMO INDUSTRIAL_x000D__x000D_SAN PEDRO TLAQUEPAQUE,45593, JAL_x000D_MX",33 31 22 78 26,GAI220912B38
244008,53,194522.0,1,2026-09-18 00:00:00,2026-10-18 00:00:00,C00308,OPERADORA RIO GRANDE,QUALITY INN AGUASCALIENTES (143211),4854.72,0,776.75,5631.48,0.0,4028-L32,,4,CJA,JOSE MARIA CHAVEZ  #101,CENTRO,AGUASCALIENTES,AGS,20000,Cobro Regreso,"AGUASCALIENTES, AGS.","JOSE MARIA CHAVEZ  #101, CENTRO, 20000, AGUASCALIENTES, AGS",,"JOSE MARIA CHAVEZ  #101   CENTRO_x000D__x000D_AGUASCALIENTES,20000, AGS_x000D_MX",(449)994 66 70,ORG631005AY9
244008,53,194522.0,1,2026-09-18 00:00:00,2026-10-18 00:00:00,C00308,OPERADORA RIO GRANDE,QUALITY INN AGUASCALIENTES (143211),3641.04,0,582.57,4223.61,0.0,4028-L31,,3,CJA,JOSE MARIA CHAVEZ  #101,CENTRO,AGUASCALIENTES,AGS,20000,Cobro Regreso,"AGUASCALIENTES, AGS.","JOSE MARIA CHAVEZ  #101, CENTRO, 20000, AGUASCALIENTES, AGS",,"JOSE MARIA CHAVEZ  #101   CENTRO_x000D__x000D_AGUASCALIENTES,20000, AGS_x000D_MX",(449)994 66 70,ORG631005AY9
244009,PA-06451,194525.0,1,2026-09-18 00:00:00,2026-10-03 00:00:00,C07554,IMPULSORA PLAZA SAN CARLOS,CITY EXPRESS GUAYMAS (CEGYM),6034.38,0,965.5,6999.88,0.0,4051-L10,,6,CJA,BLVD. LUIS ENRIQUE ENCINAS JHONSON S/N,LAS QUINTAS,GUAYMAS,SON,85448,Cobro Regreso,"GUAYMAS, SON.","BLVD. LUIS ENRIQUE ENCINAS JHONSON S/N, LAS QUINTAS, 85448, GUAYMAS, SON",,"JUAN SALVADOR AGRAZ #69 #12   SANTA FE CUAJIMALPA_x000D__x000D_CUAJIMALPA DE MORELOS,05348, CMX_x000D_MX",0,IPS180829BW1
244009,PA-06451,194525.0,1,2026-09-18 00:00:00,2026-10-03 00:00:00,C07554,IMPULSORA PLAZA SAN CARLOS,CITY EXPRESS GUAYMAS (CEGYM),1288.56,0,206.17,1494.73,0.0,4051-J03,,2,CJA,BLVD. LUIS ENRIQUE ENCINAS JHONSON S/N,LAS QUINTAS,GUAYMAS,SON,85448,Cobro Regreso,"GUAYMAS, SON.","BLVD. LUIS ENRIQUE ENCINAS JHONSON S/N, LAS QUINTAS, 85448, GUAYMAS, SON",,"JUAN SALVADOR AGRAZ #69 #12   SANTA FE CUAJIMALPA_x000D__x000D_CUAJIMALPA DE MORELOS,05348, CMX_x000D_MX",0,IPS180829BW1
244009,PA-06451,194525.0,1,2026-09-18 00:00:00,2026-10-03 00:00:00,C07554,IMPULSORA PLAZA SAN CARLOS,CITY EXPRESS GUAYMAS (CEGYM),1244.88,0,199.18,1444.06,0.0,4051-J04,,3,CJA,BLVD. LUIS ENRIQUE ENCINAS JHONSON S/N,LAS QUINTAS,GUAYMAS,SON,85448,Cobro Regreso,"GUAYMAS, SON.","BLVD. LUIS ENRIQUE ENCINAS JHONSON S/N, LAS QUINTAS, 85448, GUAYMAS, SON",,"JUAN SALVADOR AGRAZ #69 #12   SANTA FE CUAJIMALPA_x000D__x000D_CUAJIMALPA DE MORELOS,05348, CMX_x000D_MX",0,IPS180829BW1
244010,,194532.0,1,2026-09-18 00:00:00,2026-09-18 00:00:00,C04732,HOTEL REAL VILLA FLORIDA VERACRUZ,SUITES VILLA FLORIDA VERACRUZ,101392.46,0,16222.79,117615.25,0.0,ANTC,,1,PZA,BLVD AVILA CAMACHO 702,COSTA DE ORO,BOCA DEL RIO,VER,94299,Solo Factura,"BOCA DEL RIO, VER.","BLVD AVILA CAMACHO 702, COSTA DE ORO, 94299, BOCA DEL RIO, VER",,"BOULEVARD MANUEL AVILA CAMACHO 702   COSTA DE ORO 1A SECCION_x000D__x000D_BOCA DEL RIO,94299, VER_x000D_MX",229 923 22 22,HRV990812E63
244011,PO 39049,193637.0,13,2026-09-18 00:00:00,2026-12-17 00:00:00,C02653,MARQUISE HOSPITALITY LLC,MARQUISE HOSPITALITY LLC,43051.9,0,0.0,43051.9,2509.92,4052-L38,,108,CJA,580 N. Beach Street,,Fort Worth,TX,76111,Exportacion,"Fort Worth, TX.","580 N. Beach Street, , 76111, Fort Worth, TX",,6916 Tradonna Ln_x000D_North Richland Hills TX  76182_x000D_USA,800-946-2344,XEXX010101000
244011,PO 39049,193637.0,13,2026-09-18 00:00:00,2026-12-17 00:00:00,C02653,MARQUISE HOSPITALITY LLC,MARQUISE HOSPITALITY LLC,28800.07,0,0.0,28800.07,1679.04,4052-L39,,72,CJA,580 N. Beach Street,,Fort Worth,TX,76111,Exportacion,"Fort Worth, TX.","580 N. Beach Street, , 76111, Fort Worth, TX",,6916 Tradonna Ln_x000D_North Richland Hills TX  76182_x000D_USA,800-946-2344,XEXX010101000
244012,PO 39049,193637.0,13,2026-09-18 00:00:00,2026-12-17 00:00:00,C02653,MARQUISE HOSPITALITY LLC,MARQUISE HOSPITALITY LLC,39794.26,0,0.0,39794.26,2320.0,SCO1,,1,PZA,580 N. Beach Street,,Fort Worth,TX,76111,Exportacion,"Fort Worth, TX.","580 N. Beach Street, , 76111, Fort Worth, TX",,6916 Tradonna Ln_x000D_North Richland Hills TX  76182_x000D_USA,800-946-2344,XEXX010101000
244012,PO 39049,193637.0,13,2026-09-18 00:00:00,2026-12-17 00:00:00,C02653,MARQUISE HOSPITALITY LLC,MARQUISE HOSPITALITY LLC,9433.99,0,0.0,9433.99,550.0,SCO1,,1,PZA,580 N. Beach Street,,Fort Worth,TX,76111,Exportacion,"Fort Worth, TX.","580 N. Beach Street, , 76111, Fort Worth, TX",,6916 Tradonna Ln_x000D_North Richland Hills TX  76182_x000D_USA,800-946-2344,XEXX010101000
244013,PEDIDO SEPTIEMBRE 2026,194533.0,1,2026-09-18 00:00:00,2026-09-18 00:00:00,C05040,OPERADORA GRILAR,HOTEL ORIZABA INN,3647.96,0,583.67,4231.63,0.0,4016-J07,,4,CJA,ORIENTE 2 117 ORIZABA,CENTRO,ORIZABA,VER,94300,Cobro Destino,"ORIZABA, VER.","ORIENTE 2 117 ORIZABA, CENTRO, 94300, ORIZABA, VER",,"ORIENTE 2 NUMERO 117   CENTRO_x000D__x000D_ORIZABA,94300, VER_x000D_MX",272 72 506 26,OGR1310238AA
244013,PEDIDO SEPTIEMBRE 2026,194533.0,1,2026-09-18 00:00:00,2026-09-18 00:00:00,C05040,OPERADORA GRILAR,HOTEL ORIZABA INN,4671.6,0,747.46,5419.06,0.0,4016-L04,,4,CJA,ORIENTE 2 117 ORIZABA,CENTRO,ORIZABA,VER,94300,Cobro Destino,"ORIZABA, VER.","ORIENTE 2 117 ORIZABA, CENTRO, 94300, ORIZABA, VER",,"ORIENTE 2 NUMERO 117   CENTRO_x000D__x000D_ORIZABA,94300, VER_x000D_MX",272 72 506 26,OGR1310238AA
244013,PEDIDO SEPTIEMBRE 2026,194533.0,1,2026-09-18 00:00:00,2026-09-18 00:00:00,C05040,OPERADORA GRILAR,HOTEL ORIZABA INN,3860.7,0,617.71,4478.41,0.0,4016-L07,ELEMENTS EVOLUTION B,3,CJA,ORIENTE 2 117 ORIZABA,CENTRO,ORIZABA,VER,94300,Cobro Destino,"ORIZABA, VER.","ORIENTE 2 117 ORIZABA, CENTRO, 94300, ORIZABA, VER",,"ORIENTE 2 NUMERO 117   CENTRO_x000D__x000D_ORIZABA,94300, VER_x000D_MX",272 72 506 26,OGR1310238AA
244014,GV-14335,194536.0,3,2026-09-18 00:00:00,2026-10-03 00:00:00,C07204,GRUPO INMOBILIARIO ROSETTA,CITY EXPRESS PLAYA DEL CARMEN (CEPDC),3017.19,0,482.75,3499.94,0.0,4051-L10,,3,CJA,AV. BALAMKANCHE LOTE 4 MZNA 30,PLAYA CAR FASE II,PLAYA DEL CARMEN,QR,77710,CEDIS Cancún,"PLAYA DEL CARMEN, QR.","AV. BALAMKANCHE LOTE 4 MZNA 30, PLAYA CAR FASE II, 77710, PLAYA DEL CARMEN, QR",,"JUAN SALVADOR AGRAZ 69 PISO 12   SANTA FE CUAJIMALPA_x000D__x000D_CUAJIMALPA DE MORELOS,05348, CMX_x000D_MX",01 984 206 3930,GIR0308296V2
244014,GV-14335,194536.0,3,2026-09-18 00:00:00,2026-10-03 00:00:00,C07204,GRUPO INMOBILIARIO ROSETTA,CITY EXPRESS PLAYA DEL CARMEN (CEPDC),1288.56,0,206.17,1494.73,0.0,4051-J03,,2,CJA,AV. BALAMKANCHE LOTE 4 MZNA 30,PLAYA CAR FASE II,PLAYA DEL CARMEN,QR,77710,CEDIS Cancún,"PLAYA DEL CARMEN, QR.","AV. BALAMKANCHE LOTE 4 MZNA 30, PLAYA CAR FASE II, 77710, PLAYA DEL CARMEN, QR",,"JUAN SALVADOR AGRAZ 69 PISO 12   SANTA FE CUAJIMALPA_x000D__x000D_CUAJIMALPA DE MORELOS,05348, CMX_x000D_MX",01 984 206 3930,GIR0308296V2
244014,GV-14335,194536.0,3,2026-09-18 00:00:00,2026-10-03 00:00:00,C07204,GRUPO INMOBILIARIO ROSETTA,CITY EXPRESS PLAYA DEL CARMEN (CEPDC),1244.88,0,199.18,1444.06,0.0,4051-J04,,3,CJA,AV. BALAMKANCHE LOTE 4 MZNA 30,PLAYA CAR FASE II,PLAYA DEL CARMEN,QR,77710,CEDIS Cancún,"PLAYA DEL CARMEN, QR.","AV. BALAMKANCHE LOTE 4 MZNA 30, PLAYA CAR FASE II, 77710, PLAYA DEL CARMEN, QR",,"JUAN SALVADOR AGRAZ 69 PISO 12   SANTA FE CUAJIMALPA_x000D__x000D_CUAJIMALPA DE MORELOS,05348, CMX_x000D_MX",01 984 206 3930,GIR0308296V2
244014,GV-14335,194536.0,3,2026-09-18 00:00:00,2026-10-03 00:00:00,C07204,GRUPO INMOBILIARIO ROSETTA,CITY EXPRESS PLAYA DEL CARMEN (CEPDC),1005.73,0,160.92,1166.65,0.0,4051-L11,,1,CJA,AV. BALAMKANCHE LOTE 4 MZNA 30,PLAYA CAR FASE II,PLAYA DEL CARMEN,QR,77710,CEDIS Cancún,"PLAYA DEL CARMEN, QR.","AV. BALAMKANCHE LOTE 4 MZNA 30, PLAYA CAR FASE II, 77710, PLAYA DEL CARMEN, QR",,"JUAN SALVADOR AGRAZ 69 PISO 12   SANTA FE CUAJIMALPA_x000D__x000D_CUAJIMALPA DE MORELOS,05348, CMX_x000D_MX",01 984 206 3930,GIR0308296V2
244015,PEDIDO CEPILLOS SEPTIEMBRE ANGEL,194540.0,1,2026-09-18 00:00:00,2026-10-18 00:00:00,C03161,COMPAÑIA MEXICANA DE INVERSIONES TURISTICAS,HOTEL LUCERNA ENSENADA,1509.98,0,241.6,1751.58,0.0,4029-A90,,2,CJA,AUTOPISTA TIJUANA-ENSENADA # 2501,ZONA PLAYITAS,ENSENADA,BC,22860,Cobro Regreso,"ENSENADA, BC.","AUTOPISTA TIJUANA-ENSENADA # 2501, ZONA PLAYITAS, 22860, ENSENADA, BC",,"BOULEVARD PASEO DE LOS HEROES 10902  29   ZONA URBANA RIO TIJUANA_x000D__x000D_TIJUANA,22010, BC_x000D_MX",646 222 2400,MIT840226SU9
244016,221038 maritza,194539.0,1,2026-09-18 00:00:00,2026-09-18 00:00:00,C07032,CONSTRUCTORA TURISTICA DE HUANACAXTLE,BANDERAS SUITES & HOTEL,798.9,0,127.82,926.72,0.0,4052-L45,,1,CJA,RETORNO LAS MINITAS #496,PLAYAS DE HUANACAXTLE,PLAYAS DE HUANACAXTLE,NAY,63732,Kora Express C.Destino,"PLAYAS DE HUANACAXTLE, NAY.","RETORNO LAS MINITAS #496, PLAYAS DE HUANACAXTLE, 63732, PLAYAS DE HUANACAXTLE, NAY",,"CALLE RETORNO LAS MINITAS #496   PLAYAS DE HUANACAXTLE_x000D__x000D_BAHIA DE BANDERAS,63732, NAY_x000D_MX",(329) 298-1514,CTH000913UE3
244016,221038 maritza,194539.0,1,2026-09-18 00:00:00,2026-09-18 00:00:00,C07032,CONSTRUCTORA TURISTICA DE HUANACAXTLE,BANDERAS SUITES & HOTEL,992.5,0,158.8,1151.3,0.0,4043-J07,,1,CJA,RETORNO LAS MINITAS #496,PLAYAS DE HUANACAXTLE,PLAYAS DE HUANACAXTLE,NAY,63732,Kora Express C.Destino,"PLAYAS DE HUANACAXTLE, NAY.","RETORNO LAS MINITAS #496, PLAYAS DE HUANACAXTLE, 63732, PLAYAS DE HUANACAXTLE, NAY",,"CALLE RETORNO LAS MINITAS #496   PLAYAS DE HUANACAXTLE_x000D__x000D_BAHIA DE BANDERAS,63732, NAY_x000D_MX",(329) 298-1514,CTH000913UE3
244017,pedido 2 septiembre  2026,194541.0,1,2026-09-18 00:00:00,2026-10-18 00:00:00,C03161,COMPAÑIA MEXICANA DE INVERSIONES TURISTICAS,HOTEL LUCERNA ENSENADA,2950.5,0,472.08,3422.58,0.0,4011-J08,,3,CJA,AUTOPISTA TIJUANA-ENSENADA # 2501,ZONA PLAYITAS,ENSENADA,BC,22860,Cobro Regreso,"ENSENADA, BC.","AUTOPISTA TIJUANA-ENSENADA # 2501, ZONA PLAYITAS, 22860, ENSENADA, BC",,"BOULEVARD PASEO DE LOS HEROES 10902  29   ZONA URBANA RIO TIJUANA_x000D__x000D_TIJUANA,22010, BC_x000D_MX",646 222 2400,MIT840226SU9
244017,pedido 2 septiembre  2026,194541.0,1,2026-09-18 00:00:00,2026-10-18 00:00:00,C03161,COMPAÑIA MEXICANA DE INVERSIONES TURISTICAS,HOTEL LUCERNA ENSENADA,2899.0,0,463.84,3362.84,0.0,4011-L09,,2,CJA,AUTOPISTA TIJUANA-ENSENADA # 2501,ZONA PLAYITAS,ENSENADA,BC,22860,Cobro Regreso,"ENSENADA, BC.","AUTOPISTA TIJUANA-ENSENADA # 2501, ZONA PLAYITAS, 22860, ENSENADA, BC",,"BOULEVARD PASEO DE LOS HEROES 10902  29   ZONA URBANA RIO TIJUANA_x000D__x000D_TIJUANA,22010, BC_x000D_MX",646 222 2400,MIT840226SU9
244017,pedido 2 septiembre  2026,194541.0,1,2026-09-18 00:00:00,2026-10-18 00:00:00,C03161,COMPAÑIA MEXICANA DE INVERSIONES TURISTICAS,HOTEL LUCERNA ENSENADA,2319.8,0,371.17,2690.97,0.0,4011-J07,,2,CJA,AUTOPISTA TIJUANA-ENSENADA # 2501,ZONA PLAYITAS,ENSENADA,BC,22860,Cobro Regreso,"ENSENADA, BC.","AUTOPISTA TIJUANA-ENSENADA # 2501, ZONA PLAYITAS, 22860, ENSENADA, BC",,"BOULEVARD PASEO DE LOS HEROES 10902  29   ZONA URBANA RIO TIJUANA_x000D__x000D_TIJUANA,22010, BC_x000D_MX",646 222 2400,MIT840226SU9
244017,pedido 2 septiembre  2026,194541.0,1,2026-09-18 00:00:00,2026-10-18 00:00:00,C03161,COMPAÑIA MEXICANA DE INVERSIONES TURISTICAS,HOTEL LUCERNA ENSENADA,1508.5,0,241.36,1749.86,0.0,4011-L10,,1,CJA,AUTOPISTA TIJUANA-ENSENADA # 2501,ZONA PLAYITAS,ENSENADA,BC,22860,Cobro Regreso,"ENSENADA, BC.","AUTOPISTA TIJUANA-ENSENADA # 2501, ZONA PLAYITAS, 22860, ENSENADA, BC",,"BOULEVARD PASEO DE LOS HEROES 10902  29   ZONA URBANA RIO TIJUANA_x000D__x000D_TIJUANA,22010, BC_x000D_MX",646 222 2400,MIT840226SU9
244018,220977 MARITZA,194544.0,1,2026-09-18 00:00:00,2026-09-18 00:00:00,C02250,OPERADORA HOTELERA AVION,HOTEL LA VID,9119.9,0,1459.18,10579.08,0.0,4016-J07,,10,CJA,JOSE MARIA CHAVEZ #1305,CD.INDUSTRIAL,AGUASCALIENTES,AGS,20290,Cobro Destino,"AGUASCALIENTES, AGS.","JOSE MARIA CHAVEZ #1305, CD.INDUSTRIAL, 20290, AGUASCALIENTES, AGS",,"AV. BLVD. JOSE MARIA CHAVEZ # 1305   CD.INDUSTRIAL_x000D__x000D_AGUASCALIENTES,20290, AGS_x000D_MX",449 913 9150,OHA100323GD8
244019,PO5436272,194545.0,1,2026-09-18 00:00:00,2026-10-18 00:00:00,C01567,FIDEICOMISO F/1596,FIESTA INN MONTERREY LA FE (FIMTF),6537.0,0,1045.92,7582.92,0.0,4029-A05,MISCELANEOS,3,CJA,CARRETERA MIGUEL ALEMAN No. 105  LA FE,LA FE,SAN NICOLAS DE LOS GARZA,NL,66477,Cobro Destino,"SAN NICOLAS DE LOS GARZA, NL.","CARRETERA MIGUEL ALEMAN No. 105  LA FE, LA FE, 66477, SAN NICOLAS DE LOS GARZA, NL",,"AV SANTA FE #481 PISO 7   SANTA FE CUAJIMALPA_x000D__x000D_CUAJIMALPA DE MORELOS,05348, CMX_x000D_MX",81)83197500/12/11/10,FFX121005C6A
244020,3652293,194547.0,1,2026-09-18 00:00:00,2026-09-18 00:00:00,C07529,MARMAYA,HOTEL CASA MONARCA,1167.9,0,186.86,1354.76,0.0,4016-L05,,1,CJA,7 SUR #303 ENTRE 3 Y 5 PONIENTE,PUEBLA CENTRO,PUEBLA,PUE,72000,Cobro Destino,"PUEBLA, PUE.","7 SUR #303 ENTRE 3 Y 5 PONIENTE, PUEBLA CENTRO, 72000, PUEBLA, PUE",,"7 SUR #303   PUEBLA CENTRO_x000D__x000D_PUEBLA,72000, PUE_x000D_MX",22 2260 6341,MAR970117PF0
244020,3652293,194547.0,1,2026-09-18 00:00:00,2026-09-18 00:00:00,C07529,MARMAYA,HOTEL CASA MONARCA,911.99,0,145.92,1057.91,0.0,4016-J07,,1,CJA,7 SUR #303 ENTRE 3 Y 5 PONIENTE,PUEBLA CENTRO,PUEBLA,PUE,72000,Cobro Destino,"PUEBLA, PUE.","7 SUR #303 ENTRE 3 Y 5 PONIENTE, PUEBLA CENTRO, 72000, PUEBLA, PUE",,"7 SUR #303   PUEBLA CENTRO_x000D__x000D_PUEBLA,72000, PUE_x000D_MX",22 2260 6341,MAR970117PF0
244021,PX-14716,194550.0,1,2026-09-18 00:00:00,2026-10-03 00:00:00,C07184,IMPULSORA PLAZA JUAREZ,CITY EXPRESS SAN LUIS POTOSI ZONA INDUSTRIAL (CESLP),829.92,0,132.79,962.71,0.0,4051-J04,,2,CJA,CARR. CENTRAL MEXICO-SLP #2150,FRACC. INDUSTRIAS,SAN LUIS POTOSI,SLP,78399,Cobro Destino,"SAN LUIS POTOSI, SLP.","CARR. CENTRAL MEXICO-SLP #2150, FRACC. INDUSTRIAS, 78399, SAN LUIS POTOSI, SLP",,"JUAN SALVADOR AGRAZ 69 PISO 12   SANTA FE CUAJIMALPA_x000D__x000D_CUAJIMALPA DE MORELOS,05348, CMX_x000D_MX",01 444 826 8700,IPJ030829QDA
244021,PX-14716,194550.0,1,2026-09-18 00:00:00,2026-10-03 00:00:00,C07184,IMPULSORA PLAZA JUAREZ,CITY EXPRESS SAN LUIS POTOSI ZONA INDUSTRIAL (CESLP),644.28,0,103.09,747.36,0.0,4051-J03,,1,CJA,CARR. CENTRAL MEXICO-SLP #2150,FRACC. INDUSTRIAS,SAN LUIS POTOSI,SLP,78399,Cobro Destino,"SAN LUIS POTOSI, SLP.","CARR. CENTRAL MEXICO-SLP #2150, FRACC. INDUSTRIAS, 78399, SAN LUIS POTOSI, SLP",,"JUAN SALVADOR AGRAZ 69 PISO 12   SANTA FE CUAJIMALPA_x000D__x000D_CUAJIMALPA DE MORELOS,05348, CMX_x000D_MX",01 444 826 8700,IPJ030829QDA
244021,PX-14716,194550.0,1,2026-09-18 00:00:00,2026-10-03 00:00:00,C07184,IMPULSORA PLAZA JUAREZ,CITY EXPRESS SAN LUIS POTOSI ZONA INDUSTRIAL (CESLP),1005.73,0,160.91,1166.65,0.0,4051-L11,,1,CJA,CARR. CENTRAL MEXICO-SLP #2150,FRACC. INDUSTRIAS,SAN LUIS POTOSI,SLP,78399,Cobro Destino,"SAN LUIS POTOSI, SLP.","CARR. CENTRAL MEXICO-SLP #2150, FRACC. INDUSTRIAS, 78399, SAN LUIS POTOSI, SLP",,"JUAN SALVADOR AGRAZ 69 PISO 12   SANTA FE CUAJIMALPA_x000D__x000D_CUAJIMALPA DE MORELOS,05348, CMX_x000D_MX",01 444 826 8700,IPJ030829QDA
244021,PX-14716,194550.0,1,2026-09-18 00:00:00,2026-10-03 00:00:00,C07184,IMPULSORA PLAZA JUAREZ,CITY EXPRESS SAN LUIS POTOSI ZONA INDUSTRIAL (CESLP),1005.73,0,160.92,1166.65,0.0,4051-L10,,1,CJA,CARR. CENTRAL MEXICO-SLP #2150,FRACC. INDUSTRIAS,SAN LUIS POTOSI,SLP,78399,Cobro Destino,"SAN LUIS POTOSI, SLP.","CARR. CENTRAL MEXICO-SLP #2150, FRACC. INDUSTRIAS, 78399, SAN LUIS POTOSI, SLP",,"JUAN SALVADOR AGRAZ 69 PISO 12   SANTA FE CUAJIMALPA_x000D__x000D_CUAJIMALPA DE MORELOS,05348, CMX_x000D_MX",01 444 826 8700,IPJ030829QDA
244022,JYPESA AMENIDADES HBW SEP 2026,194551.0,1,2026-09-18 00:00:00,2026-09-18 00:00:00,C08707,M&C&S PROMOTORES INTERNACIONALES ESPECIALIZADOS HOTELERIA,BEST WESTERN TULA,911.99,0,145.92,1057.91,0.0,4016-J07,,1,CJA,ZARAGOZA 11,CENTRO,TULA DE ALLENDE,HID,42800,Cobro Destino,"TULA DE ALLENDE, HID.","ZARAGOZA 11, CENTRO, 42800, TULA DE ALLENDE, HID",,"CALLE EXTREMADURA M 02 L 8 CASA 10   SUPERMANZANA 97_x000D__x000D_CANCUN,77530, QR_x000D_MX",773 732 5351,MPI221123EE3
244022,JYPESA AMENIDADES HBW SEP 2026,194551.0,1,2026-09-18 00:00:00,2026-09-18 00:00:00,C08707,M&C&S PROMOTORES INTERNACIONALES ESPECIALIZADOS HOTELERIA,BEST WESTERN TULA,1167.9,0,186.86,1354.76,0.0,4016-L04,,1,CJA,ZARAGOZA 11,CENTRO,TULA DE ALLENDE,HID,42800,Cobro Destino,"TULA DE ALLENDE, HID.","ZARAGOZA 11, CENTRO, 42800, TULA DE ALLENDE, HID",,"CALLE EXTREMADURA M 02 L 8 CASA 10   SUPERMANZANA 97_x000D__x000D_CANCUN,77530, QR_x000D_MX",773 732 5351,MPI221123EE3
244023,OC: MZT0011,194552.0,1,2026-09-18 00:00:00,2026-10-18 00:00:00,C09328,COMERCIALIZADORA SANITARIA,COMSAN,6839.93,25,1094.39,7934.31,0.0,4016-J07,,10,CJA,"CARRETERA FEDERAL LIBRE MEXICO-NOGALES KM 1194 , BODEGA 10, BM.",URIAS,MAZATLAN,SIN,82099,Cobro Regreso,"MAZATLAN, SIN.","CARRETERA FEDERAL LIBRE MEXICO-NOGALES KM 1194 , BODEGA 10, BM., URIAS, 82099, MAZATLAN, SIN",,"BLVD. LUIS ENCINAS JOHNSON #214   HERMOSILLO CENTRO_x000D__x000D_HERMOSILLO,83000, SON_x000D_MX",662 212 1221,CSA950626BE2
244023,OC: MZT0011,194552.0,1,2026-09-18 00:00:00,2026-10-18 00:00:00,C09328,COMERCIALIZADORA SANITARIA,COMSAN,4471.88,25,715.5,5187.38,0.0,4018-L14,,5,CJA,"CARRETERA FEDERAL LIBRE MEXICO-NOGALES KM 1194 , BODEGA 10, BM.",URIAS,MAZATLAN,SIN,82099,Cobro Regreso,"MAZATLAN, SIN.","CARRETERA FEDERAL LIBRE MEXICO-NOGALES KM 1194 , BODEGA 10, BM., URIAS, 82099, MAZATLAN, SIN",,"BLVD. LUIS ENCINAS JOHNSON #214   HERMOSILLO CENTRO_x000D__x000D_HERMOSILLO,83000, SON_x000D_MX",662 212 1221,CSA950626BE2
244023,OC: MZT0011,194552.0,1,2026-09-18 00:00:00,2026-10-18 00:00:00,C09328,COMERCIALIZADORA SANITARIA,COMSAN,17887.5,25,2862.0,20749.5,0.0,4018-L15,,20,CJA,"CARRETERA FEDERAL LIBRE MEXICO-NOGALES KM 1194 , BODEGA 10, BM.",URIAS,MAZATLAN,SIN,82099,Cobro Regreso,"MAZATLAN, SIN.","CARRETERA FEDERAL LIBRE MEXICO-NOGALES KM 1194 , BODEGA 10, BM., URIAS, 82099, MAZATLAN, SIN",,"BLVD. LUIS ENCINAS JOHNSON #214   HERMOSILLO CENTRO_x000D__x000D_HERMOSILLO,83000, SON_x000D_MX",662 212 1221,CSA950626BE2
244023,OC: MZT0011,194552.0,1,2026-09-18 00:00:00,2026-10-18 00:00:00,C09328,COMERCIALIZADORA SANITARIA,COMSAN,17887.5,25,2862.0,20749.5,0.0,4018-L16,,20,CJA,"CARRETERA FEDERAL LIBRE MEXICO-NOGALES KM 1194 , BODEGA 10, BM.",URIAS,MAZATLAN,SIN,82099,Cobro Regreso,"MAZATLAN, SIN.","CARRETERA FEDERAL LIBRE MEXICO-NOGALES KM 1194 , BODEGA 10, BM., URIAS, 82099, MAZATLAN, SIN",,"BLVD. LUIS ENCINAS JOHNSON #214   HERMOSILLO CENTRO_x000D__x000D_HERMOSILLO,83000, SON_x000D_MX",662 212 1221,CSA950626BE2
244023,OC: MZT0011,194552.0,1,2026-09-18 00:00:00,2026-10-18 00:00:00,C09328,COMERCIALIZADORA SANITARIA,COMSAN,4646.21,25,743.39,5389.61,0.0,4018-L17,,5,CJA,"CARRETERA FEDERAL LIBRE MEXICO-NOGALES KM 1194 , BODEGA 10, BM.",URIAS,MAZATLAN,SIN,82099,Cobro Regreso,"MAZATLAN, SIN.","CARRETERA FEDERAL LIBRE MEXICO-NOGALES KM 1194 , BODEGA 10, BM., URIAS, 82099, MAZATLAN, SIN",,"BLVD. LUIS ENCINAS JOHNSON #214   HERMOSILLO CENTRO_x000D__x000D_HERMOSILLO,83000, SON_x000D_MX",662 212 1221,CSA950626BE2
244024,DT-01754,194553.0,1,2026-09-18 00:00:00,2026-10-03 00:00:00,C04176,IMPULSORA PLAZA HIDALGO,CITY EXPRESS TIJUANA FLORIDO (CETIF),1932.84,0,309.25,2242.09,0.0,4051-J03,,3,CJA,CARRETERA LIBRE TIJUANA-MEXICALI N/N A UN LADO DE PLAZA SENDERO,EL FLORIDO,TIJUANA,BC,22247,Cobro Regreso,"TIJUANA, BC.","CARRETERA LIBRE TIJUANA-MEXICALI N/N A UN LADO DE PLAZA SENDERO, EL FLORIDO, 22247, TIJUANA, BC",,"CALLE JUAN SALVADOR AGRAZ 69 PISO 12   SANTA FE CUAJIMALPA_x000D__x000D_CUAJIMALPA DE MORELOS,05348, CMX_x000D_MX",664 942 8140,IPH1804265S7
244024,DT-01754,194553.0,1,2026-09-18 00:00:00,2026-10-03 00:00:00,C04176,IMPULSORA PLAZA HIDALGO,CITY EXPRESS TIJUANA FLORIDO (CETIF),829.92,0,132.79,962.71,0.0,4051-J04,,2,CJA,CARRETERA LIBRE TIJUANA-MEXICALI N/N A UN LADO DE PLAZA SENDERO,EL FLORIDO,TIJUANA,BC,22247,Cobro Regreso,"TIJUANA, BC.","CARRETERA LIBRE TIJUANA-MEXICALI N/N A UN LADO DE PLAZA SENDERO, EL FLORIDO, 22247, TIJUANA, BC",,"CALLE JUAN SALVADOR AGRAZ 69 PISO 12   SANTA FE CUAJIMALPA_x000D__x000D_CUAJIMALPA DE MORELOS,05348, CMX_x000D_MX",664 942 8140,IPH1804265S7
244024,DT-01754,194553.0,1,2026-09-18 00:00:00,2026-10-03 00:00:00,C04176,IMPULSORA PLAZA HIDALGO,CITY EXPRESS TIJUANA FLORIDO (CETIF),1005.73,0,160.92,1166.65,0.0,4051-L10,,1,CJA,CARRETERA LIBRE TIJUANA-MEXICALI N/N A UN LADO DE PLAZA SENDERO,EL FLORIDO,TIJUANA,BC,22247,Cobro Regreso,"TIJUANA, BC.","CARRETERA LIBRE TIJUANA-MEXICALI N/N A UN LADO DE PLAZA SENDERO, EL FLORIDO, 22247, TIJUANA, BC",,"CALLE JUAN SALVADOR AGRAZ 69 PISO 12   SANTA FE CUAJIMALPA_x000D__x000D_CUAJIMALPA DE MORELOS,05348, CMX_x000D_MX",664 942 8140,IPH1804265S7
244024,DT-01754,194553.0,1,2026-09-18 00:00:00,2026-10-03 00:00:00,C04176,IMPULSORA PLAZA HIDALGO,CITY EXPRESS TIJUANA FLORIDO (CETIF),1005.73,0,160.92,1166.65,0.0,4051-L11,,1,CJA,CARRETERA LIBRE TIJUANA-MEXICALI N/N A UN LADO DE PLAZA SENDERO,EL FLORIDO,TIJUANA,BC,22247,Cobro Regreso,"TIJUANA, BC.","CARRETERA LIBRE TIJUANA-MEXICALI N/N A UN LADO DE PLAZA SENDERO, EL FLORIDO, 22247, TIJUANA, BC",,"CALLE JUAN SALVADOR AGRAZ 69 PISO 12   SANTA FE CUAJIMALPA_x000D__x000D_CUAJIMALPA DE MORELOS,05348, CMX_x000D_MX",664 942 8140,IPH1804265S7
244024,DT-01754,194553.0,1,2026-09-18 00:00:00,2026-10-03 00:00:00,C04176,IMPULSORA PLAZA HIDALGO,CITY EXPRESS TIJUANA FLORIDO (CETIF),2011.46,0,321.83,2333.29,0.0,4051-L12,,2,CJA,CARRETERA LIBRE TIJUANA-MEXICALI N/N A UN LADO DE PLAZA SENDERO,EL FLORIDO,TIJUANA,BC,22247,Cobro Regreso,"TIJUANA, BC.","CARRETERA LIBRE TIJUANA-MEXICALI N/N A UN LADO DE PLAZA SENDERO, EL FLORIDO, 22247, TIJUANA, BC",,"CALLE JUAN SALVADOR AGRAZ 69 PISO 12   SANTA FE CUAJIMALPA_x000D__x000D_CUAJIMALPA DE MORELOS,05348, CMX_x000D_MX",664 942 8140,IPH1804265S7
244025,OC-10560,194526.0,3,2026-09-18 00:00:00,2026-10-18 00:00:00,C07946,KEY PROPERTIES,FAIRFIELD INN DOWNTON CANCUN A0242828,1574.66,0,251.95,1826.61,0.0,C06601-L08,,2,CJA,AV. TULUM MZ 14 lt 2,SUPER MANZANA 4,CANCUN,QR,77500,CEDIS Cancún,"CANCUN, QR.","AV. TULUM MZ 14 lt 2, SUPER MANZANA 4, 77500, CANCUN, QR",,"AVENIDA TULUM MANZANA 14 LOTE 2 INT TORRE 1 220   SUPERMANZANA 4_x000D_005_x000D_CANCUN,77500, QR_x000D_MX",998 872 9400 compras,KPR080122AYA
244025,OC-10560,194526.0,3,2026-09-18 00:00:00,2026-10-18 00:00:00,C07946,KEY PROPERTIES,FAIRFIELD INN DOWNTON CANCUN A0242828,1574.66,0,251.95,1826.61,0.0,C06601-L10,,2,CJA,AV. TULUM MZ 14 lt 2,SUPER MANZANA 4,CANCUN,QR,77500,CEDIS Cancún,"CANCUN, QR.","AV. TULUM MZ 14 lt 2, SUPER MANZANA 4, 77500, CANCUN, QR",,"AVENIDA TULUM MANZANA 14 LOTE 2 INT TORRE 1 220   SUPERMANZANA 4_x000D_005_x000D_CANCUN,77500, QR_x000D_MX",998 872 9400 compras,KPR080122AYA
244025,OC-10560,194526.0,3,2026-09-18 00:00:00,2026-10-18 00:00:00,C07946,KEY PROPERTIES,FAIRFIELD INN DOWNTON CANCUN A0242828,1788.0,0,286.07,2074.08,0.0,C06601-J04,,2,CJA,AV. TULUM MZ 14 lt 2,SUPER MANZANA 4,CANCUN,QR,77500,CEDIS Cancún,"CANCUN, QR.","AV. TULUM MZ 14 lt 2, SUPER MANZANA 4, 77500, CANCUN, QR",,"AVENIDA TULUM MANZANA 14 LOTE 2 INT TORRE 1 220   SUPERMANZANA 4_x000D_005_x000D_CANCUN,77500, QR_x000D_MX",998 872 9400 compras,KPR080122AYA
244025,OC-10560,194526.0,3,2026-09-18 00:00:00,2026-10-18 00:00:00,C07946,KEY PROPERTIES,FAIRFIELD INN DOWNTON CANCUN A0242828,787.33,0,125.97,913.3,0.0,C06601-L09,,1,CJA,AV. TULUM MZ 14 lt 2,SUPER MANZANA 4,CANCUN,QR,77500,CEDIS Cancún,"CANCUN, QR.","AV. TULUM MZ 14 lt 2, SUPER MANZANA 4, 77500, CANCUN, QR",,"AVENIDA TULUM MANZANA 14 LOTE 2 INT TORRE 1 220   SUPERMANZANA 4_x000D_005_x000D_CANCUN,77500, QR_x000D_MX",998 872 9400 compras,KPR080122AYA
244025,OC-10560,194526.0,3,2026-09-18 00:00:00,2026-10-18 00:00:00,C07946,KEY PROPERTIES,FAIRFIELD INN DOWNTON CANCUN A0242828,796.49,0,127.44,923.93,0.0,C06601-L11,,1,CJA,AV. TULUM MZ 14 lt 2,SUPER MANZANA 4,CANCUN,QR,77500,CEDIS Cancún,"CANCUN, QR.","AV. TULUM MZ 14 lt 2, SUPER MANZANA 4, 77500, CANCUN, QR",,"AVENIDA TULUM MANZANA 14 LOTE 2 INT TORRE 1 220   SUPERMANZANA 4_x000D_005_x000D_CANCUN,77500, QR_x000D_MX",998 872 9400 compras,KPR080122AYA
244025,OC-10560,194526.0,3,2026-09-18 00:00:00,2026-10-18 00:00:00,C07946,KEY PROPERTIES,FAIRFIELD INN DOWNTON CANCUN A0242828,2598.0,0,415.68,3013.68,0.0,5369-L02,RAINFOREST FOLIAGE B,2,CJA,AV. TULUM MZ 14 lt 2,SUPER MANZANA 4,CANCUN,QR,77500,CEDIS Cancún,"CANCUN, QR.","AV. TULUM MZ 14 lt 2, SUPER MANZANA 4, 77500, CANCUN, QR",,"AVENIDA TULUM MANZANA 14 LOTE 2 INT TORRE 1 220   SUPERMANZANA 4_x000D_005_x000D_CANCUN,77500, QR_x000D_MX",998 872 9400 compras,KPR080122AYA
244026,OC-20653,194529.0,3,2026-09-18 00:00:00,2026-10-18 00:00:00,C08939,SERVICIOS ESPECIALIZADOS PLAYA BLANCA,HOTEL WYNDHAM GRAND CANCUN ONLY INCLUSIVE RESORTS  &VILLAS,1005.8,0,160.93,1166.73,0.0,5369-J03,,1,CJA,BLVD KUKULCAN KM 16.5 MANZANA 53 LOTE 48 2DA SECCION,ZONA HOTELERA,CANCUN,QR,77500,CEDIS Cancún,"CANCUN, QR.","BLVD KUKULCAN KM 16.5 MANZANA 53 LOTE 48 2DA SECCION, ZONA HOTELERA, 77500, CANCUN, QR",,"BLVD. BLVD KUKULCAN KM 16.5  MANZANA 53 LOTE 48 2DA SECCION   ZONA HOTELERA_x000D__x000D_CANCUN,77500, QR_x000D_MX",9988810600,SEP210719532
244026,OC-20653,194529.0,3,2026-09-18 00:00:00,2026-10-18 00:00:00,C08939,SERVICIOS ESPECIALIZADOS PLAYA BLANCA,HOTEL WYNDHAM GRAND CANCUN ONLY INCLUSIVE RESORTS  &VILLAS,1159.0,0,185.44,1344.44,0.0,5369-L02,RAINFOREST FOLIAGE B,1,CJA,BLVD KUKULCAN KM 16.5 MANZANA 53 LOTE 48 2DA SECCION,ZONA HOTELERA,CANCUN,QR,77500,CEDIS Cancún,"CANCUN, QR.","BLVD KUKULCAN KM 16.5 MANZANA 53 LOTE 48 2DA SECCION, ZONA HOTELERA, 77500, CANCUN, QR",,"BLVD. BLVD KUKULCAN KM 16.5  MANZANA 53 LOTE 48 2DA SECCION   ZONA HOTELERA_x000D__x000D_CANCUN,77500, QR_x000D_MX",9988810600,SEP210719532
244027,PEDIDO SEPTIEMBRE 26,194537.0,3,2026-09-18 00:00:00,2026-10-18 00:00:00,C07358,LITORE MAYA,HOLIDAY INN EXPRESS & SUITES PLAYA DEL CARMEN (PCMPD),1851.66,0,296.27,2147.93,0.0,69706958,,3,CJA,AV CONSTITUYENTES MZ 039 LOTE 002 NORTE,DE SOLIDARIDAD,PLAYA DEL CARMEN,QR,77710,CEDIS Cancún,"PLAYA DEL CARMEN, QR.","AV CONSTITUYENTES MZ 039 LOTE 002 NORTE, DE SOLIDARIDAD, 77710, PLAYA DEL CARMEN, QR",,"AVENIDA ALFONSO REYES 2615 INT PISO 10 L1001 L1002 Y L003   DEL PASEO RESIDENCIAL_x000D__x000D_MONTERREY,64920, NL_x000D_MX",984 257 1000,LMA1708101C1
244027,PEDIDO SEPTIEMBRE 26,194537.0,3,2026-09-18 00:00:00,2026-10-18 00:00:00,C07358,LITORE MAYA,HOLIDAY INN EXPRESS & SUITES PLAYA DEL CARMEN (PCMPD),2001.42,0,320.23,2321.65,0.0,68739026,,3,CJA,AV CONSTITUYENTES MZ 039 LOTE 002 NORTE,DE SOLIDARIDAD,PLAYA DEL CARMEN,QR,77710,CEDIS Cancún,"PLAYA DEL CARMEN, QR.","AV CONSTITUYENTES MZ 039 LOTE 002 NORTE, DE SOLIDARIDAD, 77710, PLAYA DEL CARMEN, QR",,"AVENIDA ALFONSO REYES 2615 INT PISO 10 L1001 L1002 Y L003   DEL PASEO RESIDENCIAL_x000D__x000D_MONTERREY,64920, NL_x000D_MX",984 257 1000,LMA1708101C1
244027,PEDIDO SEPTIEMBRE 26,194537.0,3,2026-09-18 00:00:00,2026-10-18 00:00:00,C07358,LITORE MAYA,HOLIDAY INN EXPRESS & SUITES PLAYA DEL CARMEN (PCMPD),2651.4,0,424.22,3075.62,0.0,68758340,,4,CJA,AV CONSTITUYENTES MZ 039 LOTE 002 NORTE,DE SOLIDARIDAD,PLAYA DEL CARMEN,QR,77710,CEDIS Cancún,"PLAYA DEL CARMEN, QR.","AV CONSTITUYENTES MZ 039 LOTE 002 NORTE, DE SOLIDARIDAD, 77710, PLAYA DEL CARMEN, QR",,"AVENIDA ALFONSO REYES 2615 INT PISO 10 L1001 L1002 Y L003   DEL PASEO RESIDENCIAL_x000D__x000D_MONTERREY,64920, NL_x000D_MX",984 257 1000,LMA1708101C1
244027,PEDIDO SEPTIEMBRE 26,194537.0,3,2026-09-18 00:00:00,2026-10-18 00:00:00,C07358,LITORE MAYA,HOLIDAY INN EXPRESS & SUITES PLAYA DEL CARMEN (PCMPD),570.48,0,91.28,661.76,0.0,68732295,,1,CJA,AV CONSTITUYENTES MZ 039 LOTE 002 NORTE,DE SOLIDARIDAD,PLAYA DEL CARMEN,QR,77710,CEDIS Cancún,"PLAYA DEL CARMEN, QR.","AV CONSTITUYENTES MZ 039 LOTE 002 NORTE, DE SOLIDARIDAD, 77710, PLAYA DEL CARMEN, QR",,"AVENIDA ALFONSO REYES 2615 INT PISO 10 L1001 L1002 Y L003   DEL PASEO RESIDENCIAL_x000D__x000D_MONTERREY,64920, NL_x000D_MX",984 257 1000,LMA1708101C1
244027,PEDIDO SEPTIEMBRE 26,194537.0,3,2026-09-18 00:00:00,2026-10-18 00:00:00,C07358,LITORE MAYA,HOLIDAY INN EXPRESS & SUITES PLAYA DEL CARMEN (PCMPD),611.76,0,97.88,709.64,0.0,68758339,,1,CJA,AV CONSTITUYENTES MZ 039 LOTE 002 NORTE,DE SOLIDARIDAD,PLAYA DEL CARMEN,QR,77710,CEDIS Cancún,"PLAYA DEL CARMEN, QR.","AV CONSTITUYENTES MZ 039 LOTE 002 NORTE, DE SOLIDARIDAD, 77710, PLAYA DEL CARMEN, QR",,"AVENIDA ALFONSO REYES 2615 INT PISO 10 L1001 L1002 Y L003   DEL PASEO RESIDENCIAL_x000D__x000D_MONTERREY,64920, NL_x000D_MX",984 257 1000,LMA1708101C1
244028,,193743.0,3,2026-09-18 00:00:00,2026-09-18 00:00:00,C09193,ESTRATEGIAS METROMEX,HOLIDAY INN TULUM (TUYDT),2320.44,0,371.27,2691.71,0.0,69706958,,4,CJA,AV. COBA SUR LOTE 1 MZA 018 REGION 004,CENTRO,MUNICIPIO DE TULUM,QR,77760,CEDIS Cancún,"MUNICIPIO DE TULUM, QR.","AV. COBA SUR LOTE 1 MZA 018 REGION 004, CENTRO, 77760, MUNICIPIO DE TULUM, QR",,"AV. PASEO DE LAS PALMAS #731 PISO 3   LOMAS DE CHAPULTEPEC V SECCION_x000D__x000D_MIGUEL HIDALGO,11000, CMX_x000D_MX",55 6387 0065,EME130821K37
244028,,193743.0,3,2026-09-18 00:00:00,2026-09-18 00:00:00,C09193,ESTRATEGIAS METROMEX,HOLIDAY INN TULUM (TUYDT),604.89,0,96.78,701.67,0.0,68739022,,1,CJA,AV. COBA SUR LOTE 1 MZA 018 REGION 004,CENTRO,MUNICIPIO DE TULUM,QR,77760,CEDIS Cancún,"MUNICIPIO DE TULUM, QR.","AV. COBA SUR LOTE 1 MZA 018 REGION 004, CENTRO, 77760, MUNICIPIO DE TULUM, QR",,"AV. PASEO DE LAS PALMAS #731 PISO 3   LOMAS DE CHAPULTEPEC V SECCION_x000D__x000D_MIGUEL HIDALGO,11000, CMX_x000D_MX",55 6387 0065,EME130821K37
244028,,193743.0,3,2026-09-18 00:00:00,2026-09-18 00:00:00,C09193,ESTRATEGIAS METROMEX,HOLIDAY INN TULUM (TUYDT),560.88,0,89.74,650.62,0.0,68758339,,1,CJA,AV. COBA SUR LOTE 1 MZA 018 REGION 004,CENTRO,MUNICIPIO DE TULUM,QR,77760,CEDIS Cancún,"MUNICIPIO DE TULUM, QR.","AV. COBA SUR LOTE 1 MZA 018 REGION 004, CENTRO, 77760, MUNICIPIO DE TULUM, QR",,"AV. PASEO DE LAS PALMAS #731 PISO 3   LOMAS DE CHAPULTEPEC V SECCION_x000D__x000D_MIGUEL HIDALGO,11000, CMX_x000D_MX",55 6387 0065,EME130821K37
243968,pedido aifa,194150.0,1,2026-09-17 00:00:00,2026-10-02 00:00:00,C08634,PROMOTORA DEVI,HOLIDAY INN & SUITES AIFA (MEXZD),5801.1,0,928.18,6729.28,0.0,69706958,,10,CJA,CIRCUITO CIUDAD AEROPUERTARIA LOTE 3 INT SN,AEROPUERTO INTERNACIONAL FELIPE ANGELES,ZUMPANGO,MEX,55640,Cobro Regreso,"ZUMPANGO, MEX.","CIRCUITO CIUDAD AEROPUERTARIA LOTE 3 INT SN, AEROPUERTO INTERNACIONAL FELIPE ANGELES, 55640, ZUMPANGO, MEX",,"BELISARIO DOMINGUEZ 2020 5TO PISO   OBISPADO_x000D__x000D_MONTERREY,64060, NL_x000D_MX",55 9278 9200,PDE1305084L7
243968,pedido aifa,194150.0,1,2026-09-17 00:00:00,2026-10-02 00:00:00,C08634,PROMOTORA DEVI,HOLIDAY INN & SUITES AIFA (MEXZD),3138.3,0,502.13,3640.43,0.0,68739026,,5,CJA,CIRCUITO CIUDAD AEROPUERTARIA LOTE 3 INT SN,AEROPUERTO INTERNACIONAL FELIPE ANGELES,ZUMPANGO,MEX,55640,Cobro Regreso,"ZUMPANGO, MEX.","CIRCUITO CIUDAD AEROPUERTARIA LOTE 3 INT SN, AEROPUERTO INTERNACIONAL FELIPE ANGELES, 55640, ZUMPANGO, MEX",,"BELISARIO DOMINGUEZ 2020 5TO PISO   OBISPADO_x000D__x000D_MONTERREY,64060, NL_x000D_MX",55 9278 9200,PDE1305084L7
243968,pedido aifa,194150.0,1,2026-09-17 00:00:00,2026-10-02 00:00:00,C08634,PROMOTORA DEVI,HOLIDAY INN & SUITES AIFA (MEXZD),3024.45,0,483.91,3508.36,0.0,68739022,,5,CJA,CIRCUITO CIUDAD AEROPUERTARIA LOTE 3 INT SN,AEROPUERTO INTERNACIONAL FELIPE ANGELES,ZUMPANGO,MEX,55640,Cobro Regreso,"ZUMPANGO, MEX.","CIRCUITO CIUDAD AEROPUERTARIA LOTE 3 INT SN, AEROPUERTO INTERNACIONAL FELIPE ANGELES, 55640, ZUMPANGO, MEX",,"BELISARIO DOMINGUEZ 2020 5TO PISO   OBISPADO_x000D__x000D_MONTERREY,64060, NL_x000D_MX",55 9278 9200,PDE1305084L7
243969,FORNIX- AMENIDADES,194226.0,1,2026-09-17 00:00:00,2026-10-02 00:00:00,C03977,FORNIX,HOLIDAY INN EXPRESS CABO SAN LUCAS (SJDSL),560.88,0,89.74,650.62,0.0,68758339,,1,CJA,CARRET TRANSP KM 4.5 SN,PLAZA TRANSPENINSULA,CABO SAN LUCAS,BCS,23454,Cobro Regreso,"CABO SAN LUCAS, BCS.","CARRET TRANSP KM 4.5 SN, PLAZA TRANSPENINSULA, 23454, CABO SAN LUCAS, BCS",,"AV. POPOCATEPETL 226   GENERAL PEDRO MARIA ANAYA_x000D__x000D_MEXICO,03340, DF_x000D_MX",624 163 7300,FOR120822QGA
243969,FORNIX- AMENIDADES,194226.0,1,2026-09-17 00:00:00,2026-10-02 00:00:00,C03977,FORNIX,HOLIDAY INN EXPRESS CABO SAN LUCAS (SJDSL),632.16,0,101.15,733.31,0.0,4029-A90,,1,CJA,CARRET TRANSP KM 4.5 SN,PLAZA TRANSPENINSULA,CABO SAN LUCAS,BCS,23454,Cobro Regreso,"CABO SAN LUCAS, BCS.","CARRET TRANSP KM 4.5 SN, PLAZA TRANSPENINSULA, 23454, CABO SAN LUCAS, BCS",,"AV. POPOCATEPETL 226   GENERAL PEDRO MARIA ANAYA_x000D__x000D_MEXICO,03340, DF_x000D_MX",624 163 7300,FOR120822QGA
243969,FORNIX- AMENIDADES,194226.0,1,2026-09-17 00:00:00,2026-10-02 00:00:00,C03977,FORNIX,HOLIDAY INN EXPRESS CABO SAN LUCAS (SJDSL),2400.0,0,383.99,2784.0,0.0,4029-A92,,1,CJA,CARRET TRANSP KM 4.5 SN,PLAZA TRANSPENINSULA,CABO SAN LUCAS,BCS,23454,Cobro Regreso,"CABO SAN LUCAS, BCS.","CARRET TRANSP KM 4.5 SN, PLAZA TRANSPENINSULA, 23454, CABO SAN LUCAS, BCS",,"AV. POPOCATEPETL 226   GENERAL PEDRO MARIA ANAYA_x000D__x000D_MEXICO,03340, DF_x000D_MX",624 163 7300,FOR120822QGA
243969,FORNIX- AMENIDADES,194226.0,1,2026-09-17 00:00:00,2026-10-02 00:00:00,C03977,FORNIX,HOLIDAY INN EXPRESS CABO SAN LUCAS (SJDSL),1814.67,0,290.35,2105.02,0.0,68739022,,3,CJA,CARRET TRANSP KM 4.5 SN,PLAZA TRANSPENINSULA,CABO SAN LUCAS,BCS,23454,Cobro Regreso,"CABO SAN LUCAS, BCS.","CARRET TRANSP KM 4.5 SN, PLAZA TRANSPENINSULA, 23454, CABO SAN LUCAS, BCS",,"AV. POPOCATEPETL 226   GENERAL PEDRO MARIA ANAYA_x000D__x000D_MEXICO,03340, DF_x000D_MX",624 163 7300,FOR120822QGA
243970,pedio mes septiembre,194284.0,1,2026-09-17 00:00:00,2026-10-02 00:00:00,C05518,SELFI GRUPO OPERADOR DE ESTACIONAMIENTOS,HOLIDAY INN EXPRESS XALAPA (JALEX),2419.56,0,387.13,2806.69,0.0,68739022,,4,CJA,IGNACIO ZARAGOZA 8,CENTRO,XALAPA ENRIQUEZ,VER,91000,Cobro Regreso,"XALAPA ENRIQUEZ, VER.","IGNACIO ZARAGOZA 8, CENTRO, 91000, XALAPA ENRIQUEZ, VER",,"IGNACIO ZARAGOZA 8 PISO 1   CENTRO_x000D__x000D_XALAPA-ENRIQUEZ,91000, VER_x000D_MX",228 141 1690,SGO050614JG0
243970,pedio mes septiembre,194284.0,1,2026-09-17 00:00:00,2026-10-02 00:00:00,C05518,SELFI GRUPO OPERADOR DE ESTACIONAMIENTOS,HOLIDAY INN EXPRESS XALAPA (JALEX),1160.22,0,185.64,1345.86,0.0,69706958,,2,CJA,IGNACIO ZARAGOZA 8,CENTRO,XALAPA ENRIQUEZ,VER,91000,Cobro Regreso,"XALAPA ENRIQUEZ, VER.","IGNACIO ZARAGOZA 8, CENTRO, 91000, XALAPA ENRIQUEZ, VER",,"IGNACIO ZARAGOZA 8 PISO 1   CENTRO_x000D__x000D_XALAPA-ENRIQUEZ,91000, VER_x000D_MX",228 141 1690,SGO050614JG0
243970,pedio mes septiembre,194284.0,1,2026-09-17 00:00:00,2026-10-02 00:00:00,C05518,SELFI GRUPO OPERADOR DE ESTACIONAMIENTOS,HOLIDAY INN EXPRESS XALAPA (JALEX),1245.84,0,199.33,1445.17,0.0,68758340,,2,CJA,IGNACIO ZARAGOZA 8,CENTRO,XALAPA ENRIQUEZ,VER,91000,Cobro Regreso,"XALAPA ENRIQUEZ, VER.","IGNACIO ZARAGOZA 8, CENTRO, 91000, XALAPA ENRIQUEZ, VER",,"IGNACIO ZARAGOZA 8 PISO 1   CENTRO_x000D__x000D_XALAPA-ENRIQUEZ,91000, VER_x000D_MX",228 141 1690,SGO050614JG0
243971,4700247854,194292.0,1,2026-09-17 00:00:00,2026-11-01 00:00:00,C03763,FIDEICOMISO IRREVOCABLE DB/1616,HOLIDAY INN PUEBLA LA NORIA (PUELN),5964.0,0,954.24,6918.24,0.0,68732292,,10,CJA,CIRCUITO JUAN PABLO II 1936,EX HACIENDA LA NORIA,PUEBLA,PUE,72410,Cobro Regreso,"PUEBLA, PUE.","CIRCUITO JUAN PABLO II 1936, EX HACIENDA LA NORIA, 72410, PUEBLA, PUE",,"AV. FUNDADORES Exterior: 1000 INT: PISO 7   VALLE DEL MIRADOR_x000D__x000D_MONTERREY,64750, NL_x000D_MX",222 211 9000,DBM121023M10
243972,4//CANCELACION//HOLIDAY INN & SUITES MONTERREY APODACA,194294.0,1,2026-09-17 00:00:00,2026-10-02 00:00:00,C07478,PROMOTORA DEVI,HOLIDAY INN & SUITES MONTERREY APODACA (MTYMI),3024.45,0,483.91,3508.36,0.0,68739022,,5,CJA,AV. MILIMEX No. 120,PARQUE INDUSTRIAL MILIMEX,APODACA,NL,66637,Cobro Regreso,"APODACA, NL.","AV. MILIMEX No. 120, PARQUE INDUSTRIAL MILIMEX, 66637, APODACA, NL",,"CALLE BELISARIO DOMINGUEZ 2020 5TO PISO   OBISPADO_x000D__x000D_MONTERREY,64060, NL_x000D_MX",812 353 4800,PDE1305084L7
243973,4700246916,194301.0,1,2026-09-17 00:00:00,2026-11-01 00:00:00,C04695,FIDEICOMISO IRREVOCABLE DB/1616,HOLIDAY INN EXPRESS & SUITES TOLUCA APTO(TLUZO),2468.88,0,395.02,2863.9,0.0,69706958,,4,CJA,BOULEVARD MIGUEL ALEMÁN  55,PARQUE INDUSTRIAL LERMA,TOLUCA,MEX,52000,Cobro Regreso,"TOLUCA, MEX.","BOULEVARD MIGUEL ALEMÁN  55, PARQUE INDUSTRIAL LERMA, 52000, TOLUCA, MEX",,"AV. FUNDADORES EXTERIOR: 1000 INT: PISO   VALLE DEL MIRADOR_x000D__x000D_MONTERREY,64750, NL_x000D_MX",722 265 5100,DBM121023M10
243973,4700246916,194301.0,1,2026-09-17 00:00:00,2026-11-01 00:00:00,C04695,FIDEICOMISO IRREVOCABLE DB/1616,HOLIDAY INN EXPRESS & SUITES TOLUCA APTO(TLUZO),1192.8,0,190.85,1383.65,0.0,68732292,,2,CJA,BOULEVARD MIGUEL ALEMÁN  55,PARQUE INDUSTRIAL LERMA,TOLUCA,MEX,52000,Cobro Regreso,"TOLUCA, MEX.","BOULEVARD MIGUEL ALEMÁN  55, PARQUE INDUSTRIAL LERMA, 52000, TOLUCA, MEX",,"AV. FUNDADORES EXTERIOR: 1000 INT: PISO   VALLE DEL MIRADOR_x000D__x000D_MONTERREY,64750, NL_x000D_MX",722 265 5100,DBM121023M10
243974,03/09/26,194303.0,1,2026-09-17 00:00:00,2026-10-02 00:00:00,C00456,HOTELERA BAJO LERMA,HOLIDAY INN LA PIEDAD (LPDEX),1160.22,0,185.63,1345.86,0.0,69706958,,2,CJA,KM.2.5 CARRETERA LA PIEDAD,MARGARITAS,LA PIEDAD,MCH,59300,Cobro Destino,"LA PIEDAD, MCH.","KM.2.5 CARRETERA LA PIEDAD, MARGARITAS, 59300, LA PIEDAD, MCH",,"CARRETERA LA PIEDAD GUADALAJARA KM 2.5  SIN NUMERO   MARGARITA_x000D__x000D_LA PIEDAD,59300, MCH_x000D_MX",352 526 3017,HBL920330BGA
243974,03/09/26,194303.0,1,2026-09-17 00:00:00,2026-10-02 00:00:00,C00456,HOTELERA BAJO LERMA,HOLIDAY INN LA PIEDAD (LPDEX),2419.56,0,387.13,2806.69,0.0,68739022,,4,CJA,KM.2.5 CARRETERA LA PIEDAD,MARGARITAS,LA PIEDAD,MCH,59300,Cobro Destino,"LA PIEDAD, MCH.","KM.2.5 CARRETERA LA PIEDAD, MARGARITAS, 59300, LA PIEDAD, MCH",,"CARRETERA LA PIEDAD GUADALAJARA KM 2.5  SIN NUMERO   MARGARITA_x000D__x000D_LA PIEDAD,59300, MCH_x000D_MX",352 526 3017,HBL920330BGA
243974,03/09/26,194303.0,1,2026-09-17 00:00:00,2026-10-02 00:00:00,C00456,HOTELERA BAJO LERMA,HOLIDAY INN LA PIEDAD (LPDEX),2215.0,0,354.4,2569.4,0.0,4029-A05,MISCELANEOS,1,CJA,KM.2.5 CARRETERA LA PIEDAD,MARGARITAS,LA PIEDAD,MCH,59300,Cobro Destino,"LA PIEDAD, MCH.","KM.2.5 CARRETERA LA PIEDAD, MARGARITAS, 59300, LA PIEDAD, MCH",,"CARRETERA LA PIEDAD GUADALAJARA KM 2.5  SIN NUMERO   MARGARITA_x000D__x000D_LA PIEDAD,59300, MCH_x000D_MX",352 526 3017,HBL920330BGA
243975,7939,194331.0,1,2026-09-17 00:00:00,2026-10-02 00:00:00,C08323,TURISTICA ARIZONA,HOLIDAY INN EXPRESS SAN LUIS POTOSI A0201813 (SLPMV),547.2,0,87.55,634.75,0.0,68732292,,1,CJA,AV BENITO JUAREZ 1270,VALLE DORADO,SAN LUIS POTOSI,SLP,78399,Cobro Regreso,"SAN LUIS POTOSI, SLP.","AV BENITO JUAREZ 1270, VALLE DORADO, 78399, SAN LUIS POTOSI, SLP",,"AV BENITO JUAREZ 1270   VALLE DORADO_x000D__x000D_SAN LUIS POTOSI,78399, SLP_x000D_MX",444 499 9016,TAR0212118V1
243976,4503133270,194335.0,1,2026-09-17 00:00:00,2026-10-17 00:00:00,C08131,INMOBILIARIA HOTELERA EL PRESIDENTE SAN JOSE DEL CABO,HOLIDAY INN & SUITES AGUASCALIENTES (AGUGP),1868.76,0,299.0,2167.76,0.0,68758340,,3,CJA,CARRETERA PANAMERICANA SUR KM 52 S/N,CARRETERA PANAMERICANA,AGUASCALIENTES,AGS,20345,Cobro Regreso,"AGUASCALIENTES, AGS.","CARRETERA PANAMERICANA SUR KM 52 S/N, CARRETERA PANAMERICANA, 20345, AGUASCALIENTES, AGS",,"AVENIDA EJERCITO NACIONAL MEXICANO 769 INT TORRE B PISO 8   GRANADA_x000D__x000D_MIGUEL HIDALGO,11520, CMX_x000D_MX",449 478 1300,IHP810701G7A
243976,4503133270,194335.0,1,2026-09-17 00:00:00,2026-10-17 00:00:00,C08131,INMOBILIARIA HOTELERA EL PRESIDENTE SAN JOSE DEL CABO,HOLIDAY INN & SUITES AGUASCALIENTES (AGUGP),627.66,0,100.43,728.09,0.0,68739026,,1,CJA,CARRETERA PANAMERICANA SUR KM 52 S/N,CARRETERA PANAMERICANA,AGUASCALIENTES,AGS,20345,Cobro Regreso,"AGUASCALIENTES, AGS.","CARRETERA PANAMERICANA SUR KM 52 S/N, CARRETERA PANAMERICANA, 20345, AGUASCALIENTES, AGS",,"AVENIDA EJERCITO NACIONAL MEXICANO 769 INT TORRE B PISO 8   GRANADA_x000D__x000D_MIGUEL HIDALGO,11520, CMX_x000D_MX",449 478 1300,IHP810701G7A
243976,4503133270,194335.0,1,2026-09-17 00:00:00,2026-10-17 00:00:00,C08131,INMOBILIARIA HOTELERA EL PRESIDENTE SAN JOSE DEL CABO,HOLIDAY INN & SUITES AGUASCALIENTES (AGUGP),1740.33,0,278.45,2018.78,0.0,69706958,,3,CJA,CARRETERA PANAMERICANA SUR KM 52 S/N,CARRETERA PANAMERICANA,AGUASCALIENTES,AGS,20345,Cobro Regreso,"AGUASCALIENTES, AGS.","CARRETERA PANAMERICANA SUR KM 52 S/N, CARRETERA PANAMERICANA, 20345, AGUASCALIENTES, AGS",,"AVENIDA EJERCITO NACIONAL MEXICANO 769 INT TORRE B PISO 8   GRANADA_x000D__x000D_MIGUEL HIDALGO,11520, CMX_x000D_MX",449 478 1300,IHP810701G7A
243976,4503133270,194335.0,1,2026-09-17 00:00:00,2026-10-17 00:00:00,C08131,INMOBILIARIA HOTELERA EL PRESIDENTE SAN JOSE DEL CABO,HOLIDAY INN & SUITES AGUASCALIENTES (AGUGP),1559.4,0,249.5,1808.9,0.0,68732292,,3,CJA,CARRETERA PANAMERICANA SUR KM 52 S/N,CARRETERA PANAMERICANA,AGUASCALIENTES,AGS,20345,Cobro Regreso,"AGUASCALIENTES, AGS.","CARRETERA PANAMERICANA SUR KM 52 S/N, CARRETERA PANAMERICANA, 20345, AGUASCALIENTES, AGS",,"AVENIDA EJERCITO NACIONAL MEXICANO 769 INT TORRE B PISO 8   GRANADA_x000D__x000D_MIGUEL HIDALGO,11520, CMX_x000D_MX",449 478 1300,IHP810701G7A
243976,4503133270,194335.0,1,2026-09-17 00:00:00,2026-10-17 00:00:00,C08131,INMOBILIARIA HOTELERA EL PRESIDENTE SAN JOSE DEL CABO,HOLIDAY INN & SUITES AGUASCALIENTES (AGUGP),2215.0,0,354.4,2569.4,0.0,4029-A05,MISCELANEOS,1,CJA,CARRETERA PANAMERICANA SUR KM 52 S/N,CARRETERA PANAMERICANA,AGUASCALIENTES,AGS,20345,Cobro Regreso,"AGUASCALIENTES, AGS.","CARRETERA PANAMERICANA SUR KM 52 S/N, CARRETERA PANAMERICANA, 20345, AGUASCALIENTES, AGS",,"AVENIDA EJERCITO NACIONAL MEXICANO 769 INT TORRE B PISO 8   GRANADA_x000D__x000D_MIGUEL HIDALGO,11520, CMX_x000D_MX",449 478 1300,IHP810701G7A
243977,,194336.0,1,2026-09-17 00:00:00,2026-09-17 00:00:00,C07108,EDUARDO HERNANDEZ TOVAR,HOTEL CASA FAROLES,2204.7,0,352.75,2557.45,0.0,4018-L47,,3,CJA,TACUBA #107,CENTRO,ZACATECAS,ZAC,98000,Cobro Destino,"ZACATECAS, ZAC.","TACUBA #107, CENTRO, 98000, ZACATECAS, ZAC",,"TACUBA #107   CENTRO_x000D__x000D_ZACATECAS,98000, ZAC_x000D_MX",(492) 178 0653,HETE7303014U3
243977,,194336.0,1,2026-09-17 00:00:00,2026-09-17 00:00:00,C07108,EDUARDO HERNANDEZ TOVAR,HOTEL CASA FAROLES,2080.5,0,332.88,2413.38,0.0,4018-L45,,3,CJA,TACUBA #107,CENTRO,ZACATECAS,ZAC,98000,Cobro Destino,"ZACATECAS, ZAC.","TACUBA #107, CENTRO, 98000, ZACATECAS, ZAC",,"TACUBA #107   CENTRO_x000D__x000D_ZACATECAS,98000, ZAC_x000D_MX",(492) 178 0653,HETE7303014U3
243978,3170092,194370.0,1,2026-09-17 00:00:00,2026-09-17 00:00:00,C04552,HOTELERA QUERETANA,HOLIDAY INN EXPRESS & SUITES QUERETARO (MQERG),1160.22,0,185.64,1345.86,0.0,69706958,,2,CJA,AVENIDA 5 DE FEBRERO 110 BIS,NIÑOS HEROES,QUERETARO,QUE,76010,Cobro Regreso,"QUERETARO, QUE.","AVENIDA 5 DE FEBRERO 110 BIS, NIÑOS HEROES, 76010, QUERETARO, QUE",,"AVENIDA 5 DE FEBRERO 110 BIS   NIÑOS HEROES_x000D__x000D_QUERETARO,76010, QUE_x000D_MX",442 215 0020,HQU100513C37
243978,3170092,194370.0,1,2026-09-17 00:00:00,2026-09-17 00:00:00,C04552,HOTELERA QUERETANA,HOLIDAY INN EXPRESS & SUITES QUERETARO (MQERG),1245.84,0,199.33,1445.17,0.0,68758340,,2,CJA,AVENIDA 5 DE FEBRERO 110 BIS,NIÑOS HEROES,QUERETARO,QUE,76010,Cobro Regreso,"QUERETARO, QUE.","AVENIDA 5 DE FEBRERO 110 BIS, NIÑOS HEROES, 76010, QUERETARO, QUE",,"AVENIDA 5 DE FEBRERO 110 BIS   NIÑOS HEROES_x000D__x000D_QUERETARO,76010, QUE_x000D_MX",442 215 0020,HQU100513C37
243978,3170092,194370.0,1,2026-09-17 00:00:00,2026-09-17 00:00:00,C04552,HOTELERA QUERETANA,HOLIDAY INN EXPRESS & SUITES QUERETARO (MQERG),2400.0,0,384.0,2784.0,0.0,4029-A92,,1,CJA,AVENIDA 5 DE FEBRERO 110 BIS,NIÑOS HEROES,QUERETARO,QUE,76010,Cobro Regreso,"QUERETARO, QUE.","AVENIDA 5 DE FEBRERO 110 BIS, NIÑOS HEROES, 76010, QUERETARO, QUE",,"AVENIDA 5 DE FEBRERO 110 BIS   NIÑOS HEROES_x000D__x000D_QUERETARO,76010, QUE_x000D_MX",442 215 0020,HQU100513C37
243978,3170092,194370.0,1,2026-09-17 00:00:00,2026-09-17 00:00:00,C04552,HOTELERA QUERETANA,HOLIDAY INN EXPRESS & SUITES QUERETARO (MQERG),2188.8,0,350.21,2539.01,0.0,68732292,,4,CJA,AVENIDA 5 DE FEBRERO 110 BIS,NIÑOS HEROES,QUERETARO,QUE,76010,Cobro Regreso,"QUERETARO, QUE.","AVENIDA 5 DE FEBRERO 110 BIS, NIÑOS HEROES, 76010, QUERETARO, QUE",,"AVENIDA 5 DE FEBRERO 110 BIS   NIÑOS HEROES_x000D__x000D_QUERETARO,76010, QUE_x000D_MX",442 215 0020,HQU100513C37
243979,PEDIDO HOLIDAY INN,194433.0,1,2026-09-17 00:00:00,2026-10-02 00:00:00,C02054,KUYN HOTELS,HOLIDAY INN URUAPAN (UPNMX),3024.45,0,483.91,3508.36,0.0,68739022,,5,CJA,BOULEVARD INDUSTRIAL 1705,VILLA URUAPAN,URUAPAN,MCH,60120,Cobro Regreso,"URUAPAN, MCH.","BOULEVARD INDUSTRIAL 1705, VILLA URUAPAN, 60120, URUAPAN, MCH",,"BOULEVARD INDUSTRIAL 1705   VILLA URUAPAN_x000D__x000D_URUAPAN,60120, MCH_x000D_MX",(452)5033700-5033710,GPR000701HH7
243979,PEDIDO HOLIDAY INN,194433.0,1,2026-09-17 00:00:00,2026-10-02 00:00:00,C02054,KUYN HOTELS,HOLIDAY INN URUAPAN (UPNMX),1868.76,0,299.01,2167.76,0.0,68758340,,3,CJA,BOULEVARD INDUSTRIAL 1705,VILLA URUAPAN,URUAPAN,MCH,60120,Cobro Regreso,"URUAPAN, MCH.","BOULEVARD INDUSTRIAL 1705, VILLA URUAPAN, 60120, URUAPAN, MCH",,"BOULEVARD INDUSTRIAL 1705   VILLA URUAPAN_x000D__x000D_URUAPAN,60120, MCH_x000D_MX",(452)5033700-5033710,GPR000701HH7
243979,PEDIDO HOLIDAY INN,194433.0,1,2026-09-17 00:00:00,2026-10-02 00:00:00,C02054,KUYN HOTELS,HOLIDAY INN URUAPAN (UPNMX),1740.33,0,278.45,2018.78,0.0,69706958,,3,CJA,BOULEVARD INDUSTRIAL 1705,VILLA URUAPAN,URUAPAN,MCH,60120,Cobro Regreso,"URUAPAN, MCH.","BOULEVARD INDUSTRIAL 1705, VILLA URUAPAN, 60120, URUAPAN, MCH",,"BOULEVARD INDUSTRIAL 1705   VILLA URUAPAN_x000D__x000D_URUAPAN,60120, MCH_x000D_MX",(452)5033700-5033710,GPR000701HH7
243980,JQ-15787,194457.0,1,2026-09-17 00:00:00,2026-10-02 00:00:00,C07608,IMPULSORA PLAZA CELAYA,CITY EXPRESS PLUS EBC REFORMA (CEEBC),420.0,0,67.2,487.2,0.0,SCO,,1,PZA,HAVRE #21,JUAREZ,CIUDAD DE MEXICO,DF2,6600,Solo Factura,"CIUDAD DE MEXICO, DF2.","HAVRE #21, JUAREZ, 06600, CIUDAD DE MEXICO, DF2",,"JUAN SALVADOR AGRAZ #69 PISO 12   SANTA FE CUAJIMALPA_x000D__x000D_CUAJIMALPA DE MORELOS,05348, CMX_x000D_MX",01 55 1102 0280,IPC060309D42
244029,HOTEL CROWNE PLAZA,194554.0,1,2026-09-18 00:00:00,2026-10-03 00:00:00,C01381,SERVICIOS ESPECIALES TURISTICOS,CROWNE PLAZA TLALNEPANTLA (MEXLM),1101.6,0,176.27,1277.86,0.0,4052-L35,,1,CJA,ROBERTO FULTON 2-A,SAN LORENZO,TLALNEPANTLA,MEX,54030,Cobro Regreso,"TLALNEPANTLA, MEX.","ROBERTO FULTON 2-A, SAN LORENZO, 54030, TLALNEPANTLA, MEX",,"ROBERTO FULTON 2-A   SAN LORENZO_x000D__x000D_TLALNEPANTLA,54030, MEX_x000D_MX",55 5228 9573 direct,SET920324FC3
244029,HOTEL CROWNE PLAZA,194554.0,1,2026-09-18 00:00:00,2026-10-03 00:00:00,C01381,SERVICIOS ESPECIALES TURISTICOS,CROWNE PLAZA TLALNEPANTLA (MEXLM),1028.16,0,164.5,1192.67,0.0,4052-L45,,3,CJA,ROBERTO FULTON 2-A,SAN LORENZO,TLALNEPANTLA,MEX,54030,Cobro Regreso,"TLALNEPANTLA, MEX.","ROBERTO FULTON 2-A, SAN LORENZO, 54030, TLALNEPANTLA, MEX",,"ROBERTO FULTON 2-A   SAN LORENZO_x000D__x000D_TLALNEPANTLA,54030, MEX_x000D_MX",55 5228 9573 direct,SET920324FC3
244029,HOTEL CROWNE PLAZA,194554.0,1,2026-09-18 00:00:00,2026-10-03 00:00:00,C01381,SERVICIOS ESPECIALES TURISTICOS,CROWNE PLAZA TLALNEPANTLA (MEXLM),1028.16,0,164.5,1192.67,0.0,4052-L46,,3,CJA,ROBERTO FULTON 2-A,SAN LORENZO,TLALNEPANTLA,MEX,54030,Cobro Regreso,"TLALNEPANTLA, MEX.","ROBERTO FULTON 2-A, SAN LORENZO, 54030, TLALNEPANTLA, MEX",,"ROBERTO FULTON 2-A   SAN LORENZO_x000D__x000D_TLALNEPANTLA,54030, MEX_x000D_MX",55 5228 9573 direct,SET920324FC3
244029,HOTEL CROWNE PLAZA,194554.0,1,2026-09-18 00:00:00,2026-10-03 00:00:00,C01381,SERVICIOS ESPECIALES TURISTICOS,CROWNE PLAZA TLALNEPANTLA (MEXLM),1028.16,0,164.5,1192.67,0.0,4052-L41,,3,CJA,ROBERTO FULTON 2-A,SAN LORENZO,TLALNEPANTLA,MEX,54030,Cobro Regreso,"TLALNEPANTLA, MEX.","ROBERTO FULTON 2-A, SAN LORENZO, 54030, TLALNEPANTLA, MEX",,"ROBERTO FULTON 2-A   SAN LORENZO_x000D__x000D_TLALNEPANTLA,54030, MEX_x000D_MX",55 5228 9573 direct,SET920324FC3
244030,COTIZACION,194555.0,3,2026-09-18 00:00:00,2026-09-18 00:00:00,C09404,OPERADORA PLAZA CARIBE,HOTEL PLAZA CARIBE,2927.4,0,468.38,3395.78,0.0,4016-J07,,3,CJA,CALLE PINO LTE 19 MANZA 1 BENITO JUAREZ,CANCUN,SM 23,QR,77500,CEDIS Cancún,"SM 23, QR.","CALLE PINO LTE 19 MANZA 1 BENITO JUAREZ, CANCUN, 77500, SM 23, QR",,"CALLE PINO LTE 19 MANZANA 1 BENITO JUAREZ   SM 23_x000D__x000D_CANCUN,77500, QR_x000D_MX",9988457662,OPC9204158FA
244031,,194558.0,1,2026-09-18 00:00:00,2026-09-18 00:00:00,C08899,HB CORDOBA,HOTEL HB,1193.5,0,190.96,1384.46,0.0,4018-J06,,1,CJA,CALLE 8 #1315 Y AV.11,BELLAVISTA,CORDOBA,VER,94580,Cobro Destino,"CORDOBA, VER.","CALLE 8 #1315 Y AV.11, BELLAVISTA, 94580, CORDOBA, VER",,"CALLE 8 #1315   BELLAVISTA_x000D__x000D_CORDOBA,94580, VER_x000D_MX",271 714 2800 EXT 100,HCO130614CR5
244031,,194558.0,1,2026-09-18 00:00:00,2026-09-18 00:00:00,C08899,HB CORDOBA,HOTEL HB,2215.0,0,354.4,2569.4,0.0,4029-A05,MISCELANEOS,1,CJA,CALLE 8 #1315 Y AV.11,BELLAVISTA,CORDOBA,VER,94580,Cobro Destino,"CORDOBA, VER.","CALLE 8 #1315 Y AV.11, BELLAVISTA, 94580, CORDOBA, VER",,"CALLE 8 #1315   BELLAVISTA_x000D__x000D_CORDOBA,94580, VER_x000D_MX",271 714 2800 EXT 100,HCO130614CR5
244032,DT-01831,194564.0,1,2026-09-18 00:00:00,2026-10-03 00:00:00,C04176,IMPULSORA PLAZA HIDALGO,CITY EXPRESS TIJUANA FLORIDO (CETIF),1005.73,0,160.92,1166.65,0.0,4051-L10,,1,CJA,CARRETERA LIBRE TIJUANA-MEXICALI N/N A UN LADO DE PLAZA SENDERO,EL FLORIDO,TIJUANA,BC,22247,Cobro Regreso,"TIJUANA, BC.","CARRETERA LIBRE TIJUANA-MEXICALI N/N A UN LADO DE PLAZA SENDERO, EL FLORIDO, 22247, TIJUANA, BC",,"CALLE JUAN SALVADOR AGRAZ 69 PISO 12   SANTA FE CUAJIMALPA_x000D__x000D_CUAJIMALPA DE MORELOS,05348, CMX_x000D_MX",664 942 8140,IPH1804265S7
244032,DT-01831,194564.0,1,2026-09-18 00:00:00,2026-10-03 00:00:00,C04176,IMPULSORA PLAZA HIDALGO,CITY EXPRESS TIJUANA FLORIDO (CETIF),1005.73,0,160.92,1166.65,0.0,4051-L11,,1,CJA,CARRETERA LIBRE TIJUANA-MEXICALI N/N A UN LADO DE PLAZA SENDERO,EL FLORIDO,TIJUANA,BC,22247,Cobro Regreso,"TIJUANA, BC.","CARRETERA LIBRE TIJUANA-MEXICALI N/N A UN LADO DE PLAZA SENDERO, EL FLORIDO, 22247, TIJUANA, BC",,"CALLE JUAN SALVADOR AGRAZ 69 PISO 12   SANTA FE CUAJIMALPA_x000D__x000D_CUAJIMALPA DE MORELOS,05348, CMX_x000D_MX",664 942 8140,IPH1804265S7
244032,DT-01831,194564.0,1,2026-09-18 00:00:00,2026-10-03 00:00:00,C04176,IMPULSORA PLAZA HIDALGO,CITY EXPRESS TIJUANA FLORIDO (CETIF),829.92,0,132.79,962.71,0.0,4051-J04,,2,CJA,CARRETERA LIBRE TIJUANA-MEXICALI N/N A UN LADO DE PLAZA SENDERO,EL FLORIDO,TIJUANA,BC,22247,Cobro Regreso,"TIJUANA, BC.","CARRETERA LIBRE TIJUANA-MEXICALI N/N A UN LADO DE PLAZA SENDERO, EL FLORIDO, 22247, TIJUANA, BC",,"CALLE JUAN SALVADOR AGRAZ 69 PISO 12   SANTA FE CUAJIMALPA_x000D__x000D_CUAJIMALPA DE MORELOS,05348, CMX_x000D_MX",664 942 8140,IPH1804265S7
244032,DT-01831,194564.0,1,2026-09-18 00:00:00,2026-10-03 00:00:00,C04176,IMPULSORA PLAZA HIDALGO,CITY EXPRESS TIJUANA FLORIDO (CETIF),1288.56,0,206.17,1494.73,0.0,4051-J03,,2,CJA,CARRETERA LIBRE TIJUANA-MEXICALI N/N A UN LADO DE PLAZA SENDERO,EL FLORIDO,TIJUANA,BC,22247,Cobro Regreso,"TIJUANA, BC.","CARRETERA LIBRE TIJUANA-MEXICALI N/N A UN LADO DE PLAZA SENDERO, EL FLORIDO, 22247, TIJUANA, BC",,"CALLE JUAN SALVADOR AGRAZ 69 PISO 12   SANTA FE CUAJIMALPA_x000D__x000D_CUAJIMALPA DE MORELOS,05348, CMX_x000D_MX",664 942 8140,IPH1804265S7
244032,DT-01831,194564.0,1,2026-09-18 00:00:00,2026-10-03 00:00:00,C04176,IMPULSORA PLAZA HIDALGO,CITY EXPRESS TIJUANA FLORIDO (CETIF),2011.46,0,321.82,2333.29,0.0,4051-L12,,2,CJA,CARRETERA LIBRE TIJUANA-MEXICALI N/N A UN LADO DE PLAZA SENDERO,EL FLORIDO,TIJUANA,BC,22247,Cobro Regreso,"TIJUANA, BC.","CARRETERA LIBRE TIJUANA-MEXICALI N/N A UN LADO DE PLAZA SENDERO, EL FLORIDO, 22247, TIJUANA, BC",,"CALLE JUAN SALVADOR AGRAZ 69 PISO 12   SANTA FE CUAJIMALPA_x000D__x000D_CUAJIMALPA DE MORELOS,05348, CMX_x000D_MX",664 942 8140,IPH1804265S7
244033,"PO5365119  // Refacturación Factura 241330 21/07/2026, por fecha.",191955.0,1,2026-09-18 00:00:00,2026-09-26 00:00:00,C05478,GRUPO POSADAS,FIESTA AMERICANA CONDESA CANCUN FACC,5220.0,0,835.2,6055.2,0.0,4038-A10,FIESTA AMERICANA GRA,2000,PZA,BLVD.KUKULCAN KM. 16.5 LOTE 44   2a SECCION,ZONA HOTELERA,CANCUN,QR,77500,Solo Factura,"CANCUN, QR.","BLVD.KUKULCAN KM. 16.5 LOTE 44   2a SECCION, ZONA HOTELERA, 77500, CANCUN, QR",,"PROLONGACION PASEO DE LA REFORMA NO 1015 TORRE A PISO 9   SANTA FE CUAJIMALPA DELEGACION CUAJIMALPA DE MORELOS_x000D__x000D_MEXICO,05348, DF_x000D_MX",(998)881 42 00,GPO920120440
244034,PO5367826,192373.0,1,2026-09-18 00:00:00,2026-10-18 00:00:00,C06721,CONTROLADORA HOTELERA POH,FIESTA INN PACHUCA GRAN PATIO (FIPA3),898.8,0,143.81,1042.54,52.4,JHRB-0514,,4,PZA,BLVD LUIS DONALDO COLOSIO 2009,EX HDA COSCOTITLAN,PACHUCA DE SOTO,HID,42064,Cobro Regreso,"PACHUCA DE SOTO, HID.","BLVD LUIS DONALDO COLOSIO 2009, EX HDA COSCOTITLAN, 42064, PACHUCA DE SOTO, HID",,"BOSQUES DE DURAZNOS 127 PISO 11 OF 11-69   BOSQUE DE LAS LOMAS_x000D__x000D_MIGUEL HIDALGO,11700, CMX_x000D_MX",(771) 71 785 40,CHP170118NH4
244035,hos,194556.0,1,2026-09-18 00:00:00,2026-10-18 00:00:00,C08397,HOSPRO,"HAMPTON LEON, GUANAJUATO, MEXICO (BJXLG)",1533.0,0,245.28,1778.28,0.0,4011-L42,,1,CJA,BLVD ADOLFO LOPEZ MATEOS 1717,LOS GAVILANES,LEON,GTO,37266,Cobro Regreso,"LEON, GTO.","BLVD ADOLFO LOPEZ MATEOS 1717, LOS GAVILANES, 37266, LEON, GTO",,"BLVD LOPEZ MATEOS 1709 PISO 4   LOS GAVILANES_x000D__x000D_LEON,37266, GTO_x000D_MX",477 740 32 00,HOS140313LH7
244035,hos,194556.0,1,2026-09-18 00:00:00,2026-10-18 00:00:00,C08397,HOSPRO,"HAMPTON LEON, GUANAJUATO, MEXICO (BJXLG)",3066.0,0,490.56,3556.56,0.0,4011-L29,,2,CJA,BLVD ADOLFO LOPEZ MATEOS 1717,LOS GAVILANES,LEON,GTO,37266,Cobro Regreso,"LEON, GTO.","BLVD ADOLFO LOPEZ MATEOS 1717, LOS GAVILANES, 37266, LEON, GTO",,"BLVD LOPEZ MATEOS 1709 PISO 4   LOS GAVILANES_x000D__x000D_LEON,37266, GTO_x000D_MX",477 740 32 00,HOS140313LH7
244035,hos,194556.0,1,2026-09-18 00:00:00,2026-10-18 00:00:00,C08397,HOSPRO,"HAMPTON LEON, GUANAJUATO, MEXICO (BJXLG)",6132.0,0,981.12,7113.12,0.0,4011-L27,,4,CJA,BLVD ADOLFO LOPEZ MATEOS 1717,LOS GAVILANES,LEON,GTO,37266,Cobro Regreso,"LEON, GTO.","BLVD ADOLFO LOPEZ MATEOS 1717, LOS GAVILANES, 37266, LEON, GTO",,"BLVD LOPEZ MATEOS 1709 PISO 4   LOS GAVILANES_x000D__x000D_LEON,37266, GTO_x000D_MX",477 740 32 00,HOS140313LH7
244035,hos,194556.0,1,2026-09-18 00:00:00,2026-10-18 00:00:00,C08397,HOSPRO,"HAMPTON LEON, GUANAJUATO, MEXICO (BJXLG)",2331.0,0,372.96,2703.96,0.0,4011-J07,,4,CJA,BLVD ADOLFO LOPEZ MATEOS 1717,LOS GAVILANES,LEON,GTO,37266,Cobro Regreso,"LEON, GTO.","BLVD ADOLFO LOPEZ MATEOS 1717, LOS GAVILANES, 37266, LEON, GTO",,"BLVD LOPEZ MATEOS 1709 PISO 4   LOS GAVILANES_x000D__x000D_LEON,37266, GTO_x000D_MX",477 740 32 00,HOS140313LH7
244036,32,194557.0,1,2026-09-18 00:00:00,2026-10-18 00:00:00,C08856,CONSTRUCTORA NOMIR,COMFORT INN LOS CABOS (143191),6068.4,0,970.94,7039.34,0.0,4028-L40,,5,CJA,CARRETERA TRANSPENINSULAR KM 4.1,EL TEZAL,LOS CABOS,BCS,23454,Cobro Regreso,"LOS CABOS, BCS.","CARRETERA TRANSPENINSULAR KM 4.1, EL TEZAL, 23454, LOS CABOS, BCS",,"CALLE PRIMO DE VERDAD #103   LOMAS DEL GUADIANA_x000D__x000D_DURANGO,34110, DUR_x000D_MX",6182116880,CNO1905305I4
244036,32,194557.0,1,2026-09-18 00:00:00,2026-10-18 00:00:00,C08856,CONSTRUCTORA NOMIR,COMFORT INN LOS CABOS (143191),4854.72,0,776.76,5631.48,0.0,4028-L42,,4,CJA,CARRETERA TRANSPENINSULAR KM 4.1,EL TEZAL,LOS CABOS,BCS,23454,Cobro Regreso,"LOS CABOS, BCS.","CARRETERA TRANSPENINSULAR KM 4.1, EL TEZAL, 23454, LOS CABOS, BCS",,"CALLE PRIMO DE VERDAD #103   LOMAS DEL GUADIANA_x000D__x000D_DURANGO,34110, DUR_x000D_MX",6182116880,CNO1905305I4
244036,32,194557.0,1,2026-09-18 00:00:00,2026-10-18 00:00:00,C08856,CONSTRUCTORA NOMIR,COMFORT INN LOS CABOS (143191),4854.72,0,776.75,5631.48,0.0,4028-L39,,4,CJA,CARRETERA TRANSPENINSULAR KM 4.1,EL TEZAL,LOS CABOS,BCS,23454,Cobro Regreso,"LOS CABOS, BCS.","CARRETERA TRANSPENINSULAR KM 4.1, EL TEZAL, 23454, LOS CABOS, BCS",,"CALLE PRIMO DE VERDAD #103   LOMAS DEL GUADIANA_x000D__x000D_DURANGO,34110, DUR_x000D_MX",6182116880,CNO1905305I4
244037,RACK BARCELO,194549.0,13,2026-09-18 00:00:00,2026-12-17 00:00:00,C01958,CORPORACION CAFI S A,CORPORACION CAFI S A,18483.75,0,0.0,18483.75,1077.6,JHJY-0071,,60,PZA,AVENIDA ELENA 6-42 ZONA 3,,GUATEMALA,GU,1003,Exportacion,"GUATEMALA, GU.","AVENIDA ELENA 6-42 ZONA 3, , 01003, GUATEMALA, GU",,AVENIDA ELENA 6-42 ZONA 3_x000D__x000D_01003 GUATEMALA_x000D_GUATEMALA,(502)243 67376,XEXX010101000
244038,BB4383957020413,194560.0,1,2026-09-18 00:00:00,2026-11-02 00:00:00,C04857,SOFIA EXPRESS,HOTEL MISION EXPRESS PACHUCA,15893.5,5,2542.96,18436.46,0.0,4016-J08,,20,CJA,ABASOLO 242,CENTRO,PACHUCA DE SOTO,HID,42000,Cobro Destino,"PACHUCA DE SOTO, HID.","ABASOLO 242, CENTRO, 42000, PACHUCA DE SOTO, HID",,"ABASOLO 242   CENTRO_x000D__x000D_PACHUCA DE SOTO,42000, HID_x000D_MX",771 715 3900,SEX100616G90
244038,BB4383957020413,194560.0,1,2026-09-18 00:00:00,2026-11-02 00:00:00,C04857,SOFIA EXPRESS,HOTEL MISION EXPRESS PACHUCA,22190.1,5,3550.42,25740.52,0.0,4016-L04,,20,CJA,ABASOLO 242,CENTRO,PACHUCA DE SOTO,HID,42000,Cobro Destino,"PACHUCA DE SOTO, HID.","ABASOLO 242, CENTRO, 42000, PACHUCA DE SOTO, HID",,"ABASOLO 242   CENTRO_x000D__x000D_PACHUCA DE SOTO,42000, HID_x000D_MX",771 715 3900,SEX100616G90
244038,BB4383957020413,194560.0,1,2026-09-18 00:00:00,2026-11-02 00:00:00,C04857,SOFIA EXPRESS,HOTEL MISION EXPRESS PACHUCA,24451.1,5,3912.17,28363.28,0.0,4016-L07,ELEMENTS EVOLUTION B,20,CJA,ABASOLO 242,CENTRO,PACHUCA DE SOTO,HID,42000,Cobro Destino,"PACHUCA DE SOTO, HID.","ABASOLO 242, CENTRO, 42000, PACHUCA DE SOTO, HID",,"ABASOLO 242   CENTRO_x000D__x000D_PACHUCA DE SOTO,42000, HID_x000D_MX",771 715 3900,SEX100616G90
244039,180926,194565.0,1,2026-09-18 00:00:00,2026-09-18 00:00:00,C06010,RITZ ACAPULCO,HOTEL RITZ ACAPULCO,56047.5,0,8967.6,65015.1,0.0,4018-L14,,47,CJA,AV. COSTERA MIGUEL ALEMAN #159,MAGALLANES,ACAPULCO,GRO,39670,Cobro Destino,"ACAPULCO, GRO.","AV. COSTERA MIGUEL ALEMAN #159, MAGALLANES, 39670, ACAPULCO, GRO",,"AV. COSTERA MIGUEL ALEMAN #159   FRACC MAGALLANES_x000D__x000D_ACAPULCO DE JUAREZ,39670, GRO_x000D_MX",744 469 3500,RAC600208HX1
244039,180926,194565.0,1,2026-09-18 00:00:00,2026-09-18 00:00:00,C06010,RITZ ACAPULCO,HOTEL RITZ ACAPULCO,10063.9,0,1610.22,11674.12,0.0,4018-J07,,11,CJA,AV. COSTERA MIGUEL ALEMAN #159,MAGALLANES,ACAPULCO,GRO,39670,Cobro Destino,"ACAPULCO, GRO.","AV. COSTERA MIGUEL ALEMAN #159, MAGALLANES, 39670, ACAPULCO, GRO",,"AV. COSTERA MIGUEL ALEMAN #159   FRACC MAGALLANES_x000D__x000D_ACAPULCO DE JUAREZ,39670, GRO_x000D_MX",744 469 3500,RAC600208HX1
244039,180926,194565.0,1,2026-09-18 00:00:00,2026-09-18 00:00:00,C06010,RITZ ACAPULCO,HOTEL RITZ ACAPULCO,11925.0,0,1908.0,13833.0,0.0,4018-L16,,10,CJA,AV. COSTERA MIGUEL ALEMAN #159,MAGALLANES,ACAPULCO,GRO,39670,Cobro Destino,"ACAPULCO, GRO.","AV. COSTERA MIGUEL ALEMAN #159, MAGALLANES, 39670, ACAPULCO, GRO",,"AV. COSTERA MIGUEL ALEMAN #159   FRACC MAGALLANES_x000D__x000D_ACAPULCO DE JUAREZ,39670, GRO_x000D_MX",744 469 3500,RAC600208HX1
244040,53688,194579.0,1,2026-09-18 00:00:00,2026-10-03 00:00:00,C00607,OPERADORA HOTELERA DE ANAHUAC,HOLIDAY INN MONTERREY NORTE (MTYMX),1160.22,0,185.64,1345.86,0.0,69706958,,2,CJA,AV.UNIVERSIDAD NTE. 101,ANAHUAC,SAN NICOLAS DE LOS GARZA,NL,66450,Cobro Regreso,"SAN NICOLAS DE LOS GARZA, NL.","AV.UNIVERSIDAD NTE. 101, ANAHUAC, 66450, SAN NICOLAS DE LOS GARZA, NL",,"AV. UNIVERSIDAD NTE. 101   ANAHUAC_x000D__x000D_SAN NICOLAS DE LOS GARZA,66450, NL_x000D_MX",815 800 0504,OHA8512264E3
244040,53688,194579.0,1,2026-09-18 00:00:00,2026-10-03 00:00:00,C00607,OPERADORA HOTELERA DE ANAHUAC,HOLIDAY INN MONTERREY NORTE (MTYMX),1868.76,0,299.0,2167.76,0.0,68758340,,3,CJA,AV.UNIVERSIDAD NTE. 101,ANAHUAC,SAN NICOLAS DE LOS GARZA,NL,66450,Cobro Regreso,"SAN NICOLAS DE LOS GARZA, NL.","AV.UNIVERSIDAD NTE. 101, ANAHUAC, 66450, SAN NICOLAS DE LOS GARZA, NL",,"AV. UNIVERSIDAD NTE. 101   ANAHUAC_x000D__x000D_SAN NICOLAS DE LOS GARZA,66450, NL_x000D_MX",815 800 0504,OHA8512264E3
244040,53688,194579.0,1,2026-09-18 00:00:00,2026-10-03 00:00:00,C00607,OPERADORA HOTELERA DE ANAHUAC,HOLIDAY INN MONTERREY NORTE (MTYMX),3024.45,0,483.91,3508.36,0.0,68739022,,5,CJA,AV.UNIVERSIDAD NTE. 101,ANAHUAC,SAN NICOLAS DE LOS GARZA,NL,66450,Cobro Regreso,"SAN NICOLAS DE LOS GARZA, NL.","AV.UNIVERSIDAD NTE. 101, ANAHUAC, 66450, SAN NICOLAS DE LOS GARZA, NL",,"AV. UNIVERSIDAD NTE. 101   ANAHUAC_x000D__x000D_SAN NICOLAS DE LOS GARZA,66450, NL_x000D_MX",815 800 0504,OHA8512264E3
244041,,194562.0,1,2026-09-18 00:00:00,2026-09-18 00:00:00,C09582,ADMINISTRADORA GAREV,WYNDHAM GARDEN SALTILLO,2473.23,0,395.72,2868.95,0.0,68739022,,3,CJA,BLVD VENUSTIANO CARRANZA 5685,PASEO DE LAS PALMAS,SALTILLO,COA,25210,Cobro Regreso,"SALTILLO, COA.","BLVD VENUSTIANO CARRANZA 5685, PASEO DE LAS PALMAS, 25210, SALTILLO, COA",,"AVENIDA UNIVERSIDAD S/N   UNIVERSIDAD_x000D__x000D_SALTILLO,25260, COA_x000D_MX",844 772 8821,AGA250609M80
244041,,194562.0,1,2026-09-18 00:00:00,2026-09-18 00:00:00,C09582,ADMINISTRADORA GAREV,WYNDHAM GARDEN SALTILLO,2546.37,0,407.42,2953.79,0.0,68758340,,3,CJA,BLVD VENUSTIANO CARRANZA 5685,PASEO DE LAS PALMAS,SALTILLO,COA,25210,Cobro Regreso,"SALTILLO, COA.","BLVD VENUSTIANO CARRANZA 5685, PASEO DE LAS PALMAS, 25210, SALTILLO, COA",,"AVENIDA UNIVERSIDAD S/N   UNIVERSIDAD_x000D__x000D_SALTILLO,25260, COA_x000D_MX",844 772 8821,AGA250609M80
244042,4700249837,194563.0,1,2026-09-18 00:00:00,2026-11-02 00:00:00,C05942,FIDEICOMISO IRREVOCABLE DB/1616,"HAMPTON SALTILLO, MEXICO (SLWHA)",4599.0,0,735.84,5334.84,0.0,4011-L28,,3,CJA,Zona Aeropuerto SALTILLO-JARDINES COLONIALES,Carretera Saltillo-Monterrey 6580,SALTILLO,COA,25270,Cobro Regreso,"SALTILLO, COA.","Zona Aeropuerto SALTILLO-JARDINES COLONIALES, Carretera Saltillo-Monterrey 6580, 25270, SALTILLO, COA",,"AV. FUNDADORES Exterior: 1000 INT: PISO 7   VALLE DEL MIRADOR_x000D__x000D_MONTERREY,64750, NL_x000D_MX",844 450 4500,DBM121023M10
244042,4700249837,194563.0,1,2026-09-18 00:00:00,2026-11-02 00:00:00,C05942,FIDEICOMISO IRREVOCABLE DB/1616,"HAMPTON SALTILLO, MEXICO (SLWHA)",4599.0,0,735.84,5334.84,0.0,4011-L30,,3,CJA,Zona Aeropuerto SALTILLO-JARDINES COLONIALES,Carretera Saltillo-Monterrey 6580,SALTILLO,COA,25270,Cobro Regreso,"SALTILLO, COA.","Zona Aeropuerto SALTILLO-JARDINES COLONIALES, Carretera Saltillo-Monterrey 6580, 25270, SALTILLO, COA",,"AV. FUNDADORES Exterior: 1000 INT: PISO 7   VALLE DEL MIRADOR_x000D__x000D_MONTERREY,64750, NL_x000D_MX",844 450 4500,DBM121023M10
244042,4700249837,194563.0,1,2026-09-18 00:00:00,2026-11-02 00:00:00,C05942,FIDEICOMISO IRREVOCABLE DB/1616,"HAMPTON SALTILLO, MEXICO (SLWHA)",7665.0,0,1226.4,8891.4,0.0,4011-L27,,5,CJA,Zona Aeropuerto SALTILLO-JARDINES COLONIALES,Carretera Saltillo-Monterrey 6580,SALTILLO,COA,25270,Cobro Regreso,"SALTILLO, COA.","Zona Aeropuerto SALTILLO-JARDINES COLONIALES, Carretera Saltillo-Monterrey 6580, 25270, SALTILLO, COA",,"AV. FUNDADORES Exterior: 1000 INT: PISO 7   VALLE DEL MIRADOR_x000D__x000D_MONTERREY,64750, NL_x000D_MX",844 450 4500,DBM121023M10
244043,PO5438279,194566.0,1,2026-09-18 00:00:00,2026-10-18 00:00:00,C05359,FIDEICOMISO F/1596,FIESTA AMERICANA HERMOSILLO (FAHE),2179.0,0,348.64,2527.64,0.0,4029-A05,MISCELANEOS,1,CJA,BOULEVARD FRANCISCO EUSEBIO KINO  369,LOMAS PITIC,HERMOSILLO,SON,83010,Cobro Regreso,"HERMOSILLO, SON.","BOULEVARD FRANCISCO EUSEBIO KINO  369, LOMAS PITIC, 83010, HERMOSILLO, SON",,"AV SANTA FE 481 PISO 7   SANTA FE CUAJIMALPA_x000D__x000D_CUAJIMALPA DE MORELOS,05348, CMX_x000D_MX",(662)259 60 00/92,FFX121005C6A
244044,"Refacturación Factura 241739 30/07/2026, por fecha.//1",192725.0,1,2026-09-18 00:00:00,2026-09-26 00:00:00,C08433,HOTELERA OMS,ENCORE AEROPUERTO GUADALAJARA,2390.5,0,382.48,2772.98,0.0,4029-A96,,1,CJA,AV SOLIDARIDAD IBEROAMERICANA 6500,BAJA CALIFORNIA,EL SALTO,JAL,45693,Solo Factura,"EL SALTO, JAL.","AV SOLIDARIDAD IBEROAMERICANA 6500, BAJA CALIFORNIA, 45693, EL SALTO, JAL",,"AV LOPEZ MATEOS SUR 1710 F1   SANTA ISABEL_x000D__x000D_TLAJOMULCO DE ZUÑIGA,45645, JAL_x000D_MX",33 4349 5000,HOM180319695
244044,"Refacturación Factura 241739 30/07/2026, por fecha.//1",192725.0,1,2026-09-18 00:00:00,2026-09-26 00:00:00,C08433,HOTELERA OMS,ENCORE AEROPUERTO GUADALAJARA,1098.0,0,175.68,1273.68,0.0,5369-L20,,2,CJA,AV SOLIDARIDAD IBEROAMERICANA 6500,BAJA CALIFORNIA,EL SALTO,JAL,45693,Solo Factura,"EL SALTO, JAL.","AV SOLIDARIDAD IBEROAMERICANA 6500, BAJA CALIFORNIA, 45693, EL SALTO, JAL",,"AV LOPEZ MATEOS SUR 1710 F1   SANTA ISABEL_x000D__x000D_TLAJOMULCO DE ZUÑIGA,45645, JAL_x000D_MX",33 4349 5000,HOM180319695
244044,"Refacturación Factura 241739 30/07/2026, por fecha.//1",192725.0,1,2026-09-18 00:00:00,2026-09-26 00:00:00,C08433,HOTELERA OMS,ENCORE AEROPUERTO GUADALAJARA,1098.0,0,175.68,1273.68,0.0,5369-L21,,2,CJA,AV SOLIDARIDAD IBEROAMERICANA 6500,BAJA CALIFORNIA,EL SALTO,JAL,45693,Solo Factura,"EL SALTO, JAL.","AV SOLIDARIDAD IBEROAMERICANA 6500, BAJA CALIFORNIA, 45693, EL SALTO, JAL",,"AV LOPEZ MATEOS SUR 1710 F1   SANTA ISABEL_x000D__x000D_TLAJOMULCO DE ZUÑIGA,45645, JAL_x000D_MX",33 4349 5000,HOM180319695
244044,"Refacturación Factura 241739 30/07/2026, por fecha.//1",192725.0,1,2026-09-18 00:00:00,2026-09-26 00:00:00,C08433,HOTELERA OMS,ENCORE AEROPUERTO GUADALAJARA,1647.0,0,263.52,1910.52,0.0,5369-L22,,3,CJA,AV SOLIDARIDAD IBEROAMERICANA 6500,BAJA CALIFORNIA,EL SALTO,JAL,45693,Solo Factura,"EL SALTO, JAL.","AV SOLIDARIDAD IBEROAMERICANA 6500, BAJA CALIFORNIA, 45693, EL SALTO, JAL",,"AV LOPEZ MATEOS SUR 1710 F1   SANTA ISABEL_x000D__x000D_TLAJOMULCO DE ZUÑIGA,45645, JAL_x000D_MX",33 4349 5000,HOM180319695
244045,PO5426110,194567.0,1,2026-09-18 00:00:00,2026-10-18 00:00:00,C05359,FIDEICOMISO F/1596,FIESTA AMERICANA HERMOSILLO (FAHE),4358.0,0,697.28,5055.28,0.0,4029-A05,MISCELANEOS,2,CJA,BOULEVARD FRANCISCO EUSEBIO KINO  369,LOMAS PITIC,HERMOSILLO,SON,83010,Cobro Regreso,"HERMOSILLO, SON.","BOULEVARD FRANCISCO EUSEBIO KINO  369, LOMAS PITIC, 83010, HERMOSILLO, SON",,"AV SANTA FE 481 PISO 7   SANTA FE CUAJIMALPA_x000D__x000D_CUAJIMALPA DE MORELOS,05348, CMX_x000D_MX",(662)259 60 00/92,FFX121005C6A
244046,HOTEL HACIENDA REAL DE CASTILLA,194568.0,1,2026-09-18 00:00:00,2026-09-18 00:00:00,C03367,HOTEL HACIENDA REAL DE CASTILLA,HOTEL HACIENDA REAL DE CASTILLA,911.99,0,145.92,1057.91,0.0,4016-J07,,1,CJA,COLON 184,ZONA CENTRO,GUADALAJARA,JAL,44100,Transporte LOCAL,"GUADALAJARA, JAL.","COLON 184, ZONA CENTRO, 44100, GUADALAJARA, JAL",,"COLON 184   GUADALAJARA CENTRO_x000D__x000D_GUADALAJARA,44100, JAL_x000D_MX",333 614 7675,HHR191106Q29
244046,HOTEL HACIENDA REAL DE CASTILLA,194568.0,1,2026-09-18 00:00:00,2026-09-18 00:00:00,C03367,HOTEL HACIENDA REAL DE CASTILLA,HOTEL HACIENDA REAL DE CASTILLA,7007.4,0,1121.18,8128.58,0.0,4016-L04,,6,CJA,COLON 184,ZONA CENTRO,GUADALAJARA,JAL,44100,Transporte LOCAL,"GUADALAJARA, JAL.","COLON 184, ZONA CENTRO, 44100, GUADALAJARA, JAL",,"COLON 184   GUADALAJARA CENTRO_x000D__x000D_GUADALAJARA,44100, JAL_x000D_MX",333 614 7675,HHR191106Q29
244046,HOTEL HACIENDA REAL DE CASTILLA,194568.0,1,2026-09-18 00:00:00,2026-09-18 00:00:00,C03367,HOTEL HACIENDA REAL DE CASTILLA,HOTEL HACIENDA REAL DE CASTILLA,5019.0,0,803.04,5822.04,0.0,4016-J08,,6,CJA,COLON 184,ZONA CENTRO,GUADALAJARA,JAL,44100,Transporte LOCAL,"GUADALAJARA, JAL.","COLON 184, ZONA CENTRO, 44100, GUADALAJARA, JAL",,"COLON 184   GUADALAJARA CENTRO_x000D__x000D_GUADALAJARA,44100, JAL_x000D_MX",333 614 7675,HHR191106Q29
244047,,194569.0,1,2026-09-18 00:00:00,2026-10-18 00:00:00,C04160,COMPA&IA HOTELERA DE LA LAGUNA,"HAMPTON TORREÓN-AIRPORT GALERÍAS, MEXICO (TRCHA)",4599.0,0,735.84,5334.84,0.0,4011-L27,,3,CJA,PERIFERICO RAUL LOPEZ SANCHEZ 10995,LOS VIÑEDOS,TORREON,COA,27019,Cobro Regreso,"TORREON, COA.","PERIFERICO RAUL LOPEZ SANCHEZ 10995, LOS VIÑEDOS, 27019, TORREON, COA",,"BLVD CARLOS LOPEZ SOSA 122   LOS VIÑEDOS_x000D__x000D_TORREON,27019, COA_x000D_MX",8717051550,HLA970121F11
244047,,194569.0,1,2026-09-18 00:00:00,2026-10-18 00:00:00,C04160,COMPA&IA HOTELERA DE LA LAGUNA,"HAMPTON TORREÓN-AIRPORT GALERÍAS, MEXICO (TRCHA)",2913.75,0,466.2,3379.95,0.0,4011-J07,,5,CJA,PERIFERICO RAUL LOPEZ SANCHEZ 10995,LOS VIÑEDOS,TORREON,COA,27019,Cobro Regreso,"TORREON, COA.","PERIFERICO RAUL LOPEZ SANCHEZ 10995, LOS VIÑEDOS, 27019, TORREON, COA",,"BLVD CARLOS LOPEZ SOSA 122   LOS VIÑEDOS_x000D__x000D_TORREON,27019, COA_x000D_MX",8717051550,HLA970121F11
244047,,194569.0,1,2026-09-18 00:00:00,2026-10-18 00:00:00,C04160,COMPA&IA HOTELERA DE LA LAGUNA,"HAMPTON TORREÓN-AIRPORT GALERÍAS, MEXICO (TRCHA)",2049.87,0,327.98,2377.85,0.0,4011-J08,,3,CJA,PERIFERICO RAUL LOPEZ SANCHEZ 10995,LOS VIÑEDOS,TORREON,COA,27019,Cobro Regreso,"TORREON, COA.","PERIFERICO RAUL LOPEZ SANCHEZ 10995, LOS VIÑEDOS, 27019, TORREON, COA",,"BLVD CARLOS LOPEZ SOSA 122   LOS VIÑEDOS_x000D__x000D_TORREON,27019, COA_x000D_MX",8717051550,HLA970121F11
244048,221138 maritza,194572.0,1,2026-09-18 00:00:00,2026-09-18 00:00:00,C09539,MARITZA ALEXANDRA ZEPEDA MAGAÑA,MARITZA ALEXANDRA ZEPEDA MAGAÑA,2335.8,0,373.73,2709.53,0.0,4016-L05,,2,CJA,MORERA 2981,ARBOLEDAS DEL SUR,GUADALAJARA,JAL,44980,Transporte LOCAL,"GUADALAJARA, JAL.","MORERA 2981, ARBOLEDAS DEL SUR, 44980, GUADALAJARA, JAL",,"FRENTE AL KINDER LS COFRA SR   FRACC CIMAS DEL BOSQUE_x000D__x000D_MAZAMITLA,49500, JAL_x000D_MX",3314187323,ZEMM950521IM3
244049,221164 maritza,194574.0,1,2026-09-18 00:00:00,2026-09-18 00:00:00,C07741,PROMOCIONES TURISTICAS ROVISA,PARADISSO AUTO HOTEL,9119.9,0,1459.18,10579.08,0.0,4016-J07,,10,CJA,BLVD.AEROPUERTO #150,PREDIO DE SANTA JULIA,LEON,GTO,37680,Tres Guerras C.Destino,"LEON, GTO.","BLVD.AEROPUERTO #150, PREDIO DE SANTA JULIA, 37680, LEON, GTO",,"BLVD.AEROPUERTO #150   PREDIO DE SANTA JULIA_x000D__x000D_LEON,37680, GTO_x000D_MX",312 312 8707,PTR910115ML8
244050,OC SEPTIEMBRE 2026,194576.0,1,2026-09-18 00:00:00,2026-10-03 00:00:00,C06447,NATHAN DESARROLLOS HOTELEROS,HOLIDAY INN EXPRESS & SUITES SILAO AEROPUERTO (BJXRR),627.66,0,100.43,728.09,0.0,68739026,,1,CJA,CARRETERA SILAO LEON KM 156,NUEVO MEXICO,SILAO,GTO,36270,Cobro Regreso,"SILAO, GTO.","CARRETERA SILAO LEON KM 156, NUEVO MEXICO, 36270, SILAO, GTO",,"AVENIDA SIMON BOLIVAR 1502 PISO 3   MITRAS CENTRO_x000D__x000D_MONTERREY,64460, NL_x000D_MX",472 117 9200,NDH150507531
244050,OC SEPTIEMBRE 2026,194576.0,1,2026-09-18 00:00:00,2026-10-03 00:00:00,C06447,NATHAN DESARROLLOS HOTELEROS,HOLIDAY INN EXPRESS & SUITES SILAO AEROPUERTO (BJXRR),632.16,0,101.15,733.31,0.0,4029-A90,,1,CJA,CARRETERA SILAO LEON KM 156,NUEVO MEXICO,SILAO,GTO,36270,Cobro Regreso,"SILAO, GTO.","CARRETERA SILAO LEON KM 156, NUEVO MEXICO, 36270, SILAO, GTO",,"AVENIDA SIMON BOLIVAR 1502 PISO 3   MITRAS CENTRO_x000D__x000D_MONTERREY,64460, NL_x000D_MX",472 117 9200,NDH150507531
244050,OC SEPTIEMBRE 2026,194576.0,1,2026-09-18 00:00:00,2026-10-03 00:00:00,C06447,NATHAN DESARROLLOS HOTELEROS,HOLIDAY INN EXPRESS & SUITES SILAO AEROPUERTO (BJXRR),1160.22,0,185.64,1345.86,0.0,69706958,,2,CJA,CARRETERA SILAO LEON KM 156,NUEVO MEXICO,SILAO,GTO,36270,Cobro Regreso,"SILAO, GTO.","CARRETERA SILAO LEON KM 156, NUEVO MEXICO, 36270, SILAO, GTO",,"AVENIDA SIMON BOLIVAR 1502 PISO 3   MITRAS CENTRO_x000D__x000D_MONTERREY,64460, NL_x000D_MX",472 117 9200,NDH150507531
244050,OC SEPTIEMBRE 2026,194576.0,1,2026-09-18 00:00:00,2026-10-03 00:00:00,C06447,NATHAN DESARROLLOS HOTELEROS,HOLIDAY INN EXPRESS & SUITES SILAO AEROPUERTO (BJXRR),3114.6,0,498.33,3612.94,0.0,68758340,,5,CJA,CARRETERA SILAO LEON KM 156,NUEVO MEXICO,SILAO,GTO,36270,Cobro Regreso,"SILAO, GTO.","CARRETERA SILAO LEON KM 156, NUEVO MEXICO, 36270, SILAO, GTO",,"AVENIDA SIMON BOLIVAR 1502 PISO 3   MITRAS CENTRO_x000D__x000D_MONTERREY,64460, NL_x000D_MX",472 117 9200,NDH150507531
244050,OC SEPTIEMBRE 2026,194576.0,1,2026-09-18 00:00:00,2026-10-03 00:00:00,C06447,NATHAN DESARROLLOS HOTELEROS,HOLIDAY INN EXPRESS & SUITES SILAO AEROPUERTO (BJXRR),3629.34,0,580.69,4210.03,0.0,68739022,,6,CJA,CARRETERA SILAO LEON KM 156,NUEVO MEXICO,SILAO,GTO,36270,Cobro Regreso,"SILAO, GTO.","CARRETERA SILAO LEON KM 156, NUEVO MEXICO, 36270, SILAO, GTO",,"AVENIDA SIMON BOLIVAR 1502 PISO 3   MITRAS CENTRO_x000D__x000D_MONTERREY,64460, NL_x000D_MX",472 117 9200,NDH150507531
244050,OC SEPTIEMBRE 2026,194576.0,1,2026-09-18 00:00:00,2026-10-03 00:00:00,C06447,NATHAN DESARROLLOS HOTELEROS,HOLIDAY INN EXPRESS & SUITES SILAO AEROPUERTO (BJXRR),2215.0,0,354.4,2569.4,0.0,4029-A05,MISCELANEOS,1,CJA,CARRETERA SILAO LEON KM 156,NUEVO MEXICO,SILAO,GTO,36270,Cobro Regreso,"SILAO, GTO.","CARRETERA SILAO LEON KM 156, NUEVO MEXICO, 36270, SILAO, GTO",,"AVENIDA SIMON BOLIVAR 1502 PISO 3   MITRAS CENTRO_x000D__x000D_MONTERREY,64460, NL_x000D_MX",472 117 9200,NDH150507531
244051,INMOBILIARIA MOSE (HOTEL HAMPTON),194578.0,1,2026-09-18 00:00:00,2026-10-18 00:00:00,C08422,INMOBILIARIA MOSE,"HAMPTON MEXICO CITY/CENTRO HISTORICO, MEXICO (MEXCH)",3066.0,0,490.56,3556.56,0.0,4011-L30,,2,CJA,CALLE 5 DE FEBRERO NUMERO 24,CENTRO DE LA CIUDAD DE MEXICO AREA 6,CUAUHTEMOC,CMX,6060,Cobro Regreso,"CUAUHTEMOC, CMX.","CALLE 5 DE FEBRERO NUMERO 24, CENTRO DE LA CIUDAD DE MEXICO AREA 6, 06060, CUAUHTEMOC, CMX",,"CALLE 5 DE FEBRERO NUMERO 24   CENTRO DE LA CIUDAD DE MEXICO AREA 6_x000D__x000D_CUAUHTEMOC,06060, CMX_x000D_MX",55 8000 5000,IMO700623PJ4
244051,INMOBILIARIA MOSE (HOTEL HAMPTON),194578.0,1,2026-09-18 00:00:00,2026-10-18 00:00:00,C08422,INMOBILIARIA MOSE,"HAMPTON MEXICO CITY/CENTRO HISTORICO, MEXICO (MEXCH)",9198.0,0,1471.68,10669.68,0.0,4011-L27,,6,CJA,CALLE 5 DE FEBRERO NUMERO 24,CENTRO DE LA CIUDAD DE MEXICO AREA 6,CUAUHTEMOC,CMX,6060,Cobro Regreso,"CUAUHTEMOC, CMX.","CALLE 5 DE FEBRERO NUMERO 24, CENTRO DE LA CIUDAD DE MEXICO AREA 6, 06060, CUAUHTEMOC, CMX",,"CALLE 5 DE FEBRERO NUMERO 24   CENTRO DE LA CIUDAD DE MEXICO AREA 6_x000D__x000D_CUAUHTEMOC,06060, CMX_x000D_MX",55 8000 5000,IMO700623PJ4
244051,INMOBILIARIA MOSE (HOTEL HAMPTON),194578.0,1,2026-09-18 00:00:00,2026-10-18 00:00:00,C08422,INMOBILIARIA MOSE,"HAMPTON MEXICO CITY/CENTRO HISTORICO, MEXICO (MEXCH)",12264.0,0,1962.24,14226.24,0.0,4011-L29,,8,CJA,CALLE 5 DE FEBRERO NUMERO 24,CENTRO DE LA CIUDAD DE MEXICO AREA 6,CUAUHTEMOC,CMX,6060,Cobro Regreso,"CUAUHTEMOC, CMX.","CALLE 5 DE FEBRERO NUMERO 24, CENTRO DE LA CIUDAD DE MEXICO AREA 6, 06060, CUAUHTEMOC, CMX",,"CALLE 5 DE FEBRERO NUMERO 24   CENTRO DE LA CIUDAD DE MEXICO AREA 6_x000D__x000D_CUAUHTEMOC,06060, CMX_x000D_MX",55 8000 5000,IMO700623PJ4
244051,INMOBILIARIA MOSE (HOTEL HAMPTON),194578.0,1,2026-09-18 00:00:00,2026-10-18 00:00:00,C08422,INMOBILIARIA MOSE,"HAMPTON MEXICO CITY/CENTRO HISTORICO, MEXICO (MEXCH)",5827.5,0,932.4,6759.9,0.0,4011-J07,,10,CJA,CALLE 5 DE FEBRERO NUMERO 24,CENTRO DE LA CIUDAD DE MEXICO AREA 6,CUAUHTEMOC,CMX,6060,Cobro Regreso,"CUAUHTEMOC, CMX.","CALLE 5 DE FEBRERO NUMERO 24, CENTRO DE LA CIUDAD DE MEXICO AREA 6, 06060, CUAUHTEMOC, CMX",,"CALLE 5 DE FEBRERO NUMERO 24   CENTRO DE LA CIUDAD DE MEXICO AREA 6_x000D__x000D_CUAUHTEMOC,06060, CMX_x000D_MX",55 8000 5000,IMO700623PJ4
244052,OW-09212,194580.0,1,2026-09-18 00:00:00,2026-10-03 00:00:00,C07186,IMPULSORA PLAZA GUADIANA,CITY EXPRESS DURANGO (CEDGO),1620.4,0,259.26,1879.66,0.0,4018-A25,,1,CJA,BLVD. FRANCISCO VILLA No. 4021,20 DE NOVIEMBRE,DURANGO,DUR,34234,Cobro Regreso,"DURANGO, DUR.","BLVD. FRANCISCO VILLA No. 4021, 20 DE NOVIEMBRE, 34234, DURANGO, DUR",,"JUAN SALVADOR AGRAZ #69 PISO 12   SANTA FE CUAJIMALPA_x000D__x000D_CUAJIMALPA DE MORELOS,05348, DF2_x000D_MX",01-618-150-3800,IPG110812574
244052,OW-09212,194580.0,1,2026-09-18 00:00:00,2026-10-03 00:00:00,C07186,IMPULSORA PLAZA GUADIANA,CITY EXPRESS DURANGO (CEDGO),2011.46,0,321.83,2333.29,0.0,4051-L11,,2,CJA,BLVD. FRANCISCO VILLA No. 4021,20 DE NOVIEMBRE,DURANGO,DUR,34234,Cobro Regreso,"DURANGO, DUR.","BLVD. FRANCISCO VILLA No. 4021, 20 DE NOVIEMBRE, 34234, DURANGO, DUR",,"JUAN SALVADOR AGRAZ #69 PISO 12   SANTA FE CUAJIMALPA_x000D__x000D_CUAJIMALPA DE MORELOS,05348, DF2_x000D_MX",01-618-150-3800,IPG110812574
244052,OW-09212,194580.0,1,2026-09-18 00:00:00,2026-10-03 00:00:00,C07186,IMPULSORA PLAZA GUADIANA,CITY EXPRESS DURANGO (CEDGO),2011.46,0,321.83,2333.29,0.0,4051-L12,,2,CJA,BLVD. FRANCISCO VILLA No. 4021,20 DE NOVIEMBRE,DURANGO,DUR,34234,Cobro Regreso,"DURANGO, DUR.","BLVD. FRANCISCO VILLA No. 4021, 20 DE NOVIEMBRE, 34234, DURANGO, DUR",,"JUAN SALVADOR AGRAZ #69 PISO 12   SANTA FE CUAJIMALPA_x000D__x000D_CUAJIMALPA DE MORELOS,05348, DF2_x000D_MX",01-618-150-3800,IPG110812574
244052,OW-09212,194580.0,1,2026-09-18 00:00:00,2026-10-03 00:00:00,C07186,IMPULSORA PLAZA GUADIANA,CITY EXPRESS DURANGO (CEDGO),2074.8,0,331.98,2406.77,0.0,4051-J04,,5,CJA,BLVD. FRANCISCO VILLA No. 4021,20 DE NOVIEMBRE,DURANGO,DUR,34234,Cobro Regreso,"DURANGO, DUR.","BLVD. FRANCISCO VILLA No. 4021, 20 DE NOVIEMBRE, 34234, DURANGO, DUR",,"JUAN SALVADOR AGRAZ #69 PISO 12   SANTA FE CUAJIMALPA_x000D__x000D_CUAJIMALPA DE MORELOS,05348, DF2_x000D_MX",01-618-150-3800,IPG110812574
244053,CREDITO,194581.0,1,2026-09-18 00:00:00,2026-10-03 00:00:00,C04260,OPERADORA HOTELERA SLP,ENCORE SAN LUIS A0191479,549.0,0,87.84,636.84,0.0,5369-L19,,1,CJA,AV. BENITO JUAREZ #3963,LAS MERCEDES,SAN LUIS POTOSI,SLP,78394,Cobro Regreso,"SAN LUIS POTOSI, SLP.","AV. BENITO JUAREZ #3963, LAS MERCEDES, 78394, SAN LUIS POTOSI, SLP",,"AV BENITO JUAREZ 3963   LAS MERCEDES_x000D__x000D_SAN LUIS POTOSI,78394, SLP_x000D_MX",444 211 4400,OHS150126T71
244053,CREDITO,194581.0,1,2026-09-18 00:00:00,2026-10-03 00:00:00,C04260,OPERADORA HOTELERA SLP,ENCORE SAN LUIS A0191479,754.99,0,120.8,875.79,0.0,4029-A90,,1,CJA,AV. BENITO JUAREZ #3963,LAS MERCEDES,SAN LUIS POTOSI,SLP,78394,Cobro Regreso,"SAN LUIS POTOSI, SLP.","AV. BENITO JUAREZ #3963, LAS MERCEDES, 78394, SAN LUIS POTOSI, SLP",,"AV BENITO JUAREZ 3963   LAS MERCEDES_x000D__x000D_SAN LUIS POTOSI,78394, SLP_x000D_MX",444 211 4400,OHS150126T71
244053,CREDITO,194581.0,1,2026-09-18 00:00:00,2026-10-03 00:00:00,C04260,OPERADORA HOTELERA SLP,ENCORE SAN LUIS A0191479,4781.0,0,764.96,5545.96,0.0,4029-A96,,2,CJA,AV. BENITO JUAREZ #3963,LAS MERCEDES,SAN LUIS POTOSI,SLP,78394,Cobro Regreso,"SAN LUIS POTOSI, SLP.","AV. BENITO JUAREZ #3963, LAS MERCEDES, 78394, SAN LUIS POTOSI, SLP",,"AV BENITO JUAREZ 3963   LAS MERCEDES_x000D__x000D_SAN LUIS POTOSI,78394, SLP_x000D_MX",444 211 4400,OHS150126T71
244053,CREDITO,194581.0,1,2026-09-18 00:00:00,2026-10-03 00:00:00,C04260,OPERADORA HOTELERA SLP,ENCORE SAN LUIS A0191479,2745.0,0,439.2,3184.2,0.0,5369-L21,,5,CJA,AV. BENITO JUAREZ #3963,LAS MERCEDES,SAN LUIS POTOSI,SLP,78394,Cobro Regreso,"SAN LUIS POTOSI, SLP.","AV. BENITO JUAREZ #3963, LAS MERCEDES, 78394, SAN LUIS POTOSI, SLP",,"AV BENITO JUAREZ 3963   LAS MERCEDES_x000D__x000D_SAN LUIS POTOSI,78394, SLP_x000D_MX",444 211 4400,OHS150126T71
244053,CREDITO,194581.0,1,2026-09-18 00:00:00,2026-10-03 00:00:00,C04260,OPERADORA HOTELERA SLP,ENCORE SAN LUIS A0191479,2196.0,0,351.36,2547.36,0.0,5369-L22,,4,CJA,AV. BENITO JUAREZ #3963,LAS MERCEDES,SAN LUIS POTOSI,SLP,78394,Cobro Regreso,"SAN LUIS POTOSI, SLP.","AV. BENITO JUAREZ #3963, LAS MERCEDES, 78394, SAN LUIS POTOSI, SLP",,"AV BENITO JUAREZ 3963   LAS MERCEDES_x000D__x000D_SAN LUIS POTOSI,78394, SLP_x000D_MX",444 211 4400,OHS150126T71
244053,CREDITO,194581.0,1,2026-09-18 00:00:00,2026-10-03 00:00:00,C04260,OPERADORA HOTELERA SLP,ENCORE SAN LUIS A0191479,2215.0,0,354.4,2569.4,0.0,4029-A05,MISCELANEOS,1,CJA,AV. BENITO JUAREZ #3963,LAS MERCEDES,SAN LUIS POTOSI,SLP,78394,Cobro Regreso,"SAN LUIS POTOSI, SLP.","AV. BENITO JUAREZ #3963, LAS MERCEDES, 78394, SAN LUIS POTOSI, SLP",,"AV BENITO JUAREZ 3963   LAS MERCEDES_x000D__x000D_SAN LUIS POTOSI,78394, SLP_x000D_MX",444 211 4400,OHS150126T71
244054,,194583.0,1,2026-09-18 00:00:00,2026-09-18 00:00:00,C08025,HOTELEROS JASTECA,HOTEL RAME,1669.25,0,267.08,1936.33,0.0,4018-A25,,1,CJA,EFRAIN GONZALEZ LUNA #2431,ARCOS VALLARTA,GUADALAJARA,JAL,44130,Transporte LOCAL,"GUADALAJARA, JAL.","EFRAIN GONZALEZ LUNA #2431, ARCOS VALLARTA, 44130, GUADALAJARA, JAL",,"EFRAIN GONZALEZ LUNA #2431   ARCOS VALLARTA_x000D__x000D_GUADALAJARA,44130, JAL_x000D_MX",331 427 2353,HJA190524K75
244054,,194583.0,1,2026-09-18 00:00:00,2026-09-18 00:00:00,C08025,HOTELEROS JASTECA,HOTEL RAME,443.52,0,70.96,514.48,0.0,4018-A26,,1,CJA,EFRAIN GONZALEZ LUNA #2431,ARCOS VALLARTA,GUADALAJARA,JAL,44130,Transporte LOCAL,"GUADALAJARA, JAL.","EFRAIN GONZALEZ LUNA #2431, ARCOS VALLARTA, 44130, GUADALAJARA, JAL",,"EFRAIN GONZALEZ LUNA #2431   ARCOS VALLARTA_x000D__x000D_GUADALAJARA,44130, JAL_x000D_MX",331 427 2353,HJA190524K75
244054,,194583.0,1,2026-09-18 00:00:00,2026-09-18 00:00:00,C08025,HOTELEROS JASTECA,HOTEL RAME,845.78,0,135.33,981.1,0.0,4018-A27,,1,CJA,EFRAIN GONZALEZ LUNA #2431,ARCOS VALLARTA,GUADALAJARA,JAL,44130,Transporte LOCAL,"GUADALAJARA, JAL.","EFRAIN GONZALEZ LUNA #2431, ARCOS VALLARTA, 44130, GUADALAJARA, JAL",,"EFRAIN GONZALEZ LUNA #2431   ARCOS VALLARTA_x000D__x000D_GUADALAJARA,44130, JAL_x000D_MX",331 427 2353,HJA190524K75
244055,HACIENDA CONCEPCIÓN,194584.0,1,2026-09-18 00:00:00,2026-09-18 00:00:00,C04551,"SERVICIOS TURISTICOS, RECREATIVOS E INMOBILIARIOS DE ARTEAGA",HACIENDA CONCEPCION,3025.5,0,484.08,3509.58,0.0,4052-J07,,3,CJA,REYNOSA 954,REPUBLICA ORIENTE,SALTILLO,COA,25280,Cobro Destino,"SALTILLO, COA.","REYNOSA 954, REPUBLICA ORIENTE, 25280, SALTILLO, COA",,"CAMINO A QUINTA PONYS S/N   BELLA UNION_x000D__x000D_ARTEAGA,25355, COA_x000D_MX",844-4274-393,STR100113UV0
244055,HACIENDA CONCEPCIÓN,194584.0,1,2026-09-18 00:00:00,2026-09-18 00:00:00,C04551,"SERVICIOS TURISTICOS, RECREATIVOS E INMOBILIARIOS DE ARTEAGA",HACIENDA CONCEPCION,2396.7,0,383.47,2780.17,0.0,4052-L41,,3,CJA,REYNOSA 954,REPUBLICA ORIENTE,SALTILLO,COA,25280,Cobro Destino,"SALTILLO, COA.","REYNOSA 954, REPUBLICA ORIENTE, 25280, SALTILLO, COA",,"CAMINO A QUINTA PONYS S/N   BELLA UNION_x000D__x000D_ARTEAGA,25355, COA_x000D_MX",844-4274-393,STR100113UV0
244055,HACIENDA CONCEPCIÓN,194584.0,1,2026-09-18 00:00:00,2026-09-18 00:00:00,C04551,"SERVICIOS TURISTICOS, RECREATIVOS E INMOBILIARIOS DE ARTEAGA",HACIENDA CONCEPCION,2396.7,0,383.47,2780.17,0.0,4052-L45,,3,CJA,REYNOSA 954,REPUBLICA ORIENTE,SALTILLO,COA,25280,Cobro Destino,"SALTILLO, COA.","REYNOSA 954, REPUBLICA ORIENTE, 25280, SALTILLO, COA",,"CAMINO A QUINTA PONYS S/N   BELLA UNION_x000D__x000D_ARTEAGA,25355, COA_x000D_MX",844-4274-393,STR100113UV0
244055,HACIENDA CONCEPCIÓN,194584.0,1,2026-09-18 00:00:00,2026-09-18 00:00:00,C04551,"SERVICIOS TURISTICOS, RECREATIVOS E INMOBILIARIOS DE ARTEAGA",HACIENDA CONCEPCION,3867.6,0,618.82,4486.42,0.0,4052-L20,,4,CJA,REYNOSA 954,REPUBLICA ORIENTE,SALTILLO,COA,25280,Cobro Destino,"SALTILLO, COA.","REYNOSA 954, REPUBLICA ORIENTE, 25280, SALTILLO, COA",,"CAMINO A QUINTA PONYS S/N   BELLA UNION_x000D__x000D_ARTEAGA,25355, COA_x000D_MX",844-4274-393,STR100113UV0
244056,TS-03629,194585.0,1,2026-09-18 00:00:00,2026-10-03 00:00:00,C08936,SERVICIO DE PROMOCION Y COMERCIALIZACION DE ATITALAQUIA,CITY EXPRESS BY MARRIOTT TULA (CETUL),1005.73,0,160.92,1166.65,0.0,4051-L12,,1,CJA,CARRETERA JOROBA TULA KM 25.8 SN,LA LOMA CARDONAL,ATITALAQUIA,HID,42970,Cobro Regreso,"ATITALAQUIA, HID.","CARRETERA JOROBA TULA KM 25.8 SN, LA LOMA CARDONAL, 42970, ATITALAQUIA, HID",,"CARR. CARRETERA TULA JOROBAS KILOMETRO 25.8 SN   LA LOMA_x000D__x000D_ATITALAQUIA,42970, HID_x000D_MX",778 737 9600,SPC090311TV8
244056,TS-03629,194585.0,1,2026-09-18 00:00:00,2026-10-03 00:00:00,C08936,SERVICIO DE PROMOCION Y COMERCIALIZACION DE ATITALAQUIA,CITY EXPRESS BY MARRIOTT TULA (CETUL),1005.73,0,160.92,1166.65,0.0,4051-L11,,1,CJA,CARRETERA JOROBA TULA KM 25.8 SN,LA LOMA CARDONAL,ATITALAQUIA,HID,42970,Cobro Regreso,"ATITALAQUIA, HID.","CARRETERA JOROBA TULA KM 25.8 SN, LA LOMA CARDONAL, 42970, ATITALAQUIA, HID",,"CARR. CARRETERA TULA JOROBAS KILOMETRO 25.8 SN   LA LOMA_x000D__x000D_ATITALAQUIA,42970, HID_x000D_MX",778 737 9600,SPC090311TV8
244056,TS-03629,194585.0,1,2026-09-18 00:00:00,2026-10-03 00:00:00,C08936,SERVICIO DE PROMOCION Y COMERCIALIZACION DE ATITALAQUIA,CITY EXPRESS BY MARRIOTT TULA (CETUL),644.28,0,103.08,747.36,0.0,4051-J03,,1,CJA,CARRETERA JOROBA TULA KM 25.8 SN,LA LOMA CARDONAL,ATITALAQUIA,HID,42970,Cobro Regreso,"ATITALAQUIA, HID.","CARRETERA JOROBA TULA KM 25.8 SN, LA LOMA CARDONAL, 42970, ATITALAQUIA, HID",,"CARR. CARRETERA TULA JOROBAS KILOMETRO 25.8 SN   LA LOMA_x000D__x000D_ATITALAQUIA,42970, HID_x000D_MX",778 737 9600,SPC090311TV8
244056,TS-03629,194585.0,1,2026-09-18 00:00:00,2026-10-03 00:00:00,C08936,SERVICIO DE PROMOCION Y COMERCIALIZACION DE ATITALAQUIA,CITY EXPRESS BY MARRIOTT TULA (CETUL),1371.24,0,219.4,1590.64,0.0,4018-A23,,2,CJA,CARRETERA JOROBA TULA KM 25.8 SN,LA LOMA CARDONAL,ATITALAQUIA,HID,42970,Cobro Regreso,"ATITALAQUIA, HID.","CARRETERA JOROBA TULA KM 25.8 SN, LA LOMA CARDONAL, 42970, ATITALAQUIA, HID",,"CARR. CARRETERA TULA JOROBAS KILOMETRO 25.8 SN   LA LOMA_x000D__x000D_ATITALAQUIA,42970, HID_x000D_MX",778 737 9600,SPC090311TV8
244056,TS-03629,194585.0,1,2026-09-18 00:00:00,2026-10-03 00:00:00,C08936,SERVICIO DE PROMOCION Y COMERCIALIZACION DE ATITALAQUIA,CITY EXPRESS BY MARRIOTT TULA (CETUL),2489.76,0,398.36,2888.12,0.0,4051-J04,,6,CJA,CARRETERA JOROBA TULA KM 25.8 SN,LA LOMA CARDONAL,ATITALAQUIA,HID,42970,Cobro Regreso,"ATITALAQUIA, HID.","CARRETERA JOROBA TULA KM 25.8 SN, LA LOMA CARDONAL, 42970, ATITALAQUIA, HID",,"CARR. CARRETERA TULA JOROBAS KILOMETRO 25.8 SN   LA LOMA_x000D__x000D_ATITALAQUIA,42970, HID_x000D_MX",778 737 9600,SPC090311TV8
244056,TS-03629,194585.0,1,2026-09-18 00:00:00,2026-10-03 00:00:00,C08936,SERVICIO DE PROMOCION Y COMERCIALIZACION DE ATITALAQUIA,CITY EXPRESS BY MARRIOTT TULA (CETUL),3017.19,0,482.75,3499.94,0.0,4051-L10,,3,CJA,CARRETERA JOROBA TULA KM 25.8 SN,LA LOMA CARDONAL,ATITALAQUIA,HID,42970,Cobro Regreso,"ATITALAQUIA, HID.","CARRETERA JOROBA TULA KM 25.8 SN, LA LOMA CARDONAL, 42970, ATITALAQUIA, HID",,"CARR. CARRETERA TULA JOROBAS KILOMETRO 25.8 SN   LA LOMA_x000D__x000D_ATITALAQUIA,42970, HID_x000D_MX",778 737 9600,SPC090311TV8
244057,HSKP122SEP2026,194586.0,1,2026-09-18 00:00:00,2026-10-18 00:00:00,C06597,CH HERMOSILLO,COUTYARD MARRIOT HERMOSILLO A0095790,787.33,0,125.97,913.3,0.0,C06601-L09,,1,CJA,BLVD DE LOS GANADEROS 1274,PERISUR,HERMOSILLO,SON,83294,Cobro Regreso,"HERMOSILLO, SON.","BLVD DE LOS GANADEROS 1274, PERISUR, 83294, HERMOSILLO, SON",,"CARRETERA BOULEVARD DE LOS GANADEROS  1274   PERISUR_x000D__x000D_HERMOSILLO,83294, SON_x000D_MX",662 313 9900,CHE080923EBA
244057,HSKP122SEP2026,194586.0,1,2026-09-18 00:00:00,2026-10-18 00:00:00,C06597,CH HERMOSILLO,COUTYARD MARRIOT HERMOSILLO A0095790,1788.0,0,286.08,2074.08,0.0,C06601-J04,,2,CJA,BLVD DE LOS GANADEROS 1274,PERISUR,HERMOSILLO,SON,83294,Cobro Regreso,"HERMOSILLO, SON.","BLVD DE LOS GANADEROS 1274, PERISUR, 83294, HERMOSILLO, SON",,"CARRETERA BOULEVARD DE LOS GANADEROS  1274   PERISUR_x000D__x000D_HERMOSILLO,83294, SON_x000D_MX",662 313 9900,CHE080923EBA
244057,HSKP122SEP2026,194586.0,1,2026-09-18 00:00:00,2026-10-18 00:00:00,C06597,CH HERMOSILLO,COUTYARD MARRIOT HERMOSILLO A0095790,1574.66,0,251.95,1826.61,0.0,C06601-L08,,2,CJA,BLVD DE LOS GANADEROS 1274,PERISUR,HERMOSILLO,SON,83294,Cobro Regreso,"HERMOSILLO, SON.","BLVD DE LOS GANADEROS 1274, PERISUR, 83294, HERMOSILLO, SON",,"CARRETERA BOULEVARD DE LOS GANADEROS  1274   PERISUR_x000D__x000D_HERMOSILLO,83294, SON_x000D_MX",662 313 9900,CHE080923EBA
244057,HSKP122SEP2026,194586.0,1,2026-09-18 00:00:00,2026-10-18 00:00:00,C06597,CH HERMOSILLO,COUTYARD MARRIOT HERMOSILLO A0095790,3936.65,0,629.86,4566.51,0.0,C06601-L10,,5,CJA,BLVD DE LOS GANADEROS 1274,PERISUR,HERMOSILLO,SON,83294,Cobro Regreso,"HERMOSILLO, SON.","BLVD DE LOS GANADEROS 1274, PERISUR, 83294, HERMOSILLO, SON",,"CARRETERA BOULEVARD DE LOS GANADEROS  1274   PERISUR_x000D__x000D_HERMOSILLO,83294, SON_x000D_MX",662 313 9900,CHE080923EBA
244058,WH-08961,194588.0,1,2026-09-18 00:00:00,2026-10-03 00:00:00,C07762,PROMOTORA GA,CITY EXPRESS CABORCA (CECAB),2489.76,0,398.36,2888.12,0.0,4051-J04,,6,CJA,AV DOMINGO QUIROZ Y MORA 132,CENTRO,CABORCA,SON,83600,Cobro Regreso,"CABORCA, SON.","AV DOMINGO QUIROZ Y MORA 132, CENTRO, 83600, CABORCA, SON",,"AV QUIROZ Y MORA 132   HEROICA CABORCA CENTRO_x000D__x000D_HEROICA CABORCA,83600, SON_x000D_MX",63 7690 2100,PGA161207II2
244058,WH-08961,194588.0,1,2026-09-18 00:00:00,2026-10-03 00:00:00,C07762,PROMOTORA GA,CITY EXPRESS CABORCA (CECAB),1932.84,0,309.25,2242.09,0.0,4051-J03,,3,CJA,AV DOMINGO QUIROZ Y MORA 132,CENTRO,CABORCA,SON,83600,Cobro Regreso,"CABORCA, SON.","AV DOMINGO QUIROZ Y MORA 132, CENTRO, 83600, CABORCA, SON",,"AV QUIROZ Y MORA 132   HEROICA CABORCA CENTRO_x000D__x000D_HEROICA CABORCA,83600, SON_x000D_MX",63 7690 2100,PGA161207II2
244058,WH-08961,194588.0,1,2026-09-18 00:00:00,2026-10-03 00:00:00,C07762,PROMOTORA GA,CITY EXPRESS CABORCA (CECAB),3017.19,0,482.75,3499.94,0.0,4051-L11,,3,CJA,AV DOMINGO QUIROZ Y MORA 132,CENTRO,CABORCA,SON,83600,Cobro Regreso,"CABORCA, SON.","AV DOMINGO QUIROZ Y MORA 132, CENTRO, 83600, CABORCA, SON",,"AV QUIROZ Y MORA 132   HEROICA CABORCA CENTRO_x000D__x000D_HEROICA CABORCA,83600, SON_x000D_MX",63 7690 2100,PGA161207II2
244058,WH-08961,194588.0,1,2026-09-18 00:00:00,2026-10-03 00:00:00,C07762,PROMOTORA GA,CITY EXPRESS CABORCA (CECAB),3017.19,0,482.76,3499.94,0.0,4051-L10,,3,CJA,AV DOMINGO QUIROZ Y MORA 132,CENTRO,CABORCA,SON,83600,Cobro Regreso,"CABORCA, SON.","AV DOMINGO QUIROZ Y MORA 132, CENTRO, 83600, CABORCA, SON",,"AV QUIROZ Y MORA 132   HEROICA CABORCA CENTRO_x000D__x000D_HEROICA CABORCA,83600, SON_x000D_MX",63 7690 2100,PGA161207II2
244058,WH-08961,194588.0,1,2026-09-18 00:00:00,2026-10-03 00:00:00,C07762,PROMOTORA GA,CITY EXPRESS CABORCA (CECAB),3017.19,0,482.75,3499.94,0.0,4051-L12,,3,CJA,AV DOMINGO QUIROZ Y MORA 132,CENTRO,CABORCA,SON,83600,Cobro Regreso,"CABORCA, SON.","AV DOMINGO QUIROZ Y MORA 132, CENTRO, 83600, CABORCA, SON",,"AV QUIROZ Y MORA 132   HEROICA CABORCA CENTRO_x000D__x000D_HEROICA CABORCA,83600, SON_x000D_MX",63 7690 2100,PGA161207II2
244059,HOTEL LA JOYA TULANCINGO,194589.0,1,2026-09-19 00:00:00,2026-09-19 00:00:00,C06222,INMOBILIARIA ALHEOS,HOTEL LA JOYA TULANCINGO,2385.0,0,381.6,2766.6,0.0,4018-L15,,2,CJA,CARRETERA PIRAMIDES TULANCINGO KM 92,VALLE VERDE,TULANCINGO DE BRAVO,HID,43648,Cobro Regreso,"TULANCINGO DE BRAVO, HID.","CARRETERA PIRAMIDES TULANCINGO KM 92, VALLE VERDE, 43648, TULANCINGO DE BRAVO, HID",,"CARRETERA TULANCINGO PIRAMIDES KM92   VALLE VERDE_x000D__x000D_TULANCINGO DE HIDALGO,43648, HID_x000D_MX",775 75 332 00,IAL771121EH4
244059,HOTEL LA JOYA TULANCINGO,194589.0,1,2026-09-19 00:00:00,2026-09-19 00:00:00,C06222,INMOBILIARIA ALHEOS,HOTEL LA JOYA TULANCINGO,3580.5,0,572.88,4153.38,0.0,4018-J06,,3,CJA,CARRETERA PIRAMIDES TULANCINGO KM 92,VALLE VERDE,TULANCINGO DE BRAVO,HID,43648,Cobro Regreso,"TULANCINGO DE BRAVO, HID.","CARRETERA PIRAMIDES TULANCINGO KM 92, VALLE VERDE, 43648, TULANCINGO DE BRAVO, HID",,"CARRETERA TULANCINGO PIRAMIDES KM92   VALLE VERDE_x000D__x000D_TULANCINGO DE HIDALGO,43648, HID_x000D_MX",775 75 332 00,IAL771121EH4
244059,HOTEL LA JOYA TULANCINGO,194589.0,1,2026-09-19 00:00:00,2026-09-19 00:00:00,C06222,INMOBILIARIA ALHEOS,HOTEL LA JOYA TULANCINGO,3577.5,0,572.4,4149.9,0.0,4018-L16,,3,CJA,CARRETERA PIRAMIDES TULANCINGO KM 92,VALLE VERDE,TULANCINGO DE BRAVO,HID,43648,Cobro Regreso,"TULANCINGO DE BRAVO, HID.","CARRETERA PIRAMIDES TULANCINGO KM 92, VALLE VERDE, 43648, TULANCINGO DE BRAVO, HID",,"CARRETERA TULANCINGO PIRAMIDES KM92   VALLE VERDE_x000D__x000D_TULANCINGO DE HIDALGO,43648, HID_x000D_MX",775 75 332 00,IAL771121EH4
244059,HOTEL LA JOYA TULANCINGO,194589.0,1,2026-09-19 00:00:00,2026-09-19 00:00:00,C06222,INMOBILIARIA ALHEOS,HOTEL LA JOYA TULANCINGO,4770.0,0,763.2,5533.2,0.0,4018-L14,,4,CJA,CARRETERA PIRAMIDES TULANCINGO KM 92,VALLE VERDE,TULANCINGO DE BRAVO,HID,43648,Cobro Regreso,"TULANCINGO DE BRAVO, HID.","CARRETERA PIRAMIDES TULANCINGO KM 92, VALLE VERDE, 43648, TULANCINGO DE BRAVO, HID",,"CARRETERA TULANCINGO PIRAMIDES KM92   VALLE VERDE_x000D__x000D_TULANCINGO DE HIDALGO,43648, HID_x000D_MX",775 75 332 00,IAL771121EH4
244060,6758,194591.0,1,2026-09-19 00:00:00,2026-09-27 00:00:00,C00061,HOTEL DE MENDOZA,HOTEL DE MENDOZA,4800.0,0,768.0,5568.0,0.0,JHEL-0022,,10,PZA,AV.VENUSTIANO CARRANZA # 16 S.H.,S.H.,GUADALAJARA,JAL,44100,Transporte LOCAL,"GUADALAJARA, JAL.","AV.VENUSTIANO CARRANZA # 16 S.H., S.H., 44100, GUADALAJARA, JAL",,"VENUSTIANO CARRANZA 16   CENTRO_x000D_GUADALAJARA_x000D_GUADALAJARA,44100, JAL_x000D_MX",333 613 4646,HME681007MW1
244061,YM-09727,194592.0,1,2026-09-19 00:00:00,2026-10-04 00:00:00,C08664,IMPULSORA PLAZA TIJUANA,CITY EXPRESS PLUS GUADALAJARA PROVIDENCIA (CPGDL),950.04,0,152.01,1102.05,0.0,4052-J07,,1,CJA,AV AMERICAS 1520,COUNTRY CLUB,GUADALAJARA,JAL,44610,Cobro Destino,"GUADALAJARA, JAL.","AV AMERICAS 1520, COUNTRY CLUB, 44610, GUADALAJARA, JAL",,"JUAN SALVADOR AGRAZ 69 PISO 12   SANTA FE CUAJIMALPA_x000D__x000D_CUAJIMALPA DE MORELOS,05348, CMX_x000D_MX",33 1647 0140,IPT050810HQ4
244061,YM-09727,194592.0,1,2026-09-19 00:00:00,2026-10-04 00:00:00,C08664,IMPULSORA PLAZA TIJUANA,CITY EXPRESS PLUS GUADALAJARA PROVIDENCIA (CPGDL),851.24,0,136.19,987.44,0.0,4052-L18,,1,CJA,AV AMERICAS 1520,COUNTRY CLUB,GUADALAJARA,JAL,44610,Cobro Destino,"GUADALAJARA, JAL.","AV AMERICAS 1520, COUNTRY CLUB, 44610, GUADALAJARA, JAL",,"JUAN SALVADOR AGRAZ 69 PISO 12   SANTA FE CUAJIMALPA_x000D__x000D_CUAJIMALPA DE MORELOS,05348, CMX_x000D_MX",33 1647 0140,IPT050810HQ4
244061,YM-09727,194592.0,1,2026-09-19 00:00:00,2026-10-04 00:00:00,C08664,IMPULSORA PLAZA TIJUANA,CITY EXPRESS PLUS GUADALAJARA PROVIDENCIA (CPGDL),851.24,0,136.2,987.44,0.0,4052-L20,,1,CJA,AV AMERICAS 1520,COUNTRY CLUB,GUADALAJARA,JAL,44610,Cobro Destino,"GUADALAJARA, JAL.","AV AMERICAS 1520, COUNTRY CLUB, 44610, GUADALAJARA, JAL",,"JUAN SALVADOR AGRAZ 69 PISO 12   SANTA FE CUAJIMALPA_x000D__x000D_CUAJIMALPA DE MORELOS,05348, CMX_x000D_MX",33 1647 0140,IPT050810HQ4
244062,CV-09180,194593.0,1,2026-09-19 00:00:00,2026-10-04 00:00:00,C07258,IMPULSORA PLAZA ALTAMIRA,CITY EXPRESS ALTAMIRA (CEALT),60.0,0,9.6,69.6,0.0,SCO,,1,PZA,AVENIDA DE LA INDUSTRIA #10680,LA LAGUNA DE LA PUERTA,ALTAMIRA,TAM,89609,Solo Factura,"ALTAMIRA, TAM.","AVENIDA DE LA INDUSTRIA #10680, LA LAGUNA DE LA PUERTA, 89609, ALTAMIRA, TAM",,"JUAN SALVADOR AGRAZ 69 PISO 12   LA LAGUNA DE LA PUERTA_x000D__x000D_CUAJIMALPA DE MORELOS,05348, CMX_x000D_MX",01 833 800 6130,IPA1602188AA
244063,CV-09179,194594.0,1,2026-09-19 00:00:00,2026-10-04 00:00:00,C07258,IMPULSORA PLAZA ALTAMIRA,CITY EXPRESS ALTAMIRA (CEALT),414.96,0,66.39,481.35,0.0,4051-J04,,1,CJA,AVENIDA DE LA INDUSTRIA #10680,LA LAGUNA DE LA PUERTA,ALTAMIRA,TAM,89609,Cobro Regreso,"ALTAMIRA, TAM.","AVENIDA DE LA INDUSTRIA #10680, LA LAGUNA DE LA PUERTA, 89609, ALTAMIRA, TAM",,"JUAN SALVADOR AGRAZ 69 PISO 12   LA LAGUNA DE LA PUERTA_x000D__x000D_CUAJIMALPA DE MORELOS,05348, CMX_x000D_MX",01 833 800 6130,IPA1602188AA
244064,PEDIDO URGENTE PARA SEPTIEMBRE 2026,194596.0,1,2026-09-19 00:00:00,2026-10-04 00:00:00,C08683,GRUPO TARERIO,HOLIDAY INN EXPRESS MORELIA CENTRO (MLMCH),547.2,0,87.55,634.75,0.0,68732292,,1,CJA,CALLE  PORTAL HIDALGO 245,MORELIA CENTRO,MORELIA,MCH,58000,Cobro Regreso,"MORELIA, MCH.","CALLE  PORTAL HIDALGO 245, MORELIA CENTRO, 58000, MORELIA, MCH",,"CALLE  PORTAL HIDALGO 245   MORELIA CENTRO_x000D__x000D_MORELIA,58000, MCH_x000D_MX",443 310 8400,GTA960506KT2
244064,PEDIDO URGENTE PARA SEPTIEMBRE 2026,194596.0,1,2026-09-19 00:00:00,2026-10-04 00:00:00,C08683,GRUPO TARERIO,HOLIDAY INN EXPRESS MORELIA CENTRO (MLMCH),523.2,0,83.71,606.91,0.0,68732295,,1,CJA,CALLE  PORTAL HIDALGO 245,MORELIA CENTRO,MORELIA,MCH,58000,Cobro Regreso,"MORELIA, MCH.","CALLE  PORTAL HIDALGO 245, MORELIA CENTRO, 58000, MORELIA, MCH",,"CALLE  PORTAL HIDALGO 245   MORELIA CENTRO_x000D__x000D_MORELIA,58000, MCH_x000D_MX",443 310 8400,GTA960506KT2
244064,PEDIDO URGENTE PARA SEPTIEMBRE 2026,194596.0,1,2026-09-19 00:00:00,2026-10-04 00:00:00,C08683,GRUPO TARERIO,HOLIDAY INN EXPRESS MORELIA CENTRO (MLMCH),566.64,0,90.66,657.3,0.0,68732293,,1,CJA,CALLE  PORTAL HIDALGO 245,MORELIA CENTRO,MORELIA,MCH,58000,Cobro Regreso,"MORELIA, MCH.","CALLE  PORTAL HIDALGO 245, MORELIA CENTRO, 58000, MORELIA, MCH",,"CALLE  PORTAL HIDALGO 245   MORELIA CENTRO_x000D__x000D_MORELIA,58000, MCH_x000D_MX",443 310 8400,GTA960506KT2
244064,PEDIDO URGENTE PARA SEPTIEMBRE 2026,194596.0,1,2026-09-19 00:00:00,2026-10-04 00:00:00,C08683,GRUPO TARERIO,HOLIDAY INN EXPRESS MORELIA CENTRO (MLMCH),560.88,0,89.74,650.62,0.0,68758339,,1,CJA,CALLE  PORTAL HIDALGO 245,MORELIA CENTRO,MORELIA,MCH,58000,Cobro Regreso,"MORELIA, MCH.","CALLE  PORTAL HIDALGO 245, MORELIA CENTRO, 58000, MORELIA, MCH",,"CALLE  PORTAL HIDALGO 245   MORELIA CENTRO_x000D__x000D_MORELIA,58000, MCH_x000D_MX",443 310 8400,GTA960506KT2
244064,PEDIDO URGENTE PARA SEPTIEMBRE 2026,194596.0,1,2026-09-19 00:00:00,2026-10-04 00:00:00,C08683,GRUPO TARERIO,HOLIDAY INN EXPRESS MORELIA CENTRO (MLMCH),1255.32,0,200.85,1456.17,0.0,68739026,,2,CJA,CALLE  PORTAL HIDALGO 245,MORELIA CENTRO,MORELIA,MCH,58000,Cobro Regreso,"MORELIA, MCH.","CALLE  PORTAL HIDALGO 245, MORELIA CENTRO, 58000, MORELIA, MCH",,"CALLE  PORTAL HIDALGO 245   MORELIA CENTRO_x000D__x000D_MORELIA,58000, MCH_x000D_MX",443 310 8400,GTA960506KT2
244064,PEDIDO URGENTE PARA SEPTIEMBRE 2026,194596.0,1,2026-09-19 00:00:00,2026-10-04 00:00:00,C08683,GRUPO TARERIO,HOLIDAY INN EXPRESS MORELIA CENTRO (MLMCH),1160.22,0,185.63,1345.86,0.0,69706958,,2,CJA,CALLE  PORTAL HIDALGO 245,MORELIA CENTRO,MORELIA,MCH,58000,Cobro Regreso,"MORELIA, MCH.","CALLE  PORTAL HIDALGO 245, MORELIA CENTRO, 58000, MORELIA, MCH",,"CALLE  PORTAL HIDALGO 245   MORELIA CENTRO_x000D__x000D_MORELIA,58000, MCH_x000D_MX",443 310 8400,GTA960506KT2
244064,PEDIDO URGENTE PARA SEPTIEMBRE 2026,194596.0,1,2026-09-19 00:00:00,2026-10-04 00:00:00,C08683,GRUPO TARERIO,HOLIDAY INN EXPRESS MORELIA CENTRO (MLMCH),1814.67,0,290.35,2105.02,0.0,68739022,,3,CJA,CALLE  PORTAL HIDALGO 245,MORELIA CENTRO,MORELIA,MCH,58000,Cobro Regreso,"MORELIA, MCH.","CALLE  PORTAL HIDALGO 245, MORELIA CENTRO, 58000, MORELIA, MCH",,"CALLE  PORTAL HIDALGO 245   MORELIA CENTRO_x000D__x000D_MORELIA,58000, MCH_x000D_MX",443 310 8400,GTA960506KT2
244064,PEDIDO URGENTE PARA SEPTIEMBRE 2026,194596.0,1,2026-09-19 00:00:00,2026-10-04 00:00:00,C08683,GRUPO TARERIO,HOLIDAY INN EXPRESS MORELIA CENTRO (MLMCH),1868.76,0,299.01,2167.76,0.0,68758340,,3,CJA,CALLE  PORTAL HIDALGO 245,MORELIA CENTRO,MORELIA,MCH,58000,Cobro Regreso,"MORELIA, MCH.","CALLE  PORTAL HIDALGO 245, MORELIA CENTRO, 58000, MORELIA, MCH",,"CALLE  PORTAL HIDALGO 245   MORELIA CENTRO_x000D__x000D_MORELIA,58000, MCH_x000D_MX",443 310 8400,GTA960506KT2
244065,TD-12589,194597.0,1,2026-09-19 00:00:00,2026-10-04 00:00:00,C07253,IMPULSORA PLAZA JUAREZ,CITY EXPRESS ROSARITO (CEROS),1005.73,0,160.92,1166.65,0.0,4051-L10,,1,CJA,"CARRETERA LIBRE TIJUANA- ENSENADA, 362",REFORMA,PLAYAS DE ROSARITO,BC,22710,Cobro Regreso,"PLAYAS DE ROSARITO, BC.","CARRETERA LIBRE TIJUANA- ENSENADA, 362, REFORMA, 22710, PLAYAS DE ROSARITO, BC",,"JUAN SALVADOR AGRAZ 69 PISO 12   SANTA FE CUAJIMALPA_x000D__x000D_CUAJIMALPA DE MORELOS,05348, CMX_x000D_MX",01 661 614 4141,IPJ030829QDA
244065,TD-12589,194597.0,1,2026-09-19 00:00:00,2026-10-04 00:00:00,C07253,IMPULSORA PLAZA JUAREZ,CITY EXPRESS ROSARITO (CEROS),2011.46,0,321.83,2333.29,0.0,4051-L11,,2,CJA,"CARRETERA LIBRE TIJUANA- ENSENADA, 362",REFORMA,PLAYAS DE ROSARITO,BC,22710,Cobro Regreso,"PLAYAS DE ROSARITO, BC.","CARRETERA LIBRE TIJUANA- ENSENADA, 362, REFORMA, 22710, PLAYAS DE ROSARITO, BC",,"JUAN SALVADOR AGRAZ 69 PISO 12   SANTA FE CUAJIMALPA_x000D__x000D_CUAJIMALPA DE MORELOS,05348, CMX_x000D_MX",01 661 614 4141,IPJ030829QDA
244065,TD-12589,194597.0,1,2026-09-19 00:00:00,2026-10-04 00:00:00,C07253,IMPULSORA PLAZA JUAREZ,CITY EXPRESS ROSARITO (CEROS),2011.46,0,321.83,2333.29,0.0,4051-L12,,2,CJA,"CARRETERA LIBRE TIJUANA- ENSENADA, 362",REFORMA,PLAYAS DE ROSARITO,BC,22710,Cobro Regreso,"PLAYAS DE ROSARITO, BC.","CARRETERA LIBRE TIJUANA- ENSENADA, 362, REFORMA, 22710, PLAYAS DE ROSARITO, BC",,"JUAN SALVADOR AGRAZ 69 PISO 12   SANTA FE CUAJIMALPA_x000D__x000D_CUAJIMALPA DE MORELOS,05348, CMX_x000D_MX",01 661 614 4141,IPJ030829QDA
244065,TD-12589,194597.0,1,2026-09-19 00:00:00,2026-10-04 00:00:00,C07253,IMPULSORA PLAZA JUAREZ,CITY EXPRESS ROSARITO (CEROS),4979.52,0,796.72,5776.24,0.0,4051-J04,,12,CJA,"CARRETERA LIBRE TIJUANA- ENSENADA, 362",REFORMA,PLAYAS DE ROSARITO,BC,22710,Cobro Regreso,"PLAYAS DE ROSARITO, BC.","CARRETERA LIBRE TIJUANA- ENSENADA, 362, REFORMA, 22710, PLAYAS DE ROSARITO, BC",,"JUAN SALVADOR AGRAZ 69 PISO 12   SANTA FE CUAJIMALPA_x000D__x000D_CUAJIMALPA DE MORELOS,05348, CMX_x000D_MX",01 661 614 4141,IPJ030829QDA
244065,TD-12589,194597.0,1,2026-09-19 00:00:00,2026-10-04 00:00:00,C07253,IMPULSORA PLAZA JUAREZ,CITY EXPRESS ROSARITO (CEROS),2577.12,0,412.35,2989.46,0.0,4051-J03,,4,CJA,"CARRETERA LIBRE TIJUANA- ENSENADA, 362",REFORMA,PLAYAS DE ROSARITO,BC,22710,Cobro Regreso,"PLAYAS DE ROSARITO, BC.","CARRETERA LIBRE TIJUANA- ENSENADA, 362, REFORMA, 22710, PLAYAS DE ROSARITO, BC",,"JUAN SALVADOR AGRAZ 69 PISO 12   SANTA FE CUAJIMALPA_x000D__x000D_CUAJIMALPA DE MORELOS,05348, CMX_x000D_MX",01 661 614 4141,IPJ030829QDA
244066,Hotel Verticca,194595.0,1,2026-09-19 00:00:00,2026-09-19 00:00:00,C00816,REHAT HOTELS,HOTEL VERTICCA,1747.9,0,279.66,2027.56,0.0,4029-A91,,1,CJA,CARR FEDERAL MEXICO - PACHUCA KM 34.50 MANZANA 1 LOTE 1E,FRACC. SIERRA HERMOSA,SANTA CRUZ TECÁMAC,MEX,55749,Cobro Destino,"SANTA CRUZ TECÁMAC, MEX.","CARR FEDERAL MEXICO - PACHUCA KM 34.50 MANZANA 1 LOTE 1E, FRACC. SIERRA HERMOSA, 55749, SANTA CRUZ TECÁMAC, MEX",,"CARRETERA FEDERAL MEXICO PACHUCA MZ 1 LT1E NO. 3450   SIERRA HERMOSA_x000D__x000D_TECAMAC,55749, DF2_x000D_MX",55 59 38 93 20,RHO1708102I5
244066,Hotel Verticca,194595.0,1,2026-09-19 00:00:00,2026-09-19 00:00:00,C00816,REHAT HOTELS,HOTEL VERTICCA,3320.5,0,531.28,3851.78,0.0,4029-A92,,1,CJA,CARR FEDERAL MEXICO - PACHUCA KM 34.50 MANZANA 1 LOTE 1E,FRACC. SIERRA HERMOSA,SANTA CRUZ TECÁMAC,MEX,55749,Cobro Destino,"SANTA CRUZ TECÁMAC, MEX.","CARR FEDERAL MEXICO - PACHUCA KM 34.50 MANZANA 1 LOTE 1E, FRACC. SIERRA HERMOSA, 55749, SANTA CRUZ TECÁMAC, MEX",,"CARRETERA FEDERAL MEXICO PACHUCA MZ 1 LT1E NO. 3450   SIERRA HERMOSA_x000D__x000D_TECAMAC,55749, DF2_x000D_MX",55 59 38 93 20,RHO1708102I5
244066,Hotel Verticca,194595.0,1,2026-09-19 00:00:00,2026-09-19 00:00:00,C00816,REHAT HOTELS,HOTEL VERTICCA,1747.9,0,279.66,2027.56,0.0,4029-A93,,1,CJA,CARR FEDERAL MEXICO - PACHUCA KM 34.50 MANZANA 1 LOTE 1E,FRACC. SIERRA HERMOSA,SANTA CRUZ TECÁMAC,MEX,55749,Cobro Destino,"SANTA CRUZ TECÁMAC, MEX.","CARR FEDERAL MEXICO - PACHUCA KM 34.50 MANZANA 1 LOTE 1E, FRACC. SIERRA HERMOSA, 55749, SANTA CRUZ TECÁMAC, MEX",,"CARRETERA FEDERAL MEXICO PACHUCA MZ 1 LT1E NO. 3450   SIERRA HERMOSA_x000D__x000D_TECAMAC,55749, DF2_x000D_MX",55 59 38 93 20,RHO1708102I5
244066,Hotel Verticca,194595.0,1,2026-09-19 00:00:00,2026-09-19 00:00:00,C00816,REHAT HOTELS,HOTEL VERTICCA,2387.0,0,381.92,2768.92,0.0,4018-J06,,2,CJA,CARR FEDERAL MEXICO - PACHUCA KM 34.50 MANZANA 1 LOTE 1E,FRACC. SIERRA HERMOSA,SANTA CRUZ TECÁMAC,MEX,55749,Cobro Destino,"SANTA CRUZ TECÁMAC, MEX.","CARR FEDERAL MEXICO - PACHUCA KM 34.50 MANZANA 1 LOTE 1E, FRACC. SIERRA HERMOSA, 55749, SANTA CRUZ TECÁMAC, MEX",,"CARRETERA FEDERAL MEXICO PACHUCA MZ 1 LT1E NO. 3450   SIERRA HERMOSA_x000D__x000D_TECAMAC,55749, DF2_x000D_MX",55 59 38 93 20,RHO1708102I5
244066,Hotel Verticca,194595.0,1,2026-09-19 00:00:00,2026-09-19 00:00:00,C00816,REHAT HOTELS,HOTEL VERTICCA,2385.0,0,381.6,2766.6,0.0,4018-L14,,2,CJA,CARR FEDERAL MEXICO - PACHUCA KM 34.50 MANZANA 1 LOTE 1E,FRACC. SIERRA HERMOSA,SANTA CRUZ TECÁMAC,MEX,55749,Cobro Destino,"SANTA CRUZ TECÁMAC, MEX.","CARR FEDERAL MEXICO - PACHUCA KM 34.50 MANZANA 1 LOTE 1E, FRACC. SIERRA HERMOSA, 55749, SANTA CRUZ TECÁMAC, MEX",,"CARRETERA FEDERAL MEXICO PACHUCA MZ 1 LT1E NO. 3450   SIERRA HERMOSA_x000D__x000D_TECAMAC,55749, DF2_x000D_MX",55 59 38 93 20,RHO1708102I5
244066,Hotel Verticca,194595.0,1,2026-09-19 00:00:00,2026-09-19 00:00:00,C00816,REHAT HOTELS,HOTEL VERTICCA,2385.0,0,381.6,2766.6,0.0,4018-L15,,2,CJA,CARR FEDERAL MEXICO - PACHUCA KM 34.50 MANZANA 1 LOTE 1E,FRACC. SIERRA HERMOSA,SANTA CRUZ TECÁMAC,MEX,55749,Cobro Destino,"SANTA CRUZ TECÁMAC, MEX.","CARR FEDERAL MEXICO - PACHUCA KM 34.50 MANZANA 1 LOTE 1E, FRACC. SIERRA HERMOSA, 55749, SANTA CRUZ TECÁMAC, MEX",,"CARRETERA FEDERAL MEXICO PACHUCA MZ 1 LT1E NO. 3450   SIERRA HERMOSA_x000D__x000D_TECAMAC,55749, DF2_x000D_MX",55 59 38 93 20,RHO1708102I5
244066,Hotel Verticca,194595.0,1,2026-09-19 00:00:00,2026-09-19 00:00:00,C00816,REHAT HOTELS,HOTEL VERTICCA,2385.0,0,381.6,2766.6,0.0,4018-L16,,2,CJA,CARR FEDERAL MEXICO - PACHUCA KM 34.50 MANZANA 1 LOTE 1E,FRACC. SIERRA HERMOSA,SANTA CRUZ TECÁMAC,MEX,55749,Cobro Destino,"SANTA CRUZ TECÁMAC, MEX.","CARR FEDERAL MEXICO - PACHUCA KM 34.50 MANZANA 1 LOTE 1E, FRACC. SIERRA HERMOSA, 55749, SANTA CRUZ TECÁMAC, MEX",,"CARRETERA FEDERAL MEXICO PACHUCA MZ 1 LT1E NO. 3450   SIERRA HERMOSA_x000D__x000D_TECAMAC,55749, DF2_x000D_MX",55 59 38 93 20,RHO1708102I5
244066,Hotel Verticca,194595.0,1,2026-09-19 00:00:00,2026-09-19 00:00:00,C00816,REHAT HOTELS,HOTEL VERTICCA,1509.98,0,241.6,1751.58,0.0,4029-A90,,2,CJA,CARR FEDERAL MEXICO - PACHUCA KM 34.50 MANZANA 1 LOTE 1E,FRACC. SIERRA HERMOSA,SANTA CRUZ TECÁMAC,MEX,55749,Cobro Destino,"SANTA CRUZ TECÁMAC, MEX.","CARR FEDERAL MEXICO - PACHUCA KM 34.50 MANZANA 1 LOTE 1E, FRACC. SIERRA HERMOSA, 55749, SANTA CRUZ TECÁMAC, MEX",,"CARRETERA FEDERAL MEXICO PACHUCA MZ 1 LT1E NO. 3450   SIERRA HERMOSA_x000D__x000D_TECAMAC,55749, DF2_x000D_MX",55 59 38 93 20,RHO1708102I5
244066,Hotel Verticca,194595.0,1,2026-09-19 00:00:00,2026-09-19 00:00:00,C00816,REHAT HOTELS,HOTEL VERTICCA,4430.0,0,708.8,5138.8,0.0,4029-A05,MISCELANEOS,2,CJA,CARR FEDERAL MEXICO - PACHUCA KM 34.50 MANZANA 1 LOTE 1E,FRACC. SIERRA HERMOSA,SANTA CRUZ TECÁMAC,MEX,55749,Cobro Destino,"SANTA CRUZ TECÁMAC, MEX.","CARR FEDERAL MEXICO - PACHUCA KM 34.50 MANZANA 1 LOTE 1E, FRACC. SIERRA HERMOSA, 55749, SANTA CRUZ TECÁMAC, MEX",,"CARRETERA FEDERAL MEXICO PACHUCA MZ 1 LT1E NO. 3450   SIERRA HERMOSA_x000D__x000D_TECAMAC,55749, DF2_x000D_MX",55 59 38 93 20,RHO1708102I5
244067,4503120746,193488.0,1,2026-09-21 00:00:00,2026-10-21 00:00:00,C08130,INMOBILIARIA HOTELERA EL PRESIDENTE SAN JOSE DEL CABO,HOLIDAY INN RESORT IXTAPA (ZIHHA),14517.36,0,2322.78,16840.14,0.0,68739022,,24,CJA,BOULEVARD PASEO IXTAPA LOTE 02,ZONA HOTELERA 1 IXTAPA,ZIHUATANEJO DE AZUETA,GRO,40880,Cobro Regreso,"ZIHUATANEJO DE AZUETA, GRO.","BOULEVARD PASEO IXTAPA LOTE 02, ZONA HOTELERA 1 IXTAPA, 40880, ZIHUATANEJO DE AZUETA, GRO",,"AV. EJERCITO NACIONAL MEXICANO 769 TORRE B PISO 8   GRANADA_x000D__x000D_MIGUEL HIDALGO,11520, CMX_x000D_MX",755 553 0018,IHP810701G7A
244067,4503120746,193488.0,1,2026-09-21 00:00:00,2026-10-21 00:00:00,C08130,INMOBILIARIA HOTELERA EL PRESIDENTE SAN JOSE DEL CABO,HOLIDAY INN RESORT IXTAPA (ZIHHA),4839.12,0,774.26,5613.38,0.0,68739022,,8,CJA,BOULEVARD PASEO IXTAPA LOTE 02,ZONA HOTELERA 1 IXTAPA,ZIHUATANEJO DE AZUETA,GRO,40880,Cobro Regreso,"ZIHUATANEJO DE AZUETA, GRO.","BOULEVARD PASEO IXTAPA LOTE 02, ZONA HOTELERA 1 IXTAPA, 40880, ZIHUATANEJO DE AZUETA, GRO",,"AV. EJERCITO NACIONAL MEXICANO 769 TORRE B PISO 8   GRANADA_x000D__x000D_MIGUEL HIDALGO,11520, CMX_x000D_MX",755 553 0018,IHP810701G7A
244068,,193683.0,1,2026-09-21 00:00:00,2026-09-21 00:00:00,C01265,HOTEL DE LOS PEREZ,HOTEL PIEDRA ALTA,6140.0,0,982.4,7122.4,0.0,C01265-A03,HOTELES PIEDRA ALTA,2000,PZA,RASCON  2,CENTRO,SAN ANDRES TUXTLA,VER,95700,Cobro Destino,"SAN ANDRES TUXTLA, VER.","RASCON  2, CENTRO, 95700, SAN ANDRES TUXTLA, VER",,"RASCON  2   CENTRO_x000D__x000D_SAN ANDRES TUXTLA,95700, VER_x000D_MX",294 942 07 77 EXT121,HPE051130MA0
244069,4700247336,194264.0,1,2026-09-21 00:00:00,2026-11-05 00:00:00,CF0008,FIDEICOMISO IRREVOCABLE DB/1616,HOLIDAY INN EXPRESS & SUITES JUAREZ(JUAZO),2200.0,0,352.0,2552.0,0.0,4029-A92,,1,CJA,PASEO DE LA VICTORIA  4202,PARTIDO IGLESIAS,JUAREZ,CHI,32528,Cobro Regreso,"JUAREZ, CHI.","PASEO DE LA VICTORIA  4202, PARTIDO IGLESIAS, 32528, JUAREZ, CHI",,"AV. FUNDADORES Exterior: 1000 INT: PISO 7   VALLE DEL MIRADOR_x000D__x000D_MONTERREY,64750, NL_x000D_MX",656 692 5100,DBM121023M10
244069,4700247336,194264.0,1,2026-09-21 00:00:00,2026-11-05 00:00:00,CF0008,FIDEICOMISO IRREVOCABLE DB/1616,HOLIDAY INN EXPRESS & SUITES JUAREZ(JUAZO),489.6,0,78.34,567.94,0.0,4029-A90,,1,CJA,PASEO DE LA VICTORIA  4202,PARTIDO IGLESIAS,JUAREZ,CHI,32528,Cobro Regreso,"JUAREZ, CHI.","PASEO DE LA VICTORIA  4202, PARTIDO IGLESIAS, 32528, JUAREZ, CHI",,"AV. FUNDADORES Exterior: 1000 INT: PISO 7   VALLE DEL MIRADOR_x000D__x000D_MONTERREY,64750, NL_x000D_MX",656 692 5100,DBM121023M10
244069,4700247336,194264.0,1,2026-09-21 00:00:00,2026-11-05 00:00:00,CF0008,FIDEICOMISO IRREVOCABLE DB/1616,HOLIDAY INN EXPRESS & SUITES JUAREZ(JUAZO),2651.4,0,424.22,3075.62,0.0,68758340,,4,CJA,PASEO DE LA VICTORIA  4202,PARTIDO IGLESIAS,JUAREZ,CHI,32528,Cobro Regreso,"JUAREZ, CHI.","PASEO DE LA VICTORIA  4202, PARTIDO IGLESIAS, 32528, JUAREZ, CHI",,"AV. FUNDADORES Exterior: 1000 INT: PISO 7   VALLE DEL MIRADOR_x000D__x000D_MONTERREY,64750, NL_x000D_MX",656 692 5100,DBM121023M10
244069,4700247336,194264.0,1,2026-09-21 00:00:00,2026-11-05 00:00:00,CF0008,FIDEICOMISO IRREVOCABLE DB/1616,HOLIDAY INN EXPRESS & SUITES JUAREZ(JUAZO),3862.62,0,618.02,4480.64,0.0,68739022,,6,CJA,PASEO DE LA VICTORIA  4202,PARTIDO IGLESIAS,JUAREZ,CHI,32528,Cobro Regreso,"JUAREZ, CHI.","PASEO DE LA VICTORIA  4202, PARTIDO IGLESIAS, 32528, JUAREZ, CHI",,"AV. FUNDADORES Exterior: 1000 INT: PISO 7   VALLE DEL MIRADOR_x000D__x000D_MONTERREY,64750, NL_x000D_MX",656 692 5100,DBM121023M10
244069,4700247336,194264.0,1,2026-09-21 00:00:00,2026-11-05 00:00:00,CF0008,FIDEICOMISO IRREVOCABLE DB/1616,HOLIDAY INN EXPRESS & SUITES JUAREZ(JUAZO),2468.88,0,395.02,2863.9,0.0,69706958,,4,CJA,PASEO DE LA VICTORIA  4202,PARTIDO IGLESIAS,JUAREZ,CHI,32528,Cobro Regreso,"JUAREZ, CHI.","PASEO DE LA VICTORIA  4202, PARTIDO IGLESIAS, 32528, JUAREZ, CHI",,"AV. FUNDADORES Exterior: 1000 INT: PISO 7   VALLE DEL MIRADOR_x000D__x000D_MONTERREY,64750, NL_x000D_MX",656 692 5100,DBM121023M10
244069,4700247336,194264.0,1,2026-09-21 00:00:00,2026-11-05 00:00:00,CF0008,FIDEICOMISO IRREVOCABLE DB/1616,HOLIDAY INN EXPRESS & SUITES JUAREZ(JUAZO),2001.42,0,320.23,2321.65,0.0,68739026,,3,CJA,PASEO DE LA VICTORIA  4202,PARTIDO IGLESIAS,JUAREZ,CHI,32528,Cobro Regreso,"JUAREZ, CHI.","PASEO DE LA VICTORIA  4202, PARTIDO IGLESIAS, 32528, JUAREZ, CHI",,"AV. FUNDADORES Exterior: 1000 INT: PISO 7   VALLE DEL MIRADOR_x000D__x000D_MONTERREY,64750, NL_x000D_MX",656 692 5100,DBM121023M10
244069,4700247336,194264.0,1,2026-09-21 00:00:00,2026-11-05 00:00:00,CF0008,FIDEICOMISO IRREVOCABLE DB/1616,HOLIDAY INN EXPRESS & SUITES JUAREZ(JUAZO),2215.0,0,354.4,2569.4,0.0,4029-A05,MISCELANEOS,1,CJA,PASEO DE LA VICTORIA  4202,PARTIDO IGLESIAS,JUAREZ,CHI,32528,Cobro Regreso,"JUAREZ, CHI.","PASEO DE LA VICTORIA  4202, PARTIDO IGLESIAS, 32528, JUAREZ, CHI",,"AV. FUNDADORES Exterior: 1000 INT: PISO 7   VALLE DEL MIRADOR_x000D__x000D_MONTERREY,64750, NL_x000D_MX",656 692 5100,DBM121023M10
244070,RIC M 9357/26,194559.0,3,2026-09-21 00:00:00,2026-12-20 00:00:00,C09492,PALMAR AZUL MANAGEMENT,IBEROSTAR SELECTION RIVIERA CANCUN,632.16,0,101.15,733.31,0.0,4029-A90,,1,CJA,CARRETERA FEDERAL CANCUN - PUERTO MORELOS MZA 34,PUERTO MORELOS,PUERTO MORELOS,QR,77580,CEDIS Cancún,"PUERTO MORELOS, QR.","CARRETERA FEDERAL CANCUN - PUERTO MORELOS MZA 34, PUERTO MORELOS, 77580, PUERTO MORELOS, QR",,"CAMINO ENTRADA BAHIA PETEMPICH LTE 15 04, SM 12 MZA 34   PUERTO MORELOS_x000D__x000D_PUERTO MORELOS,77580, QR_x000D_MX",998-872-84-51,PAM240611968
244070,RIC M 9357/26,194559.0,3,2026-09-21 00:00:00,2026-12-20 00:00:00,C09492,PALMAR AZUL MANAGEMENT,IBEROSTAR SELECTION RIVIERA CANCUN,2190.0,0,350.4,2540.4,0.0,4029-A05,MISCELANEOS,1,CJA,CARRETERA FEDERAL CANCUN - PUERTO MORELOS MZA 34,PUERTO MORELOS,PUERTO MORELOS,QR,77580,CEDIS Cancún,"PUERTO MORELOS, QR.","CARRETERA FEDERAL CANCUN - PUERTO MORELOS MZA 34, PUERTO MORELOS, 77580, PUERTO MORELOS, QR",,"CAMINO ENTRADA BAHIA PETEMPICH LTE 15 04, SM 12 MZA 34   PUERTO MORELOS_x000D__x000D_PUERTO MORELOS,77580, QR_x000D_MX",998-872-84-51,PAM240611968
244071,OCNH=4600393904,194424.0,1,2026-09-21 00:00:00,2026-10-21 00:00:00,C05965,CHARTWELL DE NUEVO LAREDO,"HILTON MEXICO CITY-AIRPORT, MEXICO (MEXAH)",514.08,0,82.25,596.33,0.0,4029-A90,,1,CJA,CAPITAN CARLOS LEON S/N 3ER PISO DE LA NUEVA TERMINAL AEREA INTERNACIONAL DE LA CIUDAD DE MEXICO,PEÑON DE LOS BAÑOS,MEXICO,CMX,15620,Cobro Regreso,"MEXICO, CMX.","CAPITAN CARLOS LEON S/N 3ER PISO DE LA NUEVA TERMINAL AEREA INTERNACIONAL DE LA CIUDAD DE MEXICO, PEÑON DE LOS BAÑOS, 15620, MEXICO, CMX",,"CALLE LIVERPOOL 155 PISO 2   JUAREZ_x000D__x000D_DELEGACION CUAUHTEMOC,06600, DF_x000D_MX",55 5133 0505,CNL970930GV2
244071,OCNH=4600393904,194424.0,1,2026-09-21 00:00:00,2026-10-21 00:00:00,C05965,CHARTWELL DE NUEVO LAREDO,"HILTON MEXICO CITY-AIRPORT, MEXICO (MEXAH)",1260.0,0,201.6,1461.6,0.0,4029-A94,,1,CJA,CAPITAN CARLOS LEON S/N 3ER PISO DE LA NUEVA TERMINAL AEREA INTERNACIONAL DE LA CIUDAD DE MEXICO,PEÑON DE LOS BAÑOS,MEXICO,CMX,15620,Cobro Regreso,"MEXICO, CMX.","CAPITAN CARLOS LEON S/N 3ER PISO DE LA NUEVA TERMINAL AEREA INTERNACIONAL DE LA CIUDAD DE MEXICO, PEÑON DE LOS BAÑOS, 15620, MEXICO, CMX",,"CALLE LIVERPOOL 155 PISO 2   JUAREZ_x000D__x000D_DELEGACION CUAUHTEMOC,06600, DF_x000D_MX",55 5133 0505,CNL970930GV2
244071,OCNH=4600393904,194424.0,1,2026-09-21 00:00:00,2026-10-21 00:00:00,C05965,CHARTWELL DE NUEVO LAREDO,"HILTON MEXICO CITY-AIRPORT, MEXICO (MEXAH)",4158.0,0,665.28,4823.28,0.0,8014-L23,,2,CJA,CAPITAN CARLOS LEON S/N 3ER PISO DE LA NUEVA TERMINAL AEREA INTERNACIONAL DE LA CIUDAD DE MEXICO,PEÑON DE LOS BAÑOS,MEXICO,CMX,15620,Cobro Regreso,"MEXICO, CMX.","CAPITAN CARLOS LEON S/N 3ER PISO DE LA NUEVA TERMINAL AEREA INTERNACIONAL DE LA CIUDAD DE MEXICO, PEÑON DE LOS BAÑOS, 15620, MEXICO, CMX",,"CALLE LIVERPOOL 155 PISO 2   JUAREZ_x000D__x000D_DELEGACION CUAUHTEMOC,06600, DF_x000D_MX",55 5133 0505,CNL970930GV2
244071,OCNH=4600393904,194424.0,1,2026-09-21 00:00:00,2026-10-21 00:00:00,C05965,CHARTWELL DE NUEVO LAREDO,"HILTON MEXICO CITY-AIRPORT, MEXICO (MEXAH)",9198.0,0,1471.68,10669.68,0.0,8014-J03,,6,CJA,CAPITAN CARLOS LEON S/N 3ER PISO DE LA NUEVA TERMINAL AEREA INTERNACIONAL DE LA CIUDAD DE MEXICO,PEÑON DE LOS BAÑOS,MEXICO,CMX,15620,Cobro Regreso,"MEXICO, CMX.","CAPITAN CARLOS LEON S/N 3ER PISO DE LA NUEVA TERMINAL AEREA INTERNACIONAL DE LA CIUDAD DE MEXICO, PEÑON DE LOS BAÑOS, 15620, MEXICO, CMX",,"CALLE LIVERPOOL 155 PISO 2   JUAREZ_x000D__x000D_DELEGACION CUAUHTEMOC,06600, DF_x000D_MX",55 5133 0505,CNL970930GV2
244071,OCNH=4600393904,194424.0,1,2026-09-21 00:00:00,2026-10-21 00:00:00,C05965,CHARTWELL DE NUEVO LAREDO,"HILTON MEXICO CITY-AIRPORT, MEXICO (MEXAH)",12474.0,0,1995.84,14469.84,0.0,8014-L22,,6,CJA,CAPITAN CARLOS LEON S/N 3ER PISO DE LA NUEVA TERMINAL AEREA INTERNACIONAL DE LA CIUDAD DE MEXICO,PEÑON DE LOS BAÑOS,MEXICO,CMX,15620,Cobro Regreso,"MEXICO, CMX.","CAPITAN CARLOS LEON S/N 3ER PISO DE LA NUEVA TERMINAL AEREA INTERNACIONAL DE LA CIUDAD DE MEXICO, PEÑON DE LOS BAÑOS, 15620, MEXICO, CMX",,"CALLE LIVERPOOL 155 PISO 2   JUAREZ_x000D__x000D_DELEGACION CUAUHTEMOC,06600, DF_x000D_MX",55 5133 0505,CNL970930GV2
244071,OCNH=4600393904,194424.0,1,2026-09-21 00:00:00,2026-10-21 00:00:00,C05965,CHARTWELL DE NUEVO LAREDO,"HILTON MEXICO CITY-AIRPORT, MEXICO (MEXAH)",12474.0,0,1995.84,14469.84,0.0,8014-L20,,6,CJA,CAPITAN CARLOS LEON S/N 3ER PISO DE LA NUEVA TERMINAL AEREA INTERNACIONAL DE LA CIUDAD DE MEXICO,PEÑON DE LOS BAÑOS,MEXICO,CMX,15620,Cobro Regreso,"MEXICO, CMX.","CAPITAN CARLOS LEON S/N 3ER PISO DE LA NUEVA TERMINAL AEREA INTERNACIONAL DE LA CIUDAD DE MEXICO, PEÑON DE LOS BAÑOS, 15620, MEXICO, CMX",,"CALLE LIVERPOOL 155 PISO 2   JUAREZ_x000D__x000D_DELEGACION CUAUHTEMOC,06600, DF_x000D_MX",55 5133 0505,CNL970930GV2
244071,OCNH=4600393904,194424.0,1,2026-09-21 00:00:00,2026-10-21 00:00:00,C05965,CHARTWELL DE NUEVO LAREDO,"HILTON MEXICO CITY-AIRPORT, MEXICO (MEXAH)",6237.0,0,997.92,7234.92,0.0,8014-L21,,3,CJA,CAPITAN CARLOS LEON S/N 3ER PISO DE LA NUEVA TERMINAL AEREA INTERNACIONAL DE LA CIUDAD DE MEXICO,PEÑON DE LOS BAÑOS,MEXICO,CMX,15620,Cobro Regreso,"MEXICO, CMX.","CAPITAN CARLOS LEON S/N 3ER PISO DE LA NUEVA TERMINAL AEREA INTERNACIONAL DE LA CIUDAD DE MEXICO, PEÑON DE LOS BAÑOS, 15620, MEXICO, CMX",,"CALLE LIVERPOOL 155 PISO 2   JUAREZ_x000D__x000D_DELEGACION CUAUHTEMOC,06600, DF_x000D_MX",55 5133 0505,CNL970930GV2
244071,OCNH=4600393904,194424.0,1,2026-09-21 00:00:00,2026-10-21 00:00:00,C05965,CHARTWELL DE NUEVO LAREDO,"HILTON MEXICO CITY-AIRPORT, MEXICO (MEXAH)",2215.0,0,354.4,2569.4,0.0,4029-A05,MISCELANEOS,1,CJA,CAPITAN CARLOS LEON S/N 3ER PISO DE LA NUEVA TERMINAL AEREA INTERNACIONAL DE LA CIUDAD DE MEXICO,PEÑON DE LOS BAÑOS,MEXICO,CMX,15620,Cobro Regreso,"MEXICO, CMX.","CAPITAN CARLOS LEON S/N 3ER PISO DE LA NUEVA TERMINAL AEREA INTERNACIONAL DE LA CIUDAD DE MEXICO, PEÑON DE LOS BAÑOS, 15620, MEXICO, CMX",,"CALLE LIVERPOOL 155 PISO 2   JUAREZ_x000D__x000D_DELEGACION CUAUHTEMOC,06600, DF_x000D_MX",55 5133 0505,CNL970930GV2
244072,123859,194512.0,1,2026-09-21 00:00:00,2026-11-05 00:00:00,C02613,ADMINISTRADORA DE HOTELES DE MEXICO IG,HARD ROCK HOTEL GUADALAJARA,20697.7,0,3311.63,24009.33,0.0,4052-L17,,23,CJA,AV VALLARTA 5145,CAMINO REAL,ZAPOPAN,JAL,45040,Transporte LOCAL,"ZAPOPAN, JAL.","AV VALLARTA 5145, CAMINO REAL, 45040, ZAPOPAN, JAL",,"JUAN RUIZ DE ALARCON 8   ARCOS VALLARTA_x000D__x000D_GUADALAJARA,44130, JAL_x000D_MX",339 690 8632,AHM0612222G2
244072,123859,194512.0,1,2026-09-21 00:00:00,2026-11-05 00:00:00,C02613,ADMINISTRADORA DE HOTELES DE MEXICO IG,HARD ROCK HOTEL GUADALAJARA,19797.8,0,3167.65,22965.45,0.0,4052-L19,,22,CJA,AV VALLARTA 5145,CAMINO REAL,ZAPOPAN,JAL,45040,Transporte LOCAL,"ZAPOPAN, JAL.","AV VALLARTA 5145, CAMINO REAL, 45040, ZAPOPAN, JAL",,"JUAN RUIZ DE ALARCON 8   ARCOS VALLARTA_x000D__x000D_GUADALAJARA,44130, JAL_x000D_MX",339 690 8632,AHM0612222G2
244072,123859,194512.0,1,2026-09-21 00:00:00,2026-11-05 00:00:00,C02613,ADMINISTRADORA DE HOTELES DE MEXICO IG,HARD ROCK HOTEL GUADALAJARA,17098.1,0,2735.7,19833.8,0.0,4052-L18,,19,CJA,AV VALLARTA 5145,CAMINO REAL,ZAPOPAN,JAL,45040,Transporte LOCAL,"ZAPOPAN, JAL.","AV VALLARTA 5145, CAMINO REAL, 45040, ZAPOPAN, JAL",,"JUAN RUIZ DE ALARCON 8   ARCOS VALLARTA_x000D__x000D_GUADALAJARA,44130, JAL_x000D_MX",339 690 8632,AHM0612222G2
244072,123859,194512.0,1,2026-09-21 00:00:00,2026-11-05 00:00:00,C02613,ADMINISTRADORA DE HOTELES DE MEXICO IG,HARD ROCK HOTEL GUADALAJARA,14503.5,0,2320.56,16824.06,0.0,4052-L20,,15,CJA,AV VALLARTA 5145,CAMINO REAL,ZAPOPAN,JAL,45040,Transporte LOCAL,"ZAPOPAN, JAL.","AV VALLARTA 5145, CAMINO REAL, 45040, ZAPOPAN, JAL",,"JUAN RUIZ DE ALARCON 8   ARCOS VALLARTA_x000D__x000D_GUADALAJARA,44130, JAL_x000D_MX",339 690 8632,AHM0612222G2
244072,123859,194512.0,1,2026-09-21 00:00:00,2026-11-05 00:00:00,C02613,ADMINISTRADORA DE HOTELES DE MEXICO IG,HARD ROCK HOTEL GUADALAJARA,10085.0,0,1613.6,11698.6,0.0,4052-J07,,10,CJA,AV VALLARTA 5145,CAMINO REAL,ZAPOPAN,JAL,45040,Transporte LOCAL,"ZAPOPAN, JAL.","AV VALLARTA 5145, CAMINO REAL, 45040, ZAPOPAN, JAL",,"JUAN RUIZ DE ALARCON 8   ARCOS VALLARTA_x000D__x000D_GUADALAJARA,44130, JAL_x000D_MX",339 690 8632,AHM0612222G2
244072,123859,194512.0,1,2026-09-21 00:00:00,2026-11-05 00:00:00,C02613,ADMINISTRADORA DE HOTELES DE MEXICO IG,HARD ROCK HOTEL GUADALAJARA,1691.56,0,270.65,1962.21,0.0,4018-A27,,2,CJA,AV VALLARTA 5145,CAMINO REAL,ZAPOPAN,JAL,45040,Transporte LOCAL,"ZAPOPAN, JAL.","AV VALLARTA 5145, CAMINO REAL, 45040, ZAPOPAN, JAL",,"JUAN RUIZ DE ALARCON 8   ARCOS VALLARTA_x000D__x000D_GUADALAJARA,44130, JAL_x000D_MX",339 690 8632,AHM0612222G2
244072,123859,194512.0,1,2026-09-21 00:00:00,2026-11-05 00:00:00,C02613,ADMINISTRADORA DE HOTELES DE MEXICO IG,HARD ROCK HOTEL GUADALAJARA,3338.5,0,534.16,3872.66,0.0,4018-A25,,2,CJA,AV VALLARTA 5145,CAMINO REAL,ZAPOPAN,JAL,45040,Transporte LOCAL,"ZAPOPAN, JAL.","AV VALLARTA 5145, CAMINO REAL, 45040, ZAPOPAN, JAL",,"JUAN RUIZ DE ALARCON 8   ARCOS VALLARTA_x000D__x000D_GUADALAJARA,44130, JAL_x000D_MX",339 690 8632,AHM0612222G2
244072,123859,194512.0,1,2026-09-21 00:00:00,2026-11-05 00:00:00,C02613,ADMINISTRADORA DE HOTELES DE MEXICO IG,HARD ROCK HOTEL GUADALAJARA,2033.0,0,325.28,2358.28,0.0,4032-L01,BRISS MOUTHWASH 1.0,2,CJA,AV VALLARTA 5145,CAMINO REAL,ZAPOPAN,JAL,45040,Transporte LOCAL,"ZAPOPAN, JAL.","AV VALLARTA 5145, CAMINO REAL, 45040, ZAPOPAN, JAL",,"JUAN RUIZ DE ALARCON 8   ARCOS VALLARTA_x000D__x000D_GUADALAJARA,44130, JAL_x000D_MX",339 690 8632,AHM0612222G2
244074,4508843126,194509.0,3,2026-09-21 00:00:00,2026-11-20 00:00:00,C04471,QUIROOCAN,BARCELO MAYA BEACH RESORT,9559.52,0,1529.52,11089.01,556.2,JHRB-0566,,60,PZA,CARR CHETUMAL PTO JUAREZ KM 266 3,,XPU HA,QR,77750,CEDIS Cancún,"XPU HA, QR.","CARR CHETUMAL PTO JUAREZ KM 266 3, , 77750, XPU HA, QR",,"CHETUMAL PUERTO JUAREZ LOTE 001 MANZANA 020 KM 266.3_x000D__x000D_SOLIDARIDAD,77734, QR_x000D_MX",984 875 15 00,QUI810918NR6
244075,01,194598.0,1,2026-09-21 00:00:00,2026-09-21 00:00:00,C04552,HOTELERA QUERETANA,HOLIDAY INN EXPRESS & SUITES QUERETARO (MQERG),2419.56,0,387.13,2806.69,0.0,68739022,,4,CJA,AVENIDA 5 DE FEBRERO 110 BIS,NIÑOS HEROES,QUERETARO,QUE,76010,Cobro Regreso,"QUERETARO, QUE.","AVENIDA 5 DE FEBRERO 110 BIS, NIÑOS HEROES, 76010, QUERETARO, QUE",,"AVENIDA 5 DE FEBRERO 110 BIS   NIÑOS HEROES_x000D__x000D_QUERETARO,76010, QUE_x000D_MX",442 215 0020,HQU100513C37
244075,01,194598.0,1,2026-09-21 00:00:00,2026-09-21 00:00:00,C04552,HOTELERA QUERETANA,HOLIDAY INN EXPRESS & SUITES QUERETARO (MQERG),2491.68,0,398.67,2890.35,0.0,68758340,,4,CJA,AVENIDA 5 DE FEBRERO 110 BIS,NIÑOS HEROES,QUERETARO,QUE,76010,Cobro Regreso,"QUERETARO, QUE.","AVENIDA 5 DE FEBRERO 110 BIS, NIÑOS HEROES, 76010, QUERETARO, QUE",,"AVENIDA 5 DE FEBRERO 110 BIS   NIÑOS HEROES_x000D__x000D_QUERETARO,76010, QUE_x000D_MX",442 215 0020,HQU100513C37
244075,01,194598.0,1,2026-09-21 00:00:00,2026-09-21 00:00:00,C04552,HOTELERA QUERETANA,HOLIDAY INN EXPRESS & SUITES QUERETARO (MQERG),580.11,0,92.82,672.93,0.0,69706958,,1,CJA,AVENIDA 5 DE FEBRERO 110 BIS,NIÑOS HEROES,QUERETARO,QUE,76010,Cobro Regreso,"QUERETARO, QUE.","AVENIDA 5 DE FEBRERO 110 BIS, NIÑOS HEROES, 76010, QUERETARO, QUE",,"AVENIDA 5 DE FEBRERO 110 BIS   NIÑOS HEROES_x000D__x000D_QUERETARO,76010, QUE_x000D_MX",442 215 0020,HQU100513C37
244076,pedido hotel moreno septiembre 2026,194600.0,1,2026-09-21 00:00:00,2026-09-21 00:00:00,C07691,GERARDO MORENO MORALES,HOTEL MORENO,3647.96,0,583.67,4231.63,0.0,4016-J07,,4,CJA,GUERRERO #5,GREGORIO OSUNA,CIUDAD VALLES,SLP,79090,Cobro Destino,"CIUDAD VALLES, SLP.","GUERRERO #5, GREGORIO OSUNA, 79090, CIUDAD VALLES, SLP",,"GUERRERO #5   OSUNA_x000D__x000D_CIUDAD VALLES,79096, SLP_x000D_MX",481 375 7446,MOMG670120210
244077,,194601.0,1,2026-09-21 00:00:00,2026-09-21 00:00:00,C06438,CUTBERTO IVAN MENDIETA ROJAS,BOSCOSO EVENTS PLACE & CATERING,1799.8,0,287.97,2087.77,0.0,4052-L17,,2,CJA,CARLOS GOMEZ ALMAZAN 3 INT 14,CALVARIO,VALLE DE BRAVO,MEX,51200,Cobro Regreso,"VALLE DE BRAVO, MEX.","CARLOS GOMEZ ALMAZAN 3 INT 14, CALVARIO, 51200, VALLE DE BRAVO, MEX",,"BLDV JUAN HERRERA Y PIÑA LOTE 4 C   CALVARIO_x000D__x000D_VALLE DE BRAVO,51200, MEX_x000D_MX",77 73 27 08 63,MERC800811HG6
244077,,194601.0,1,2026-09-21 00:00:00,2026-09-21 00:00:00,C06438,CUTBERTO IVAN MENDIETA ROJAS,BOSCOSO EVENTS PLACE & CATERING,500.0,0,80.0,580.0,0.0,SCO,,500,PZA,CARLOS GOMEZ ALMAZAN 3 INT 14,CALVARIO,VALLE DE BRAVO,MEX,51200,Cobro Regreso,"VALLE DE BRAVO, MEX.","CARLOS GOMEZ ALMAZAN 3 INT 14, CALVARIO, 51200, VALLE DE BRAVO, MEX",,"BLDV JUAN HERRERA Y PIÑA LOTE 4 C   CALVARIO_x000D__x000D_VALLE DE BRAVO,51200, MEX_x000D_MX",77 73 27 08 63,MERC800811HG6
244078,,194603.0,1,2026-09-21 00:00:00,2026-09-21 00:00:00,C02411,PLAZA TRIUNFO,LA QUINTA CD JUAREZ,1854.4,0,296.7,2151.1,0.0,5369-J04,,4,CJA,AV. EJERCITO NACIONAL # 8211,PARTIDO IGLESIAS,CD. JUAREZ,CHI,32310,Cobro Regreso,"CD. JUAREZ, CHI.","AV. EJERCITO NACIONAL # 8211, PARTIDO IGLESIAS, 32310, CD. JUAREZ, CHI",,"AV PASEO TRIUNFO DE LA R 4051-9   PARTIDO MANUEL DOBLADO_x000D__x000D_JUAREZ,32310, CHI_x000D_MX",656  648 2525,PTR040628978
244079,4700243851,194604.0,11,2026-09-21 00:00:00,2026-11-05 00:00:00,C04484,FIDEICOMISO IRREVOCABLE DB/1616,CROWNE PLAZA MONTERREY AEROPUERTO(MTYCP),489.6,0,78.34,567.94,0.0,4029-A90,,1,CJA,BLVD.AEROPUERTO 171,PARQUE INDUSTRIAL NEXXUS,MONTERREY,NL,66600,CEDIS Monterrey  (Solo Factura),"MONTERREY, NL.","BLVD.AEROPUERTO 171, PARQUE INDUSTRIAL NEXXUS, 66600, MONTERREY, NL",,"AV. FUNDADORES Exterior: 1000 INT: PISO 7   VALLE DEL MIRADOR_x000D__x000D_MONTERREY,64750, NL_x000D_MX",818 196 1500,DBM121023M10
244079,4700243851,194604.0,11,2026-09-21 00:00:00,2026-11-05 00:00:00,C04484,FIDEICOMISO IRREVOCABLE DB/1616,CROWNE PLAZA MONTERREY AEROPUERTO(MTYCP),2200.0,0,352.0,2552.0,0.0,4029-A92,,1,CJA,BLVD.AEROPUERTO 171,PARQUE INDUSTRIAL NEXXUS,MONTERREY,NL,66600,CEDIS Monterrey  (Solo Factura),"MONTERREY, NL.","BLVD.AEROPUERTO 171, PARQUE INDUSTRIAL NEXXUS, 66600, MONTERREY, NL",,"AV. FUNDADORES Exterior: 1000 INT: PISO 7   VALLE DEL MIRADOR_x000D__x000D_MONTERREY,64750, NL_x000D_MX",818 196 1500,DBM121023M10
244079,4700243851,194604.0,11,2026-09-21 00:00:00,2026-11-05 00:00:00,C04484,FIDEICOMISO IRREVOCABLE DB/1616,CROWNE PLAZA MONTERREY AEROPUERTO(MTYCP),1200.0,0,192.0,1392.0,0.0,4029-A95,,1,CJA,BLVD.AEROPUERTO 171,PARQUE INDUSTRIAL NEXXUS,MONTERREY,NL,66600,CEDIS Monterrey  (Solo Factura),"MONTERREY, NL.","BLVD.AEROPUERTO 171, PARQUE INDUSTRIAL NEXXUS, 66600, MONTERREY, NL",,"AV. FUNDADORES Exterior: 1000 INT: PISO 7   VALLE DEL MIRADOR_x000D__x000D_MONTERREY,64750, NL_x000D_MX",818 196 1500,DBM121023M10
244079,4700243851,194604.0,11,2026-09-21 00:00:00,2026-11-05 00:00:00,C04484,FIDEICOMISO IRREVOCABLE DB/1616,CROWNE PLAZA MONTERREY AEROPUERTO(MTYCP),2215.0,0,354.4,2569.4,0.0,4029-A05,MISCELANEOS,1,CJA,BLVD.AEROPUERTO 171,PARQUE INDUSTRIAL NEXXUS,MONTERREY,NL,66600,CEDIS Monterrey  (Solo Factura),"MONTERREY, NL.","BLVD.AEROPUERTO 171, PARQUE INDUSTRIAL NEXXUS, 66600, MONTERREY, NL",,"AV. FUNDADORES Exterior: 1000 INT: PISO 7   VALLE DEL MIRADOR_x000D__x000D_MONTERREY,64750, NL_x000D_MX",818 196 1500,DBM121023M10
244080,4700255437,194606.0,1,2026-09-21 00:00:00,2026-11-05 00:00:00,C08577,OPERADORA TURISTICA OMV,"TAPESTRY COLLECTION BY HILTON ALBOR SAN MIGUEL DE ALLENDE, MEXICO (BJXUP)",2241.75,0,358.68,2600.43,0.0,4052-L38,,1,CJA,CAMINO A LAS 3 CRUCES 149,SALTITO DE GUADALUPE,SAN MIGUEL DE ALLENDE,GTO,37760,Cobro Regreso,"SAN MIGUEL DE ALLENDE, GTO.","CAMINO A LAS 3 CRUCES 149, SALTITO DE GUADALUPE, 37760, SAN MIGUEL DE ALLENDE, GTO",,"CALLE SALTITO DE GUADALUPE  SIN NUMERO   VALLE DEL MAIZ_x000D__x000D_SAN MIGUEL DE ALLENDE,37775, GTO_x000D_MX",415 690 1515,OTO190207CRA
244080,4700255437,194606.0,1,2026-09-21 00:00:00,2026-11-05 00:00:00,C08577,OPERADORA TURISTICA OMV,"TAPESTRY COLLECTION BY HILTON ALBOR SAN MIGUEL DE ALLENDE, MEXICO (BJXUP)",2241.75,0,358.68,2600.43,0.0,4052-L35,,1,CJA,CAMINO A LAS 3 CRUCES 149,SALTITO DE GUADALUPE,SAN MIGUEL DE ALLENDE,GTO,37760,Cobro Regreso,"SAN MIGUEL DE ALLENDE, GTO.","CAMINO A LAS 3 CRUCES 149, SALTITO DE GUADALUPE, 37760, SAN MIGUEL DE ALLENDE, GTO",,"CALLE SALTITO DE GUADALUPE  SIN NUMERO   VALLE DEL MAIZ_x000D__x000D_SAN MIGUEL DE ALLENDE,37775, GTO_x000D_MX",415 690 1515,OTO190207CRA
244080,4700255437,194606.0,1,2026-09-21 00:00:00,2026-11-05 00:00:00,C08577,OPERADORA TURISTICA OMV,"TAPESTRY COLLECTION BY HILTON ALBOR SAN MIGUEL DE ALLENDE, MEXICO (BJXUP)",939.75,0,150.36,1090.11,0.0,4052-J07,,1,CJA,CAMINO A LAS 3 CRUCES 149,SALTITO DE GUADALUPE,SAN MIGUEL DE ALLENDE,GTO,37760,Cobro Regreso,"SAN MIGUEL DE ALLENDE, GTO.","CAMINO A LAS 3 CRUCES 149, SALTITO DE GUADALUPE, 37760, SAN MIGUEL DE ALLENDE, GTO",,"CALLE SALTITO DE GUADALUPE  SIN NUMERO   VALLE DEL MAIZ_x000D__x000D_SAN MIGUEL DE ALLENDE,37775, GTO_x000D_MX",415 690 1515,OTO190207CRA
244080,4700255437,194606.0,1,2026-09-21 00:00:00,2026-11-05 00:00:00,C08577,OPERADORA TURISTICA OMV,"TAPESTRY COLLECTION BY HILTON ALBOR SAN MIGUEL DE ALLENDE, MEXICO (BJXUP)",514.08,0,82.25,596.33,0.0,4029-A90,,1,CJA,CAMINO A LAS 3 CRUCES 149,SALTITO DE GUADALUPE,SAN MIGUEL DE ALLENDE,GTO,37760,Cobro Regreso,"SAN MIGUEL DE ALLENDE, GTO.","CAMINO A LAS 3 CRUCES 149, SALTITO DE GUADALUPE, 37760, SAN MIGUEL DE ALLENDE, GTO",,"CALLE SALTITO DE GUADALUPE  SIN NUMERO   VALLE DEL MAIZ_x000D__x000D_SAN MIGUEL DE ALLENDE,37775, GTO_x000D_MX",415 690 1515,OTO190207CRA
244080,4700255437,194606.0,1,2026-09-21 00:00:00,2026-11-05 00:00:00,C08577,OPERADORA TURISTICA OMV,"TAPESTRY COLLECTION BY HILTON ALBOR SAN MIGUEL DE ALLENDE, MEXICO (BJXUP)",267.75,0,42.84,310.59,0.0,JHJY-0037,,1,CJA,CAMINO A LAS 3 CRUCES 149,SALTITO DE GUADALUPE,SAN MIGUEL DE ALLENDE,GTO,37760,Cobro Regreso,"SAN MIGUEL DE ALLENDE, GTO.","CAMINO A LAS 3 CRUCES 149, SALTITO DE GUADALUPE, 37760, SAN MIGUEL DE ALLENDE, GTO",,"CALLE SALTITO DE GUADALUPE  SIN NUMERO   VALLE DEL MAIZ_x000D__x000D_SAN MIGUEL DE ALLENDE,37775, GTO_x000D_MX",415 690 1515,OTO190207CRA
244081,5655,194607.0,1,2026-09-21 00:00:00,2026-10-06 00:00:00,C02299,FJH HOTELEROS,EJECUTIVO EXPRESS,992.5,0,158.8,1151.3,0.0,4043-J07,,1,CJA,AV.MEXICO No.2920,TERRANOVA,GUADALAJARA,JAL,44689,Transporte LOCAL,"GUADALAJARA, JAL.","AV.MEXICO No.2920, TERRANOVA, 44689, GUADALAJARA, JAL",,"AV MEXICO 2920   TERRANOVA_x000D__x000D_GUADALAJARA,44689, JAL_x000D_MX",333 648 1515,FHO080226FI9
244081,5655,194607.0,1,2026-09-21 00:00:00,2026-10-06 00:00:00,C02299,FJH HOTELEROS,EJECUTIVO EXPRESS,670.5,0,107.28,777.78,0.0,4043-L37,,1,CJA,AV.MEXICO No.2920,TERRANOVA,GUADALAJARA,JAL,44689,Transporte LOCAL,"GUADALAJARA, JAL.","AV.MEXICO No.2920, TERRANOVA, 44689, GUADALAJARA, JAL",,"AV MEXICO 2920   TERRANOVA_x000D__x000D_GUADALAJARA,44689, JAL_x000D_MX",333 648 1515,FHO080226FI9
244081,5655,194607.0,1,2026-09-21 00:00:00,2026-10-06 00:00:00,C02299,FJH HOTELEROS,EJECUTIVO EXPRESS,1747.9,0,279.66,2027.56,0.0,4029-A91,,1,CJA,AV.MEXICO No.2920,TERRANOVA,GUADALAJARA,JAL,44689,Transporte LOCAL,"GUADALAJARA, JAL.","AV.MEXICO No.2920, TERRANOVA, 44689, GUADALAJARA, JAL",,"AV MEXICO 2920   TERRANOVA_x000D__x000D_GUADALAJARA,44689, JAL_x000D_MX",333 648 1515,FHO080226FI9
244082,HOTEL RAMADA ENCORE,194608.0,1,2026-09-21 00:00:00,2026-10-06 00:00:00,C03826,OPERADORA ENCORE QUERETARO,ENCORE QUERETARO (EQRO),4781.0,0,764.96,5545.96,0.0,4029-A96,,2,CJA,CARRETERA QUERETARO-SAN LUIS POTOSÍ #11515,EL SALITRE,QUERETARO,QUE,76230,Cobro Regreso,"QUERETARO, QUE.","CARRETERA QUERETARO-SAN LUIS POTOSÍ #11515, EL SALITRE, 76230, QUERETARO, QUE",,"CARRETERA QUERETARO SAN LUIS POTOSI 11515   EL SALITRE_x000D__x000D_QUERETARO,76230, QUE_x000D_MX",33 3898 6000 EXT192,OEQ1312177T4
244083,,221196.0,1,2026-09-21 00:00:00,2026-09-21 00:00:00,C09391,ADALBERTO DE JESUS ZAMARRON PUENTE,LUA capsule rooms,2422.99,0,387.68,2810.67,0.0,4052-L35,,1,CJA,TOMAS V GOMEZ 190 INT 100 17D,LADRON DE GUEVARA,GUADALAJARA,JAL,44600,Transporte LOCAL,"GUADALAJARA, JAL.","TOMAS V GOMEZ 190 INT 100 17D, LADRON DE GUEVARA, 44600, GUADALAJARA, JAL",,"AVENIDA LAZARO CARDENAS 3454 INT 6   JARDINES DE LOS ARCOS_x000D__x000D_GUADALAJARA,44500, JAL_x000D_MX",331 602 5664,ZAPA871224EC8
244084,,221197.0,1,2026-09-21 00:00:00,2026-09-21 00:00:00,C09390,LA ESTELA HOTEL BURBUJA,LA ESTELA HOTEL BURBUJA,1008.5,0,161.36,1169.86,0.0,4052-J07,,1,CJA,TOMAS GOMEZ #190 INT 100 17D,LADRON DE GUEVARA,GUADALAJARA,JAL,44600,Cliente Pasa por Mercancia,"GUADALAJARA, JAL.","TOMAS GOMEZ #190 INT 100 17D, LADRON DE GUEVARA, 44600, GUADALAJARA, JAL",,"AVENIDA LAZARO CARDENAS 3454 INTERIOR 6   JARDINES DE LOS ARCOS_x000D__x000D_GUADALAJARA,44500, JAL_x000D_MX",331 602 5664,EHB211104U65
244085,TE-16255,194612.0,1,2026-09-21 00:00:00,2026-10-06 00:00:00,C07203,IMPULSORA PLAZA HERMOSILLO,CITY EXPRESS HERMOSILLO (CEHMO),3017.19,0,482.75,3499.94,0.0,4051-L10,,3,CJA,BLVD. RIO SONORA NORTE No. 96,VADO DEL RÍO,HERMOSILLO,SON,83078,Cobro Regreso,"HERMOSILLO, SON.","BLVD. RIO SONORA NORTE No. 96, VADO DEL RÍO, 83078, HERMOSILLO, SON",,"JUAN SALVADOR AGRAZ 69 PISO 12   SANTA FE CUAJIMALPA_x000D__x000D_CUAJIMALPA DE MORELOS,05348, CMX_x000D_MX",01 662 108 2870,IPH051025R30
244085,TE-16255,194612.0,1,2026-09-21 00:00:00,2026-10-06 00:00:00,C07203,IMPULSORA PLAZA HERMOSILLO,CITY EXPRESS HERMOSILLO (CEHMO),2577.12,0,412.34,2989.46,0.0,4051-J03,,4,CJA,BLVD. RIO SONORA NORTE No. 96,VADO DEL RÍO,HERMOSILLO,SON,83078,Cobro Regreso,"HERMOSILLO, SON.","BLVD. RIO SONORA NORTE No. 96, VADO DEL RÍO, 83078, HERMOSILLO, SON",,"JUAN SALVADOR AGRAZ 69 PISO 12   SANTA FE CUAJIMALPA_x000D__x000D_CUAJIMALPA DE MORELOS,05348, CMX_x000D_MX",01 662 108 2870,IPH051025R30
244085,TE-16255,194612.0,1,2026-09-21 00:00:00,2026-10-06 00:00:00,C07203,IMPULSORA PLAZA HERMOSILLO,CITY EXPRESS HERMOSILLO (CEHMO),3319.68,0,531.15,3850.83,0.0,4051-J04,,8,CJA,BLVD. RIO SONORA NORTE No. 96,VADO DEL RÍO,HERMOSILLO,SON,83078,Cobro Regreso,"HERMOSILLO, SON.","BLVD. RIO SONORA NORTE No. 96, VADO DEL RÍO, 83078, HERMOSILLO, SON",,"JUAN SALVADOR AGRAZ 69 PISO 12   SANTA FE CUAJIMALPA_x000D__x000D_CUAJIMALPA DE MORELOS,05348, CMX_x000D_MX",01 662 108 2870,IPH051025R30
244085,TE-16255,194612.0,1,2026-09-21 00:00:00,2026-10-06 00:00:00,C07203,IMPULSORA PLAZA HERMOSILLO,CITY EXPRESS HERMOSILLO (CEHMO),3017.19,0,482.75,3499.94,0.0,4051-L11,,3,CJA,BLVD. RIO SONORA NORTE No. 96,VADO DEL RÍO,HERMOSILLO,SON,83078,Cobro Regreso,"HERMOSILLO, SON.","BLVD. RIO SONORA NORTE No. 96, VADO DEL RÍO, 83078, HERMOSILLO, SON",,"JUAN SALVADOR AGRAZ 69 PISO 12   SANTA FE CUAJIMALPA_x000D__x000D_CUAJIMALPA DE MORELOS,05348, CMX_x000D_MX",01 662 108 2870,IPH051025R30
244085,TE-16255,194612.0,1,2026-09-21 00:00:00,2026-10-06 00:00:00,C07203,IMPULSORA PLAZA HERMOSILLO,CITY EXPRESS HERMOSILLO (CEHMO),3017.19,0,482.75,3499.94,0.0,4051-L12,,3,CJA,BLVD. RIO SONORA NORTE No. 96,VADO DEL RÍO,HERMOSILLO,SON,83078,Cobro Regreso,"HERMOSILLO, SON.","BLVD. RIO SONORA NORTE No. 96, VADO DEL RÍO, 83078, HERMOSILLO, SON",,"JUAN SALVADOR AGRAZ 69 PISO 12   SANTA FE CUAJIMALPA_x000D__x000D_CUAJIMALPA DE MORELOS,05348, CMX_x000D_MX",01 662 108 2870,IPH051025R30
244086,460045,194613.0,1,2026-09-21 00:00:00,2026-10-06 00:00:00,C00518,HOSPITAL SANTA MARIA CHAPALITA,HOSPITAL SANTA MARIA CHAPALITA,3019.96,0,483.19,3503.15,0.0,4029-A90,,4,CJA,AV. NIÑO OBRERO 1666,CHAPALITA,ZAPOPAN,JAL,45040,Transporte LOCAL,"ZAPOPAN, JAL.","AV. NIÑO OBRERO 1666, CHAPALITA, 45040, ZAPOPAN, JAL",,"AV NIÑO OBRERO 1666   CHAPALITA ORIENTE_x000D__x000D_ZAPOPAN,45040, JAL_x000D_MX",33 3678 1400 EXT 142,HSM721001KQ2
244086,460045,194613.0,1,2026-09-21 00:00:00,2026-10-06 00:00:00,C00518,HOSPITAL SANTA MARIA CHAPALITA,HOSPITAL SANTA MARIA CHAPALITA,2335.8,0,373.73,2709.53,0.0,4016-L04,,2,CJA,AV. NIÑO OBRERO 1666,CHAPALITA,ZAPOPAN,JAL,45040,Transporte LOCAL,"ZAPOPAN, JAL.","AV. NIÑO OBRERO 1666, CHAPALITA, 45040, ZAPOPAN, JAL",,"AV NIÑO OBRERO 1666   CHAPALITA ORIENTE_x000D__x000D_ZAPOPAN,45040, JAL_x000D_MX",33 3678 1400 EXT 142,HSM721001KQ2
244086,460045,194613.0,1,2026-09-21 00:00:00,2026-10-06 00:00:00,C00518,HOSPITAL SANTA MARIA CHAPALITA,HOSPITAL SANTA MARIA CHAPALITA,1985.0,0,317.6,2302.6,0.0,4043-J07,,2,CJA,AV. NIÑO OBRERO 1666,CHAPALITA,ZAPOPAN,JAL,45040,Transporte LOCAL,"ZAPOPAN, JAL.","AV. NIÑO OBRERO 1666, CHAPALITA, 45040, ZAPOPAN, JAL",,"AV NIÑO OBRERO 1666   CHAPALITA ORIENTE_x000D__x000D_ZAPOPAN,45040, JAL_x000D_MX",33 3678 1400 EXT 142,HSM721001KQ2
244086,460045,194613.0,1,2026-09-21 00:00:00,2026-10-06 00:00:00,C00518,HOSPITAL SANTA MARIA CHAPALITA,HOSPITAL SANTA MARIA CHAPALITA,8860.0,0,1417.61,10277.6,0.0,4029-A05,MISCELANEOS,4,CJA,AV. NIÑO OBRERO 1666,CHAPALITA,ZAPOPAN,JAL,45040,Transporte LOCAL,"ZAPOPAN, JAL.","AV. NIÑO OBRERO 1666, CHAPALITA, 45040, ZAPOPAN, JAL",,"AV NIÑO OBRERO 1666   CHAPALITA ORIENTE_x000D__x000D_ZAPOPAN,45040, JAL_x000D_MX",33 3678 1400 EXT 142,HSM721001KQ2
244086,460045,194613.0,1,2026-09-21 00:00:00,2026-10-06 00:00:00,C00518,HOSPITAL SANTA MARIA CHAPALITA,HOSPITAL SANTA MARIA CHAPALITA,1286.9,0,205.9,1492.8,0.0,4016-L07,ELEMENTS EVOLUTION B,1,CJA,AV. NIÑO OBRERO 1666,CHAPALITA,ZAPOPAN,JAL,45040,Transporte LOCAL,"ZAPOPAN, JAL.","AV. NIÑO OBRERO 1666, CHAPALITA, 45040, ZAPOPAN, JAL",,"AV NIÑO OBRERO 1666   CHAPALITA ORIENTE_x000D__x000D_ZAPOPAN,45040, JAL_x000D_MX",33 3678 1400 EXT 142,HSM721001KQ2
244087,4700250046,194614.0,1,2026-09-21 00:00:00,2026-11-05 00:00:00,C05891,FIDEICOMISO IRREVOCABLE DB/1616,"HAMPTON REYNOSA/ZONA INDUSTRIAL, MEXICO (REXHA)",1533.0,0,245.28,1778.28,0.0,4011-L28,,1,CJA,"PLAZA PERIFERICO, CARR. LIBRE A MONTERREY-REYNOSA 1000",,REYNOSA,TAM,88730,Cobro Regreso,"REYNOSA, TAM.","PLAZA PERIFERICO, CARR. LIBRE A MONTERREY-REYNOSA 1000, , 88730, REYNOSA, TAM",,"AV. FUNDADORES EXTERIOR:1000  PISO 7   VALLE DEL MIRADOR_x000D__x000D_MONTERREY,64750, NL_x000D_MX",899 970 0108,DBM121023M10
244087,4700250046,194614.0,1,2026-09-21 00:00:00,2026-11-05 00:00:00,C05891,FIDEICOMISO IRREVOCABLE DB/1616,"HAMPTON REYNOSA/ZONA INDUSTRIAL, MEXICO (REXHA)",1533.0,0,245.28,1778.28,0.0,4011-L30,,1,CJA,"PLAZA PERIFERICO, CARR. LIBRE A MONTERREY-REYNOSA 1000",,REYNOSA,TAM,88730,Cobro Regreso,"REYNOSA, TAM.","PLAZA PERIFERICO, CARR. LIBRE A MONTERREY-REYNOSA 1000, , 88730, REYNOSA, TAM",,"AV. FUNDADORES EXTERIOR:1000  PISO 7   VALLE DEL MIRADOR_x000D__x000D_MONTERREY,64750, NL_x000D_MX",899 970 0108,DBM121023M10
244087,4700250046,194614.0,1,2026-09-21 00:00:00,2026-11-05 00:00:00,C05891,FIDEICOMISO IRREVOCABLE DB/1616,"HAMPTON REYNOSA/ZONA INDUSTRIAL, MEXICO (REXHA)",4599.0,0,735.84,5334.84,0.0,4011-L27,,3,CJA,"PLAZA PERIFERICO, CARR. LIBRE A MONTERREY-REYNOSA 1000",,REYNOSA,TAM,88730,Cobro Regreso,"REYNOSA, TAM.","PLAZA PERIFERICO, CARR. LIBRE A MONTERREY-REYNOSA 1000, , 88730, REYNOSA, TAM",,"AV. FUNDADORES EXTERIOR:1000  PISO 7   VALLE DEL MIRADOR_x000D__x000D_MONTERREY,64750, NL_x000D_MX",899 970 0108,DBM121023M10
244087,4700250046,194614.0,1,2026-09-21 00:00:00,2026-11-05 00:00:00,C05891,FIDEICOMISO IRREVOCABLE DB/1616,"HAMPTON REYNOSA/ZONA INDUSTRIAL, MEXICO (REXHA)",2331.0,0,372.96,2703.96,0.0,4011-J07,,4,CJA,"PLAZA PERIFERICO, CARR. LIBRE A MONTERREY-REYNOSA 1000",,REYNOSA,TAM,88730,Cobro Regreso,"REYNOSA, TAM.","PLAZA PERIFERICO, CARR. LIBRE A MONTERREY-REYNOSA 1000, , 88730, REYNOSA, TAM",,"AV. FUNDADORES EXTERIOR:1000  PISO 7   VALLE DEL MIRADOR_x000D__x000D_MONTERREY,64750, NL_x000D_MX",899 970 0108,DBM121023M10
244087,4700250046,194614.0,1,2026-09-21 00:00:00,2026-11-05 00:00:00,C05891,FIDEICOMISO IRREVOCABLE DB/1616,"HAMPTON REYNOSA/ZONA INDUSTRIAL, MEXICO (REXHA)",2733.16,0,437.31,3170.47,0.0,4011-J08,,4,CJA,"PLAZA PERIFERICO, CARR. LIBRE A MONTERREY-REYNOSA 1000",,REYNOSA,TAM,88730,Cobro Regreso,"REYNOSA, TAM.","PLAZA PERIFERICO, CARR. LIBRE A MONTERREY-REYNOSA 1000, , 88730, REYNOSA, TAM",,"AV. FUNDADORES EXTERIOR:1000  PISO 7   VALLE DEL MIRADOR_x000D__x000D_MONTERREY,64750, NL_x000D_MX",899 970 0108,DBM121023M10
244088,,194615.0,1,2026-09-21 00:00:00,2026-09-21 00:00:00,C09143,KIVA INVERSIONES,AVID GUADALAJARA AEROPUERTO,630.49,0,100.88,731.37,0.0,ANTC,,1,PZA,CARR. A CHAPALA #4070,LAS PINTAS DE ABAJO,TLAQUEPAQUE,JAL,45593,Solo Factura,"TLAQUEPAQUE, JAL.","CARR. A CHAPALA #4070, LAS PINTAS DE ABAJO, 45593, TLAQUEPAQUE, JAL",,"CARRETERA A CHAPALA 4070A   PASEOS LAGO_x000D__x000D_SAN PEDRO TLAQUEPAQUE,45619, JAL_x000D_MX",332 333 7070,KIN200327GR4
244090,221192,194625.0,1,2026-09-21 00:00:00,2026-09-21 00:00:00,C09602,SERVICIOS SUITES TIJUANA,COURTYARD TIJUANA,194540.39,0,31126.46,225666.85,0.0,ANTC,,1,PZA,AV. TEJOCOTES  18,PRADOS DE SANTA CLARA,CUAUTITLÁN IZCALLI,MEX,54769,Solo Factura,"CUAUTITLÁN IZCALLI, MEX.","AV. TEJOCOTES  18, PRADOS DE SANTA CLARA, 54769, CUAUTITLÁN IZCALLI, MEX",,"IGNACIO ZARAGOZA 9955   CALETE_x000D__x000D_TIJUANA,22044, BC_x000D_MX",55 6960 5963,SST1607119E6
244091,OC: HMO012,194543.0,1,2026-09-21 00:00:00,2026-10-21 00:00:00,C09328,COMERCIALIZADORA SANITARIA,COMSAN,14014.8,25,2242.37,16257.17,0.0,4016-L04,,16,CJA,AV. LUIS DONALDO COLOSIO #126,CENTRO,HERMOSILLO,SON,83000,Cobro Regreso,"HERMOSILLO, SON.","AV. LUIS DONALDO COLOSIO #126, CENTRO, 83000, HERMOSILLO, SON",,"BLVD. LUIS ENCINAS JOHNSON #214   HERMOSILLO CENTRO_x000D__x000D_HERMOSILLO,83000, SON_x000D_MX",662 212 1221,CSA950626BE2
244091,OC: HMO012,194543.0,1,2026-09-21 00:00:00,2026-10-21 00:00:00,C09328,COMERCIALIZADORA SANITARIA,COMSAN,2863.13,25,458.1,3321.23,0.0,4043-J08,,5,CJA,AV. LUIS DONALDO COLOSIO #126,CENTRO,HERMOSILLO,SON,83000,Cobro Regreso,"HERMOSILLO, SON.","AV. LUIS DONALDO COLOSIO #126, CENTRO, 83000, HERMOSILLO, SON",,"BLVD. LUIS ENCINAS JOHNSON #214   HERMOSILLO CENTRO_x000D__x000D_HERMOSILLO,83000, SON_x000D_MX",662 212 1221,CSA950626BE2
244091,OC: HMO012,194543.0,1,2026-09-21 00:00:00,2026-10-21 00:00:00,C09328,COMERCIALIZADORA SANITARIA,COMSAN,1496.03,25,239.36,1735.39,0.0,4043-L35,,3,CJA,AV. LUIS DONALDO COLOSIO #126,CENTRO,HERMOSILLO,SON,83000,Cobro Regreso,"HERMOSILLO, SON.","AV. LUIS DONALDO COLOSIO #126, CENTRO, 83000, HERMOSILLO, SON",,"BLVD. LUIS ENCINAS JOHNSON #214   HERMOSILLO CENTRO_x000D__x000D_HERMOSILLO,83000, SON_x000D_MX",662 212 1221,CSA950626BE2
244091,OC: HMO012,194543.0,1,2026-09-21 00:00:00,2026-10-21 00:00:00,C09328,COMERCIALIZADORA SANITARIA,COMSAN,3489.38,25,558.3,4047.68,0.0,4052-J08,,5,CJA,AV. LUIS DONALDO COLOSIO #126,CENTRO,HERMOSILLO,SON,83000,Cobro Regreso,"HERMOSILLO, SON.","AV. LUIS DONALDO COLOSIO #126, CENTRO, 83000, HERMOSILLO, SON",,"BLVD. LUIS ENCINAS JOHNSON #214   HERMOSILLO CENTRO_x000D__x000D_HERMOSILLO,83000, SON_x000D_MX",662 212 1221,CSA950626BE2
244091,OC: HMO012,194543.0,1,2026-09-21 00:00:00,2026-10-21 00:00:00,C09328,COMERCIALIZADORA SANITARIA,COMSAN,8084.25,25,1293.48,9377.73,0.0,4043-L03,ALMOND & OLIVE CONDI,10,CJA,AV. LUIS DONALDO COLOSIO #126,CENTRO,HERMOSILLO,SON,83000,Cobro Regreso,"HERMOSILLO, SON.","AV. LUIS DONALDO COLOSIO #126, CENTRO, 83000, HERMOSILLO, SON",,"BLVD. LUIS ENCINAS JOHNSON #214   HERMOSILLO CENTRO_x000D__x000D_HERMOSILLO,83000, SON_x000D_MX",662 212 1221,CSA950626BE2
244092,RIC M 8761/26,193764.0,3,2026-09-21 00:00:00,2026-12-20 00:00:00,C09492,PALMAR AZUL MANAGEMENT,IBEROSTAR SELECTION RIVIERA CANCUN,6048.0,0,967.68,7015.68,0.0,5013-L48,,8,CJA,CARRETERA FEDERAL CANCUN - PUERTO MORELOS MZA 34,PUERTO MORELOS,PUERTO MORELOS,QR,77580,CEDIS Cancún,"PUERTO MORELOS, QR.","CARRETERA FEDERAL CANCUN - PUERTO MORELOS MZA 34, PUERTO MORELOS, 77580, PUERTO MORELOS, QR",,"CAMINO ENTRADA BAHIA PETEMPICH LTE 15 04, SM 12 MZA 34   PUERTO MORELOS_x000D__x000D_PUERTO MORELOS,77580, QR_x000D_MX",998-872-84-51,PAM240611968
244092,RIC M 8761/26,193764.0,3,2026-09-21 00:00:00,2026-12-20 00:00:00,C09492,PALMAR AZUL MANAGEMENT,IBEROSTAR SELECTION RIVIERA CANCUN,4536.0,0,725.76,5261.76,0.0,5013-L46,,6,CJA,CARRETERA FEDERAL CANCUN - PUERTO MORELOS MZA 34,PUERTO MORELOS,PUERTO MORELOS,QR,77580,CEDIS Cancún,"PUERTO MORELOS, QR.","CARRETERA FEDERAL CANCUN - PUERTO MORELOS MZA 34, PUERTO MORELOS, 77580, PUERTO MORELOS, QR",,"CAMINO ENTRADA BAHIA PETEMPICH LTE 15 04, SM 12 MZA 34   PUERTO MORELOS_x000D__x000D_PUERTO MORELOS,77580, QR_x000D_MX",998-872-84-51,PAM240611968
244093,4700256074,194616.0,1,2026-09-21 00:00:00,2026-11-05 00:00:00,C08752,JEA INMOBILIARIA,HOLIDAY INN & SUITES MERIDA LA ISLA (MIDNT),2651.4,0,424.22,3075.62,0.0,68758340,,4,CJA,CALLE 24 31044,TEMOZON NORTE,MERIDA,YUC,97305,Cobro Regreso,"MERIDA, YUC.","CALLE 24 31044, TEMOZON NORTE, 97305, MERIDA, YUC",,"CALLE 32 AV ANDRES GARCIA LAVIN  261  INT 701   SAN RAMON_x000D__x000D_MERIDA,97117, YUC_x000D_MX",999 461 3500,JIN100108HZ2
244093,4700256074,194616.0,1,2026-09-21 00:00:00,2026-11-05 00:00:00,C08752,JEA INMOBILIARIA,HOLIDAY INN & SUITES MERIDA LA ISLA (MIDNT),3862.62,0,618.02,4480.64,0.0,68739022,,6,CJA,CALLE 24 31044,TEMOZON NORTE,MERIDA,YUC,97305,Cobro Regreso,"MERIDA, YUC.","CALLE 24 31044, TEMOZON NORTE, 97305, MERIDA, YUC",,"CALLE 32 AV ANDRES GARCIA LAVIN  261  INT 701   SAN RAMON_x000D__x000D_MERIDA,97117, YUC_x000D_MX",999 461 3500,JIN100108HZ2
244093,4700256074,194616.0,1,2026-09-21 00:00:00,2026-11-05 00:00:00,C08752,JEA INMOBILIARIA,HOLIDAY INN & SUITES MERIDA LA ISLA (MIDNT),489.6,0,78.34,567.94,0.0,4029-A90,,1,CJA,CALLE 24 31044,TEMOZON NORTE,MERIDA,YUC,97305,Cobro Regreso,"MERIDA, YUC.","CALLE 24 31044, TEMOZON NORTE, 97305, MERIDA, YUC",,"CALLE 32 AV ANDRES GARCIA LAVIN  261  INT 701   SAN RAMON_x000D__x000D_MERIDA,97117, YUC_x000D_MX",999 461 3500,JIN100108HZ2
244094,220250 maritza,194610.0,1,2026-09-21 00:00:00,2026-09-21 00:00:00,C04831,OPERADORA DECORI BINNIGUENDA,HOTEL BINNIGUENDA HUATULCO,3647.96,0,583.67,4231.63,0.0,4016-J07,,4,CJA,BLVD SANTA CRUZ 201,SECTOR A,BAHIA DE SANTA CRUZ,OAX,70989,Cobro Regreso,"BAHIA DE SANTA CRUZ, OAX.","BLVD SANTA CRUZ 201, SECTOR A, 70989, BAHIA DE SANTA CRUZ, OAX",,"CALLE SUR 17 340   CENTRO_x000D__x000D_ORIZABA,94300, VER_x000D_MX",958 583 2600,ODB1112082N1
244094,220250 maritza,194610.0,1,2026-09-21 00:00:00,2026-09-21 00:00:00,C04831,OPERADORA DECORI BINNIGUENDA,HOTEL BINNIGUENDA HUATULCO,12780.0,0,2044.8,14824.8,0.0,4029-L60,,25,CJA,BLVD SANTA CRUZ 201,SECTOR A,BAHIA DE SANTA CRUZ,OAX,70989,Cobro Regreso,"BAHIA DE SANTA CRUZ, OAX.","BLVD SANTA CRUZ 201, SECTOR A, 70989, BAHIA DE SANTA CRUZ, OAX",,"CALLE SUR 17 340   CENTRO_x000D__x000D_ORIZABA,94300, VER_x000D_MX",958 583 2600,ODB1112082N1
244094,220250 maritza,194610.0,1,2026-09-21 00:00:00,2026-09-21 00:00:00,C04831,OPERADORA DECORI BINNIGUENDA,HOTEL BINNIGUENDA HUATULCO,5147.6,0,823.62,5971.22,0.0,4016-L07,ELEMENTS EVOLUTION B,4,CJA,BLVD SANTA CRUZ 201,SECTOR A,BAHIA DE SANTA CRUZ,OAX,70989,Cobro Regreso,"BAHIA DE SANTA CRUZ, OAX.","BLVD SANTA CRUZ 201, SECTOR A, 70989, BAHIA DE SANTA CRUZ, OAX",,"CALLE SUR 17 340   CENTRO_x000D__x000D_ORIZABA,94300, VER_x000D_MX",958 583 2600,ODB1112082N1
244094,220250 maritza,194610.0,1,2026-09-21 00:00:00,2026-09-21 00:00:00,C04831,OPERADORA DECORI BINNIGUENDA,HOTEL BINNIGUENDA HUATULCO,1016.5,0,162.64,1179.14,0.0,4032-L01,BRISS MOUTHWASH 1.0,1,CJA,BLVD SANTA CRUZ 201,SECTOR A,BAHIA DE SANTA CRUZ,OAX,70989,Cobro Regreso,"BAHIA DE SANTA CRUZ, OAX.","BLVD SANTA CRUZ 201, SECTOR A, 70989, BAHIA DE SANTA CRUZ, OAX",,"CALLE SUR 17 340   CENTRO_x000D__x000D_ORIZABA,94300, VER_x000D_MX",958 583 2600,ODB1112082N1
244094,220250 maritza,194610.0,1,2026-09-21 00:00:00,2026-09-21 00:00:00,C04831,OPERADORA DECORI BINNIGUENDA,HOTEL BINNIGUENDA HUATULCO,2215.0,0,354.4,2569.4,0.0,4029-A05,MISCELANEOS,1,CJA,BLVD SANTA CRUZ 201,SECTOR A,BAHIA DE SANTA CRUZ,OAX,70989,Cobro Regreso,"BAHIA DE SANTA CRUZ, OAX.","BLVD SANTA CRUZ 201, SECTOR A, 70989, BAHIA DE SANTA CRUZ, OAX",,"CALLE SUR 17 340   CENTRO_x000D__x000D_ORIZABA,94300, VER_x000D_MX",958 583 2600,ODB1112082N1
244095,ZE-11597,194617.0,1,2026-09-21 00:00:00,2026-10-06 00:00:00,C07277,IMPULSORA PLAZA CANANEA,CITY EXPRESS CANANEA (CECNA),3017.19,0,482.75,3499.94,0.0,4051-L11,,3,CJA,CARRETERA CANANEA AGUA PRIETA #2,CANANEA CENTRO,CANANEA,SON,84620,Cobro Regreso,"CANANEA, SON.","CARRETERA CANANEA AGUA PRIETA #2, CANANEA CENTRO, 84620, CANANEA, SON",,"JUAN SALVADOR AGRAZ 69 PISO 12   SANTA FE CUAJIMALPA_x000D__x000D_CUAJIMALPA DE MORELOS,05348, CMX_x000D_MX",01 645 332 8330,IPC121008K80
244095,ZE-11597,194617.0,1,2026-09-21 00:00:00,2026-10-06 00:00:00,C07277,IMPULSORA PLAZA CANANEA,CITY EXPRESS CANANEA (CECNA),2011.46,0,321.83,2333.29,0.0,4051-L12,,2,CJA,CARRETERA CANANEA AGUA PRIETA #2,CANANEA CENTRO,CANANEA,SON,84620,Cobro Regreso,"CANANEA, SON.","CARRETERA CANANEA AGUA PRIETA #2, CANANEA CENTRO, 84620, CANANEA, SON",,"JUAN SALVADOR AGRAZ 69 PISO 12   SANTA FE CUAJIMALPA_x000D__x000D_CUAJIMALPA DE MORELOS,05348, CMX_x000D_MX",01 645 332 8330,IPC121008K80
244095,ZE-11597,194617.0,1,2026-09-21 00:00:00,2026-10-06 00:00:00,C07277,IMPULSORA PLAZA CANANEA,CITY EXPRESS CANANEA (CECNA),4022.92,0,643.67,4666.59,0.0,4051-L10,,4,CJA,CARRETERA CANANEA AGUA PRIETA #2,CANANEA CENTRO,CANANEA,SON,84620,Cobro Regreso,"CANANEA, SON.","CARRETERA CANANEA AGUA PRIETA #2, CANANEA CENTRO, 84620, CANANEA, SON",,"JUAN SALVADOR AGRAZ 69 PISO 12   SANTA FE CUAJIMALPA_x000D__x000D_CUAJIMALPA DE MORELOS,05348, CMX_x000D_MX",01 645 332 8330,IPC121008K80
244095,ZE-11597,194617.0,1,2026-09-21 00:00:00,2026-10-06 00:00:00,C07277,IMPULSORA PLAZA CANANEA,CITY EXPRESS CANANEA (CECNA),1932.84,0,309.25,2242.09,0.0,4051-J03,,3,CJA,CARRETERA CANANEA AGUA PRIETA #2,CANANEA CENTRO,CANANEA,SON,84620,Cobro Regreso,"CANANEA, SON.","CARRETERA CANANEA AGUA PRIETA #2, CANANEA CENTRO, 84620, CANANEA, SON",,"JUAN SALVADOR AGRAZ 69 PISO 12   SANTA FE CUAJIMALPA_x000D__x000D_CUAJIMALPA DE MORELOS,05348, CMX_x000D_MX",01 645 332 8330,IPC121008K80
244095,ZE-11597,194617.0,1,2026-09-21 00:00:00,2026-10-06 00:00:00,C07277,IMPULSORA PLAZA CANANEA,CITY EXPRESS CANANEA (CECNA),2489.76,0,398.37,2888.12,0.0,4051-J04,,6,CJA,CARRETERA CANANEA AGUA PRIETA #2,CANANEA CENTRO,CANANEA,SON,84620,Cobro Regreso,"CANANEA, SON.","CARRETERA CANANEA AGUA PRIETA #2, CANANEA CENTRO, 84620, CANANEA, SON",,"JUAN SALVADOR AGRAZ 69 PISO 12   SANTA FE CUAJIMALPA_x000D__x000D_CUAJIMALPA DE MORELOS,05348, CMX_x000D_MX",01 645 332 8330,IPC121008K80
244096,,194618.0,1,2026-09-21 00:00:00,2026-09-21 00:00:00,C09143,KIVA INVERSIONES,AVID GUADALAJARA AEROPUERTO,617.22,0,98.76,715.98,0.0,69706958,,1,CJA,CARR. A CHAPALA #4070,LAS PINTAS DE ABAJO,TLAQUEPAQUE,JAL,45593,Cobro Regreso,"TLAQUEPAQUE, JAL.","CARR. A CHAPALA #4070, LAS PINTAS DE ABAJO, 45593, TLAQUEPAQUE, JAL",,"CARRETERA A CHAPALA 4070A   PASEOS LAGO_x000D__x000D_SAN PEDRO TLAQUEPAQUE,45619, JAL_x000D_MX",332 333 7070,KIN200327GR4
244096,,194618.0,1,2026-09-21 00:00:00,2026-09-21 00:00:00,C09143,KIVA INVERSIONES,AVID GUADALAJARA AEROPUERTO,643.77,0,103.0,746.77,0.0,68739022,,1,CJA,CARR. A CHAPALA #4070,LAS PINTAS DE ABAJO,TLAQUEPAQUE,JAL,45593,Cobro Regreso,"TLAQUEPAQUE, JAL.","CARR. A CHAPALA #4070, LAS PINTAS DE ABAJO, 45593, TLAQUEPAQUE, JAL",,"CARRETERA A CHAPALA 4070A   PASEOS LAGO_x000D__x000D_SAN PEDRO TLAQUEPAQUE,45619, JAL_x000D_MX",332 333 7070,KIN200327GR4
244097,20260910400140BET0000497356210,194619.0,1,2026-09-21 00:00:00,2026-09-21 00:00:00,C04620,HOSPITAL DE TRAUMATOLOGIA Y ESPECIALIDADES MEDICAS POLANCO,HOSPITAL DE ESPECIALIDADES MEDICAS POLANCO,5839.5,0,934.32,6773.82,0.0,4016-L04,,5,CJA,CARRETERA FEDERAL MEXICO CUAUTLA 1 LT.16 900,LAS PALMAS TERCERA ETAPA,IXTAPALUCA,MEX,56535,Cobro Destino,"IXTAPALUCA, MEX.","CARRETERA FEDERAL MEXICO CUAUTLA 1 LT.16 900, LAS PALMAS TERCERA ETAPA, 56535, IXTAPALUCA, MEX",,"CARRETERA FEDERAL MEXICO CUAUTLA 900 MZ 1 LT.16   LAS PALMAS TERCERA ETAPA_x000D__x000D_IXTAPALUCA,56535, MEX_x000D_MX",595 954 5401 -3,HTE070727CQ5
244097,20260910400140BET0000497356210,194619.0,1,2026-09-21 00:00:00,2026-09-21 00:00:00,C04620,HOSPITAL DE TRAUMATOLOGIA Y ESPECIALIDADES MEDICAS POLANCO,HOSPITAL DE ESPECIALIDADES MEDICAS POLANCO,6434.5,0,1029.52,7464.02,0.0,4016-L07,ELEMENTS EVOLUTION B,5,CJA,CARRETERA FEDERAL MEXICO CUAUTLA 1 LT.16 900,LAS PALMAS TERCERA ETAPA,IXTAPALUCA,MEX,56535,Cobro Destino,"IXTAPALUCA, MEX.","CARRETERA FEDERAL MEXICO CUAUTLA 1 LT.16 900, LAS PALMAS TERCERA ETAPA, 56535, IXTAPALUCA, MEX",,"CARRETERA FEDERAL MEXICO CUAUTLA 900 MZ 1 LT.16   LAS PALMAS TERCERA ETAPA_x000D__x000D_IXTAPALUCA,56535, MEX_x000D_MX",595 954 5401 -3,HTE070727CQ5
244098,MBAN01002609210079483131,194620.0,1,2026-09-21 00:00:00,2026-09-21 00:00:00,C09095,OPERADORA Y COMERCIALIZADORA DE HOTELES GRL,CASA HAUS HOTEL,1192.5,0,190.8,1383.3,0.0,4018-L14,,1,CJA,AV. 3 PTE 524,CENTRO,PUEBLA,PUE,72000,Cobro Destino,"PUEBLA, PUE.","AV. 3 PTE 524, CENTRO, 72000, PUEBLA, PUE",,"CALLE JARDINERA 14   BARRIO LA SANTISIMA_x000D__x000D_TEPOZTLAN,62520, MOR_x000D_MX",2214308098,OCH170421M88
244098,MBAN01002609210079483131,194620.0,1,2026-09-21 00:00:00,2026-09-21 00:00:00,C09095,OPERADORA Y COMERCIALIZADORA DE HOTELES GRL,CASA HAUS HOTEL,1193.5,0,190.96,1384.46,0.0,4018-J06,,1,CJA,AV. 3 PTE 524,CENTRO,PUEBLA,PUE,72000,Cobro Destino,"PUEBLA, PUE.","AV. 3 PTE 524, CENTRO, 72000, PUEBLA, PUE",,"CALLE JARDINERA 14   BARRIO LA SANTISIMA_x000D__x000D_TEPOZTLAN,62520, MOR_x000D_MX",2214308098,OCH170421M88
244099,4700247862,194497.0,1,2026-09-21 00:00:00,2026-11-05 00:00:00,C06394,FIDEICOMISO IRREVOCABLE DB/1616,COURTYARD CHIHUAHUA(CUUCY) A0096789,1574.66,0,251.95,1826.61,0.0,C06601-L09,,2,CJA,VIA LOMBARDIA 5702,DESARROLLO SAUCITO,CHIHUAHUA,CHI,31110,Cobro Regreso,"CHIHUAHUA, CHI.","VIA LOMBARDIA 5702, DESARROLLO SAUCITO, 31110, CHIHUAHUA, CHI",,"AV. FUNDADORES Exterior: 1000 INT: PISO 7   VALLE DEL MIRADOR_x000D__x000D_MONTERREY,64750, NL_x000D_MX",614 311 0200,DBM121023M10
244099,4700247862,194497.0,1,2026-09-21 00:00:00,2026-11-05 00:00:00,C06394,FIDEICOMISO IRREVOCABLE DB/1616,COURTYARD CHIHUAHUA(CUUCY) A0096789,4723.98,0,755.84,5479.82,0.0,C06601-L10,,6,CJA,VIA LOMBARDIA 5702,DESARROLLO SAUCITO,CHIHUAHUA,CHI,31110,Cobro Regreso,"CHIHUAHUA, CHI.","VIA LOMBARDIA 5702, DESARROLLO SAUCITO, 31110, CHIHUAHUA, CHI",,"AV. FUNDADORES Exterior: 1000 INT: PISO 7   VALLE DEL MIRADOR_x000D__x000D_MONTERREY,64750, NL_x000D_MX",614 311 0200,DBM121023M10
244099,4700247862,194497.0,1,2026-09-21 00:00:00,2026-11-05 00:00:00,C06394,FIDEICOMISO IRREVOCABLE DB/1616,COURTYARD CHIHUAHUA(CUUCY) A0096789,3149.32,0,503.89,3653.21,0.0,C06601-L08,,4,CJA,VIA LOMBARDIA 5702,DESARROLLO SAUCITO,CHIHUAHUA,CHI,31110,Cobro Regreso,"CHIHUAHUA, CHI.","VIA LOMBARDIA 5702, DESARROLLO SAUCITO, 31110, CHIHUAHUA, CHI",,"AV. FUNDADORES Exterior: 1000 INT: PISO 7   VALLE DEL MIRADOR_x000D__x000D_MONTERREY,64750, NL_x000D_MX",614 311 0200,DBM121023M10
244099,4700247862,194497.0,1,2026-09-21 00:00:00,2026-11-05 00:00:00,C06394,FIDEICOMISO IRREVOCABLE DB/1616,COURTYARD CHIHUAHUA(CUUCY) A0096789,3187.76,0,510.04,3697.8,0.0,C06601-L11,,4,CJA,VIA LOMBARDIA 5702,DESARROLLO SAUCITO,CHIHUAHUA,CHI,31110,Cobro Regreso,"CHIHUAHUA, CHI.","VIA LOMBARDIA 5702, DESARROLLO SAUCITO, 31110, CHIHUAHUA, CHI",,"AV. FUNDADORES Exterior: 1000 INT: PISO 7   VALLE DEL MIRADOR_x000D__x000D_MONTERREY,64750, NL_x000D_MX",614 311 0200,DBM121023M10
244099,4700247862,194497.0,1,2026-09-21 00:00:00,2026-11-05 00:00:00,C06394,FIDEICOMISO IRREVOCABLE DB/1616,COURTYARD CHIHUAHUA(CUUCY) A0096789,2682.0,0,429.12,3111.12,0.0,C06601-J04,,3,CJA,VIA LOMBARDIA 5702,DESARROLLO SAUCITO,CHIHUAHUA,CHI,31110,Cobro Regreso,"CHIHUAHUA, CHI.","VIA LOMBARDIA 5702, DESARROLLO SAUCITO, 31110, CHIHUAHUA, CHI",,"AV. FUNDADORES Exterior: 1000 INT: PISO 7   VALLE DEL MIRADOR_x000D__x000D_MONTERREY,64750, NL_x000D_MX",614 311 0200,DBM121023M10
244099,4700247862,194497.0,1,2026-09-21 00:00:00,2026-11-05 00:00:00,C06394,FIDEICOMISO IRREVOCABLE DB/1616,COURTYARD CHIHUAHUA(CUUCY) A0096789,950.0,0,152.0,1102.0,0.0,4032-L01,BRISS MOUTHWASH 1.0,1,CJA,VIA LOMBARDIA 5702,DESARROLLO SAUCITO,CHIHUAHUA,CHI,31110,Cobro Regreso,"CHIHUAHUA, CHI.","VIA LOMBARDIA 5702, DESARROLLO SAUCITO, 31110, CHIHUAHUA, CHI",,"AV. FUNDADORES Exterior: 1000 INT: PISO 7   VALLE DEL MIRADOR_x000D__x000D_MONTERREY,64750, NL_x000D_MX",614 311 0200,DBM121023M10
244100,CABAÑAS LUPITA,194621.0,1,2026-09-21 00:00:00,2026-09-21 00:00:00,C08711,CABAÑAS LUPITA,CABAÑAS LUPITA,4559.95,0,729.59,5289.54,0.0,4016-J07,,5,CJA,PROLONGACION GALENA 210,FRACCIONAMINETO LOMAS VERDES,MAZAMITLA,JAL,49500,Cobro Destino,"MAZAMITLA, JAL.","PROLONGACION GALENA 210, FRACCIONAMINETO LOMAS VERDES, 49500, MAZAMITLA, JAL",,"GALEANA 210   CENTRO_x000D__x000D_MAZAMITLA,49500, JAL_x000D_MX",331 092 6427,CLU201211HK6
244100,CABAÑAS LUPITA,194621.0,1,2026-09-21 00:00:00,2026-09-21 00:00:00,C08711,CABAÑAS LUPITA,CABAÑAS LUPITA,1167.9,0,186.86,1354.76,0.0,4016-L04,,1,CJA,PROLONGACION GALENA 210,FRACCIONAMINETO LOMAS VERDES,MAZAMITLA,JAL,49500,Cobro Destino,"MAZAMITLA, JAL.","PROLONGACION GALENA 210, FRACCIONAMINETO LOMAS VERDES, 49500, MAZAMITLA, JAL",,"GALEANA 210   CENTRO_x000D__x000D_MAZAMITLA,49500, JAL_x000D_MX",331 092 6427,CLU201211HK6
244100,CABAÑAS LUPITA,194621.0,1,2026-09-21 00:00:00,2026-09-21 00:00:00,C08711,CABAÑAS LUPITA,CABAÑAS LUPITA,2335.8,0,373.73,2709.53,0.0,4016-L05,,2,CJA,PROLONGACION GALENA 210,FRACCIONAMINETO LOMAS VERDES,MAZAMITLA,JAL,49500,Cobro Destino,"MAZAMITLA, JAL.","PROLONGACION GALENA 210, FRACCIONAMINETO LOMAS VERDES, 49500, MAZAMITLA, JAL",,"GALEANA 210   CENTRO_x000D__x000D_MAZAMITLA,49500, JAL_x000D_MX",331 092 6427,CLU201211HK6
244100,CABAÑAS LUPITA,194621.0,1,2026-09-21 00:00:00,2026-09-21 00:00:00,C08711,CABAÑAS LUPITA,CABAÑAS LUPITA,2573.8,0,411.81,2985.61,0.0,4016-L07,ELEMENTS EVOLUTION B,2,CJA,PROLONGACION GALENA 210,FRACCIONAMINETO LOMAS VERDES,MAZAMITLA,JAL,49500,Cobro Destino,"MAZAMITLA, JAL.","PROLONGACION GALENA 210, FRACCIONAMINETO LOMAS VERDES, 49500, MAZAMITLA, JAL",,"GALEANA 210   CENTRO_x000D__x000D_MAZAMITLA,49500, JAL_x000D_MX",331 092 6427,CLU201211HK6
244101,5391,194172.0,1,2026-09-21 00:00:00,2026-10-21 00:00:00,C05951,OPERADORA DE HOTELES TECNOLOGICO,HOLIDAY INN EXPRESS TECNOLOGICO MONTERREY (MILENIUM) (MTYEG),1740.33,0,278.45,2018.78,0.0,69706958,,3,CJA,AV EUGENIO GARZA SADA 3680,VILLA LOS PINOS,MONTERREY,NL,64770,Cobro Regreso,"MONTERREY, NL.","AV EUGENIO GARZA SADA 3680, VILLA LOS PINOS, 64770, MONTERREY, NL",,"AVENIDA EUGENIO GARZA SADA 3680   VILLA LOS PINOS_x000D__x000D_MONTERREY,64770, NL_x000D_MX",81 8329 6026,OHT071009BD4
244101,5391,194172.0,1,2026-09-21 00:00:00,2026-10-21 00:00:00,C05951,OPERADORA DE HOTELES TECNOLOGICO,HOLIDAY INN EXPRESS TECNOLOGICO MONTERREY (MILENIUM) (MTYEG),4839.12,0,774.26,5613.38,0.0,68739022,,8,CJA,AV EUGENIO GARZA SADA 3680,VILLA LOS PINOS,MONTERREY,NL,64770,Cobro Regreso,"MONTERREY, NL.","AV EUGENIO GARZA SADA 3680, VILLA LOS PINOS, 64770, MONTERREY, NL",,"AVENIDA EUGENIO GARZA SADA 3680   VILLA LOS PINOS_x000D__x000D_MONTERREY,64770, NL_x000D_MX",81 8329 6026,OHT071009BD4
244102,4331,194405.0,1,2026-09-21 00:00:00,2026-10-21 00:00:00,C05844,OPERADORA DE HOTELES GALERIAS,HOLIDAY INN EXPRESS SAN JERONIMO(MILENIUM) (MTYSJ),1245.84,0,199.33,1445.17,0.0,68758340,,2,CJA,AV. SAN JERONIMO 1082,SAN JERONIMO,MONTERREY,NL,64640,Cobro Regreso,"MONTERREY, NL.","AV. SAN JERONIMO 1082, SAN JERONIMO, 64640, MONTERREY, NL",,"AVENIDA SAN JERONIMO 1082   SAN JERONIMO_x000D__x000D_MONTERREY,64640, NL_x000D_MX",818 389 6000,OHG071009K27
244102,4331,194405.0,1,2026-09-21 00:00:00,2026-10-21 00:00:00,C05844,OPERADORA DE HOTELES GALERIAS,HOLIDAY INN EXPRESS SAN JERONIMO(MILENIUM) (MTYSJ),4839.12,0,774.26,5613.38,0.0,68739022,,8,CJA,AV. SAN JERONIMO 1082,SAN JERONIMO,MONTERREY,NL,64640,Cobro Regreso,"MONTERREY, NL.","AV. SAN JERONIMO 1082, SAN JERONIMO, 64640, MONTERREY, NL",,"AVENIDA SAN JERONIMO 1082   SAN JERONIMO_x000D__x000D_MONTERREY,64640, NL_x000D_MX",818 389 6000,OHG071009K27
244102,4331,194405.0,1,2026-09-21 00:00:00,2026-10-21 00:00:00,C05844,OPERADORA DE HOTELES GALERIAS,HOLIDAY INN EXPRESS SAN JERONIMO(MILENIUM) (MTYSJ),1160.22,0,185.64,1345.86,0.0,69706958,,2,CJA,AV. SAN JERONIMO 1082,SAN JERONIMO,MONTERREY,NL,64640,Cobro Regreso,"MONTERREY, NL.","AV. SAN JERONIMO 1082, SAN JERONIMO, 64640, MONTERREY, NL",,"AVENIDA SAN JERONIMO 1082   SAN JERONIMO_x000D__x000D_MONTERREY,64640, NL_x000D_MX",818 389 6000,OHG071009K27
244103,COTIZACION JYPESA 939306,194622.0,1,2026-09-21 00:00:00,2026-09-21 00:00:00,CG0029,HOTEL HACIENDA DEL ROBLE,HOTEL HACIENDA DEL ROBLE,5471.94,0,875.51,6347.45,0.0,4016-J07,,6,CJA,CALLE 5 DE MAYO #540,ZONA CENTRO,AGUASCALIENTES,AGS,20000,One Paqueteria C.Destino,"AGUASCALIENTES, AGS.","CALLE 5 DE MAYO #540, ZONA CENTRO, 20000, AGUASCALIENTES, AGS",,"CALLE 5 DE MAYO #540   ZONA CENTRO_x000D__x000D_AGUASCALIENTES,20000, AGS_x000D_MX",449 915 3994,HHR060808T56
244104,,193774.0,1,2026-09-21 00:00:00,2026-10-21 00:00:00,C02322,CORPORATIVO DE SERVICIOS TURISTICOS XOCHITEPEC,FIESTA AMERICANA CUERNAVACA  (FAHP),11787.67,0,1886.03,13673.62,685.84,JHRB-1028,,4,PZA,REFORMA  # 2 FRACC. REAL DEL PUENTE,FRACC. REAL DEL PUENTE,XOCHITEPEC,MOR,62790,Guadalajara Mérida C.Regreso,"XOCHITEPEC, MOR.","REFORMA  # 2 FRACC. REAL DEL PUENTE, FRACC. REAL DEL PUENTE, 62790, XOCHITEPEC, MOR",,"REFORMA 2   REAL DEL PUENTE_x000D__x000D_XOCHITEPEC,62790, MOR_x000D_MX",(777)3620770,CST110810GX0
244105,PO5426920,194623.0,1,2026-09-21 00:00:00,2026-10-21 00:00:00,C05359,FIDEICOMISO F/1596,FIESTA AMERICANA HERMOSILLO (FAHE),1509.98,0,241.6,1751.58,0.0,4029-A90,,2,CJA,BOULEVARD FRANCISCO EUSEBIO KINO  369,LOMAS PITIC,HERMOSILLO,SON,83010,Cobro Regreso,"HERMOSILLO, SON.","BOULEVARD FRANCISCO EUSEBIO KINO  369, LOMAS PITIC, 83010, HERMOSILLO, SON",,"AV SANTA FE 481 PISO 7   SANTA FE CUAJIMALPA_x000D__x000D_CUAJIMALPA DE MORELOS,05348, CMX_x000D_MX",(662)259 60 00/92,FFX121005C6A
244106,Holiday Inn la piedad,194626.0,1,2026-09-21 00:00:00,2026-10-06 00:00:00,C00456,HOTELERA BAJO LERMA,HOLIDAY INN LA PIEDAD (LPDEX),2320.44,0,371.27,2691.71,0.0,69706958,,4,CJA,KM.2.5 CARRETERA LA PIEDAD,MARGARITAS,LA PIEDAD,MCH,59300,Cobro Destino,"LA PIEDAD, MCH.","KM.2.5 CARRETERA LA PIEDAD, MARGARITAS, 59300, LA PIEDAD, MCH",,"CARRETERA LA PIEDAD GUADALAJARA KM 2.5  SIN NUMERO   MARGARITA_x000D__x000D_LA PIEDAD,59300, MCH_x000D_MX",352 526 3017,HBL920330BGA
244106,Holiday Inn la piedad,194626.0,1,2026-09-21 00:00:00,2026-10-06 00:00:00,C00456,HOTELERA BAJO LERMA,HOLIDAY INN LA PIEDAD (LPDEX),1245.84,0,199.33,1445.17,0.0,68758340,,2,CJA,KM.2.5 CARRETERA LA PIEDAD,MARGARITAS,LA PIEDAD,MCH,59300,Cobro Destino,"LA PIEDAD, MCH.","KM.2.5 CARRETERA LA PIEDAD, MARGARITAS, 59300, LA PIEDAD, MCH",,"CARRETERA LA PIEDAD GUADALAJARA KM 2.5  SIN NUMERO   MARGARITA_x000D__x000D_LA PIEDAD,59300, MCH_x000D_MX",352 526 3017,HBL920330BGA
244106,Holiday Inn la piedad,194626.0,1,2026-09-21 00:00:00,2026-10-06 00:00:00,C00456,HOTELERA BAJO LERMA,HOLIDAY INN LA PIEDAD (LPDEX),2419.56,0,387.13,2806.69,0.0,68739022,,4,CJA,KM.2.5 CARRETERA LA PIEDAD,MARGARITAS,LA PIEDAD,MCH,59300,Cobro Destino,"LA PIEDAD, MCH.","KM.2.5 CARRETERA LA PIEDAD, MARGARITAS, 59300, LA PIEDAD, MCH",,"CARRETERA LA PIEDAD GUADALAJARA KM 2.5  SIN NUMERO   MARGARITA_x000D__x000D_LA PIEDAD,59300, MCH_x000D_MX",352 526 3017,HBL920330BGA
244106,Holiday Inn la piedad,194626.0,1,2026-09-21 00:00:00,2026-10-06 00:00:00,C00456,HOTELERA BAJO LERMA,HOLIDAY INN LA PIEDAD (LPDEX),2215.0,0,354.4,2569.4,0.0,4029-A05,MISCELANEOS,1,CJA,KM.2.5 CARRETERA LA PIEDAD,MARGARITAS,LA PIEDAD,MCH,59300,Cobro Destino,"LA PIEDAD, MCH.","KM.2.5 CARRETERA LA PIEDAD, MARGARITAS, 59300, LA PIEDAD, MCH",,"CARRETERA LA PIEDAD GUADALAJARA KM 2.5  SIN NUMERO   MARGARITA_x000D__x000D_LA PIEDAD,59300, MCH_x000D_MX",352 526 3017,HBL920330BGA
244107,4503142050,194627.0,1,2026-09-21 00:00:00,2026-10-21 00:00:00,C07991,ISLA BONITA INMOBILIARIA,COURTYARD MARRIOTT MERIDA A0165799,2361.99,0,377.92,2739.91,0.0,C06601-L09,,3,CJA,CALLE 33 A 504,CENTRO,MERIDA,YUC,97000,Cobro Regreso,"MERIDA, YUC.","CALLE 33 A 504, CENTRO, 97000, MERIDA, YUC",,"CALLE 33-A No. 504   CENTRO_x000D__x000D_MERIDA,97000, YUC_x000D_MX",999 954 3000,IBI1211056L6
244107,4503142050,194627.0,1,2026-09-21 00:00:00,2026-10-21 00:00:00,C07991,ISLA BONITA INMOBILIARIA,COURTYARD MARRIOTT MERIDA A0165799,2389.47,0,382.32,2771.79,0.0,C06601-L11,,3,CJA,CALLE 33 A 504,CENTRO,MERIDA,YUC,97000,Cobro Regreso,"MERIDA, YUC.","CALLE 33 A 504, CENTRO, 97000, MERIDA, YUC",,"CALLE 33-A No. 504   CENTRO_x000D__x000D_MERIDA,97000, YUC_x000D_MX",999 954 3000,IBI1211056L6
244107,4503142050,194627.0,1,2026-09-21 00:00:00,2026-10-21 00:00:00,C07991,ISLA BONITA INMOBILIARIA,COURTYARD MARRIOTT MERIDA A0165799,4723.98,0,755.84,5479.82,0.0,C06601-L10,,6,CJA,CALLE 33 A 504,CENTRO,MERIDA,YUC,97000,Cobro Regreso,"MERIDA, YUC.","CALLE 33 A 504, CENTRO, 97000, MERIDA, YUC",,"CALLE 33-A No. 504   CENTRO_x000D__x000D_MERIDA,97000, YUC_x000D_MX",999 954 3000,IBI1211056L6
244107,4503142050,194627.0,1,2026-09-21 00:00:00,2026-10-21 00:00:00,C07991,ISLA BONITA INMOBILIARIA,COURTYARD MARRIOTT MERIDA A0165799,1788.0,0,286.08,2074.08,0.0,C06601-J04,,2,CJA,CALLE 33 A 504,CENTRO,MERIDA,YUC,97000,Cobro Regreso,"MERIDA, YUC.","CALLE 33 A 504, CENTRO, 97000, MERIDA, YUC",,"CALLE 33-A No. 504   CENTRO_x000D__x000D_MERIDA,97000, YUC_x000D_MX",999 954 3000,IBI1211056L6
244107,4503142050,194627.0,1,2026-09-21 00:00:00,2026-10-21 00:00:00,C07991,ISLA BONITA INMOBILIARIA,COURTYARD MARRIOTT MERIDA A0165799,4723.98,0,755.83,5479.82,0.0,C06601-L08,,6,CJA,CALLE 33 A 504,CENTRO,MERIDA,YUC,97000,Cobro Regreso,"MERIDA, YUC.","CALLE 33 A 504, CENTRO, 97000, MERIDA, YUC",,"CALLE 33-A No. 504   CENTRO_x000D__x000D_MERIDA,97000, YUC_x000D_MX",999 954 3000,IBI1211056L6
244108,"PO-MXA-122416  // Refacturación Factura 240435 01/07/2026, por fecha.",191526.0,1,2026-09-21 00:00:00,2026-09-29 00:00:00,C08489,DECAMERON,DECAMERON LOS COCOS,9810.0,0,1569.6,11379.6,0.0,4016-J08,,15,CJA,RETORNO LAS PALMAS S/N,SOL NUEVO,RINCON DE GUAYABITOS,NAY,63727,Solo Factura,"RINCON DE GUAYABITOS, NAY.","RETORNO LAS PALMAS S/N, SOL NUEVO, 63727, RINCON DE GUAYABITOS, NAY",,"CALLE LAZARO CARDENAS #150   DORADA_x000D__x000D_BAHIA DE BANDERAS,63732, NAY_x000D_MX",329 298 0226 EXT 530,DEC9606203K9
244108,"PO-MXA-122416  // Refacturación Factura 240435 01/07/2026, por fecha.",191526.0,1,2026-09-21 00:00:00,2026-09-29 00:00:00,C08489,DECAMERON,DECAMERON LOS COCOS,7812.0,0,1249.92,9061.92,0.0,4016-L04,,10,CJA,RETORNO LAS PALMAS S/N,SOL NUEVO,RINCON DE GUAYABITOS,NAY,63727,Solo Factura,"RINCON DE GUAYABITOS, NAY.","RETORNO LAS PALMAS S/N, SOL NUEVO, 63727, RINCON DE GUAYABITOS, NAY",,"CALLE LAZARO CARDENAS #150   DORADA_x000D__x000D_BAHIA DE BANDERAS,63732, NAY_x000D_MX",329 298 0226 EXT 530,DEC9606203K9
244108,"PO-MXA-122416  // Refacturación Factura 240435 01/07/2026, por fecha.",191526.0,1,2026-09-21 00:00:00,2026-09-29 00:00:00,C08489,DECAMERON,DECAMERON LOS COCOS,7812.0,0,1249.92,9061.92,0.0,4016-L08,ELEMENTS EVOLUTION S,10,CJA,RETORNO LAS PALMAS S/N,SOL NUEVO,RINCON DE GUAYABITOS,NAY,63727,Solo Factura,"RINCON DE GUAYABITOS, NAY.","RETORNO LAS PALMAS S/N, SOL NUEVO, 63727, RINCON DE GUAYABITOS, NAY",,"CALLE LAZARO CARDENAS #150   DORADA_x000D__x000D_BAHIA DE BANDERAS,63732, NAY_x000D_MX",329 298 0226 EXT 530,DEC9606203K9
244109,OC14492/1,191067.0,1,2026-09-22 00:00:00,2026-11-21 00:00:00,C09421,GRUPO AGC INTERNACIONAL,GRUPO AGC,134400.0,0,21504.0,155904.0,0.0,C09421-L01,,1120,CJA,AV. 18 DE MARZO 704 BODEGA ALCE,LA NOGALERA,GUADALAJARA,JAL,44470,Transporte LOCAL,"GUADALAJARA, JAL.","AV. 18 DE MARZO 704 BODEGA ALCE, LA NOGALERA, 44470, GUADALAJARA, JAL",,"AV LAZARO CARDENAS 2825   ALAMO INDUSTRIAL_x000D__x000D_SAN PEDRO TLAQUEPAQUE,45593, JAL_x000D_MX",33 31 22 78 26,GAI220912B38
244110,HRCPC260050954,194602.0,3,2026-09-22 00:00:00,2026-10-22 00:00:00,C06727,PROMOTORA RANCHO SAN MIGUEL,HAVEN RESORTS,1638.0,0,262.08,1900.08,0.0,4018-A28,,4,CJA,CARRETERA FEDERAL 307 CHETUMAL PTO JUAREZ  KM 355,ZONA FEDERAL,BENITO JUAREZ,QR,77569,CEDIS Cancún,"BENITO JUAREZ, QR.","CARRETERA FEDERAL 307 CHETUMAL PTO JUAREZ  KM 355, ZONA FEDERAL, 77569, BENITO JUAREZ, QR",,"SUPERMANZANA 41 MANZANA 01 LOTE 1-01_x000D__x000D_CANCUN,77569, QR_x000D_MX",01(998)8899600,PRS050126FW2
244111,AI-07788,194629.0,3,2026-09-22 00:00:00,2026-10-07 00:00:00,C07222,IMPULSORA PLAZA JUAREZ,CITY JUNIOR CANCUN (CJCUN),1288.56,0,206.17,1494.73,0.0,4051-J03,,2,CJA,AV. TULUM MZ 1 LT 3-01 S/N SM 8,CENTRO,CANCUN,QR,77500,CEDIS Cancún,"CANCUN, QR.","AV. TULUM MZ 1 LT 3-01 S/N SM 8, CENTRO, 77500, CANCUN, QR",,"JUAN SALVADOR AGRAZ 69 PISO 12   SANTA FE CUAJIMALPA_x000D__x000D_CUAJIMALPA DE MORELOS,05348, CMX_x000D_MX",01 998 193 3890,IPJ030829QDA
244111,AI-07788,194629.0,3,2026-09-22 00:00:00,2026-10-07 00:00:00,C07222,IMPULSORA PLAZA JUAREZ,CITY JUNIOR CANCUN (CJCUN),1244.88,0,199.18,1444.06,0.0,4051-J04,,3,CJA,AV. TULUM MZ 1 LT 3-01 S/N SM 8,CENTRO,CANCUN,QR,77500,CEDIS Cancún,"CANCUN, QR.","AV. TULUM MZ 1 LT 3-01 S/N SM 8, CENTRO, 77500, CANCUN, QR",,"JUAN SALVADOR AGRAZ 69 PISO 12   SANTA FE CUAJIMALPA_x000D__x000D_CUAJIMALPA DE MORELOS,05348, CMX_x000D_MX",01 998 193 3890,IPJ030829QDA
244111,AI-07788,194629.0,3,2026-09-22 00:00:00,2026-10-07 00:00:00,C07222,IMPULSORA PLAZA JUAREZ,CITY JUNIOR CANCUN (CJCUN),3017.19,0,482.75,3499.94,0.0,4051-L10,,3,CJA,AV. TULUM MZ 1 LT 3-01 S/N SM 8,CENTRO,CANCUN,QR,77500,CEDIS Cancún,"CANCUN, QR.","AV. TULUM MZ 1 LT 3-01 S/N SM 8, CENTRO, 77500, CANCUN, QR",,"JUAN SALVADOR AGRAZ 69 PISO 12   SANTA FE CUAJIMALPA_x000D__x000D_CUAJIMALPA DE MORELOS,05348, CMX_x000D_MX",01 998 193 3890,IPJ030829QDA
244112,8994762917,194631.0,1,2026-09-22 00:00:00,2026-09-22 00:00:00,C03473,LAURA RAMIREZ NAVA,HOTEL IMPERIAL SAN MARTIN TEXMELUCAN,4774.0,0,763.84,5537.84,0.0,4018-J06,,4,CJA,MUJICA Y OSORIO No. 3,CENTRO,SAN MARTIN TEXMELUCAN,PUE,74000,Cobro Destino,"SAN MARTIN TEXMELUCAN, PUE.","MUJICA Y OSORIO No. 3, CENTRO, 74000, SAN MARTIN TEXMELUCAN, PUE",,"CALLE MUJICA Y OSORIO 1   CENTRO_x000D__x000D_SANMARTIN TEXMELUCAN DE LA BASTIDA,74000, PUE_x000D_MX",24 84 84 80 90,RANL7303061Q0
244129,OCURRE OFICINA TAPACHULA CHIAPAS,194653.0,1,2026-09-22 00:00:00,2026-09-22 00:00:00,CLIESP,VENTAS DE MOSTRADOR,VENTAS DE MOSTRADOR,38317.2,0,6130.75,44447.95,0.0,4029-A97,,40,CJA,PRIVADA DEL GALLO 1525,LA AURORA,GUADALAJARA,JAL,44460,Tres Guerras Ocurre Oficina,"GUADALAJARA, JAL.","PRIVADA DEL GALLO 1525, LA AURORA, 44460, GUADALAJARA, JAL",,"PRIVADA DEL GALLO 1525   LA AURORA_x000D__x000D_GUADALAJARA,44460, JAL_x000D_MX",38115800,XAXX010101000
244114,,194633.0,1,2026-09-22 00:00:00,2026-10-07 00:00:00,C08691,DIAMANTE COMERCIALIZADORA DEL PACIFICO,BEST WESTERN GUADALAJARA,5664.32,3,906.29,6570.61,0.0,4016-L04,,5,CJA,GRECIA 167,CENTRO,GUADALAJARA,JAL,44100,Transporte LOCAL,"GUADALAJARA, JAL.","GRECIA 167, CENTRO, 44100, GUADALAJARA, JAL",,"CAÑADA DEL TIGRE 7 INT 11   ARBOLADA BOSQUES DE SANTA ANITA_x000D__x000D_TLAJOMULCO DE ZUÑIGA,45645, JAL_x000D_MX",333 577 8563,DCP221122SW7
244114,,194633.0,1,2026-09-22 00:00:00,2026-10-07 00:00:00,C08691,DIAMANTE COMERCIALIZADORA DEL PACIFICO,BEST WESTERN GUADALAJARA,5679.84,3,908.78,6588.61,0.0,4016-J08,,7,CJA,GRECIA 167,CENTRO,GUADALAJARA,JAL,44100,Transporte LOCAL,"GUADALAJARA, JAL.","GRECIA 167, CENTRO, 44100, GUADALAJARA, JAL",,"CAÑADA DEL TIGRE 7 INT 11   ARBOLADA BOSQUES DE SANTA ANITA_x000D__x000D_TLAJOMULCO DE ZUÑIGA,45645, JAL_x000D_MX",333 577 8563,DCP221122SW7
244115,221208 maritza,194635.0,1,2026-09-22 00:00:00,2026-09-22 00:00:00,C03624,REBECA PERAZA GONZALEZ,HOTEL Y TU,1985.0,0,317.6,2302.6,0.0,4043-J07,,2,CJA,LECHUGA #2866,RINCONADA DEL BOSQUE,GUADALAJARA,JAL,44540,Transporte LOCAL,"GUADALAJARA, JAL.","LECHUGA #2866, RINCONADA DEL BOSQUE, 44540, GUADALAJARA, JAL",,"LECHUGA 2866   RINCON DEL BOSQUE_x000D__x000D_Guadalajara,44530, JAL_x000D_MX",334 444 2328,PEGR8007041N3
244116,,194642.0,11,2026-09-22 00:00:00,2026-10-22 00:00:00,C04152,SERVICIOS TURISTICOS DE SALTILLO,DUAL HOMEWOOD SUITES & TRU BY HILTON,3416.45,0,546.63,3963.08,0.0,4011-J08,,5,CJA,BLVD. CARRANZA 4100,VIRREYES RESIDENCIAL,SALTILLO,COA,25230,CEDIS Monterrey  (Solo Factura),"SALTILLO, COA.","BLVD. CARRANZA 4100, VIRREYES RESIDENCIAL, 25230, SALTILLO, COA",,"V CARRANZA 4100   VIRREYES RESIDENCIAL_x000D__x000D_SALTILLO,25230, COA_x000D_MX",844 438 8888,STS850506BW2
244116,,194642.0,11,2026-09-22 00:00:00,2026-10-22 00:00:00,C04152,SERVICIOS TURISTICOS DE SALTILLO,DUAL HOMEWOOD SUITES & TRU BY HILTON,2913.75,0,466.2,3379.95,0.0,4011-J07,,5,CJA,BLVD. CARRANZA 4100,VIRREYES RESIDENCIAL,SALTILLO,COA,25230,CEDIS Monterrey  (Solo Factura),"SALTILLO, COA.","BLVD. CARRANZA 4100, VIRREYES RESIDENCIAL, 25230, SALTILLO, COA",,"V CARRANZA 4100   VIRREYES RESIDENCIAL_x000D__x000D_SALTILLO,25230, COA_x000D_MX",844 438 8888,STS850506BW2
244116,,194642.0,11,2026-09-22 00:00:00,2026-10-22 00:00:00,C04152,SERVICIOS TURISTICOS DE SALTILLO,DUAL HOMEWOOD SUITES & TRU BY HILTON,7665.0,0,1226.4,8891.4,0.0,4011-L30,,5,CJA,BLVD. CARRANZA 4100,VIRREYES RESIDENCIAL,SALTILLO,COA,25230,CEDIS Monterrey  (Solo Factura),"SALTILLO, COA.","BLVD. CARRANZA 4100, VIRREYES RESIDENCIAL, 25230, SALTILLO, COA",,"V CARRANZA 4100   VIRREYES RESIDENCIAL_x000D__x000D_SALTILLO,25230, COA_x000D_MX",844 438 8888,STS850506BW2
244116,,194642.0,11,2026-09-22 00:00:00,2026-10-22 00:00:00,C04152,SERVICIOS TURISTICOS DE SALTILLO,DUAL HOMEWOOD SUITES & TRU BY HILTON,7665.0,0,1226.4,8891.4,0.0,4011-L28,,5,CJA,BLVD. CARRANZA 4100,VIRREYES RESIDENCIAL,SALTILLO,COA,25230,CEDIS Monterrey  (Solo Factura),"SALTILLO, COA.","BLVD. CARRANZA 4100, VIRREYES RESIDENCIAL, 25230, SALTILLO, COA",,"V CARRANZA 4100   VIRREYES RESIDENCIAL_x000D__x000D_SALTILLO,25230, COA_x000D_MX",844 438 8888,STS850506BW2
244117,4503138357,194636.0,1,2026-09-22 00:00:00,2026-10-22 00:00:00,C04913,INMOBILIARIA HOTELERA EL PRESIDENTE SAN JOSE DEL CABO,PRESIDENTE INTERCONTINENTAL COZUMEL,1650.35,0,264.06,1914.37,95.7,4029-A39,,3,CJA,CARRETERA A CHANKANAB KM. 6.5,ZONA HOTELERA SUR COZUMEL,COZUMEL,QR,77600,Cobro Regreso,"COZUMEL, QR.","CARRETERA A CHANKANAB KM. 6.5, ZONA HOTELERA SUR COZUMEL, 77600, COZUMEL, QR",,"AVENIDA EJERCITO NACIONAL MEXICANO 769 INT TORRE B PISO 8   GRANADA_x000D__x000D_MIGUEL HIDALGO,11520, CMX_x000D_MX",987 872 9500 EXT 623,IHP810701G7A
244117,4503138357,194636.0,1,2026-09-22 00:00:00,2026-10-22 00:00:00,C04913,INMOBILIARIA HOTELERA EL PRESIDENTE SAN JOSE DEL CABO,PRESIDENTE INTERCONTINENTAL COZUMEL,1711.39,0,273.82,1985.24,99.24,4029-A45,,6,CJA,CARRETERA A CHANKANAB KM. 6.5,ZONA HOTELERA SUR COZUMEL,COZUMEL,QR,77600,Cobro Regreso,"COZUMEL, QR.","CARRETERA A CHANKANAB KM. 6.5, ZONA HOTELERA SUR COZUMEL, 77600, COZUMEL, QR",,"AVENIDA EJERCITO NACIONAL MEXICANO 769 INT TORRE B PISO 8   GRANADA_x000D__x000D_MIGUEL HIDALGO,11520, CMX_x000D_MX",987 872 9500 EXT 623,IHP810701G7A
244117,4503138357,194636.0,1,2026-09-22 00:00:00,2026-10-22 00:00:00,C04913,INMOBILIARIA HOTELERA EL PRESIDENTE SAN JOSE DEL CABO,PRESIDENTE INTERCONTINENTAL COZUMEL,948.48,0,151.76,1100.23,55.0,4029-A40,,2,CJA,CARRETERA A CHANKANAB KM. 6.5,ZONA HOTELERA SUR COZUMEL,COZUMEL,QR,77600,Cobro Regreso,"COZUMEL, QR.","CARRETERA A CHANKANAB KM. 6.5, ZONA HOTELERA SUR COZUMEL, 77600, COZUMEL, QR",,"AVENIDA EJERCITO NACIONAL MEXICANO 769 INT TORRE B PISO 8   GRANADA_x000D__x000D_MIGUEL HIDALGO,11520, CMX_x000D_MX",987 872 9500 EXT 623,IHP810701G7A
244117,4503138357,194636.0,1,2026-09-22 00:00:00,2026-10-22 00:00:00,C04913,INMOBILIARIA HOTELERA EL PRESIDENTE SAN JOSE DEL CABO,PRESIDENTE INTERCONTINENTAL COZUMEL,2480.52,0,396.88,2877.33,143.84,4029-A46,,2,CJA,CARRETERA A CHANKANAB KM. 6.5,ZONA HOTELERA SUR COZUMEL,COZUMEL,QR,77600,Cobro Regreso,"COZUMEL, QR.","CARRETERA A CHANKANAB KM. 6.5, ZONA HOTELERA SUR COZUMEL, 77600, COZUMEL, QR",,"AVENIDA EJERCITO NACIONAL MEXICANO 769 INT TORRE B PISO 8   GRANADA_x000D__x000D_MIGUEL HIDALGO,11520, CMX_x000D_MX",987 872 9500 EXT 623,IHP810701G7A
244117,4503138357,194636.0,1,2026-09-22 00:00:00,2026-10-22 00:00:00,C04913,INMOBILIARIA HOTELERA EL PRESIDENTE SAN JOSE DEL CABO,PRESIDENTE INTERCONTINENTAL COZUMEL,4656.15,0,744.99,5401.13,270.0,4029-A48,,2,CJA,CARRETERA A CHANKANAB KM. 6.5,ZONA HOTELERA SUR COZUMEL,COZUMEL,QR,77600,Cobro Regreso,"COZUMEL, QR.","CARRETERA A CHANKANAB KM. 6.5, ZONA HOTELERA SUR COZUMEL, 77600, COZUMEL, QR",,"AVENIDA EJERCITO NACIONAL MEXICANO 769 INT TORRE B PISO 8   GRANADA_x000D__x000D_MIGUEL HIDALGO,11520, CMX_x000D_MX",987 872 9500 EXT 623,IHP810701G7A
244117,4503138357,194636.0,1,2026-09-22 00:00:00,2026-10-22 00:00:00,C04913,INMOBILIARIA HOTELERA EL PRESIDENTE SAN JOSE DEL CABO,PRESIDENTE INTERCONTINENTAL COZUMEL,1465.83,0,234.53,1700.36,85.0,4029-A42,,2,CJA,CARRETERA A CHANKANAB KM. 6.5,ZONA HOTELERA SUR COZUMEL,COZUMEL,QR,77600,Cobro Regreso,"COZUMEL, QR.","CARRETERA A CHANKANAB KM. 6.5, ZONA HOTELERA SUR COZUMEL, 77600, COZUMEL, QR",,"AVENIDA EJERCITO NACIONAL MEXICANO 769 INT TORRE B PISO 8   GRANADA_x000D__x000D_MIGUEL HIDALGO,11520, CMX_x000D_MX",987 872 9500 EXT 623,IHP810701G7A
244117,4503138357,194636.0,1,2026-09-22 00:00:00,2026-10-22 00:00:00,C04913,INMOBILIARIA HOTELERA EL PRESIDENTE SAN JOSE DEL CABO,PRESIDENTE INTERCONTINENTAL COZUMEL,1046.77,0,167.48,1214.22,60.7,4029-A47,,2,CJA,CARRETERA A CHANKANAB KM. 6.5,ZONA HOTELERA SUR COZUMEL,COZUMEL,QR,77600,Cobro Regreso,"COZUMEL, QR.","CARRETERA A CHANKANAB KM. 6.5, ZONA HOTELERA SUR COZUMEL, 77600, COZUMEL, QR",,"AVENIDA EJERCITO NACIONAL MEXICANO 769 INT TORRE B PISO 8   GRANADA_x000D__x000D_MIGUEL HIDALGO,11520, CMX_x000D_MX",987 872 9500 EXT 623,IHP810701G7A
244117,4503138357,194636.0,1,2026-09-22 00:00:00,2026-10-22 00:00:00,C04913,INMOBILIARIA HOTELERA EL PRESIDENTE SAN JOSE DEL CABO,PRESIDENTE INTERCONTINENTAL COZUMEL,1362.36,0,217.98,1580.33,79.0,4029-A44,,2,CJA,CARRETERA A CHANKANAB KM. 6.5,ZONA HOTELERA SUR COZUMEL,COZUMEL,QR,77600,Cobro Regreso,"COZUMEL, QR.","CARRETERA A CHANKANAB KM. 6.5, ZONA HOTELERA SUR COZUMEL, 77600, COZUMEL, QR",,"AVENIDA EJERCITO NACIONAL MEXICANO 769 INT TORRE B PISO 8   GRANADA_x000D__x000D_MIGUEL HIDALGO,11520, CMX_x000D_MX",987 872 9500 EXT 623,IHP810701G7A
244118,OC-RTN-328037,194605.0,3,2026-09-22 00:00:00,2026-11-21 00:00:00,C03616,REPRESENTACIONES TURISTICAS MEXICO,BAHIA PRINCIPE,5078.5,0,812.56,5891.06,0.0,4016-J08,,7,CJA,Entre Calle HOTEL OASIS AKUMAL Y Calle HACIENDA DOÑA ISABEL SN,Akumal,Tulum,QR,77776,CEDIS Cancún,"Tulum, QR.","Entre Calle HOTEL OASIS AKUMAL Y Calle HACIENDA DOÑA ISABEL SN, Akumal, 77776, Tulum, QR",,"CARRET CHETUMAL B JUAREZ KM 250 LOC A   OTRA NO ESPECIFICADA EN EL CATALOGO_x000D__x000D_TULUM,77776, QR_x000D_MX",9848755000,RTM9705183M4
244118,OC-RTN-328037,194605.0,3,2026-09-22 00:00:00,2026-11-21 00:00:00,C03616,REPRESENTACIONES TURISTICAS MEXICO,BAHIA PRINCIPE,14116.8,0,2258.69,16375.49,0.0,4016-L33,,24,CJA,Entre Calle HOTEL OASIS AKUMAL Y Calle HACIENDA DOÑA ISABEL SN,Akumal,Tulum,QR,77776,CEDIS Cancún,"Tulum, QR.","Entre Calle HOTEL OASIS AKUMAL Y Calle HACIENDA DOÑA ISABEL SN, Akumal, 77776, Tulum, QR",,"CARRET CHETUMAL B JUAREZ KM 250 LOC A   OTRA NO ESPECIFICADA EN EL CATALOGO_x000D__x000D_TULUM,77776, QR_x000D_MX",9848755000,RTM9705183M4
244118,OC-RTN-328037,194605.0,3,2026-09-22 00:00:00,2026-11-21 00:00:00,C03616,REPRESENTACIONES TURISTICAS MEXICO,BAHIA PRINCIPE,1176.4,0,188.22,1364.62,0.0,4029-L61,,2,CJA,Entre Calle HOTEL OASIS AKUMAL Y Calle HACIENDA DOÑA ISABEL SN,Akumal,Tulum,QR,77776,CEDIS Cancún,"Tulum, QR.","Entre Calle HOTEL OASIS AKUMAL Y Calle HACIENDA DOÑA ISABEL SN, Akumal, 77776, Tulum, QR",,"CARRET CHETUMAL B JUAREZ KM 250 LOC A   OTRA NO ESPECIFICADA EN EL CATALOGO_x000D__x000D_TULUM,77776, QR_x000D_MX",9848755000,RTM9705183M4
244119,3500060305,194637.0,1,2026-09-22 00:00:00,2026-10-22 00:00:00,C09072,ALLIANCE HOTEL MANAGEMENT,REAL INN NUEVO LAREDO,4685.4,0,749.66,5435.06,0.0,4051-L11,,4,CJA,AV. REFORMA S/N,LAGOS,NVO. LAREDO,TAM,88290,Cobro Regreso,"NVO. LAREDO, TAM.","AV. REFORMA S/N, LAGOS, 88290, NVO. LAREDO, TAM",,"PASEO DE LAS JACARANDAS 122 PRIMERO PISO OFICINA 8   SANTA MARIA INSURGENTES_x000D__x000D_CUAUHTEMOC,06430, CMX_x000D_MX",867 711 0300,AHM240321BMA
244119,3500060305,194637.0,1,2026-09-22 00:00:00,2026-10-22 00:00:00,C09072,ALLIANCE HOTEL MANAGEMENT,REAL INN NUEVO LAREDO,2998.44,0,479.75,3478.19,0.0,4051-J03,,4,CJA,AV. REFORMA S/N,LAGOS,NVO. LAREDO,TAM,88290,Cobro Regreso,"NVO. LAREDO, TAM.","AV. REFORMA S/N, LAGOS, 88290, NVO. LAREDO, TAM",,"PASEO DE LAS JACARANDAS 122 PRIMERO PISO OFICINA 8   SANTA MARIA INSURGENTES_x000D__x000D_CUAUHTEMOC,06430, CMX_x000D_MX",867 711 0300,AHM240321BMA
244119,3500060305,194637.0,1,2026-09-22 00:00:00,2026-10-22 00:00:00,C09072,ALLIANCE HOTEL MANAGEMENT,REAL INN NUEVO LAREDO,2400.0,0,384.0,2784.0,0.0,5206-L04,,4,CJA,AV. REFORMA S/N,LAGOS,NVO. LAREDO,TAM,88290,Cobro Regreso,"NVO. LAREDO, TAM.","AV. REFORMA S/N, LAGOS, 88290, NVO. LAREDO, TAM",,"PASEO DE LAS JACARANDAS 122 PRIMERO PISO OFICINA 8   SANTA MARIA INSURGENTES_x000D__x000D_CUAUHTEMOC,06430, CMX_x000D_MX",867 711 0300,AHM240321BMA
244120,NN-12943,194639.0,1,2026-09-22 00:00:00,2026-10-07 00:00:00,C07241,IMPULSORA PLAZA TIJUANA,CITY EXPRESS MATAMOROS (CEMAT),2011.46,0,321.83,2333.29,0.0,4051-L12,,2,CJA,AV PEDRO CARDENAS No 3993,INFONAVIT BUENAVISTA,MATAMOROS,TAM,87390,Cobro Regreso,"MATAMOROS, TAM.","AV PEDRO CARDENAS No 3993, INFONAVIT BUENAVISTA, 87390, MATAMOROS, TAM",,"JUAN SALVADOR AGRAZ 69 PISO 12   SANTA FE CUAJIMALPA_x000D__x000D_CUAJIMALPA DE MORELOS,05348, CMX_x000D_MX",01 868 247 1000,IPT050810HQ4
244120,NN-12943,194639.0,1,2026-09-22 00:00:00,2026-10-07 00:00:00,C07241,IMPULSORA PLAZA TIJUANA,CITY EXPRESS MATAMOROS (CEMAT),2011.46,0,321.83,2333.29,0.0,4051-L11,,2,CJA,AV PEDRO CARDENAS No 3993,INFONAVIT BUENAVISTA,MATAMOROS,TAM,87390,Cobro Regreso,"MATAMOROS, TAM.","AV PEDRO CARDENAS No 3993, INFONAVIT BUENAVISTA, 87390, MATAMOROS, TAM",,"JUAN SALVADOR AGRAZ 69 PISO 12   SANTA FE CUAJIMALPA_x000D__x000D_CUAJIMALPA DE MORELOS,05348, CMX_x000D_MX",01 868 247 1000,IPT050810HQ4
244120,NN-12943,194639.0,1,2026-09-22 00:00:00,2026-10-07 00:00:00,C07241,IMPULSORA PLAZA TIJUANA,CITY EXPRESS MATAMOROS (CEMAT),4022.92,0,643.67,4666.59,0.0,4051-L10,,4,CJA,AV PEDRO CARDENAS No 3993,INFONAVIT BUENAVISTA,MATAMOROS,TAM,87390,Cobro Regreso,"MATAMOROS, TAM.","AV PEDRO CARDENAS No 3993, INFONAVIT BUENAVISTA, 87390, MATAMOROS, TAM",,"JUAN SALVADOR AGRAZ 69 PISO 12   SANTA FE CUAJIMALPA_x000D__x000D_CUAJIMALPA DE MORELOS,05348, CMX_x000D_MX",01 868 247 1000,IPT050810HQ4
244120,NN-12943,194639.0,1,2026-09-22 00:00:00,2026-10-07 00:00:00,C07241,IMPULSORA PLAZA TIJUANA,CITY EXPRESS MATAMOROS (CEMAT),5794.88,0,927.19,6722.06,0.0,4052-J08,,7,CJA,AV PEDRO CARDENAS No 3993,INFONAVIT BUENAVISTA,MATAMOROS,TAM,87390,Cobro Regreso,"MATAMOROS, TAM.","AV PEDRO CARDENAS No 3993, INFONAVIT BUENAVISTA, 87390, MATAMOROS, TAM",,"JUAN SALVADOR AGRAZ 69 PISO 12   SANTA FE CUAJIMALPA_x000D__x000D_CUAJIMALPA DE MORELOS,05348, CMX_x000D_MX",01 868 247 1000,IPT050810HQ4
244120,NN-12943,194639.0,1,2026-09-22 00:00:00,2026-10-07 00:00:00,C07241,IMPULSORA PLAZA TIJUANA,CITY EXPRESS MATAMOROS (CEMAT),1932.84,0,309.25,2242.09,0.0,4051-J03,,3,CJA,AV PEDRO CARDENAS No 3993,INFONAVIT BUENAVISTA,MATAMOROS,TAM,87390,Cobro Regreso,"MATAMOROS, TAM.","AV PEDRO CARDENAS No 3993, INFONAVIT BUENAVISTA, 87390, MATAMOROS, TAM",,"JUAN SALVADOR AGRAZ 69 PISO 12   SANTA FE CUAJIMALPA_x000D__x000D_CUAJIMALPA DE MORELOS,05348, CMX_x000D_MX",01 868 247 1000,IPT050810HQ4
244121,,194640.0,1,2026-09-22 00:00:00,2026-10-07 00:00:00,C08240,GRUPO INMOBILIARIO JJJ SANTA FE,STADIA SUITES MEXICO SANTA FE,1080.0,0,172.8,1252.8,0.0,SCO,,1,PZA,MARIO PANI #60,SANTA FE,CUAJIMALPA DE MORELOS,CMX,5300,Cobro Regreso,"CUAJIMALPA DE MORELOS, CMX.","MARIO PANI #60, SANTA FE, 05300, CUAJIMALPA DE MORELOS, CMX",,"AV VASCO DE QUIROGA 2121 5TO PISO   SANTA FE PEÑA BLANCA_x000D__x000D_ALVARO OBREGON,01376, CMX_x000D_MX",555 004 2014,GIJ030819K41
244121,,194640.0,1,2026-09-22 00:00:00,2026-10-07 00:00:00,C08240,GRUPO INMOBILIARIO JJJ SANTA FE,STADIA SUITES MEXICO SANTA FE,12102.0,0,1936.32,14038.32,0.0,4052-J07,,12,CJA,MARIO PANI #60,SANTA FE,CUAJIMALPA DE MORELOS,CMX,5300,Cobro Regreso,"CUAJIMALPA DE MORELOS, CMX.","MARIO PANI #60, SANTA FE, 05300, CUAJIMALPA DE MORELOS, CMX",,"AV VASCO DE QUIROGA 2121 5TO PISO   SANTA FE PEÑA BLANCA_x000D__x000D_ALVARO OBREGON,01376, CMX_x000D_MX",555 004 2014,GIJ030819K41
244122,4503135184,194641.0,1,2026-09-22 00:00:00,2026-10-22 00:00:00,C09529,INMOBILIARIA HOTELERA EL PRESIDENTE SAN JOSE DEL CABO,PRESIDENTE INTERCONTINENTAL MONTERREY,3657.66,0,585.23,4242.96,212.1,4029-A43,,3,CJA,AV. BATALLON DE SAN PATRICIO 410,ZONA SAN AGUSTIN,SAN PEDRO GARZA GARCÍA,NL,66260,Cobro Regreso,"SAN PEDRO GARZA GARCÍA, NL.","AV. BATALLON DE SAN PATRICIO 410, ZONA SAN AGUSTIN, 66260, SAN PEDRO GARZA GARCÍA, NL",,"AV EJERCITO NACIONAL MEXICANO 769  TORRE B PISO 8   GRANADA_x000D__x000D_MIGUEL HIDALGO,11520, CMX_x000D_MX",811 168 4916,IHP810701G7A
244122,4503135184,194641.0,1,2026-09-22 00:00:00,2026-10-22 00:00:00,C09529,INMOBILIARIA HOTELERA EL PRESIDENTE SAN JOSE DEL CABO,PRESIDENTE INTERCONTINENTAL MONTERREY,2328.08,0,372.49,2700.57,135.0,4029-A48,,1,CJA,AV. BATALLON DE SAN PATRICIO 410,ZONA SAN AGUSTIN,SAN PEDRO GARZA GARCÍA,NL,66260,Cobro Regreso,"SAN PEDRO GARZA GARCÍA, NL.","AV. BATALLON DE SAN PATRICIO 410, ZONA SAN AGUSTIN, 66260, SAN PEDRO GARZA GARCÍA, NL",,"AV EJERCITO NACIONAL MEXICANO 769  TORRE B PISO 8   GRANADA_x000D__x000D_MIGUEL HIDALGO,11520, CMX_x000D_MX",811 168 4916,IHP810701G7A
244123,Hilton SLP,194644.0,1,2026-09-22 00:00:00,2026-10-22 00:00:00,C04827,HOSPITALIDAD REAL DE LOMAS,"HILTON SAN LUIS POTOSI, MEXICO (SLPHH)",2079.0,0,332.64,2411.64,0.0,8014-L23,,1,CJA,AV REAL DE LOMAS 1000,LAS LOMAS 4A SECCION,SAN LUIS POTOSI,SLP,78218,Cobro Regreso,"SAN LUIS POTOSI, SLP.","AV REAL DE LOMAS 1000, LAS LOMAS 4A SECCION, 78218, SAN LUIS POTOSI, SLP",,"AV REAL DE LOMAS 1000   LAS LOMAS 4A SECCION_x000D__x000D_SAN LUIS POTOSI,78218, SLP_x000D_MX",444 825 0125,HRL141027IP2
244123,Hilton SLP,194644.0,1,2026-09-22 00:00:00,2026-10-22 00:00:00,C04827,HOSPITALIDAD REAL DE LOMAS,"HILTON SAN LUIS POTOSI, MEXICO (SLPHH)",4599.0,0,735.84,5334.84,0.0,8014-J03,,3,CJA,AV REAL DE LOMAS 1000,LAS LOMAS 4A SECCION,SAN LUIS POTOSI,SLP,78218,Cobro Regreso,"SAN LUIS POTOSI, SLP.","AV REAL DE LOMAS 1000, LAS LOMAS 4A SECCION, 78218, SAN LUIS POTOSI, SLP",,"AV REAL DE LOMAS 1000   LAS LOMAS 4A SECCION_x000D__x000D_SAN LUIS POTOSI,78218, SLP_x000D_MX",444 825 0125,HRL141027IP2
244123,Hilton SLP,194644.0,1,2026-09-22 00:00:00,2026-10-22 00:00:00,C04827,HOSPITALIDAD REAL DE LOMAS,"HILTON SAN LUIS POTOSI, MEXICO (SLPHH)",8316.0,0,1330.56,9646.56,0.0,8014-L22,,4,CJA,AV REAL DE LOMAS 1000,LAS LOMAS 4A SECCION,SAN LUIS POTOSI,SLP,78218,Cobro Regreso,"SAN LUIS POTOSI, SLP.","AV REAL DE LOMAS 1000, LAS LOMAS 4A SECCION, 78218, SAN LUIS POTOSI, SLP",,"AV REAL DE LOMAS 1000   LAS LOMAS 4A SECCION_x000D__x000D_SAN LUIS POTOSI,78218, SLP_x000D_MX",444 825 0125,HRL141027IP2
244124,Hilton SLP,194645.0,1,2026-09-22 00:00:00,2026-10-22 00:00:00,C04827,HOSPITALIDAD REAL DE LOMAS,"HILTON SAN LUIS POTOSI, MEXICO (SLPHH)",514.08,0,82.25,596.33,0.0,4029-A90,,1,CJA,AV REAL DE LOMAS 1000,LAS LOMAS 4A SECCION,SAN LUIS POTOSI,SLP,78218,Cobro Regreso,"SAN LUIS POTOSI, SLP.","AV REAL DE LOMAS 1000, LAS LOMAS 4A SECCION, 78218, SAN LUIS POTOSI, SLP",,"AV REAL DE LOMAS 1000   LAS LOMAS 4A SECCION_x000D__x000D_SAN LUIS POTOSI,78218, SLP_x000D_MX",444 825 0125,HRL141027IP2
244124,Hilton SLP,194645.0,1,2026-09-22 00:00:00,2026-10-22 00:00:00,C04827,HOSPITALIDAD REAL DE LOMAS,"HILTON SAN LUIS POTOSI, MEXICO (SLPHH)",4158.0,0,665.28,4823.28,0.0,8014-L20,,2,CJA,AV REAL DE LOMAS 1000,LAS LOMAS 4A SECCION,SAN LUIS POTOSI,SLP,78218,Cobro Regreso,"SAN LUIS POTOSI, SLP.","AV REAL DE LOMAS 1000, LAS LOMAS 4A SECCION, 78218, SAN LUIS POTOSI, SLP",,"AV REAL DE LOMAS 1000   LAS LOMAS 4A SECCION_x000D__x000D_SAN LUIS POTOSI,78218, SLP_x000D_MX",444 825 0125,HRL141027IP2
244124,Hilton SLP,194645.0,1,2026-09-22 00:00:00,2026-10-22 00:00:00,C04827,HOSPITALIDAD REAL DE LOMAS,"HILTON SAN LUIS POTOSI, MEXICO (SLPHH)",4158.0,0,665.28,4823.28,0.0,8014-L21,,2,CJA,AV REAL DE LOMAS 1000,LAS LOMAS 4A SECCION,SAN LUIS POTOSI,SLP,78218,Cobro Regreso,"SAN LUIS POTOSI, SLP.","AV REAL DE LOMAS 1000, LAS LOMAS 4A SECCION, 78218, SAN LUIS POTOSI, SLP",,"AV REAL DE LOMAS 1000   LAS LOMAS 4A SECCION_x000D__x000D_SAN LUIS POTOSI,78218, SLP_x000D_MX",444 825 0125,HRL141027IP2
244124,Hilton SLP,194645.0,1,2026-09-22 00:00:00,2026-10-22 00:00:00,C04827,HOSPITALIDAD REAL DE LOMAS,"HILTON SAN LUIS POTOSI, MEXICO (SLPHH)",2215.0,0,354.4,2569.4,0.0,4029-A05,MISCELANEOS,1,CJA,AV REAL DE LOMAS 1000,LAS LOMAS 4A SECCION,SAN LUIS POTOSI,SLP,78218,Cobro Regreso,"SAN LUIS POTOSI, SLP.","AV REAL DE LOMAS 1000, LAS LOMAS 4A SECCION, 78218, SAN LUIS POTOSI, SLP",,"AV REAL DE LOMAS 1000   LAS LOMAS 4A SECCION_x000D__x000D_SAN LUIS POTOSI,78218, SLP_x000D_MX",444 825 0125,HRL141027IP2
244125,WH-08961,194587.0,1,2026-09-22 00:00:00,2026-10-07 00:00:00,C07762,PROMOTORA GA,CITY EXPRESS CABORCA (CECAB),2489.76,0,398.36,2888.12,0.0,4051-J04,,6,CJA,AV DOMINGO QUIROZ Y MORA 132,CENTRO,CABORCA,SON,83600,Cobro Regreso,"CABORCA, SON.","AV DOMINGO QUIROZ Y MORA 132, CENTRO, 83600, CABORCA, SON",,"AV QUIROZ Y MORA 132   HEROICA CABORCA CENTRO_x000D__x000D_HEROICA CABORCA,83600, SON_x000D_MX",63 7690 2100,PGA161207II2
244125,WH-08961,194587.0,1,2026-09-22 00:00:00,2026-10-07 00:00:00,C07762,PROMOTORA GA,CITY EXPRESS CABORCA (CECAB),1932.84,0,309.25,2242.09,0.0,4051-J03,,3,CJA,AV DOMINGO QUIROZ Y MORA 132,CENTRO,CABORCA,SON,83600,Cobro Regreso,"CABORCA, SON.","AV DOMINGO QUIROZ Y MORA 132, CENTRO, 83600, CABORCA, SON",,"AV QUIROZ Y MORA 132   HEROICA CABORCA CENTRO_x000D__x000D_HEROICA CABORCA,83600, SON_x000D_MX",63 7690 2100,PGA161207II2
244125,WH-08961,194587.0,1,2026-09-22 00:00:00,2026-10-07 00:00:00,C07762,PROMOTORA GA,CITY EXPRESS CABORCA (CECAB),3017.19,0,482.75,3499.94,0.0,4051-L11,,3,CJA,AV DOMINGO QUIROZ Y MORA 132,CENTRO,CABORCA,SON,83600,Cobro Regreso,"CABORCA, SON.","AV DOMINGO QUIROZ Y MORA 132, CENTRO, 83600, CABORCA, SON",,"AV QUIROZ Y MORA 132   HEROICA CABORCA CENTRO_x000D__x000D_HEROICA CABORCA,83600, SON_x000D_MX",63 7690 2100,PGA161207II2
244125,WH-08961,194587.0,1,2026-09-22 00:00:00,2026-10-07 00:00:00,C07762,PROMOTORA GA,CITY EXPRESS CABORCA (CECAB),3017.19,0,482.76,3499.94,0.0,4051-L10,,3,CJA,AV DOMINGO QUIROZ Y MORA 132,CENTRO,CABORCA,SON,83600,Cobro Regreso,"CABORCA, SON.","AV DOMINGO QUIROZ Y MORA 132, CENTRO, 83600, CABORCA, SON",,"AV QUIROZ Y MORA 132   HEROICA CABORCA CENTRO_x000D__x000D_HEROICA CABORCA,83600, SON_x000D_MX",63 7690 2100,PGA161207II2
244125,WH-08961,194587.0,1,2026-09-22 00:00:00,2026-10-07 00:00:00,C07762,PROMOTORA GA,CITY EXPRESS CABORCA (CECAB),3017.19,0,482.75,3499.94,0.0,4051-L12,,3,CJA,AV DOMINGO QUIROZ Y MORA 132,CENTRO,CABORCA,SON,83600,Cobro Regreso,"CABORCA, SON.","AV DOMINGO QUIROZ Y MORA 132, CENTRO, 83600, CABORCA, SON",,"AV QUIROZ Y MORA 132   HEROICA CABORCA CENTRO_x000D__x000D_HEROICA CABORCA,83600, SON_x000D_MX",63 7690 2100,PGA161207II2
244126,220871 maritza,194624.0,1,2026-09-22 00:00:00,2026-09-22 00:00:00,C04089,MOTELES MAR LEY,MOTEL MAR LEY,992.5,0,158.8,1151.3,0.0,4043-J07,,1,CJA,AV. PLAYA GAVIOTAS 226,PLAYA DORADA,MAZATLAN,SIN,82110,Cobro Destino,"MAZATLAN, SIN.","AV. PLAYA GAVIOTAS 226, PLAYA DORADA, 82110, MAZATLAN, SIN",,"AV. PLAYA GAVIOTAS 226   ZONA DORADA_x000D__x000D_MAZATLAN,82110, SIN_x000D_MX",669 9135533,MML670223TU3
244126,220871 maritza,194624.0,1,2026-09-22 00:00:00,2026-09-22 00:00:00,C04089,MOTELES MAR LEY,MOTEL MAR LEY,3054.0,0,488.64,3542.64,0.0,4043-J08,,4,CJA,AV. PLAYA GAVIOTAS 226,PLAYA DORADA,MAZATLAN,SIN,82110,Cobro Destino,"MAZATLAN, SIN.","AV. PLAYA GAVIOTAS 226, PLAYA DORADA, 82110, MAZATLAN, SIN",,"AV. PLAYA GAVIOTAS 226   ZONA DORADA_x000D__x000D_MAZATLAN,82110, SIN_x000D_MX",669 9135533,MML670223TU3
244126,220871 maritza,194624.0,1,2026-09-22 00:00:00,2026-09-22 00:00:00,C04089,MOTELES MAR LEY,MOTEL MAR LEY,4311.6,0,689.85,5001.46,0.0,4043-L01,ALMOND & OLIVE SHAMP,4,CJA,AV. PLAYA GAVIOTAS 226,PLAYA DORADA,MAZATLAN,SIN,82110,Cobro Destino,"MAZATLAN, SIN.","AV. PLAYA GAVIOTAS 226, PLAYA DORADA, 82110, MAZATLAN, SIN",,"AV. PLAYA GAVIOTAS 226   ZONA DORADA_x000D__x000D_MAZATLAN,82110, SIN_x000D_MX",669 9135533,MML670223TU3
244126,220871 maritza,194624.0,1,2026-09-22 00:00:00,2026-09-22 00:00:00,C04089,MOTELES MAR LEY,MOTEL MAR LEY,2155.8,0,344.93,2500.73,0.0,4043-L03,ALMOND & OLIVE CONDI,2,CJA,AV. PLAYA GAVIOTAS 226,PLAYA DORADA,MAZATLAN,SIN,82110,Cobro Destino,"MAZATLAN, SIN.","AV. PLAYA GAVIOTAS 226, PLAYA DORADA, 82110, MAZATLAN, SIN",,"AV. PLAYA GAVIOTAS 226   ZONA DORADA_x000D__x000D_MAZATLAN,82110, SIN_x000D_MX",669 9135533,MML670223TU3
244127,TIENE ANTC 241820,192840.0,1,2026-09-22 00:00:00,2026-09-22 00:00:00,C09583,FDNR PROVEEDORA,LA QUINTA WYNDHAM REYNOSA TAMAULIPAS,9093.0,0,1454.88,10547.88,0.0,5369-L04,,7,CJA,BLVD. MIGUEL HIDALGO 1002,VALLE ALTO,REYNOSA,TAM,88710,Cobro Regreso,"REYNOSA, TAM.","BLVD. MIGUEL HIDALGO 1002, VALLE ALTO, 88710, REYNOSA, TAM",,"CALLE WASHINGTON 1437   ZARAGOZA_x000D__x000D_NUEVO LAREDO,88060, TAM_x000D_MX",899 537 1800,FPR240523673
244128,2253301,194381.0,1,2026-09-22 00:00:00,2026-09-22 00:00:00,C02022,HOSTALES DE LOS ANGELES,HOTEL WEE,18239.8,0,2918.37,21158.17,0.0,4016-J07,,20,CJA,BLVD.JOSE MA.MORELOS 3210,SAN CAYETANO DE MEDINA,LEON,GTO,37238,Cobro Destino,"LEON, GTO.","BLVD.JOSE MA.MORELOS 3210, SAN CAYETANO DE MEDINA, 37238, LEON, GTO",,"BLVD.JOSE MA. MORELOS 3210   SAN CAYETANO DE MEDINA_x000D__x000D_LEON,37238, GTO_x000D_MX",477 312 8378,HAN0712112FA
244128,2253301,194381.0,1,2026-09-22 00:00:00,2026-09-22 00:00:00,C02022,HOSTALES DE LOS ANGELES,HOTEL WEE,11679.0,0,1868.64,13547.64,0.0,4016-L04,,10,CJA,BLVD.JOSE MA.MORELOS 3210,SAN CAYETANO DE MEDINA,LEON,GTO,37238,Cobro Destino,"LEON, GTO.","BLVD.JOSE MA.MORELOS 3210, SAN CAYETANO DE MEDINA, 37238, LEON, GTO",,"BLVD.JOSE MA. MORELOS 3210   SAN CAYETANO DE MEDINA_x000D__x000D_LEON,37238, GTO_x000D_MX",477 312 8378,HAN0712112FA
244128,2253301,194381.0,1,2026-09-22 00:00:00,2026-09-22 00:00:00,C02022,HOSTALES DE LOS ANGELES,HOTEL WEE,5839.5,0,934.32,6773.82,0.0,4016-L05,,5,CJA,BLVD.JOSE MA.MORELOS 3210,SAN CAYETANO DE MEDINA,LEON,GTO,37238,Cobro Destino,"LEON, GTO.","BLVD.JOSE MA.MORELOS 3210, SAN CAYETANO DE MEDINA, 37238, LEON, GTO",,"BLVD.JOSE MA. MORELOS 3210   SAN CAYETANO DE MEDINA_x000D__x000D_LEON,37238, GTO_x000D_MX",477 312 8378,HAN0712112FA
244128,2253301,194381.0,1,2026-09-22 00:00:00,2026-09-22 00:00:00,C02022,HOSTALES DE LOS ANGELES,HOTEL WEE,5082.5,0,813.2,5895.7,0.0,4032-L01,BRISS MOUTHWASH 1.0,5,CJA,BLVD.JOSE MA.MORELOS 3210,SAN CAYETANO DE MEDINA,LEON,GTO,37238,Cobro Destino,"LEON, GTO.","BLVD.JOSE MA.MORELOS 3210, SAN CAYETANO DE MEDINA, 37238, LEON, GTO",,"BLVD.JOSE MA. MORELOS 3210   SAN CAYETANO DE MEDINA_x000D__x000D_LEON,37238, GTO_x000D_MX",477 312 8378,HAN0712112FA
244128,2253301,194381.0,1,2026-09-22 00:00:00,2026-09-22 00:00:00,C02022,HOSTALES DE LOS ANGELES,HOTEL WEE,12869.0,0,2059.04,14928.04,0.0,4016-L07,ELEMENTS EVOLUTION B,10,CJA,BLVD.JOSE MA.MORELOS 3210,SAN CAYETANO DE MEDINA,LEON,GTO,37238,Cobro Destino,"LEON, GTO.","BLVD.JOSE MA.MORELOS 3210, SAN CAYETANO DE MEDINA, 37238, LEON, GTO",,"BLVD.JOSE MA. MORELOS 3210   SAN CAYETANO DE MEDINA_x000D__x000D_LEON,37238, GTO_x000D_MX",477 312 8378,HAN0712112FA
244130,219784,193614.0,1,2026-09-22 00:00:00,2026-09-22 00:00:00,C05713,VISTA INFRAESTRUCTURA,LA QUINTA CIUDAD MODELO SAN JOSE CHIAPA,1299.0,0,207.84,1506.84,0.0,5369-L04,,1,CJA,BOULVARD AUDI NORTE 3,CIUDAD MODELO,SAN JOSE CHIAPA,PUE,75010,Cobro Regreso,"SAN JOSE CHIAPA, PUE.","BOULVARD AUDI NORTE 3, CIUDAD MODELO, 75010, SAN JOSE CHIAPA, PUE",,"AV INSURGENTES SUR 800 PISO 11 OFICINA 3-F   DEL VALLE CENTRO_x000D__x000D_CIUDAD DE MEXICO,03100, DF2_x000D_MX",222 690 9740,AHE130321D10
244131,,193645.0,1,2026-09-22 00:00:00,2026-09-22 00:00:00,C01930,HOTEL GALERIAS DE AGUASCALIENTES,WYNDHAM GARDEN AGUASCALIENTES,2598.0,0,415.68,3013.68,0.0,5369-L04,,2,CJA,AV. INDEPENDENCIA 1703,TROJES DE CRISTAL,AGUASCALIENTES,AGS,20118,Cobro Regreso,"AGUASCALIENTES, AGS.","AV. INDEPENDENCIA 1703, TROJES DE CRISTAL, 20118, AGUASCALIENTES, AGS",,"AV. INDEPENDENCIA 1703   TROJES DE CRISTAL_x000D__x000D_AGUASCALIENTES,20118, AGS_x000D_MX",449 236 0028,HGA0010182T7
244131,,193645.0,1,2026-09-22 00:00:00,2026-09-22 00:00:00,C01930,HOTEL GALERIAS DE AGUASCALIENTES,WYNDHAM GARDEN AGUASCALIENTES,1098.0,0,175.68,1273.68,0.0,5369-L21,,2,CJA,AV. INDEPENDENCIA 1703,TROJES DE CRISTAL,AGUASCALIENTES,AGS,20118,Cobro Regreso,"AGUASCALIENTES, AGS.","AV. INDEPENDENCIA 1703, TROJES DE CRISTAL, 20118, AGUASCALIENTES, AGS",,"AV. INDEPENDENCIA 1703   TROJES DE CRISTAL_x000D__x000D_AGUASCALIENTES,20118, AGS_x000D_MX",449 236 0028,HGA0010182T7
244132,210926,194643.0,1,2026-09-22 00:00:00,2026-09-22 00:00:00,C09900,INMOBILIARIA PUERTO DE CACHANIA,INMOBILIARIA PUERTO DE CACHANIAS,1437.12,0,229.94,1667.06,0.0,4043-L47,,1,CJA,IGNACIO RAMIREZ 1265,CENTRO,LA PAZ,BCS,23000,Cobro Destino,"LA PAZ, BCS.","IGNACIO RAMIREZ 1265, CENTRO, 23000, LA PAZ, BCS",,"CALLE IGNACIO RAMIREZ  1930   CENTRO_x000D__x000D_LA PAZ,23000, BCS_x000D_MX",6121077761,IPC220720395
244132,210926,194643.0,1,2026-09-22 00:00:00,2026-09-22 00:00:00,C09900,INMOBILIARIA PUERTO DE CACHANIA,INMOBILIARIA PUERTO DE CACHANIAS,1437.12,0,229.94,1667.06,0.0,4043-L48,,1,CJA,IGNACIO RAMIREZ 1265,CENTRO,LA PAZ,BCS,23000,Cobro Destino,"LA PAZ, BCS.","IGNACIO RAMIREZ 1265, CENTRO, 23000, LA PAZ, BCS",,"CALLE IGNACIO RAMIREZ  1930   CENTRO_x000D__x000D_LA PAZ,23000, BCS_x000D_MX",6121077761,IPC220720395
244132,210926,194643.0,1,2026-09-22 00:00:00,2026-09-22 00:00:00,C09900,INMOBILIARIA PUERTO DE CACHANIA,INMOBILIARIA PUERTO DE CACHANIAS,1437.12,0,229.94,1667.06,0.0,4043-L49,,1,CJA,IGNACIO RAMIREZ 1265,CENTRO,LA PAZ,BCS,23000,Cobro Destino,"LA PAZ, BCS.","IGNACIO RAMIREZ 1265, CENTRO, 23000, LA PAZ, BCS",,"CALLE IGNACIO RAMIREZ  1930   CENTRO_x000D__x000D_LA PAZ,23000, BCS_x000D_MX",6121077761,IPC220720395
244132,210926,194643.0,1,2026-09-22 00:00:00,2026-09-22 00:00:00,C09900,INMOBILIARIA PUERTO DE CACHANIA,INMOBILIARIA PUERTO DE CACHANIAS,1437.12,0,229.94,1667.06,0.0,4043-L50,,1,CJA,IGNACIO RAMIREZ 1265,CENTRO,LA PAZ,BCS,23000,Cobro Destino,"LA PAZ, BCS.","IGNACIO RAMIREZ 1265, CENTRO, 23000, LA PAZ, BCS",,"CALLE IGNACIO RAMIREZ  1930   CENTRO_x000D__x000D_LA PAZ,23000, BCS_x000D_MX",6121077761,IPC220720395
244132,210926,194643.0,1,2026-09-22 00:00:00,2026-09-22 00:00:00,C09900,INMOBILIARIA PUERTO DE CACHANIA,INMOBILIARIA PUERTO DE CACHANIAS,754.99,0,120.8,875.79,0.0,4029-A90,,1,CJA,IGNACIO RAMIREZ 1265,CENTRO,LA PAZ,BCS,23000,Cobro Destino,"LA PAZ, BCS.","IGNACIO RAMIREZ 1265, CENTRO, 23000, LA PAZ, BCS",,"CALLE IGNACIO RAMIREZ  1930   CENTRO_x000D__x000D_LA PAZ,23000, BCS_x000D_MX",6121077761,IPC220720395
244132,210926,194643.0,1,2026-09-22 00:00:00,2026-09-22 00:00:00,C09900,INMOBILIARIA PUERTO DE CACHANIA,INMOBILIARIA PUERTO DE CACHANIAS,3320.5,0,531.28,3851.78,0.0,4029-A92,,1,CJA,IGNACIO RAMIREZ 1265,CENTRO,LA PAZ,BCS,23000,Cobro Destino,"LA PAZ, BCS.","IGNACIO RAMIREZ 1265, CENTRO, 23000, LA PAZ, BCS",,"CALLE IGNACIO RAMIREZ  1930   CENTRO_x000D__x000D_LA PAZ,23000, BCS_x000D_MX",6121077761,IPC220720395
244132,210926,194643.0,1,2026-09-22 00:00:00,2026-09-22 00:00:00,C09900,INMOBILIARIA PUERTO DE CACHANIA,INMOBILIARIA PUERTO DE CACHANIAS,1310.9,0,209.74,1520.64,0.0,4029-A94,,1,CJA,IGNACIO RAMIREZ 1265,CENTRO,LA PAZ,BCS,23000,Cobro Destino,"LA PAZ, BCS.","IGNACIO RAMIREZ 1265, CENTRO, 23000, LA PAZ, BCS",,"CALLE IGNACIO RAMIREZ  1930   CENTRO_x000D__x000D_LA PAZ,23000, BCS_x000D_MX",6121077761,IPC220720395
244132,210926,194643.0,1,2026-09-22 00:00:00,2026-09-22 00:00:00,C09900,INMOBILIARIA PUERTO DE CACHANIA,INMOBILIARIA PUERTO DE CACHANIAS,1529.5,0,244.72,1774.22,0.0,4029-A95,,1,CJA,IGNACIO RAMIREZ 1265,CENTRO,LA PAZ,BCS,23000,Cobro Destino,"LA PAZ, BCS.","IGNACIO RAMIREZ 1265, CENTRO, 23000, LA PAZ, BCS",,"CALLE IGNACIO RAMIREZ  1930   CENTRO_x000D__x000D_LA PAZ,23000, BCS_x000D_MX",6121077761,IPC220720395
244132,210926,194643.0,1,2026-09-22 00:00:00,2026-09-22 00:00:00,C09900,INMOBILIARIA PUERTO DE CACHANIA,INMOBILIARIA PUERTO DE CACHANIAS,2215.0,0,354.4,2569.4,0.0,4029-A05,MISCELANEOS,1,CJA,IGNACIO RAMIREZ 1265,CENTRO,LA PAZ,BCS,23000,Cobro Destino,"LA PAZ, BCS.","IGNACIO RAMIREZ 1265, CENTRO, 23000, LA PAZ, BCS",,"CALLE IGNACIO RAMIREZ  1930   CENTRO_x000D__x000D_LA PAZ,23000, BCS_x000D_MX",6121077761,IPC220720395
244133,EX HACIENDA DE CHAUTLA PUEBLA,194646.0,1,2026-09-22 00:00:00,2026-09-22 00:00:00,C09490,5 ARTECNICA CORPORATIVO,HOTEL EX HACIENDA CHAUTLA PUEBLA TRADEMARK COLLECTION BY WYNDHAM,797.82,0,127.65,925.47,0.0,68758339,,1,CJA,CARRETERA TLAX-APIZACO CALLE INDEPENDENCIA KM 10,SANTA MARIA ATLLIHUETZIAN,YAUHQUEMEHCAN,TLA,90459,Tres Guerras Ocurre Oficina,"YAUHQUEMEHCAN, TLA.","CARRETERA TLAX-APIZACO CALLE INDEPENDENCIA KM 10, SANTA MARIA ATLLIHUETZIAN, 90459, YAUHQUEMEHCAN, TLA",,,,
244133,EX HACIENDA DE CHAUTLA PUEBLA,194646.0,1,2026-09-22 00:00:00,2026-09-22 00:00:00,C09490,5 ARTECNICA CORPORATIVO,HOTEL EX HACIENDA CHAUTLA PUEBLA TRADEMARK COLLECTION BY WYNDHAM,774.18,0,123.87,898.05,0.0,68732292,,1,CJA,CARRETERA TLAX-APIZACO CALLE INDEPENDENCIA KM 10,SANTA MARIA ATLLIHUETZIAN,YAUHQUEMEHCAN,TLA,90459,Tres Guerras Ocurre Oficina,"YAUHQUEMEHCAN, TLA.","CARRETERA TLAX-APIZACO CALLE INDEPENDENCIA KM 10, SANTA MARIA ATLLIHUETZIAN, 90459, YAUHQUEMEHCAN, TLA",,,,
244133,EX HACIENDA DE CHAUTLA PUEBLA,194646.0,1,2026-09-22 00:00:00,2026-09-22 00:00:00,C09490,5 ARTECNICA CORPORATIVO,HOTEL EX HACIENDA CHAUTLA PUEBLA TRADEMARK COLLECTION BY WYNDHAM,803.73,0,128.6,932.33,0.0,68732293,,1,CJA,CARRETERA TLAX-APIZACO CALLE INDEPENDENCIA KM 10,SANTA MARIA ATLLIHUETZIAN,YAUHQUEMEHCAN,TLA,90459,Tres Guerras Ocurre Oficina,"YAUHQUEMEHCAN, TLA.","CARRETERA TLAX-APIZACO CALLE INDEPENDENCIA KM 10, SANTA MARIA ATLLIHUETZIAN, 90459, YAUHQUEMEHCAN, TLA",,,,
244133,EX HACIENDA DE CHAUTLA PUEBLA,194646.0,1,2026-09-22 00:00:00,2026-09-22 00:00:00,C09490,5 ARTECNICA CORPORATIVO,HOTEL EX HACIENDA CHAUTLA PUEBLA TRADEMARK COLLECTION BY WYNDHAM,853.96,0,136.63,990.59,0.0,68739026,,1,CJA,CARRETERA TLAX-APIZACO CALLE INDEPENDENCIA KM 10,SANTA MARIA ATLLIHUETZIAN,YAUHQUEMEHCAN,TLA,90459,Tres Guerras Ocurre Oficina,"YAUHQUEMEHCAN, TLA.","CARRETERA TLAX-APIZACO CALLE INDEPENDENCIA KM 10, SANTA MARIA ATLLIHUETZIAN, 90459, YAUHQUEMEHCAN, TLA",,,,
244133,EX HACIENDA DE CHAUTLA PUEBLA,194646.0,1,2026-09-22 00:00:00,2026-09-22 00:00:00,C09490,5 ARTECNICA CORPORATIVO,HOTEL EX HACIENDA CHAUTLA PUEBLA TRADEMARK COLLECTION BY WYNDHAM,790.43,0,126.47,916.9,0.0,69706958,,1,CJA,CARRETERA TLAX-APIZACO CALLE INDEPENDENCIA KM 10,SANTA MARIA ATLLIHUETZIAN,YAUHQUEMEHCAN,TLA,90459,Tres Guerras Ocurre Oficina,"YAUHQUEMEHCAN, TLA.","CARRETERA TLAX-APIZACO CALLE INDEPENDENCIA KM 10, SANTA MARIA ATLLIHUETZIAN, 90459, YAUHQUEMEHCAN, TLA",,,,
244133,EX HACIENDA DE CHAUTLA PUEBLA,194646.0,1,2026-09-22 00:00:00,2026-09-22 00:00:00,C09490,5 ARTECNICA CORPORATIVO,HOTEL EX HACIENDA CHAUTLA PUEBLA TRADEMARK COLLECTION BY WYNDHAM,2473.23,0,395.72,2868.95,0.0,68739022,,3,CJA,CARRETERA TLAX-APIZACO CALLE INDEPENDENCIA KM 10,SANTA MARIA ATLLIHUETZIAN,YAUHQUEMEHCAN,TLA,90459,Tres Guerras Ocurre Oficina,"YAUHQUEMEHCAN, TLA.","CARRETERA TLAX-APIZACO CALLE INDEPENDENCIA KM 10, SANTA MARIA ATLLIHUETZIAN, 90459, YAUHQUEMEHCAN, TLA",,,,
244133,EX HACIENDA DE CHAUTLA PUEBLA,194646.0,1,2026-09-22 00:00:00,2026-09-22 00:00:00,C09490,5 ARTECNICA CORPORATIVO,HOTEL EX HACIENDA CHAUTLA PUEBLA TRADEMARK COLLECTION BY WYNDHAM,1697.58,0,271.61,1969.19,0.0,68758340,,2,CJA,CARRETERA TLAX-APIZACO CALLE INDEPENDENCIA KM 10,SANTA MARIA ATLLIHUETZIAN,YAUHQUEMEHCAN,TLA,90459,Tres Guerras Ocurre Oficina,"YAUHQUEMEHCAN, TLA.","CARRETERA TLAX-APIZACO CALLE INDEPENDENCIA KM 10, SANTA MARIA ATLLIHUETZIAN, 90459, YAUHQUEMEHCAN, TLA",,,,
244133,EX HACIENDA DE CHAUTLA PUEBLA,194646.0,1,2026-09-22 00:00:00,2026-09-22 00:00:00,C09490,5 ARTECNICA CORPORATIVO,HOTEL EX HACIENDA CHAUTLA PUEBLA TRADEMARK COLLECTION BY WYNDHAM,2215.0,0,354.4,2569.4,0.0,4029-A05,MISCELANEOS,1,CJA,CARRETERA TLAX-APIZACO CALLE INDEPENDENCIA KM 10,SANTA MARIA ATLLIHUETZIAN,YAUHQUEMEHCAN,TLA,90459,Tres Guerras Ocurre Oficina,"YAUHQUEMEHCAN, TLA.","CARRETERA TLAX-APIZACO CALLE INDEPENDENCIA KM 10, SANTA MARIA ATLLIHUETZIAN, 90459, YAUHQUEMEHCAN, TLA",,,,
244134,JF-21634,194648.0,1,2026-09-22 00:00:00,2026-10-07 00:00:00,C07324,IMPULSORA PLAZA VILLA HERMOSA,CITY EXPRESS PLUS PUERTO VALLARTA (CPPVT),644.28,0,103.09,747.36,0.0,4051-J03,,1,CJA,BLVD FRANCISCO MEDINA ASCENCIO #2860,ZONA HOTELERA NORTE,PUERTO VALLARTA,JAL,48333,Cobro Regreso,"PUERTO VALLARTA, JAL.","BLVD FRANCISCO MEDINA ASCENCIO #2860, ZONA HOTELERA NORTE, 48333, PUERTO VALLARTA, JAL",,"JUAN SALVADOR AGRAZ 69  PISO 12   SANTA FE CUAJIMALPA_x000D__x000D_CUAJIMALPA DE MORELOS,05348, CMX_x000D_MX",01 322 226 3760,IPV060907T30
244134,JF-21634,194648.0,1,2026-09-22 00:00:00,2026-10-07 00:00:00,C07324,IMPULSORA PLAZA VILLA HERMOSA,CITY EXPRESS PLUS PUERTO VALLARTA (CPPVT),2011.46,0,321.83,2333.29,0.0,4051-L12,,2,CJA,BLVD FRANCISCO MEDINA ASCENCIO #2860,ZONA HOTELERA NORTE,PUERTO VALLARTA,JAL,48333,Cobro Regreso,"PUERTO VALLARTA, JAL.","BLVD FRANCISCO MEDINA ASCENCIO #2860, ZONA HOTELERA NORTE, 48333, PUERTO VALLARTA, JAL",,"JUAN SALVADOR AGRAZ 69  PISO 12   SANTA FE CUAJIMALPA_x000D__x000D_CUAJIMALPA DE MORELOS,05348, CMX_x000D_MX",01 322 226 3760,IPV060907T30
244134,JF-21634,194648.0,1,2026-09-22 00:00:00,2026-10-07 00:00:00,C07324,IMPULSORA PLAZA VILLA HERMOSA,CITY EXPRESS PLUS PUERTO VALLARTA (CPPVT),2011.46,0,321.83,2333.29,0.0,4051-L11,,2,CJA,BLVD FRANCISCO MEDINA ASCENCIO #2860,ZONA HOTELERA NORTE,PUERTO VALLARTA,JAL,48333,Cobro Regreso,"PUERTO VALLARTA, JAL.","BLVD FRANCISCO MEDINA ASCENCIO #2860, ZONA HOTELERA NORTE, 48333, PUERTO VALLARTA, JAL",,"JUAN SALVADOR AGRAZ 69  PISO 12   SANTA FE CUAJIMALPA_x000D__x000D_CUAJIMALPA DE MORELOS,05348, CMX_x000D_MX",01 322 226 3760,IPV060907T30
244134,JF-21634,194648.0,1,2026-09-22 00:00:00,2026-10-07 00:00:00,C07324,IMPULSORA PLAZA VILLA HERMOSA,CITY EXPRESS PLUS PUERTO VALLARTA (CPPVT),1244.88,0,199.18,1444.06,0.0,4051-J04,,3,CJA,BLVD FRANCISCO MEDINA ASCENCIO #2860,ZONA HOTELERA NORTE,PUERTO VALLARTA,JAL,48333,Cobro Regreso,"PUERTO VALLARTA, JAL.","BLVD FRANCISCO MEDINA ASCENCIO #2860, ZONA HOTELERA NORTE, 48333, PUERTO VALLARTA, JAL",,"JUAN SALVADOR AGRAZ 69  PISO 12   SANTA FE CUAJIMALPA_x000D__x000D_CUAJIMALPA DE MORELOS,05348, CMX_x000D_MX",01 322 226 3760,IPV060907T30
244134,JF-21634,194648.0,1,2026-09-22 00:00:00,2026-10-07 00:00:00,C07324,IMPULSORA PLAZA VILLA HERMOSA,CITY EXPRESS PLUS PUERTO VALLARTA (CPPVT),2011.46,0,321.84,2333.29,0.0,4051-L10,,2,CJA,BLVD FRANCISCO MEDINA ASCENCIO #2860,ZONA HOTELERA NORTE,PUERTO VALLARTA,JAL,48333,Cobro Regreso,"PUERTO VALLARTA, JAL.","BLVD FRANCISCO MEDINA ASCENCIO #2860, ZONA HOTELERA NORTE, 48333, PUERTO VALLARTA, JAL",,"JUAN SALVADOR AGRAZ 69  PISO 12   SANTA FE CUAJIMALPA_x000D__x000D_CUAJIMALPA DE MORELOS,05348, CMX_x000D_MX",01 322 226 3760,IPV060907T30
244135,,194649.0,1,2026-09-22 00:00:00,2026-09-22 00:00:00,C09897,ALCORPORATIVO EMPRESARIAL,ALCORPORATIVO EMPRESARIAL,20497.96,0,3279.67,23777.63,0.0,ANTC,,1,PZA,AVENIDA DE LOS PINOS 451,HOGARES FERROCARRILEROS 1ERA SECCION,SOLEDAD DE GRACIANO SANCHEZ,SLP,78436,Solo Factura,"SOLEDAD DE GRACIANO SANCHEZ, SLP.","AVENIDA DE LOS PINOS 451, HOGARES FERROCARRILEROS 1ERA SECCION, 78436, SOLEDAD DE GRACIANO SANCHEZ, SLP",,"AVENIDA CENTRAL 324   GRANJAS ECONOMICAS DEL NORTE_x000D__x000D_REYNOSA,88730, TAM_x000D_MX",444 351 0807,AEM1209104A9
244136,219613,194650.0,1,2026-09-22 00:00:00,2026-09-22 00:00:00,C09834,O NOSO XEITO,HOTEL CLE,790.43,0,126.47,916.9,0.0,69706958,,1,CJA,CALLE NAPOLES 62 S/N,JUAREZ,CUAUHTEMOC,CMX,6600,Cobro Destino,"CUAUHTEMOC, CMX.","CALLE NAPOLES 62 S/N, JUAREZ, 06600, CUAUHTEMOC, CMX",,"CALLE NAPOLES 62 S/N   JUAREZ_x000D__x000D_CUAUHTEMOC,06600, CMX_x000D_MX",555 533 0535,ONX1602087Y7
244136,219613,194650.0,1,2026-09-22 00:00:00,2026-09-22 00:00:00,C09834,O NOSO XEITO,HOTEL CLE,2473.23,0,395.72,2868.95,0.0,68739022,,3,CJA,CALLE NAPOLES 62 S/N,JUAREZ,CUAUHTEMOC,CMX,6600,Cobro Destino,"CUAUHTEMOC, CMX.","CALLE NAPOLES 62 S/N, JUAREZ, 06600, CUAUHTEMOC, CMX",,"CALLE NAPOLES 62 S/N   JUAREZ_x000D__x000D_CUAUHTEMOC,06600, CMX_x000D_MX",555 533 0535,ONX1602087Y7
244137,,194651.0,1,2026-09-22 00:00:00,2026-10-07 00:00:00,C07857,TURISMO ARIAL,HOLIDAY INN REYNOSA ZONA DORADA (REXMX),6048.9,0,967.82,7016.72,0.0,68739022,,10,CJA,EMILIO PORTES GIL 703,DEL PRADO SUR,REYNOSA,TAM,88560,Cobro Regreso,"REYNOSA, TAM.","EMILIO PORTES GIL 703, DEL PRADO SUR, 88560, REYNOSA, TAM",,"EMILIO PORTES GIL 703   DEL PRADO SUR_x000D__x000D_REYNOSA,88560, TAM_x000D_MX",899 921 6500,TAR101209DK1
244137,,194651.0,1,2026-09-22 00:00:00,2026-10-07 00:00:00,C07857,TURISMO ARIAL,HOLIDAY INN REYNOSA ZONA DORADA (REXMX),6229.2,0,996.67,7225.87,0.0,68758340,,10,CJA,EMILIO PORTES GIL 703,DEL PRADO SUR,REYNOSA,TAM,88560,Cobro Regreso,"REYNOSA, TAM.","EMILIO PORTES GIL 703, DEL PRADO SUR, 88560, REYNOSA, TAM",,"EMILIO PORTES GIL 703   DEL PRADO SUR_x000D__x000D_REYNOSA,88560, TAM_x000D_MX",899 921 6500,TAR101209DK1
244137,,194651.0,1,2026-09-22 00:00:00,2026-10-07 00:00:00,C07857,TURISMO ARIAL,HOLIDAY INN REYNOSA ZONA DORADA (REXMX),2900.55,0,464.09,3364.64,0.0,69706958,,5,CJA,EMILIO PORTES GIL 703,DEL PRADO SUR,REYNOSA,TAM,88560,Cobro Regreso,"REYNOSA, TAM.","EMILIO PORTES GIL 703, DEL PRADO SUR, 88560, REYNOSA, TAM",,"EMILIO PORTES GIL 703   DEL PRADO SUR_x000D__x000D_REYNOSA,88560, TAM_x000D_MX",899 921 6500,TAR101209DK1
244138,,194659.0,1,2026-09-22 00:00:00,2026-10-22 00:00:00,C09592,JAVIER ALEJANDRO GARCIA CORTES,ESCENCIA HOTELERA,1149.7,20,183.95,1333.65,0.0,4043-L50,,1,CJA,SANTO DOMINGO 2,PLAYA AZUL SALAGUA,MANZANILLO,COL,28218,Cliente Pasa por Mercancia,"MANZANILLO, COL.","SANTO DOMINGO 2, PLAYA AZUL SALAGUA, 28218, MANZANILLO, COL",,"CALLE MILLET 19 DEPARTAMENTO 13   EUCALIPTO VALLARTA_x000D__x000D_ZAPOPAN,45020, JAL_x000D_MX",0,GACJ961221I97
244138,,194659.0,1,2026-09-22 00:00:00,2026-10-22 00:00:00,C09592,JAVIER ALEJANDRO GARCIA CORTES,ESCENCIA HOTELERA,7295.92,20,1167.35,8463.27,0.0,4016-J07,,10,CJA,SANTO DOMINGO 2,PLAYA AZUL SALAGUA,MANZANILLO,COL,28218,Cliente Pasa por Mercancia,"MANZANILLO, COL.","SANTO DOMINGO 2, PLAYA AZUL SALAGUA, 28218, MANZANILLO, COL",,"CALLE MILLET 19 DEPARTAMENTO 13   EUCALIPTO VALLARTA_x000D__x000D_ZAPOPAN,45020, JAL_x000D_MX",0,GACJ961221I97
244138,,194659.0,1,2026-09-22 00:00:00,2026-10-22 00:00:00,C09592,JAVIER ALEJANDRO GARCIA CORTES,ESCENCIA HOTELERA,3737.28,20,597.96,4335.24,0.0,4016-L04,,4,CJA,SANTO DOMINGO 2,PLAYA AZUL SALAGUA,MANZANILLO,COL,28218,Cliente Pasa por Mercancia,"MANZANILLO, COL.","SANTO DOMINGO 2, PLAYA AZUL SALAGUA, 28218, MANZANILLO, COL",,"CALLE MILLET 19 DEPARTAMENTO 13   EUCALIPTO VALLARTA_x000D__x000D_ZAPOPAN,45020, JAL_x000D_MX",0,GACJ961221I97
244138,,194659.0,1,2026-09-22 00:00:00,2026-10-22 00:00:00,C09592,JAVIER ALEJANDRO GARCIA CORTES,ESCENCIA HOTELERA,1588.0,20,254.08,1842.08,0.0,4043-J07,,2,CJA,SANTO DOMINGO 2,PLAYA AZUL SALAGUA,MANZANILLO,COL,28218,Cliente Pasa por Mercancia,"MANZANILLO, COL.","SANTO DOMINGO 2, PLAYA AZUL SALAGUA, 28218, MANZANILLO, COL",,"CALLE MILLET 19 DEPARTAMENTO 13   EUCALIPTO VALLARTA_x000D__x000D_ZAPOPAN,45020, JAL_x000D_MX",0,GACJ961221I97
244139,62907423,194652.0,1,2026-09-22 00:00:00,2026-10-22 00:00:00,C06624,INMOBILIARIA RIG,COUTYARD MARRIOT VILLAHERMOSA TABASCO A0099667,3185.96,0,509.75,3695.71,0.0,C06601-L11,,4,CJA,PASEO DE LA CHOCA 107,TABASCO 2000,VILLAHERMOSA,TAB,86035,Cobro Regreso,"VILLAHERMOSA, TAB.","PASEO DE LA CHOCA 107, TABASCO 2000, 86035, VILLAHERMOSA, TAB",,"CAMPO SABANCUY 103   JOSE COLOMO_x000D__x000D_CENTRO,86100, TAB_x000D_MX",993 310 1600,IRI030222MK8
244139,62907423,194652.0,1,2026-09-22 00:00:00,2026-10-22 00:00:00,C06624,INMOBILIARIA RIG,COUTYARD MARRIOT VILLAHERMOSA TABASCO A0099667,4723.98,0,755.84,5479.82,0.0,C06601-L08,,6,CJA,PASEO DE LA CHOCA 107,TABASCO 2000,VILLAHERMOSA,TAB,86035,Cobro Regreso,"VILLAHERMOSA, TAB.","PASEO DE LA CHOCA 107, TABASCO 2000, 86035, VILLAHERMOSA, TAB",,"CAMPO SABANCUY 103   JOSE COLOMO_x000D__x000D_CENTRO,86100, TAB_x000D_MX",993 310 1600,IRI030222MK8
244139,62907423,194652.0,1,2026-09-22 00:00:00,2026-10-22 00:00:00,C06624,INMOBILIARIA RIG,COUTYARD MARRIOT VILLAHERMOSA TABASCO A0099667,4723.98,0,755.84,5479.82,0.0,C06601-L10,,6,CJA,PASEO DE LA CHOCA 107,TABASCO 2000,VILLAHERMOSA,TAB,86035,Cobro Regreso,"VILLAHERMOSA, TAB.","PASEO DE LA CHOCA 107, TABASCO 2000, 86035, VILLAHERMOSA, TAB",,"CAMPO SABANCUY 103   JOSE COLOMO_x000D__x000D_CENTRO,86100, TAB_x000D_MX",993 310 1600,IRI030222MK8
244140,REPOSICION,194655.0,1,2026-09-22 00:00:00,2026-10-22 00:00:00,C08737,HOTELERA CARCUR CASTAÑEDA,"HAMPTON CIUDAD VICTORIA, MEXICO (CDJVC)",4099.74,0,655.96,4755.7,0.0,4011-J08,,6,CJA,BOULEVARD TAMAULIPAS 2539,RESIDENCIAL CABAÑAS VICTORIA,VICTORIA,TAM,87025,Cobro Regreso,"VICTORIA, TAM.","BOULEVARD TAMAULIPAS 2539, RESIDENCIAL CABAÑAS VICTORIA, 87025, VICTORIA, TAM",,"CALLE CRISTOBAL COLON NTE 349   CENTRO_x000D__x000D_VICTORIA,87000, TAM_x000D_MX",834 153 7070,HCC891030SX7
244141,SNL,194657.0,1,2026-09-22 00:00:00,2026-10-22 00:00:00,C02514,HOTEL ROYAL PLAZA,HOLIDAY INN MEXICO PLAZA UNIVERSIDAD A0210800 (MEXAA),3024.45,0,483.91,3508.36,0.0,68739022,,5,CJA,PARROQUIA 1056 ENTRADA APROVEEDORES A ESPALDAS,SANTA CRUZ ATOYAC,MEXICO,CMX,3310,One Paqueteria C.Regreso,"MEXICO, CMX.","PARROQUIA 1056 ENTRADA APROVEEDORES A ESPALDAS, SANTA CRUZ ATOYAC, 03310, MEXICO, CMX",,"AV CUAUHTEMOC 1361   SANTA CRUZ ATOYAC_x000D__x000D_MEXICO,03310, CMX_x000D_MX",55 9183 7739,HRP880129QX5
244141,SNL,194657.0,1,2026-09-22 00:00:00,2026-10-22 00:00:00,C02514,HOTEL ROYAL PLAZA,HOLIDAY INN MEXICO PLAZA UNIVERSIDAD A0210800 (MEXAA),5801.1,0,928.18,6729.28,0.0,69706958,,10,CJA,PARROQUIA 1056 ENTRADA APROVEEDORES A ESPALDAS,SANTA CRUZ ATOYAC,MEXICO,CMX,3310,One Paqueteria C.Regreso,"MEXICO, CMX.","PARROQUIA 1056 ENTRADA APROVEEDORES A ESPALDAS, SANTA CRUZ ATOYAC, 03310, MEXICO, CMX",,"AV CUAUHTEMOC 1361   SANTA CRUZ ATOYAC_x000D__x000D_MEXICO,03310, CMX_x000D_MX",55 9183 7739,HRP880129QX5
244142,,194647.0,1,2026-09-22 00:00:00,2026-10-07 00:00:00,C09629,EQUILIMP,EQUILIMP QUERETARO,9279.2,20,1484.67,10763.87,0.0,4011-J07,,10,CJA,AV PEÑUELAS 5 INT:3,SAN PEDRITO PEÑUELAS,QUERETARO,QUE,76148,Cobro Destino,"QUERETARO, QUE.","AV PEÑUELAS 5 INT:3, SAN PEDRITO PEÑUELAS, 76148, QUERETARO, QUE",,"AV PEÑUELAS 21 INT:20B   SAN PEDRITO PEÑUELAS_x000D__x000D_QUERETARO,76148, QUE_x000D_MX",442 247 2725,EQU1701181AA
244142,,194647.0,1,2026-09-22 00:00:00,2026-10-07 00:00:00,C09629,EQUILIMP,EQUILIMP QUERETARO,6034.0,20,965.44,6999.44,0.0,4011-L10,,5,CJA,AV PEÑUELAS 5 INT:3,SAN PEDRITO PEÑUELAS,QUERETARO,QUE,76148,Cobro Destino,"QUERETARO, QUE.","AV PEÑUELAS 5 INT:3, SAN PEDRITO PEÑUELAS, 76148, QUERETARO, QUE",,"AV PEÑUELAS 21 INT:20B   SAN PEDRITO PEÑUELAS_x000D__x000D_QUERETARO,76148, QUE_x000D_MX",442 247 2725,EQU1701181AA
244142,,194647.0,1,2026-09-22 00:00:00,2026-10-07 00:00:00,C09629,EQUILIMP,EQUILIMP QUERETARO,6898.18,20,1103.71,8001.88,0.0,4043-L50,,6,CJA,AV PEÑUELAS 5 INT:3,SAN PEDRITO PEÑUELAS,QUERETARO,QUE,76148,Cobro Destino,"QUERETARO, QUE.","AV PEÑUELAS 5 INT:3, SAN PEDRITO PEÑUELAS, 76148, QUERETARO, QUE",,"AV PEÑUELAS 21 INT:20B   SAN PEDRITO PEÑUELAS_x000D__x000D_QUERETARO,76148, QUE_x000D_MX",442 247 2725,EQU1701181AA
244142,,194647.0,1,2026-09-22 00:00:00,2026-10-07 00:00:00,C09629,EQUILIMP,EQUILIMP QUERETARO,1588.0,20,254.08,1842.08,0.0,4043-J07,,2,CJA,AV PEÑUELAS 5 INT:3,SAN PEDRITO PEÑUELAS,QUERETARO,QUE,76148,Cobro Destino,"QUERETARO, QUE.","AV PEÑUELAS 5 INT:3, SAN PEDRITO PEÑUELAS, 76148, QUERETARO, QUE",,"AV PEÑUELAS 21 INT:20B   SAN PEDRITO PEÑUELAS_x000D__x000D_QUERETARO,76148, QUE_x000D_MX",442 247 2725,EQU1701181AA
244142,,194647.0,1,2026-09-22 00:00:00,2026-10-07 00:00:00,C09629,EQUILIMP,EQUILIMP QUERETARO,1613.6,20,258.18,1871.78,0.0,4052-J07,,2,CJA,AV PEÑUELAS 5 INT:3,SAN PEDRITO PEÑUELAS,QUERETARO,QUE,76148,Cobro Destino,"QUERETARO, QUE.","AV PEÑUELAS 5 INT:3, SAN PEDRITO PEÑUELAS, 76148, QUERETARO, QUE",,"AV PEÑUELAS 21 INT:20B   SAN PEDRITO PEÑUELAS_x000D__x000D_QUERETARO,76148, QUE_x000D_MX",442 247 2725,EQU1701181AA
244142,,194647.0,1,2026-09-22 00:00:00,2026-10-07 00:00:00,C09629,EQUILIMP,EQUILIMP QUERETARO,2097.44,20,335.59,2433.03,0.0,4029-A94,,2,CJA,AV PEÑUELAS 5 INT:3,SAN PEDRITO PEÑUELAS,QUERETARO,QUE,76148,Cobro Destino,"QUERETARO, QUE.","AV PEÑUELAS 5 INT:3, SAN PEDRITO PEÑUELAS, 76148, QUERETARO, QUE",,"AV PEÑUELAS 21 INT:20B   SAN PEDRITO PEÑUELAS_x000D__x000D_QUERETARO,76148, QUE_x000D_MX",442 247 2725,EQU1701181AA
244142,,194647.0,1,2026-09-22 00:00:00,2026-10-07 00:00:00,C09629,EQUILIMP,EQUILIMP QUERETARO,1109.6,20,177.54,1287.14,0.0,4018-L48,,2,CJA,AV PEÑUELAS 5 INT:3,SAN PEDRITO PEÑUELAS,QUERETARO,QUE,76148,Cobro Destino,"QUERETARO, QUE.","AV PEÑUELAS 5 INT:3, SAN PEDRITO PEÑUELAS, 76148, QUERETARO, QUE",,"AV PEÑUELAS 21 INT:20B   SAN PEDRITO PEÑUELAS_x000D__x000D_QUERETARO,76148, QUE_x000D_MX",442 247 2725,EQU1701181AA
244142,,194647.0,1,2026-09-22 00:00:00,2026-10-07 00:00:00,C09629,EQUILIMP,EQUILIMP QUERETARO,1853.34,20,296.53,2149.88,0.0,4018-L06,,4,CJA,AV PEÑUELAS 5 INT:3,SAN PEDRITO PEÑUELAS,QUERETARO,QUE,76148,Cobro Destino,"QUERETARO, QUE.","AV PEÑUELAS 5 INT:3, SAN PEDRITO PEÑUELAS, 76148, QUERETARO, QUE",,"AV PEÑUELAS 21 INT:20B   SAN PEDRITO PEÑUELAS_x000D__x000D_QUERETARO,76148, QUE_x000D_MX",442 247 2725,EQU1701181AA
244142,,194647.0,1,2026-09-22 00:00:00,2026-10-07 00:00:00,C09629,EQUILIMP,EQUILIMP QUERETARO,1109.6,20,177.54,1287.14,0.0,4018-L46,,2,CJA,AV PEÑUELAS 5 INT:3,SAN PEDRITO PEÑUELAS,QUERETARO,QUE,76148,Cobro Destino,"QUERETARO, QUE.","AV PEÑUELAS 5 INT:3, SAN PEDRITO PEÑUELAS, 76148, QUERETARO, QUE",,"AV PEÑUELAS 21 INT:20B   SAN PEDRITO PEÑUELAS_x000D__x000D_QUERETARO,76148, QUE_x000D_MX",442 247 2725,EQU1701181AA
244142,,194647.0,1,2026-09-22 00:00:00,2026-10-07 00:00:00,C09629,EQUILIMP,EQUILIMP QUERETARO,1724.64,20,275.94,2000.58,0.0,4043-L01,ALMOND & OLIVE SHAMP,2,CJA,AV PEÑUELAS 5 INT:3,SAN PEDRITO PEÑUELAS,QUERETARO,QUE,76148,Cobro Destino,"QUERETARO, QUE.","AV PEÑUELAS 5 INT:3, SAN PEDRITO PEÑUELAS, 76148, QUERETARO, QUE",,"AV PEÑUELAS 21 INT:20B   SAN PEDRITO PEÑUELAS_x000D__x000D_QUERETARO,76148, QUE_x000D_MX",442 247 2725,EQU1701181AA
244143,4503142009,194663.0,1,2026-09-22 00:00:00,2026-10-22 00:00:00,C03115,INMOBILIARIA HOTELERA EL PRESIDENTE SAN JOSE DEL CABO,PRESIDENTE INTERCONTINENTAL GUADALAJARA,11640.38,0,1862.46,13502.84,675.0,4029-A48,,5,CJA,AV. MOCTEZUMA 3515 PISO 11,CIUDAD DEL SOL,ZAPOPAN,JAL,45050,Transporte LOCAL,"ZAPOPAN, JAL.","AV. MOCTEZUMA 3515 PISO 11, CIUDAD DEL SOL, 45050, ZAPOPAN, JAL",,"AVENIDA EJERCITO NACIONAL MEXICANO 769 INT TORRE B PISO 8   GRANADA_x000D__x000D_MIGUEL HIDALO,11520, CMX_x000D_MX",33 3678 1262,IHP810701G7A
244144,OC 163563,194398.0,11,2026-09-22 00:00:00,2026-10-22 00:00:00,C03485,OPERADORA DE HOTELES SAN JERONIMO,COURTYARD MARRIOTT SAN JERONIMO 9392Y (MSJ),4807.5,0,769.2,5576.7,0.0,5369-J03,,5,CJA,AV. SAN JERONIMO 1012,SAN JERONIMO,MONTERREY,NL,64640,CEDIS Monterrey  (Solo Factura),"MONTERREY, NL.","AV. SAN JERONIMO 1012, SAN JERONIMO, 64640, MONTERREY, NL",,"AV. SAN JERONIMO  1012   SAN JERONIMO_x000D__x000D_MONTERREY,64640, NL_x000D_MX",81 8174 2400,OHS0312152Z4
244144,OC 163563,194398.0,11,2026-09-22 00:00:00,2026-10-22 00:00:00,C03485,OPERADORA DE HOTELES SAN JERONIMO,COURTYARD MARRIOTT SAN JERONIMO 9392Y (MSJ),3982.45,0,637.19,4619.64,0.0,C06601-L11,,5,CJA,AV. SAN JERONIMO 1012,SAN JERONIMO,MONTERREY,NL,64640,CEDIS Monterrey  (Solo Factura),"MONTERREY, NL.","AV. SAN JERONIMO 1012, SAN JERONIMO, 64640, MONTERREY, NL",,"AV. SAN JERONIMO  1012   SAN JERONIMO_x000D__x000D_MONTERREY,64640, NL_x000D_MX",81 8174 2400,OHS0312152Z4
244144,OC 163563,194398.0,11,2026-09-22 00:00:00,2026-10-22 00:00:00,C03485,OPERADORA DE HOTELES SAN JERONIMO,COURTYARD MARRIOTT SAN JERONIMO 9392Y (MSJ),11809.95,0,1889.6,13699.54,0.0,C06601-L10,,15,CJA,AV. SAN JERONIMO 1012,SAN JERONIMO,MONTERREY,NL,64640,CEDIS Monterrey  (Solo Factura),"MONTERREY, NL.","AV. SAN JERONIMO 1012, SAN JERONIMO, 64640, MONTERREY, NL",,"AV. SAN JERONIMO  1012   SAN JERONIMO_x000D__x000D_MONTERREY,64640, NL_x000D_MX",81 8174 2400,OHS0312152Z4
244144,OC 163563,194398.0,11,2026-09-22 00:00:00,2026-10-22 00:00:00,C03485,OPERADORA DE HOTELES SAN JERONIMO,COURTYARD MARRIOTT SAN JERONIMO 9392Y (MSJ),3936.65,0,629.86,4566.51,0.0,C06601-L08,,5,CJA,AV. SAN JERONIMO 1012,SAN JERONIMO,MONTERREY,NL,64640,CEDIS Monterrey  (Solo Factura),"MONTERREY, NL.","AV. SAN JERONIMO 1012, SAN JERONIMO, 64640, MONTERREY, NL",,"AV. SAN JERONIMO  1012   SAN JERONIMO_x000D__x000D_MONTERREY,64640, NL_x000D_MX",81 8174 2400,OHS0312152Z4
244144,OC 163563,194398.0,11,2026-09-22 00:00:00,2026-10-22 00:00:00,C03485,OPERADORA DE HOTELES SAN JERONIMO,COURTYARD MARRIOTT SAN JERONIMO 9392Y (MSJ),3897.0,0,623.52,4520.52,0.0,5369-L02,RAINFOREST FOLIAGE B,3,CJA,AV. SAN JERONIMO 1012,SAN JERONIMO,MONTERREY,NL,64640,CEDIS Monterrey  (Solo Factura),"MONTERREY, NL.","AV. SAN JERONIMO 1012, SAN JERONIMO, 64640, MONTERREY, NL",,"AV. SAN JERONIMO  1012   SAN JERONIMO_x000D__x000D_MONTERREY,64640, NL_x000D_MX",81 8174 2400,OHS0312152Z4
244144,OC 163563,194398.0,11,2026-09-22 00:00:00,2026-10-22 00:00:00,C03485,OPERADORA DE HOTELES SAN JERONIMO,COURTYARD MARRIOTT SAN JERONIMO 9392Y (MSJ),5196.0,0,831.36,6027.36,0.0,5369-L01,RAINFOREST FOLIAGE S,4,CJA,AV. SAN JERONIMO 1012,SAN JERONIMO,MONTERREY,NL,64640,CEDIS Monterrey  (Solo Factura),"MONTERREY, NL.","AV. SAN JERONIMO 1012, SAN JERONIMO, 64640, MONTERREY, NL",,"AV. SAN JERONIMO  1012   SAN JERONIMO_x000D__x000D_MONTERREY,64640, NL_x000D_MX",81 8174 2400,OHS0312152Z4
244145,300014659,193208.0,13,2026-09-22 00:00:00,2026-10-22 00:00:00,C02351,GILCHRIST & SOAMES,GILCHRIST & SOAMES,237153.24,0,0.0,237153.24,13752.0,2351-J98,SPA-ALOE CTN SOAP 1.,400,CJA,"2425 E. PERRY ROAD, SUITE 150",TAX ID 26-0871731,PLAINFIELD,IN,46168,Exportacion,"PLAINFIELD, IN.","2425 E. PERRY ROAD, SUITE 150, TAX ID 26-0871731, 46168, PLAINFIELD, IN",,"2425 E. PERRY ROAD, SUITE 150_x000D_PLAINFIELD IN  46168_x000D_USA",317-786-8286,XEXX010101000
244146,300014093,189622.0,13,2026-09-22 00:00:00,2026-10-22 00:00:00,C02351,GILCHRIST & SOAMES,GILCHRIST & SOAMES,131924.25,0,0.0,131924.25,7650.0,2351-J152,EE BATHE 1.5OZ OAT S,225,CJA,"2425 E. PERRY ROAD, SUITE 150",TAX ID 26-0871731,PLAINFIELD,IN,46168,Exportacion,"PLAINFIELD, IN.","2425 E. PERRY ROAD, SUITE 150, TAX ID 26-0871731, 46168, PLAINFIELD, IN",,"2425 E. PERRY ROAD, SUITE 150_x000D_PLAINFIELD IN  46168_x000D_USA",317-786-8286,XEXX010101000
244147,300014495,191395.0,13,2026-09-22 00:00:00,2026-10-22 00:00:00,C02351,GILCHRIST & SOAMES,GILCHRIST & SOAMES,38801.25,0,0.0,38801.25,2250.0,2351-J151,EE BATHE 1OZ ALOE SO,125,CJA,"2425 E. PERRY ROAD, SUITE 150",TAX ID 26-0871731,PLAINFIELD,IN,46168,Exportacion,"PLAINFIELD, IN.","2425 E. PERRY ROAD, SUITE 150, TAX ID 26-0871731, 46168, PLAINFIELD, IN",,"2425 E. PERRY ROAD, SUITE 150_x000D_PLAINFIELD IN  46168_x000D_USA",317-786-8286,XEXX010101000
244148,626530000124479/ tramite de pago,194676.0,1,2026-09-22 00:00:00,2026-09-22 00:00:00,C04985,DESARROLLADORA HOTELERA ACUEDUCTO,HYATT REGANCY ANDARES GUADALAJARA A0096720,1286.7,0,205.87,1492.57,0.0,JHRB-1005,,1,PZA,AV. ACUEDUCTO #4969,PUERTA DE HIERRO,ZAPOPAN,JAL,45116,FACTURA DETENIDA,"ZAPOPAN, JAL.","AV. ACUEDUCTO #4969, PUERTA DE HIERRO, 45116, ZAPOPAN, JAL",,"AV. PUERTA DE HIERRO #5065   PUERTA DE HIERRO_x000D__x000D_ZAPOPAN,45116, JAL_x000D_MX",331 892 9921,DHA130531H50
244149,300014601,191473.0,13,2026-09-22 00:00:00,2026-10-22 00:00:00,C02351,GILCHRIST & SOAMES,GILCHRIST & SOAMES,38801.25,0,0.0,38801.25,2250.0,2351-J151,EE BATHE 1OZ ALOE SO,125,CJA,"2425 E. PERRY ROAD, SUITE 150",TAX ID 26-0871731,PLAINFIELD,IN,46168,Exportacion,"PLAINFIELD, IN.","2425 E. PERRY ROAD, SUITE 150, TAX ID 26-0871731, 46168, PLAINFIELD, IN",,"2425 E. PERRY ROAD, SUITE 150_x000D_PLAINFIELD IN  46168_x000D_USA",317-786-8286,XEXX010101000
244150,300014385,192012.0,13,2026-09-22 00:00:00,2026-10-22 00:00:00,C02351,GILCHRIST & SOAMES,GILCHRIST & SOAMES,36486.11,0,0.0,36486.11,2115.75,2351-J67,LONDON ALOE 1.5 OZ B,75,CJA,"2425 E. PERRY ROAD, SUITE 150",TAX ID 26-0871731,PLAINFIELD,IN,46168,Exportacion,"PLAINFIELD, IN.","2425 E. PERRY ROAD, SUITE 150, TAX ID 26-0871731, 46168, PLAINFIELD, IN",,"2425 E. PERRY ROAD, SUITE 150_x000D_PLAINFIELD IN  46168_x000D_USA",317-786-8286,XEXX010101000
244151,4501062318,194667.0,1,2026-09-22 00:00:00,2026-10-22 00:00:00,C07298,ALMACENES PALACE RESORTS,LE BLANC CABOS,25740.0,0,4118.39,29858.4,0.0,4029-A92,,9,CJA,KM 18.4 CARRETERA TRANSPENINSULAR SJC-CSL,LOMAS DEL TULE,SAN  JOSE DEL CABO,BCS,23405,Cobro Regreso,"SAN  JOSE DEL CABO, BCS.","KM 18.4 CARRETERA TRANSPENINSULAR SJC-CSL, LOMAS DEL TULE, 23405, SAN  JOSE DEL CABO, BCS",,"AV ANDRES GARCIA LAVIN CALLE 32 #298   MONTEBELLO_x000D__x000D_MERIDA,97113, YUC_x000D_MX",624 163 0100,APR180808CP0
244151,4501062318,194667.0,1,2026-09-22 00:00:00,2026-10-22 00:00:00,C07298,ALMACENES PALACE RESORTS,LE BLANC CABOS,6321.6,0,1011.46,7333.06,0.0,4029-A90,,10,CJA,KM 18.4 CARRETERA TRANSPENINSULAR SJC-CSL,LOMAS DEL TULE,SAN  JOSE DEL CABO,BCS,23405,Cobro Regreso,"SAN  JOSE DEL CABO, BCS.","KM 18.4 CARRETERA TRANSPENINSULAR SJC-CSL, LOMAS DEL TULE, 23405, SAN  JOSE DEL CABO, BCS",,"AV ANDRES GARCIA LAVIN CALLE 32 #298   MONTEBELLO_x000D__x000D_MERIDA,97113, YUC_x000D_MX",624 163 0100,APR180808CP0
244151,4501062318,194667.0,1,2026-09-22 00:00:00,2026-10-22 00:00:00,C07298,ALMACENES PALACE RESORTS,LE BLANC CABOS,10261.3,0,1641.81,11903.11,0.0,4029-A91,,7,CJA,KM 18.4 CARRETERA TRANSPENINSULAR SJC-CSL,LOMAS DEL TULE,SAN  JOSE DEL CABO,BCS,23405,Cobro Regreso,"SAN  JOSE DEL CABO, BCS.","KM 18.4 CARRETERA TRANSPENINSULAR SJC-CSL, LOMAS DEL TULE, 23405, SAN  JOSE DEL CABO, BCS",,"AV ANDRES GARCIA LAVIN CALLE 32 #298   MONTEBELLO_x000D__x000D_MERIDA,97113, YUC_x000D_MX",624 163 0100,APR180808CP0
244151,4501062318,194667.0,1,2026-09-22 00:00:00,2026-10-22 00:00:00,C07298,ALMACENES PALACE RESORTS,LE BLANC CABOS,4320.0,0,691.2,5011.2,0.0,4032-L01,BRISS MOUTHWASH 1.0,4,CJA,KM 18.4 CARRETERA TRANSPENINSULAR SJC-CSL,LOMAS DEL TULE,SAN  JOSE DEL CABO,BCS,23405,Cobro Regreso,"SAN  JOSE DEL CABO, BCS.","KM 18.4 CARRETERA TRANSPENINSULAR SJC-CSL, LOMAS DEL TULE, 23405, SAN  JOSE DEL CABO, BCS",,"AV ANDRES GARCIA LAVIN CALLE 32 #298   MONTEBELLO_x000D__x000D_MERIDA,97113, YUC_x000D_MX",624 163 0100,APR180808CP0
244152,,194664.0,1,2026-09-22 00:00:00,2026-09-22 00:00:00,C08923,OPERADORA DE HOTELES CASA MEXICANA,BEST WESTERN SALTILLO,7193.8,0,1151.01,8344.81,0.0,ANTC,,1,PZA,CALLE LA FRAGUA NTE 2672,GUANAJUATO ORIENTE,SALTILLO,COA,25286,Solo Factura,"SALTILLO, COA.","CALLE LA FRAGUA NTE 2672, GUANAJUATO ORIENTE, 25286, SALTILLO, COA",,"CALLE LA FRAGUA NTE 2672   GUANAJUATO ORIENTE_x000D__x000D_SALTILLO,25286, COA_x000D_MX",844 438 9330,OHC041202F74
244153,,221280.0,1,2026-09-22 00:00:00,2026-09-22 00:00:00,C09369,HABITAT ESTATE PLUZ,HOTEL SERENZZO,754.99,0,120.8,875.79,0.0,4029-A90,,1,CJA,AV GUADALUPE 4279,CIUDAD DE LOS NIÑOS,ZAPOPAN,JAL,45040,Cliente Pasa por Mercancia,"ZAPOPAN, JAL.","AV GUADALUPE 4279, CIUDAD DE LOS NIÑOS, 45040, ZAPOPAN, JAL",,"AV GUADALUPE 4279   CIUDAD DE LOS NIÑOS_x000D__x000D_ZAPOPAN,45040, JAL_x000D_MX",33 3127 1090,HEP231102SD1
244153,,221280.0,1,2026-09-22 00:00:00,2026-09-22 00:00:00,C09369,HABITAT ESTATE PLUZ,HOTEL SERENZZO,1572.9,0,251.66,1824.56,0.0,4029-A97,,1,CJA,AV GUADALUPE 4279,CIUDAD DE LOS NIÑOS,ZAPOPAN,JAL,45040,Cliente Pasa por Mercancia,"ZAPOPAN, JAL.","AV GUADALUPE 4279, CIUDAD DE LOS NIÑOS, 45040, ZAPOPAN, JAL",,"AV GUADALUPE 4279   CIUDAD DE LOS NIÑOS_x000D__x000D_ZAPOPAN,45040, JAL_x000D_MX",33 3127 1090,HEP231102SD1
244154,,194634.0,1,2026-09-22 00:00:00,2026-09-22 00:00:00,C02293,JESUS HECTOR RAFAEL ZUARES ROBLES,AUTO HOTEL EL CID,16730.0,0,2676.8,19406.8,0.0,4016-J08,,20,CJA,CALLE 35 AVE #11-12 No.1111,PUEBLO NUEVO,AGUA PRIETA,SON,84270,Cobro Destino,"AGUA PRIETA, SON.","CALLE 35 AVE #11-12 No.1111, PUEBLO NUEVO, 84270, AGUA PRIETA, SON",,"CALLE 16 AVE. 25 #2505   ACAPULCO_x000D__x000D_AGUA PRIETA,84270, SON_x000D_MX",633 121 7862,ZURJ671015BQ6
244154,,194634.0,1,2026-09-22 00:00:00,2026-09-22 00:00:00,C02293,JESUS HECTOR RAFAEL ZUARES ROBLES,AUTO HOTEL EL CID,11679.0,0,1868.64,13547.64,0.0,4016-L04,,10,CJA,CALLE 35 AVE #11-12 No.1111,PUEBLO NUEVO,AGUA PRIETA,SON,84270,Cobro Destino,"AGUA PRIETA, SON.","CALLE 35 AVE #11-12 No.1111, PUEBLO NUEVO, 84270, AGUA PRIETA, SON",,"CALLE 16 AVE. 25 #2505   ACAPULCO_x000D__x000D_AGUA PRIETA,84270, SON_x000D_MX",633 121 7862,ZURJ671015BQ6
244154,,194634.0,1,2026-09-22 00:00:00,2026-09-22 00:00:00,C02293,JESUS HECTOR RAFAEL ZUARES ROBLES,AUTO HOTEL EL CID,3774.95,0,603.99,4378.94,0.0,4029-A90,,5,CJA,CALLE 35 AVE #11-12 No.1111,PUEBLO NUEVO,AGUA PRIETA,SON,84270,Cobro Destino,"AGUA PRIETA, SON.","CALLE 35 AVE #11-12 No.1111, PUEBLO NUEVO, 84270, AGUA PRIETA, SON",,"CALLE 16 AVE. 25 #2505   ACAPULCO_x000D__x000D_AGUA PRIETA,84270, SON_x000D_MX",633 121 7862,ZURJ671015BQ6
244154,,194634.0,1,2026-09-22 00:00:00,2026-09-22 00:00:00,C02293,JESUS HECTOR RAFAEL ZUARES ROBLES,AUTO HOTEL EL CID,4671.6,0,747.46,5419.06,0.0,4016-L05,,4,CJA,CALLE 35 AVE #11-12 No.1111,PUEBLO NUEVO,AGUA PRIETA,SON,84270,Cobro Destino,"AGUA PRIETA, SON.","CALLE 35 AVE #11-12 No.1111, PUEBLO NUEVO, 84270, AGUA PRIETA, SON",,"CALLE 16 AVE. 25 #2505   ACAPULCO_x000D__x000D_AGUA PRIETA,84270, SON_x000D_MX",633 121 7862,ZURJ671015BQ6
244154,,194634.0,1,2026-09-22 00:00:00,2026-09-22 00:00:00,C02293,JESUS HECTOR RAFAEL ZUARES ROBLES,AUTO HOTEL EL CID,5243.6,0,838.97,6082.58,0.0,4029-A94,,4,CJA,CALLE 35 AVE #11-12 No.1111,PUEBLO NUEVO,AGUA PRIETA,SON,84270,Cobro Destino,"AGUA PRIETA, SON.","CALLE 35 AVE #11-12 No.1111, PUEBLO NUEVO, 84270, AGUA PRIETA, SON",,"CALLE 16 AVE. 25 #2505   ACAPULCO_x000D__x000D_AGUA PRIETA,84270, SON_x000D_MX",633 121 7862,ZURJ671015BQ6
244154,,194634.0,1,2026-09-22 00:00:00,2026-09-22 00:00:00,C02293,JESUS HECTOR RAFAEL ZUARES ROBLES,AUTO HOTEL EL CID,13290.0,0,2126.4,15416.4,0.0,4029-A05,MISCELANEOS,6,CJA,CALLE 35 AVE #11-12 No.1111,PUEBLO NUEVO,AGUA PRIETA,SON,84270,Cobro Destino,"AGUA PRIETA, SON.","CALLE 35 AVE #11-12 No.1111, PUEBLO NUEVO, 84270, AGUA PRIETA, SON",,"CALLE 16 AVE. 25 #2505   ACAPULCO_x000D__x000D_AGUA PRIETA,84270, SON_x000D_MX",633 121 7862,ZURJ671015BQ6
244154,,194634.0,1,2026-09-22 00:00:00,2026-09-22 00:00:00,C02293,JESUS HECTOR RAFAEL ZUARES ROBLES,AUTO HOTEL EL CID,6434.5,0,1029.52,7464.02,0.0,4016-L07,ELEMENTS EVOLUTION B,5,CJA,CALLE 35 AVE #11-12 No.1111,PUEBLO NUEVO,AGUA PRIETA,SON,84270,Cobro Destino,"AGUA PRIETA, SON.","CALLE 35 AVE #11-12 No.1111, PUEBLO NUEVO, 84270, AGUA PRIETA, SON",,"CALLE 16 AVE. 25 #2505   ACAPULCO_x000D__x000D_AGUA PRIETA,84270, SON_x000D_MX",633 121 7862,ZURJ671015BQ6
244154,,194634.0,1,2026-09-22 00:00:00,2026-09-22 00:00:00,C02293,JESUS HECTOR RAFAEL ZUARES ROBLES,AUTO HOTEL EL CID,2033.0,0,325.28,2358.28,0.0,4032-L01,BRISS MOUTHWASH 1.0,2,CJA,CALLE 35 AVE #11-12 No.1111,PUEBLO NUEVO,AGUA PRIETA,SON,84270,Cobro Destino,"AGUA PRIETA, SON.","CALLE 35 AVE #11-12 No.1111, PUEBLO NUEVO, 84270, AGUA PRIETA, SON",,"CALLE 16 AVE. 25 #2505   ACAPULCO_x000D__x000D_AGUA PRIETA,84270, SON_x000D_MX",633 121 7862,ZURJ671015BQ6
244155,AK-14911,194658.0,1,2026-09-22 00:00:00,2026-10-07 00:00:00,C07192,IMPULSORA PLAZA JUAREZ,CITY EXPRESS CIUDAD OBREGON (CECEN),5028.65,0,804.58,5833.23,0.0,4051-L10,,5,CJA,AV. MIGUEL ALEMÁN #901 NORTE,AMPLIACION DEL SOL,OBREGON,SON,85010,Cobro Regreso,"OBREGON, SON.","AV. MIGUEL ALEMÁN #901 NORTE, AMPLIACION DEL SOL, 85010, OBREGON, SON",,"JUAN SALVADOR AGRAZ 69 PISO 12   SANTA FE CUAJIMALPA_x000D__x000D_CUAJIMALPA DE MORELOS,05348, CMX_x000D_MX",01 644 410 8720,IPJ030829QDA
244155,AK-14911,194658.0,1,2026-09-22 00:00:00,2026-10-07 00:00:00,C07192,IMPULSORA PLAZA JUAREZ,CITY EXPRESS CIUDAD OBREGON (CECEN),1005.73,0,160.92,1166.65,0.0,4051-L12,,1,CJA,AV. MIGUEL ALEMÁN #901 NORTE,AMPLIACION DEL SOL,OBREGON,SON,85010,Cobro Regreso,"OBREGON, SON.","AV. MIGUEL ALEMÁN #901 NORTE, AMPLIACION DEL SOL, 85010, OBREGON, SON",,"JUAN SALVADOR AGRAZ 69 PISO 12   SANTA FE CUAJIMALPA_x000D__x000D_CUAJIMALPA DE MORELOS,05348, CMX_x000D_MX",01 644 410 8720,IPJ030829QDA
244155,AK-14911,194658.0,1,2026-09-22 00:00:00,2026-10-07 00:00:00,C07192,IMPULSORA PLAZA JUAREZ,CITY EXPRESS CIUDAD OBREGON (CECEN),2011.46,0,321.83,2333.29,0.0,4051-L11,,2,CJA,AV. MIGUEL ALEMÁN #901 NORTE,AMPLIACION DEL SOL,OBREGON,SON,85010,Cobro Regreso,"OBREGON, SON.","AV. MIGUEL ALEMÁN #901 NORTE, AMPLIACION DEL SOL, 85010, OBREGON, SON",,"JUAN SALVADOR AGRAZ 69 PISO 12   SANTA FE CUAJIMALPA_x000D__x000D_CUAJIMALPA DE MORELOS,05348, CMX_x000D_MX",01 644 410 8720,IPJ030829QDA
244155,AK-14911,194658.0,1,2026-09-22 00:00:00,2026-10-07 00:00:00,C07192,IMPULSORA PLAZA JUAREZ,CITY EXPRESS CIUDAD OBREGON (CECEN),2904.72,0,464.76,3369.48,0.0,4051-J04,,7,CJA,AV. MIGUEL ALEMÁN #901 NORTE,AMPLIACION DEL SOL,OBREGON,SON,85010,Cobro Regreso,"OBREGON, SON.","AV. MIGUEL ALEMÁN #901 NORTE, AMPLIACION DEL SOL, 85010, OBREGON, SON",,"JUAN SALVADOR AGRAZ 69 PISO 12   SANTA FE CUAJIMALPA_x000D__x000D_CUAJIMALPA DE MORELOS,05348, CMX_x000D_MX",01 644 410 8720,IPJ030829QDA
244155,AK-14911,194658.0,1,2026-09-22 00:00:00,2026-10-07 00:00:00,C07192,IMPULSORA PLAZA JUAREZ,CITY EXPRESS CIUDAD OBREGON (CECEN),1288.56,0,206.17,1494.73,0.0,4051-J03,,2,CJA,AV. MIGUEL ALEMÁN #901 NORTE,AMPLIACION DEL SOL,OBREGON,SON,85010,Cobro Regreso,"OBREGON, SON.","AV. MIGUEL ALEMÁN #901 NORTE, AMPLIACION DEL SOL, 85010, OBREGON, SON",,"JUAN SALVADOR AGRAZ 69 PISO 12   SANTA FE CUAJIMALPA_x000D__x000D_CUAJIMALPA DE MORELOS,05348, CMX_x000D_MX",01 644 410 8720,IPJ030829QDA
244156,OC: PTO007,194630.0,1,2026-09-22 00:00:00,2026-10-22 00:00:00,C09328,COMERCIALIZADORA SANITARIA,COMSAN,6839.93,25,1094.39,7934.31,0.0,4016-J07,,10,CJA,CALLE SARIC Y ALTAR S/N LOCAL No. 9,LAS CONCHAS,PUERTO PEÑASCO,SON,83550,Cobro Regreso,"PUERTO PEÑASCO, SON.","CALLE SARIC Y ALTAR S/N LOCAL No. 9, LAS CONCHAS, 83550, PUERTO PEÑASCO, SON",,"BLVD. LUIS ENCINAS JOHNSON #214   HERMOSILLO CENTRO_x000D__x000D_HERMOSILLO,83000, SON_x000D_MX",662 212 1221,CSA950626BE2
244156,OC: PTO007,194630.0,1,2026-09-22 00:00:00,2026-10-22 00:00:00,C09328,COMERCIALIZADORA SANITARIA,COMSAN,4379.63,25,700.74,5080.37,0.0,4016-L04,,5,CJA,CALLE SARIC Y ALTAR S/N LOCAL No. 9,LAS CONCHAS,PUERTO PEÑASCO,SON,83550,Cobro Regreso,"PUERTO PEÑASCO, SON.","CALLE SARIC Y ALTAR S/N LOCAL No. 9, LAS CONCHAS, 83550, PUERTO PEÑASCO, SON",,"BLVD. LUIS ENCINAS JOHNSON #214   HERMOSILLO CENTRO_x000D__x000D_HERMOSILLO,83000, SON_x000D_MX",662 212 1221,CSA950626BE2
244156,OC: PTO007,194630.0,1,2026-09-22 00:00:00,2026-10-22 00:00:00,C09328,COMERCIALIZADORA SANITARIA,COMSAN,2248.5,25,359.76,2608.26,0.0,8014-L27,,2,CJA,CALLE SARIC Y ALTAR S/N LOCAL No. 9,LAS CONCHAS,PUERTO PEÑASCO,SON,83550,Cobro Regreso,"PUERTO PEÑASCO, SON.","CALLE SARIC Y ALTAR S/N LOCAL No. 9, LAS CONCHAS, 83550, PUERTO PEÑASCO, SON",,"BLVD. LUIS ENCINAS JOHNSON #214   HERMOSILLO CENTRO_x000D__x000D_HERMOSILLO,83000, SON_x000D_MX",662 212 1221,CSA950626BE2
244156,OC: PTO007,194630.0,1,2026-09-22 00:00:00,2026-10-22 00:00:00,C09328,COMERCIALIZADORA SANITARIA,COMSAN,2627.78,25,420.44,3048.22,0.0,4016-L05,,3,CJA,CALLE SARIC Y ALTAR S/N LOCAL No. 9,LAS CONCHAS,PUERTO PEÑASCO,SON,83550,Cobro Regreso,"PUERTO PEÑASCO, SON.","CALLE SARIC Y ALTAR S/N LOCAL No. 9, LAS CONCHAS, 83550, PUERTO PEÑASCO, SON",,"BLVD. LUIS ENCINAS JOHNSON #214   HERMOSILLO CENTRO_x000D__x000D_HERMOSILLO,83000, SON_x000D_MX",662 212 1221,CSA950626BE2
244156,OC: PTO007,194630.0,1,2026-09-22 00:00:00,2026-10-22 00:00:00,C09328,COMERCIALIZADORA SANITARIA,COMSAN,1198.35,25,191.74,1390.09,0.0,4052-L43,,2,CJA,CALLE SARIC Y ALTAR S/N LOCAL No. 9,LAS CONCHAS,PUERTO PEÑASCO,SON,83550,Cobro Regreso,"PUERTO PEÑASCO, SON.","CALLE SARIC Y ALTAR S/N LOCAL No. 9, LAS CONCHAS, 83550, PUERTO PEÑASCO, SON",,"BLVD. LUIS ENCINAS JOHNSON #214   HERMOSILLO CENTRO_x000D__x000D_HERMOSILLO,83000, SON_x000D_MX",662 212 1221,CSA950626BE2
244156,OC: PTO007,194630.0,1,2026-09-22 00:00:00,2026-10-22 00:00:00,C09328,COMERCIALIZADORA SANITARIA,COMSAN,1285.35,25,205.65,1491.01,0.0,4052-L44,,2,CJA,CALLE SARIC Y ALTAR S/N LOCAL No. 9,LAS CONCHAS,PUERTO PEÑASCO,SON,83550,Cobro Regreso,"PUERTO PEÑASCO, SON.","CALLE SARIC Y ALTAR S/N LOCAL No. 9, LAS CONCHAS, 83550, PUERTO PEÑASCO, SON",,"BLVD. LUIS ENCINAS JOHNSON #214   HERMOSILLO CENTRO_x000D__x000D_HERMOSILLO,83000, SON_x000D_MX",662 212 1221,CSA950626BE2
244156,OC: PTO007,194630.0,1,2026-09-22 00:00:00,2026-10-22 00:00:00,C09328,COMERCIALIZADORA SANITARIA,COMSAN,1198.35,25,191.74,1390.09,0.0,4052-L45,,2,CJA,CALLE SARIC Y ALTAR S/N LOCAL No. 9,LAS CONCHAS,PUERTO PEÑASCO,SON,83550,Cobro Regreso,"PUERTO PEÑASCO, SON.","CALLE SARIC Y ALTAR S/N LOCAL No. 9, LAS CONCHAS, 83550, PUERTO PEÑASCO, SON",,"BLVD. LUIS ENCINAS JOHNSON #214   HERMOSILLO CENTRO_x000D__x000D_HERMOSILLO,83000, SON_x000D_MX",662 212 1221,CSA950626BE2
244156,OC: PTO007,194630.0,1,2026-09-22 00:00:00,2026-10-22 00:00:00,C09328,COMERCIALIZADORA SANITARIA,COMSAN,808.43,25,129.35,937.77,0.0,4043-L03,ALMOND & OLIVE CONDI,1,CJA,CALLE SARIC Y ALTAR S/N LOCAL No. 9,LAS CONCHAS,PUERTO PEÑASCO,SON,83550,Cobro Regreso,"PUERTO PEÑASCO, SON.","CALLE SARIC Y ALTAR S/N LOCAL No. 9, LAS CONCHAS, 83550, PUERTO PEÑASCO, SON",,"BLVD. LUIS ENCINAS JOHNSON #214   HERMOSILLO CENTRO_x000D__x000D_HERMOSILLO,83000, SON_x000D_MX",662 212 1221,CSA950626BE2
244157,AD-FO-08,192291.0,1,2026-09-22 00:00:00,2026-10-07 00:00:00,C07627,IMPULSORA PLAZA LA ESTANCIA,CITY EXPRESS PLUS SAN LUIS POTOSI (CPSLP),5005.0,0,800.8,5805.8,0.0,JHJY-0022,,11,PZA,ANDADOR PLAZA LOMAS 52,LOMAS DEL TECNOLOGICO,SAN LUIS POTOSI,SLP,78215,Cobro Regreso,"SAN LUIS POTOSI, SLP.","ANDADOR PLAZA LOMAS 52, LOMAS DEL TECNOLOGICO, 78215, SAN LUIS POTOSI, SLP",,"PLAZA LOMAS 52   LOMAS DEL TECNOLOGICO_x000D__x000D_SAN LUIS POTOSI,78215, SLP_x000D_MX",444 475 4400,IPE1804266L6
244158,300014248,190559.0,13,2026-09-22 00:00:00,2026-10-22 00:00:00,C02351,GILCHRIST & SOAMES,GILCHRIST & SOAMES,51707.06,0,0.0,51707.06,2998.38,2351-J132,A200VE025PLU LONDON,118,CJA,"2425 E. PERRY ROAD, SUITE 150",TAX ID 26-0871731,PLAINFIELD,IN,46168,Exportacion,"PLAINFIELD, IN.","2425 E. PERRY ROAD, SUITE 150, TAX ID 26-0871731, 46168, PLAINFIELD, IN",,"2425 E. PERRY ROAD, SUITE 150_x000D_PLAINFIELD IN  46168_x000D_USA",317-786-8286,XEXX010101000
244159,A COMODATO,194349.0,1,2026-09-22 00:00:00,2026-10-22 00:00:00,C08856,CONSTRUCTORA NOMIR,COMFORT INN LOS CABOS (143191),836.4,0,133.82,970.22,0.0,JHJY-0064,,2,CJA,CARRETERA TRANSPENINSULAR KM 4.1,EL TEZAL,LOS CABOS,BCS,23454,Cobro Regreso,"LOS CABOS, BCS.","CARRETERA TRANSPENINSULAR KM 4.1, EL TEZAL, 23454, LOS CABOS, BCS",,"CALLE PRIMO DE VERDAD #103   LOMAS DEL GUADIANA_x000D__x000D_DURANGO,34110, DUR_x000D_MX",6182116880,CNO1905305I4
244160,221268,194691.0,1,2026-09-22 00:00:00,2026-09-22 00:00:00,C09903,SOLUCIONES ANTARA OCA,SOLUCIONES ANTARA OCA,12567.12,0,2010.74,14577.89,728.74,ANTC2,,1,PZA,AV. MEXICO #1,PALO ALTO,MARQUEZ,QUE,76420,Solo Factura,"MARQUEZ, QUE.","AV. MEXICO #1, PALO ALTO, 76420, MARQUEZ, QUE",,"CALLE ZARAGOZA #6 INT 23   EL CARMEN_x000D__x000D_TEZIUTLAN,73800, PUE_x000D_MX",44 2820 3076,SAO100820343
244161,NF-06307,194660.0,3,2026-09-22 00:00:00,2026-10-07 00:00:00,C04140,IMPULSORA PLAZA TAMAULIPAS,CITY EXPRESS CANCUN AEROPUERTO (CECHC),1005.73,0,160.92,1166.65,0.0,4051-L10,,1,CJA,CARR FED KM17 SM301 MZ3 LT3,CANCUN,BENITO JUAREZ,QR,77569,CEDIS Cancún,"BENITO JUAREZ, QR.","CARR FED KM17 SM301 MZ3 LT3, CANCUN, 77569, BENITO JUAREZ, QR",,"JUAN SALVADOR AGRAZ 69 PISO 12   SANTA FE CUAJIMALPA_x000D__x000D_CUAJIMALPA DE MORELOS,05348, CMX_x000D_MX",998 702 4786,IPT0507261R5
244161,NF-06307,194660.0,3,2026-09-22 00:00:00,2026-10-07 00:00:00,C04140,IMPULSORA PLAZA TAMAULIPAS,CITY EXPRESS CANCUN AEROPUERTO (CECHC),1005.73,0,160.92,1166.65,0.0,4051-L12,,1,CJA,CARR FED KM17 SM301 MZ3 LT3,CANCUN,BENITO JUAREZ,QR,77569,CEDIS Cancún,"BENITO JUAREZ, QR.","CARR FED KM17 SM301 MZ3 LT3, CANCUN, 77569, BENITO JUAREZ, QR",,"JUAN SALVADOR AGRAZ 69 PISO 12   SANTA FE CUAJIMALPA_x000D__x000D_CUAJIMALPA DE MORELOS,05348, CMX_x000D_MX",998 702 4786,IPT0507261R5
244161,NF-06307,194660.0,3,2026-09-22 00:00:00,2026-10-07 00:00:00,C04140,IMPULSORA PLAZA TAMAULIPAS,CITY EXPRESS CANCUN AEROPUERTO (CECHC),2904.72,0,464.75,3369.48,0.0,4051-J04,,7,CJA,CARR FED KM17 SM301 MZ3 LT3,CANCUN,BENITO JUAREZ,QR,77569,CEDIS Cancún,"BENITO JUAREZ, QR.","CARR FED KM17 SM301 MZ3 LT3, CANCUN, 77569, BENITO JUAREZ, QR",,"JUAN SALVADOR AGRAZ 69 PISO 12   SANTA FE CUAJIMALPA_x000D__x000D_CUAJIMALPA DE MORELOS,05348, CMX_x000D_MX",998 702 4786,IPT0507261R5
244161,NF-06307,194660.0,3,2026-09-22 00:00:00,2026-10-07 00:00:00,C04140,IMPULSORA PLAZA TAMAULIPAS,CITY EXPRESS CANCUN AEROPUERTO (CECHC),1932.84,0,309.25,2242.09,0.0,4051-J03,,3,CJA,CARR FED KM17 SM301 MZ3 LT3,CANCUN,BENITO JUAREZ,QR,77569,CEDIS Cancún,"BENITO JUAREZ, QR.","CARR FED KM17 SM301 MZ3 LT3, CANCUN, 77569, BENITO JUAREZ, QR",,"JUAN SALVADOR AGRAZ 69 PISO 12   SANTA FE CUAJIMALPA_x000D__x000D_CUAJIMALPA DE MORELOS,05348, CMX_x000D_MX",998 702 4786,IPT0507261R5
244162,221271,194695.0,1,2026-09-22 00:00:00,2026-09-22 00:00:00,C09903,SOLUCIONES ANTARA OCA,SOLUCIONES ANTARA OCA,13953.62,0,2232.58,16186.16,809.14,ANTC2,,1,PZA,AV. MEXICO #1,PALO ALTO,MARQUEZ,QUE,76420,Solo Factura,"MARQUEZ, QUE.","AV. MEXICO #1, PALO ALTO, 76420, MARQUEZ, QUE",,"CALLE ZARAGOZA #6 INT 23   EL CARMEN_x000D__x000D_TEZIUTLAN,73800, PUE_x000D_MX",44 2820 3076,SAO100820343
244163,21191,194670.0,1,2026-09-22 00:00:00,2026-10-22 00:00:00,C08624,OPERADORA DE HOTELES FLOSOL,HOLIDAY INN & SUITES PUERTO VALLARTA (PVRIF),9678.24,0,1548.52,11226.76,0.0,68739022,,16,CJA,BLVD. FRANCISCO MEDINA ASCENCIO 3650,VILLA LAS FLORES,PUERTO VALLARTA,JAL,48335,Cobro Regreso,"PUERTO VALLARTA, JAL.","BLVD. FRANCISCO MEDINA ASCENCIO 3650, VILLA LAS FLORES, 48335, PUERTO VALLARTA, JAL",,"BLVD. PUERTA DE HIERRO 5200 INT 14   PUERTA DE HIERRO_x000D__x000D_ZAPOPAN,45116, JAL_x000D_MX",322 226 7760,OHF0605235S7
244163,21191,194670.0,1,2026-09-22 00:00:00,2026-10-22 00:00:00,C08624,OPERADORA DE HOTELES FLOSOL,HOLIDAY INN & SUITES PUERTO VALLARTA (PVRIF),2320.44,0,371.27,2691.71,0.0,69706958,,4,CJA,BLVD. FRANCISCO MEDINA ASCENCIO 3650,VILLA LAS FLORES,PUERTO VALLARTA,JAL,48335,Cobro Regreso,"PUERTO VALLARTA, JAL.","BLVD. FRANCISCO MEDINA ASCENCIO 3650, VILLA LAS FLORES, 48335, PUERTO VALLARTA, JAL",,"BLVD. PUERTA DE HIERRO 5200 INT 14   PUERTA DE HIERRO_x000D__x000D_ZAPOPAN,45116, JAL_x000D_MX",322 226 7760,OHF0605235S7
244163,21191,194670.0,1,2026-09-22 00:00:00,2026-10-22 00:00:00,C08624,OPERADORA DE HOTELES FLOSOL,HOLIDAY INN & SUITES PUERTO VALLARTA (PVRIF),7475.04,0,1196.01,8671.05,0.0,68758340,,12,CJA,BLVD. FRANCISCO MEDINA ASCENCIO 3650,VILLA LAS FLORES,PUERTO VALLARTA,JAL,48335,Cobro Regreso,"PUERTO VALLARTA, JAL.","BLVD. FRANCISCO MEDINA ASCENCIO 3650, VILLA LAS FLORES, 48335, PUERTO VALLARTA, JAL",,"BLVD. PUERTA DE HIERRO 5200 INT 14   PUERTA DE HIERRO_x000D__x000D_ZAPOPAN,45116, JAL_x000D_MX",322 226 7760,OHF0605235S7
244163,21191,194670.0,1,2026-09-22 00:00:00,2026-10-22 00:00:00,C08624,OPERADORA DE HOTELES FLOSOL,HOLIDAY INN & SUITES PUERTO VALLARTA (PVRIF),2510.64,0,401.7,2912.34,0.0,68739026,,4,CJA,BLVD. FRANCISCO MEDINA ASCENCIO 3650,VILLA LAS FLORES,PUERTO VALLARTA,JAL,48335,Cobro Regreso,"PUERTO VALLARTA, JAL.","BLVD. FRANCISCO MEDINA ASCENCIO 3650, VILLA LAS FLORES, 48335, PUERTO VALLARTA, JAL",,"BLVD. PUERTA DE HIERRO 5200 INT 14   PUERTA DE HIERRO_x000D__x000D_ZAPOPAN,45116, JAL_x000D_MX",322 226 7760,OHF0605235S7
244165,22787,194671.0,1,2026-09-22 00:00:00,2026-10-07 00:00:00,C01684,OPERADORA BRITS,HOLIDAY INN DURANGO A0210061 (DGOMX),1255.32,0,200.85,1456.17,0.0,68739026,,2,CJA,BLVD. FRANCISCO VILLA 4315,20 DE NOVIEMBRE,DURANGO,DUR,34234,Cobro Destino,"DURANGO, DUR.","BLVD. FRANCISCO VILLA 4315, 20 DE NOVIEMBRE, 34234, DURANGO, DUR",,"BLVD. FRANCISCO VILLA 4315   20 DE NOVIEMBRE_x000D__x000D_DURANGO,34236, DUR_x000D_MX",618 175 4279,OBR010723IT7
244165,22787,194671.0,1,2026-09-22 00:00:00,2026-10-07 00:00:00,C01684,OPERADORA BRITS,HOLIDAY INN DURANGO A0210061 (DGOMX),1160.22,0,185.64,1345.86,0.0,69706958,,2,CJA,BLVD. FRANCISCO VILLA 4315,20 DE NOVIEMBRE,DURANGO,DUR,34234,Cobro Destino,"DURANGO, DUR.","BLVD. FRANCISCO VILLA 4315, 20 DE NOVIEMBRE, 34234, DURANGO, DUR",,"BLVD. FRANCISCO VILLA 4315   20 DE NOVIEMBRE_x000D__x000D_DURANGO,34236, DUR_x000D_MX",618 175 4279,OBR010723IT7
244165,22787,194671.0,1,2026-09-22 00:00:00,2026-10-07 00:00:00,C01684,OPERADORA BRITS,HOLIDAY INN DURANGO A0210061 (DGOMX),2491.68,0,398.67,2890.35,0.0,68758340,,4,CJA,BLVD. FRANCISCO VILLA 4315,20 DE NOVIEMBRE,DURANGO,DUR,34234,Cobro Destino,"DURANGO, DUR.","BLVD. FRANCISCO VILLA 4315, 20 DE NOVIEMBRE, 34234, DURANGO, DUR",,"BLVD. FRANCISCO VILLA 4315   20 DE NOVIEMBRE_x000D__x000D_DURANGO,34236, DUR_x000D_MX",618 175 4279,OBR010723IT7
244165,22787,194671.0,1,2026-09-22 00:00:00,2026-10-07 00:00:00,C01684,OPERADORA BRITS,HOLIDAY INN DURANGO A0210061 (DGOMX),3024.45,0,483.91,3508.36,0.0,68739022,,5,CJA,BLVD. FRANCISCO VILLA 4315,20 DE NOVIEMBRE,DURANGO,DUR,34234,Cobro Destino,"DURANGO, DUR.","BLVD. FRANCISCO VILLA 4315, 20 DE NOVIEMBRE, 34234, DURANGO, DUR",,"BLVD. FRANCISCO VILLA 4315   20 DE NOVIEMBRE_x000D__x000D_DURANGO,34236, DUR_x000D_MX",618 175 4279,OBR010723IT7
244166,RBC2024,194694.0,1,2026-09-22 00:00:00,2026-10-22 00:00:00,C08500,ADMINISTRADORA INOVA RBC,"HAMPTON PIEDRAS NEGRAS, MEXICO (PDSHX)",1165.5,0,186.48,1351.98,0.0,4011-J07,,2,CJA,PASEO DE LAS ARTES 800,TECNOLOGICO,PIEDRAS NEGRAS,COA,26080,Cobro Regreso,"PIEDRAS NEGRAS, COA.","PASEO DE LAS ARTES 800, TECNOLOGICO, 26080, PIEDRAS NEGRAS, COA",,"BLVD  MANUEL PEREZ TREVIÑO 2750 INTERIOR C5   TECNOLOGICO_x000D__x000D_PIEDRAS NEGRAS,26080, COA_x000D_MX",878 141 0200,AIR150924B29
244166,RBC2024,194694.0,1,2026-09-22 00:00:00,2026-10-22 00:00:00,C08500,ADMINISTRADORA INOVA RBC,"HAMPTON PIEDRAS NEGRAS, MEXICO (PDSHX)",1366.58,0,218.65,1585.23,0.0,4011-J08,,2,CJA,PASEO DE LAS ARTES 800,TECNOLOGICO,PIEDRAS NEGRAS,COA,26080,Cobro Regreso,"PIEDRAS NEGRAS, COA.","PASEO DE LAS ARTES 800, TECNOLOGICO, 26080, PIEDRAS NEGRAS, COA",,"BLVD  MANUEL PEREZ TREVIÑO 2750 INTERIOR C5   TECNOLOGICO_x000D__x000D_PIEDRAS NEGRAS,26080, COA_x000D_MX",878 141 0200,AIR150924B29
244166,RBC2024,194694.0,1,2026-09-22 00:00:00,2026-10-22 00:00:00,C08500,ADMINISTRADORA INOVA RBC,"HAMPTON PIEDRAS NEGRAS, MEXICO (PDSHX)",3066.0,0,490.56,3556.56,0.0,4011-L27,,2,CJA,PASEO DE LAS ARTES 800,TECNOLOGICO,PIEDRAS NEGRAS,COA,26080,Cobro Regreso,"PIEDRAS NEGRAS, COA.","PASEO DE LAS ARTES 800, TECNOLOGICO, 26080, PIEDRAS NEGRAS, COA",,"BLVD  MANUEL PEREZ TREVIÑO 2750 INTERIOR C5   TECNOLOGICO_x000D__x000D_PIEDRAS NEGRAS,26080, COA_x000D_MX",878 141 0200,AIR150924B29
244167,SALINAS OPERADORA,194680.0,1,2026-09-22 00:00:00,2026-09-22 00:00:00,C01978,SALINAS OPERADORA,HOTEL COUNTRY HILL,3647.96,0,583.67,4231.63,0.0,4016-J07,,4,CJA,LIBRAMIENTO M.PEREZ TREVIÑO No.2300,TECNOLOGICO,PIEDRAS NEGRAS,COA,26080,Tres Guerras C.Destino,"PIEDRAS NEGRAS, COA.","LIBRAMIENTO M.PEREZ TREVIÑO No.2300, TECNOLOGICO, 26080, PIEDRAS NEGRAS, COA",,"LIBRAMIENTO MANUEL PEREZ TREVIÑO No.2300   TECNOLOGICO_x000D__x000D_PIEDRAS NEGRAS,26080, COA_x000D_MX",(878)795-19-80,SOP000517B70
244168,C8191,194681.0,1,2026-09-22 00:00:00,2026-09-22 00:00:00,C08191,TRASARIZ,MOTEL DON JUAN,4559.95,0,729.59,5289.54,0.0,4016-J07,,5,CJA,CARRETERA A MONCLOVA 501,CENTRO,GENERAL ESCOBEDO,NL,66050,Cobro Destino,"GENERAL ESCOBEDO, NL.","CARRETERA A MONCLOVA 501, CENTRO, 66050, GENERAL ESCOBEDO, NL",,"CARRETERA A MONCLOVA 501   CENTRO_x000D__x000D_GENERAL ESCOBEDO,66050, NL_x000D_MX",8181613930,TRA970410DX7
244168,C8191,194681.0,1,2026-09-22 00:00:00,2026-09-22 00:00:00,C08191,TRASARIZ,MOTEL DON JUAN,2335.8,0,373.73,2709.53,0.0,4016-L04,,2,CJA,CARRETERA A MONCLOVA 501,CENTRO,GENERAL ESCOBEDO,NL,66050,Cobro Destino,"GENERAL ESCOBEDO, NL.","CARRETERA A MONCLOVA 501, CENTRO, 66050, GENERAL ESCOBEDO, NL",,"CARRETERA A MONCLOVA 501   CENTRO_x000D__x000D_GENERAL ESCOBEDO,66050, NL_x000D_MX",8181613930,TRA970410DX7
244168,C8191,194681.0,1,2026-09-22 00:00:00,2026-09-22 00:00:00,C08191,TRASARIZ,MOTEL DON JUAN,3503.7,0,560.59,4064.29,0.0,4016-L05,,3,CJA,CARRETERA A MONCLOVA 501,CENTRO,GENERAL ESCOBEDO,NL,66050,Cobro Destino,"GENERAL ESCOBEDO, NL.","CARRETERA A MONCLOVA 501, CENTRO, 66050, GENERAL ESCOBEDO, NL",,"CARRETERA A MONCLOVA 501   CENTRO_x000D__x000D_GENERAL ESCOBEDO,66050, NL_x000D_MX",8181613930,TRA970410DX7
244168,C8191,194681.0,1,2026-09-22 00:00:00,2026-09-22 00:00:00,C08191,TRASARIZ,MOTEL DON JUAN,2573.8,0,411.81,2985.61,0.0,4016-L07,ELEMENTS EVOLUTION B,2,CJA,CARRETERA A MONCLOVA 501,CENTRO,GENERAL ESCOBEDO,NL,66050,Cobro Destino,"GENERAL ESCOBEDO, NL.","CARRETERA A MONCLOVA 501, CENTRO, 66050, GENERAL ESCOBEDO, NL",,"CARRETERA A MONCLOVA 501   CENTRO_x000D__x000D_GENERAL ESCOBEDO,66050, NL_x000D_MX",8181613930,TRA970410DX7
244169,PEDIDO HOLIDAY INN EXPRESS METEPEC,194696.0,1,2026-09-22 00:00:00,2026-10-07 00:00:00,CF0002,"""OPERADORA HOTELERA CITY CENTER METEPEC""",HOLIDAY INN EXPRESS TOLUCA GALERIAS METEPEC (TLUME),1255.32,0,200.85,1456.17,0.0,68739026,,2,CJA,BOULEVARD TOLUCA-METEPEC 268,LA MICHOACANA,METEPEC,MEX,52166,Cobro Regreso,"METEPEC, MEX.","BOULEVARD TOLUCA-METEPEC 268, LA MICHOACANA, 52166, METEPEC, MEX",,"BOULEVARD TOLUCA METEPEC 267   LA MICHOACANA_x000D__x000D_METEPEC,52166, MEX_x000D_MX",722 235 9595,OHC070227M80
244169,PEDIDO HOLIDAY INN EXPRESS METEPEC,194696.0,1,2026-09-22 00:00:00,2026-10-07 00:00:00,CF0002,"""OPERADORA HOTELERA CITY CENTER METEPEC""",HOLIDAY INN EXPRESS TOLUCA GALERIAS METEPEC (TLUME),3114.6,0,498.34,3612.94,0.0,68758340,,5,CJA,BOULEVARD TOLUCA-METEPEC 268,LA MICHOACANA,METEPEC,MEX,52166,Cobro Regreso,"METEPEC, MEX.","BOULEVARD TOLUCA-METEPEC 268, LA MICHOACANA, 52166, METEPEC, MEX",,"BOULEVARD TOLUCA METEPEC 267   LA MICHOACANA_x000D__x000D_METEPEC,52166, MEX_x000D_MX",722 235 9595,OHC070227M80
244169,PEDIDO HOLIDAY INN EXPRESS METEPEC,194696.0,1,2026-09-22 00:00:00,2026-10-07 00:00:00,CF0002,"""OPERADORA HOTELERA CITY CENTER METEPEC""",HOLIDAY INN EXPRESS TOLUCA GALERIAS METEPEC (TLUME),1740.33,0,278.45,2018.78,0.0,69706958,,3,CJA,BOULEVARD TOLUCA-METEPEC 268,LA MICHOACANA,METEPEC,MEX,52166,Cobro Regreso,"METEPEC, MEX.","BOULEVARD TOLUCA-METEPEC 268, LA MICHOACANA, 52166, METEPEC, MEX",,"BOULEVARD TOLUCA METEPEC 267   LA MICHOACANA_x000D__x000D_METEPEC,52166, MEX_x000D_MX",722 235 9595,OHC070227M80
244169,PEDIDO HOLIDAY INN EXPRESS METEPEC,194696.0,1,2026-09-22 00:00:00,2026-10-07 00:00:00,CF0002,"""OPERADORA HOTELERA CITY CENTER METEPEC""",HOLIDAY INN EXPRESS TOLUCA GALERIAS METEPEC (TLUME),4839.12,0,774.26,5613.38,0.0,68739022,,8,CJA,BOULEVARD TOLUCA-METEPEC 268,LA MICHOACANA,METEPEC,MEX,52166,Cobro Regreso,"METEPEC, MEX.","BOULEVARD TOLUCA-METEPEC 268, LA MICHOACANA, 52166, METEPEC, MEX",,"BOULEVARD TOLUCA METEPEC 267   LA MICHOACANA_x000D__x000D_METEPEC,52166, MEX_x000D_MX",722 235 9595,OHC070227M80
244169,PEDIDO HOLIDAY INN EXPRESS METEPEC,194696.0,1,2026-09-22 00:00:00,2026-10-07 00:00:00,CF0002,"""OPERADORA HOTELERA CITY CENTER METEPEC""",HOLIDAY INN EXPRESS TOLUCA GALERIAS METEPEC (TLUME),2736.0,0,437.76,3173.76,0.0,68732292,,5,CJA,BOULEVARD TOLUCA-METEPEC 268,LA MICHOACANA,METEPEC,MEX,52166,Cobro Regreso,"METEPEC, MEX.","BOULEVARD TOLUCA-METEPEC 268, LA MICHOACANA, 52166, METEPEC, MEX",,"BOULEVARD TOLUCA METEPEC 267   LA MICHOACANA_x000D__x000D_METEPEC,52166, MEX_x000D_MX",722 235 9595,OHC070227M80
244169,PEDIDO HOLIDAY INN EXPRESS METEPEC,194696.0,1,2026-09-22 00:00:00,2026-10-07 00:00:00,CF0002,"""OPERADORA HOTELERA CITY CENTER METEPEC""",HOLIDAY INN EXPRESS TOLUCA GALERIAS METEPEC (TLUME),632.16,0,101.15,733.31,0.0,4029-A90,,1,CJA,BOULEVARD TOLUCA-METEPEC 268,LA MICHOACANA,METEPEC,MEX,52166,Cobro Regreso,"METEPEC, MEX.","BOULEVARD TOLUCA-METEPEC 268, LA MICHOACANA, 52166, METEPEC, MEX",,"BOULEVARD TOLUCA METEPEC 267   LA MICHOACANA_x000D__x000D_METEPEC,52166, MEX_x000D_MX",722 235 9595,OHC070227M80
244169,PEDIDO HOLIDAY INN EXPRESS METEPEC,194696.0,1,2026-09-22 00:00:00,2026-10-07 00:00:00,CF0002,"""OPERADORA HOTELERA CITY CENTER METEPEC""",HOLIDAY INN EXPRESS TOLUCA GALERIAS METEPEC (TLUME),1682.64,0,269.22,1951.86,0.0,68758339,,3,CJA,BOULEVARD TOLUCA-METEPEC 268,LA MICHOACANA,METEPEC,MEX,52166,Cobro Regreso,"METEPEC, MEX.","BOULEVARD TOLUCA-METEPEC 268, LA MICHOACANA, 52166, METEPEC, MEX",,"BOULEVARD TOLUCA METEPEC 267   LA MICHOACANA_x000D__x000D_METEPEC,52166, MEX_x000D_MX",722 235 9595,OHC070227M80
244169,PEDIDO HOLIDAY INN EXPRESS METEPEC,194696.0,1,2026-09-22 00:00:00,2026-10-07 00:00:00,CF0002,"""OPERADORA HOTELERA CITY CENTER METEPEC""",HOLIDAY INN EXPRESS TOLUCA GALERIAS METEPEC (TLUME),1569.6,0,251.14,1820.74,0.0,68732295,,3,CJA,BOULEVARD TOLUCA-METEPEC 268,LA MICHOACANA,METEPEC,MEX,52166,Cobro Regreso,"METEPEC, MEX.","BOULEVARD TOLUCA-METEPEC 268, LA MICHOACANA, 52166, METEPEC, MEX",,"BOULEVARD TOLUCA METEPEC 267   LA MICHOACANA_x000D__x000D_METEPEC,52166, MEX_x000D_MX",722 235 9595,OHC070227M80
244169,PEDIDO HOLIDAY INN EXPRESS METEPEC,194696.0,1,2026-09-22 00:00:00,2026-10-07 00:00:00,CF0002,"""OPERADORA HOTELERA CITY CENTER METEPEC""",HOLIDAY INN EXPRESS TOLUCA GALERIAS METEPEC (TLUME),1699.92,0,271.98,1971.91,0.0,68732293,,3,CJA,BOULEVARD TOLUCA-METEPEC 268,LA MICHOACANA,METEPEC,MEX,52166,Cobro Regreso,"METEPEC, MEX.","BOULEVARD TOLUCA-METEPEC 268, LA MICHOACANA, 52166, METEPEC, MEX",,"BOULEVARD TOLUCA METEPEC 267   LA MICHOACANA_x000D__x000D_METEPEC,52166, MEX_x000D_MX",722 235 9595,OHC070227M80
244169,PEDIDO HOLIDAY INN EXPRESS METEPEC,194696.0,1,2026-09-22 00:00:00,2026-10-07 00:00:00,CF0002,"""OPERADORA HOTELERA CITY CENTER METEPEC""",HOLIDAY INN EXPRESS TOLUCA GALERIAS METEPEC (TLUME),2215.0,0,354.4,2569.4,0.0,4029-A05,MISCELANEOS,1,CJA,BOULEVARD TOLUCA-METEPEC 268,LA MICHOACANA,METEPEC,MEX,52166,Cobro Regreso,"METEPEC, MEX.","BOULEVARD TOLUCA-METEPEC 268, LA MICHOACANA, 52166, METEPEC, MEX",,"BOULEVARD TOLUCA METEPEC 267   LA MICHOACANA_x000D__x000D_METEPEC,52166, MEX_x000D_MX",722 235 9595,OHC070227M80
244170,HAFERSONS INN HOTEL & SUITES,194686.0,1,2026-09-22 00:00:00,2026-09-22 00:00:00,C09432,SERTURTAM,HAFERSONS INN,3647.96,0,583.67,4231.63,0.0,4016-J07,,4,CJA,AVENIDA EJERCITO MEXICANO  1435,LOMA DEL GALLO,MADERO,TAM,89460,Cobro Destino,"MADERO, TAM.","AVENIDA EJERCITO MEXICANO  1435, LOMA DEL GALLO, 89460, MADERO, TAM",,"AVENIDA EJERCITO MEXICANO  1435   LOMA DEL GALLO_x000D__x000D_MADERO,89460, TAM_x000D_MX",8333467362,SER2212071Y2
244171,PROYECTOS E INVERSIONES TURISTICAS,194685.0,1,2026-09-22 00:00:00,2026-09-22 00:00:00,C09496,PROYECTOS E INVERSIONES TURISTICAS,HOTEL PARAISO EXPRESS,2509.5,0,401.52,2911.02,0.0,4016-J08,,3,CJA,CALLE DIAGONAL REFORMA OTE 3620,CENTRO,TORREON COAHUILA,COA,27000,Cobro Destino,"TORREON COAHUILA, COA.","CALLE DIAGONAL REFORMA OTE 3620, CENTRO, 27000, TORREON COAHUILA, COA",,"BOULEVARD DIAGONAL REFORMA 3620   CENTRO_x000D__x000D_TORREON,27000, COA_x000D_MX",8712314929,PIT250606565
244171,PROYECTOS E INVERSIONES TURISTICAS,194685.0,1,2026-09-22 00:00:00,2026-09-22 00:00:00,C09496,PROYECTOS E INVERSIONES TURISTICAS,HOTEL PARAISO EXPRESS,2335.8,0,373.73,2709.53,0.0,4016-L04,,2,CJA,CALLE DIAGONAL REFORMA OTE 3620,CENTRO,TORREON COAHUILA,COA,27000,Cobro Destino,"TORREON COAHUILA, COA.","CALLE DIAGONAL REFORMA OTE 3620, CENTRO, 27000, TORREON COAHUILA, COA",,"BOULEVARD DIAGONAL REFORMA 3620   CENTRO_x000D__x000D_TORREON,27000, COA_x000D_MX",8712314929,PIT250606565
244172,3846186,194684.0,1,2026-09-22 00:00:00,2026-09-22 00:00:00,C07980,JMJG CONSTRUCTORA,MOTEL DORADO,3647.96,0,583.67,4231.63,0.0,4016-J07,,4,CJA,MIGUEL DE LA MADRID HURTADO 1557,OTRA NO ESPECIFICADA EN EL CATALOGO,MANZANILLO,COL,28863,Cobro Destino,"MANZANILLO, COL.","MIGUEL DE LA MADRID HURTADO 1557, OTRA NO ESPECIFICADA EN EL CATALOGO, 28863, MANZANILLO, COL",,"MIGUEL DE LA MADRID HURTADO 1557   OTRA NO ESPECIFICADA EN EL CATALOGO_x000D__x000D_MANZANILLO,28863, COL_x000D_MX",312 107 1194,JCO12082016A
244172,3846186,194684.0,1,2026-09-22 00:00:00,2026-09-22 00:00:00,C07980,JMJG CONSTRUCTORA,MOTEL DORADO,8175.3,0,1308.05,9483.35,0.0,4016-L04,,7,CJA,MIGUEL DE LA MADRID HURTADO 1557,OTRA NO ESPECIFICADA EN EL CATALOGO,MANZANILLO,COL,28863,Cobro Destino,"MANZANILLO, COL.","MIGUEL DE LA MADRID HURTADO 1557, OTRA NO ESPECIFICADA EN EL CATALOGO, 28863, MANZANILLO, COL",,"MIGUEL DE LA MADRID HURTADO 1557   OTRA NO ESPECIFICADA EN EL CATALOGO_x000D__x000D_MANZANILLO,28863, COL_x000D_MX",312 107 1194,JCO12082016A
244173,9963371,194683.0,1,2026-09-22 00:00:00,2026-09-22 00:00:00,C02150,HOTEL ALAMEDA DE MATAMOROS EXPRESS,HOTEL ALAMEDA EXPRESS,54719.4,0,8755.1,63474.5,0.0,4016-J07,,60,CJA,TERAN No. 119,CENTRO,MATAMOROS,TAM,87300,Tres Guerras C.Destino,"MATAMOROS, TAM.","TERAN No. 119, CENTRO, 87300, MATAMOROS, TAM",,"TERAN No.119   CENTRO_x000D__x000D_MATAMOROS,87300, TAM_x000D_MX",(868)811 0300,HAM080125627
244173,9963371,194683.0,1,2026-09-22 00:00:00,2026-09-22 00:00:00,C02150,HOTEL ALAMEDA DE MATAMOROS EXPRESS,HOTEL ALAMEDA EXPRESS,23358.0,0,3737.28,27095.28,0.0,4016-L04,,20,CJA,TERAN No. 119,CENTRO,MATAMOROS,TAM,87300,Tres Guerras C.Destino,"MATAMOROS, TAM.","TERAN No. 119, CENTRO, 87300, MATAMOROS, TAM",,"TERAN No.119   CENTRO_x000D__x000D_MATAMOROS,87300, TAM_x000D_MX",(868)811 0300,HAM080125627
244173,9963371,194683.0,1,2026-09-22 00:00:00,2026-09-22 00:00:00,C02150,HOTEL ALAMEDA DE MATAMOROS EXPRESS,HOTEL ALAMEDA EXPRESS,12869.0,0,2059.04,14928.04,0.0,4016-L07,ELEMENTS EVOLUTION B,10,CJA,TERAN No. 119,CENTRO,MATAMOROS,TAM,87300,Tres Guerras C.Destino,"MATAMOROS, TAM.","TERAN No. 119, CENTRO, 87300, MATAMOROS, TAM",,"TERAN No.119   CENTRO_x000D__x000D_MATAMOROS,87300, TAM_x000D_MX",(868)811 0300,HAM080125627
244174,CC364,194679.0,1,2026-09-22 00:00:00,2026-10-07 00:00:00,C02600,GRUPO INMOBILIARIO RICSHER,HOLIDAY INN TUXPAN (PAZTU),1287.54,0,206.01,1493.55,0.0,68739022,,2,CJA,BOULEVARD LA CALZADA No 33,LA CALZADA,TUXPAN,VER,92773,Cobro Regreso,"TUXPAN, VER.","BOULEVARD LA CALZADA No 33, LA CALZADA, 92773, TUXPAN, VER",,"BOULEVARD LA CALZADA NO 33   LA CALZADA_x000D__x000D_TUXPAN,92773, VER_x000D_MX",783 169 0135,GIR090206KG2
244174,CC364,194679.0,1,2026-09-22 00:00:00,2026-10-07 00:00:00,C02600,GRUPO INMOBILIARIO RICSHER,HOLIDAY INN TUXPAN (PAZTU),617.22,0,98.76,715.98,0.0,69706958,,1,CJA,BOULEVARD LA CALZADA No 33,LA CALZADA,TUXPAN,VER,92773,Cobro Regreso,"TUXPAN, VER.","BOULEVARD LA CALZADA No 33, LA CALZADA, 92773, TUXPAN, VER",,"BOULEVARD LA CALZADA NO 33   LA CALZADA_x000D__x000D_TUXPAN,92773, VER_x000D_MX",783 169 0135,GIR090206KG2
244174,CC364,194679.0,1,2026-09-22 00:00:00,2026-10-07 00:00:00,C02600,GRUPO INMOBILIARIO RICSHER,HOLIDAY INN TUXPAN (PAZTU),1325.7,0,212.1,1537.81,0.0,68758340,,2,CJA,BOULEVARD LA CALZADA No 33,LA CALZADA,TUXPAN,VER,92773,Cobro Regreso,"TUXPAN, VER.","BOULEVARD LA CALZADA No 33, LA CALZADA, 92773, TUXPAN, VER",,"BOULEVARD LA CALZADA NO 33   LA CALZADA_x000D__x000D_TUXPAN,92773, VER_x000D_MX",783 169 0135,GIR090206KG2
244174,CC364,194679.0,1,2026-09-22 00:00:00,2026-10-07 00:00:00,C02600,GRUPO INMOBILIARIO RICSHER,HOLIDAY INN TUXPAN (PAZTU),632.16,0,101.15,733.31,0.0,4029-A90,,1,CJA,BOULEVARD LA CALZADA No 33,LA CALZADA,TUXPAN,VER,92773,Cobro Regreso,"TUXPAN, VER.","BOULEVARD LA CALZADA No 33, LA CALZADA, 92773, TUXPAN, VER",,"BOULEVARD LA CALZADA NO 33   LA CALZADA_x000D__x000D_TUXPAN,92773, VER_x000D_MX",783 169 0135,GIR090206KG2
244175,221276,194697.0,1,2026-09-22 00:00:00,2026-09-22 00:00:00,C09903,SOLUCIONES ANTARA OCA,SOLUCIONES ANTARA OCA,58984.97,0,9437.6,68422.64,3420.41,ANTC2,,1,PZA,AV. MEXICO #1,PALO ALTO,MARQUEZ,QUE,76420,Solo Factura,"MARQUEZ, QUE.","AV. MEXICO #1, PALO ALTO, 76420, MARQUEZ, QUE",,"CALLE ZARAGOZA #6 INT 23   EL CARMEN_x000D__x000D_TEZIUTLAN,73800, PUE_x000D_MX",44 2820 3076,SAO100820343
244176,4503142137,194678.0,1,2026-09-22 00:00:00,2026-10-22 00:00:00,C09529,INMOBILIARIA HOTELERA EL PRESIDENTE SAN JOSE DEL CABO,PRESIDENTE INTERCONTINENTAL MONTERREY,1422.71,0,227.63,1650.35,82.5,4029-A40,,3,CJA,AV. BATALLON DE SAN PATRICIO 410,ZONA SAN AGUSTIN,SAN PEDRO GARZA GARCÍA,NL,66260,Cobro Regreso,"SAN PEDRO GARZA GARCÍA, NL.","AV. BATALLON DE SAN PATRICIO 410, ZONA SAN AGUSTIN, 66260, SAN PEDRO GARZA GARCÍA, NL",,"AV EJERCITO NACIONAL MEXICANO 769  TORRE B PISO 8   GRANADA_x000D__x000D_MIGUEL HIDALGO,11520, CMX_x000D_MX",811 168 4916,IHP810701G7A
244177,INSUMOS HALCON,194675.0,1,2026-09-22 00:00:00,2026-10-22 00:00:00,C03073,INSUMOS HALCON,COURTYARD MARRIOTT SAN LUIS POTOSI A0152894,1923.0,0,307.68,2230.68,0.0,5369-J03,,2,CJA,AV. BENITO JUAREZ 1230 B (CARRETERA 57),VALLE DORADO,SAN LUIS POTOSI,SLP,78399,One Paqueteria C.Regreso,"SAN LUIS POTOSI, SLP.","AV. BENITO JUAREZ 1230 B (CARRETERA 57), VALLE DORADO, 78399, SAN LUIS POTOSI, SLP",,"BOULEVARD ANTONIO ROCHA CORDERO 895   AGUAJE_x000D__x000D_SAN LUIS POTOSI,78370, SLP_x000D_MX",444 834 5700,IHA181030EA3
244177,INSUMOS HALCON,194675.0,1,2026-09-22 00:00:00,2026-10-22 00:00:00,C03073,INSUMOS HALCON,COURTYARD MARRIOTT SAN LUIS POTOSI A0152894,1854.4,0,296.7,2151.1,0.0,5369-J04,,4,CJA,AV. BENITO JUAREZ 1230 B (CARRETERA 57),VALLE DORADO,SAN LUIS POTOSI,SLP,78399,One Paqueteria C.Regreso,"SAN LUIS POTOSI, SLP.","AV. BENITO JUAREZ 1230 B (CARRETERA 57), VALLE DORADO, 78399, SAN LUIS POTOSI, SLP",,"BOULEVARD ANTONIO ROCHA CORDERO 895   AGUAJE_x000D__x000D_SAN LUIS POTOSI,78370, SLP_x000D_MX",444 834 5700,IHA181030EA3
244177,INSUMOS HALCON,194675.0,1,2026-09-22 00:00:00,2026-10-22 00:00:00,C03073,INSUMOS HALCON,COURTYARD MARRIOTT SAN LUIS POTOSI A0152894,894.0,0,143.04,1037.04,0.0,C06601-J04,,1,CJA,AV. BENITO JUAREZ 1230 B (CARRETERA 57),VALLE DORADO,SAN LUIS POTOSI,SLP,78399,One Paqueteria C.Regreso,"SAN LUIS POTOSI, SLP.","AV. BENITO JUAREZ 1230 B (CARRETERA 57), VALLE DORADO, 78399, SAN LUIS POTOSI, SLP",,"BOULEVARD ANTONIO ROCHA CORDERO 895   AGUAJE_x000D__x000D_SAN LUIS POTOSI,78370, SLP_x000D_MX",444 834 5700,IHA181030EA3
244177,INSUMOS HALCON,194675.0,1,2026-09-22 00:00:00,2026-10-22 00:00:00,C03073,INSUMOS HALCON,COURTYARD MARRIOTT SAN LUIS POTOSI A0152894,787.33,0,125.97,913.3,0.0,C06601-L08,,1,CJA,AV. BENITO JUAREZ 1230 B (CARRETERA 57),VALLE DORADO,SAN LUIS POTOSI,SLP,78399,One Paqueteria C.Regreso,"SAN LUIS POTOSI, SLP.","AV. BENITO JUAREZ 1230 B (CARRETERA 57), VALLE DORADO, 78399, SAN LUIS POTOSI, SLP",,"BOULEVARD ANTONIO ROCHA CORDERO 895   AGUAJE_x000D__x000D_SAN LUIS POTOSI,78370, SLP_x000D_MX",444 834 5700,IHA181030EA3
244177,INSUMOS HALCON,194675.0,1,2026-09-22 00:00:00,2026-10-22 00:00:00,C03073,INSUMOS HALCON,COURTYARD MARRIOTT SAN LUIS POTOSI A0152894,787.33,0,125.97,913.3,0.0,C06601-L09,,1,CJA,AV. BENITO JUAREZ 1230 B (CARRETERA 57),VALLE DORADO,SAN LUIS POTOSI,SLP,78399,One Paqueteria C.Regreso,"SAN LUIS POTOSI, SLP.","AV. BENITO JUAREZ 1230 B (CARRETERA 57), VALLE DORADO, 78399, SAN LUIS POTOSI, SLP",,"BOULEVARD ANTONIO ROCHA CORDERO 895   AGUAJE_x000D__x000D_SAN LUIS POTOSI,78370, SLP_x000D_MX",444 834 5700,IHA181030EA3
244177,INSUMOS HALCON,194675.0,1,2026-09-22 00:00:00,2026-10-22 00:00:00,C03073,INSUMOS HALCON,COURTYARD MARRIOTT SAN LUIS POTOSI A0152894,787.33,0,125.97,913.3,0.0,C06601-L10,,1,CJA,AV. BENITO JUAREZ 1230 B (CARRETERA 57),VALLE DORADO,SAN LUIS POTOSI,SLP,78399,One Paqueteria C.Regreso,"SAN LUIS POTOSI, SLP.","AV. BENITO JUAREZ 1230 B (CARRETERA 57), VALLE DORADO, 78399, SAN LUIS POTOSI, SLP",,"BOULEVARD ANTONIO ROCHA CORDERO 895   AGUAJE_x000D__x000D_SAN LUIS POTOSI,78370, SLP_x000D_MX",444 834 5700,IHA181030EA3
244177,INSUMOS HALCON,194675.0,1,2026-09-22 00:00:00,2026-10-22 00:00:00,C03073,INSUMOS HALCON,COURTYARD MARRIOTT SAN LUIS POTOSI A0152894,5196.0,0,831.36,6027.36,0.0,5369-L01,RAINFOREST FOLIAGE S,4,CJA,AV. BENITO JUAREZ 1230 B (CARRETERA 57),VALLE DORADO,SAN LUIS POTOSI,SLP,78399,One Paqueteria C.Regreso,"SAN LUIS POTOSI, SLP.","AV. BENITO JUAREZ 1230 B (CARRETERA 57), VALLE DORADO, 78399, SAN LUIS POTOSI, SLP",,"BOULEVARD ANTONIO ROCHA CORDERO 895   AGUAJE_x000D__x000D_SAN LUIS POTOSI,78370, SLP_x000D_MX",444 834 5700,IHA181030EA3
244177,INSUMOS HALCON,194675.0,1,2026-09-22 00:00:00,2026-10-22 00:00:00,C03073,INSUMOS HALCON,COURTYARD MARRIOTT SAN LUIS POTOSI A0152894,5196.0,0,831.37,6027.36,0.0,5369-L02,RAINFOREST FOLIAGE B,4,CJA,AV. BENITO JUAREZ 1230 B (CARRETERA 57),VALLE DORADO,SAN LUIS POTOSI,SLP,78399,One Paqueteria C.Regreso,"SAN LUIS POTOSI, SLP.","AV. BENITO JUAREZ 1230 B (CARRETERA 57), VALLE DORADO, 78399, SAN LUIS POTOSI, SLP",,"BOULEVARD ANTONIO ROCHA CORDERO 895   AGUAJE_x000D__x000D_SAN LUIS POTOSI,78370, SLP_x000D_MX",444 834 5700,IHA181030EA3
244178,221273,194705.0,1,2026-09-22 00:00:00,2026-09-22 00:00:00,C09903,SOLUCIONES ANTARA OCA,SOLUCIONES ANTARA OCA,38109.04,0,6097.45,44206.52,2209.86,ANTC2,,1,PZA,AV. MEXICO #1,PALO ALTO,MARQUEZ,QUE,76420,Solo Factura,"MARQUEZ, QUE.","AV. MEXICO #1, PALO ALTO, 76420, MARQUEZ, QUE",,"CALLE ZARAGOZA #6 INT 23   EL CARMEN_x000D__x000D_TEZIUTLAN,73800, PUE_x000D_MX",44 2820 3076,SAO100820343
244179,4700249232,194668.0,3,2026-09-22 00:00:00,2026-11-06 00:00:00,C01624,FIDEICOMISO IRREVOCABLE DB/1616,COURTYARD PLAYA DEL CARMEN(CUNPL) A0090463,3708.8,0,593.41,4302.21,0.0,5369-J04,,8,CJA,LOTE 5 Y 6 MANZANA 29,CONDOMINIO PLAYACAR,PLAYA DEL CARMEN,QR,77710,CEDIS Cancún,"PLAYA DEL CARMEN, QR.","LOTE 5 Y 6 MANZANA 29, CONDOMINIO PLAYACAR, 77710, PLAYA DEL CARMEN, QR",,"AV. FUNDADORES Exterior: 1000 INT: PISO 7   VALLE DEL MIRADOR_x000D__x000D_MONTERREY,64750, NL_x000D_MX",984 206 3434,DBM121023M10
244179,4700249232,194668.0,3,2026-09-22 00:00:00,2026-11-06 00:00:00,C01624,FIDEICOMISO IRREVOCABLE DB/1616,COURTYARD PLAYA DEL CARMEN(CUNPL) A0090463,4700.0,0,752.0,5452.0,0.0,5369-J03,,5,CJA,LOTE 5 Y 6 MANZANA 29,CONDOMINIO PLAYACAR,PLAYA DEL CARMEN,QR,77710,CEDIS Cancún,"PLAYA DEL CARMEN, QR.","LOTE 5 Y 6 MANZANA 29, CONDOMINIO PLAYACAR, 77710, PLAYA DEL CARMEN, QR",,"AV. FUNDADORES Exterior: 1000 INT: PISO 7   VALLE DEL MIRADOR_x000D__x000D_MONTERREY,64750, NL_x000D_MX",984 206 3434,DBM121023M10
244179,4700249232,194668.0,3,2026-09-22 00:00:00,2026-11-06 00:00:00,C01624,FIDEICOMISO IRREVOCABLE DB/1616,COURTYARD PLAYA DEL CARMEN(CUNPL) A0090463,2200.0,0,352.0,2552.0,0.0,4029-A92,,1,CJA,LOTE 5 Y 6 MANZANA 29,CONDOMINIO PLAYACAR,PLAYA DEL CARMEN,QR,77710,CEDIS Cancún,"PLAYA DEL CARMEN, QR.","LOTE 5 Y 6 MANZANA 29, CONDOMINIO PLAYACAR, 77710, PLAYA DEL CARMEN, QR",,"AV. FUNDADORES Exterior: 1000 INT: PISO 7   VALLE DEL MIRADOR_x000D__x000D_MONTERREY,64750, NL_x000D_MX",984 206 3434,DBM121023M10
244179,4700249232,194668.0,3,2026-09-22 00:00:00,2026-11-06 00:00:00,C01624,FIDEICOMISO IRREVOCABLE DB/1616,COURTYARD PLAYA DEL CARMEN(CUNPL) A0090463,5795.0,0,927.2,6722.2,0.0,5369-L01,RAINFOREST FOLIAGE S,5,CJA,LOTE 5 Y 6 MANZANA 29,CONDOMINIO PLAYACAR,PLAYA DEL CARMEN,QR,77710,CEDIS Cancún,"PLAYA DEL CARMEN, QR.","LOTE 5 Y 6 MANZANA 29, CONDOMINIO PLAYACAR, 77710, PLAYA DEL CARMEN, QR",,"AV. FUNDADORES Exterior: 1000 INT: PISO 7   VALLE DEL MIRADOR_x000D__x000D_MONTERREY,64750, NL_x000D_MX",984 206 3434,DBM121023M10
244179,4700249232,194668.0,3,2026-09-22 00:00:00,2026-11-06 00:00:00,C01624,FIDEICOMISO IRREVOCABLE DB/1616,COURTYARD PLAYA DEL CARMEN(CUNPL) A0090463,5795.0,0,927.2,6722.2,0.0,5369-L02,RAINFOREST FOLIAGE B,5,CJA,LOTE 5 Y 6 MANZANA 29,CONDOMINIO PLAYACAR,PLAYA DEL CARMEN,QR,77710,CEDIS Cancún,"PLAYA DEL CARMEN, QR.","LOTE 5 Y 6 MANZANA 29, CONDOMINIO PLAYACAR, 77710, PLAYA DEL CARMEN, QR",,"AV. FUNDADORES Exterior: 1000 INT: PISO 7   VALLE DEL MIRADOR_x000D__x000D_MONTERREY,64750, NL_x000D_MX",984 206 3434,DBM121023M10
244180,2900056550,194677.0,1,2026-09-22 00:00:00,2026-10-22 00:00:00,C09071,ALLIANCE HOTEL MANAGEMENT,REAL INN SAN LUIS POTOSI,3000.0,0,480.0,3480.0,0.0,5206-L03,,5,CJA,CARRETERA GUADALAJARA No.1100 Y ANILLO PERIFERICO,RINCON DE LOS ANDES,SAN LUIS POTOSI,SLP,78216,Solo Factura,"SAN LUIS POTOSI, SLP.","CARRETERA GUADALAJARA No.1100 Y ANILLO PERIFERICO, RINCON DE LOS ANDES, 78216, SAN LUIS POTOSI, SLP",,"PASEO DE LAS JACARANDAS 122 PRIMERO PISO OFICINA 8   SANTA MARIA INSURGENTES_x000D__x000D_CUAUHTEMOC,06430, CMX_x000D_MX",444 102 5000,AHM240321BMA
244180,2900056550,194677.0,1,2026-09-22 00:00:00,2026-10-22 00:00:00,C09071,ALLIANCE HOTEL MANAGEMENT,REAL INN SAN LUIS POTOSI,3000.0,0,480.0,3480.0,0.0,5206-L04,,5,CJA,CARRETERA GUADALAJARA No.1100 Y ANILLO PERIFERICO,RINCON DE LOS ANDES,SAN LUIS POTOSI,SLP,78216,Solo Factura,"SAN LUIS POTOSI, SLP.","CARRETERA GUADALAJARA No.1100 Y ANILLO PERIFERICO, RINCON DE LOS ANDES, 78216, SAN LUIS POTOSI, SLP",,"PASEO DE LAS JACARANDAS 122 PRIMERO PISO OFICINA 8   SANTA MARIA INSURGENTES_x000D__x000D_CUAUHTEMOC,06430, CMX_x000D_MX",444 102 5000,AHM240321BMA
244180,2900056550,194677.0,1,2026-09-22 00:00:00,2026-10-22 00:00:00,C09071,ALLIANCE HOTEL MANAGEMENT,REAL INN SAN LUIS POTOSI,4685.4,0,749.66,5435.06,0.0,4051-L11,,4,CJA,CARRETERA GUADALAJARA No.1100 Y ANILLO PERIFERICO,RINCON DE LOS ANDES,SAN LUIS POTOSI,SLP,78216,Solo Factura,"SAN LUIS POTOSI, SLP.","CARRETERA GUADALAJARA No.1100 Y ANILLO PERIFERICO, RINCON DE LOS ANDES, 78216, SAN LUIS POTOSI, SLP",,"PASEO DE LAS JACARANDAS 122 PRIMERO PISO OFICINA 8   SANTA MARIA INSURGENTES_x000D__x000D_CUAUHTEMOC,06430, CMX_x000D_MX",444 102 5000,AHM240321BMA
244181,,194692.0,1,2026-09-22 00:00:00,2026-09-22 00:00:00,C02022,HOSTALES DE LOS ANGELES,HOTEL WEE,10165.0,0,1626.4,11791.4,0.0,ANTC,,1,PZA,BLVD.JOSE MA.MORELOS 3210,SAN CAYETANO DE MEDINA,LEON,GTO,37238,Solo Factura,"LEON, GTO.","BLVD.JOSE MA.MORELOS 3210, SAN CAYETANO DE MEDINA, 37238, LEON, GTO",,"BLVD.JOSE MA. MORELOS 3210   SAN CAYETANO DE MEDINA_x000D__x000D_LEON,37238, GTO_x000D_MX",477 312 8378,HAN0712112FA
244182,221266 MARITZA,194698.0,1,2026-09-22 00:00:00,2026-09-22 00:00:00,C08914,JESUS JOAQUIN RUBIO GARCIA,HOTEL NAVOLA INN,1192.5,0,190.8,1383.3,0.0,4018-L14,,1,CJA,BOULEVARD PERO INFANTE 2222,DESARROLLO URBANO TRES RIOS,CULIACAN,SIN,80020,Cobro Destino,"CULIACAN, SIN.","BOULEVARD PERO INFANTE 2222, DESARROLLO URBANO TRES RIOS, 80020, CULIACAN, SIN",,"CARRTERA A NAVOLATO 385   OTRA NO ESPECIFICADA EN EL CATALOGO_x000D__x000D_NAVOLATO,80376, SIN_x000D_MX",6674897300,RUGJ961227BMA
244182,221266 MARITZA,194698.0,1,2026-09-22 00:00:00,2026-09-22 00:00:00,C08914,JESUS JOAQUIN RUBIO GARCIA,HOTEL NAVOLA INN,1193.5,0,190.96,1384.46,0.0,4018-J06,,1,CJA,BOULEVARD PERO INFANTE 2222,DESARROLLO URBANO TRES RIOS,CULIACAN,SIN,80020,Cobro Destino,"CULIACAN, SIN.","BOULEVARD PERO INFANTE 2222, DESARROLLO URBANO TRES RIOS, 80020, CULIACAN, SIN",,"CARRTERA A NAVOLATO 385   OTRA NO ESPECIFICADA EN EL CATALOGO_x000D__x000D_NAVOLATO,80376, SIN_x000D_MX",6674897300,RUGJ961227BMA
244183,MOTEL LA MANSION,194707.0,1,2026-09-22 00:00:00,2026-09-22 00:00:00,C01502,OPERADORA DE SERVICIOS TORREON,MOTEL LA MANSION,7295.92,0,1167.35,8463.27,0.0,4016-J07,,8,CJA,CERRADA CASCABEL 104,VILLAS LAS PALMAS,TORREON,COA,27023,Cobro Destino,"TORREON, COA.","CERRADA CASCABEL 104, VILLAS LAS PALMAS, 27023, TORREON, COA",,"CALLE D 55   EDUARDO GUERRA_x000D__x000D_TORREON,27280, COA_x000D_MX",871 159 0716,OST1103301MA
244183,MOTEL LA MANSION,194707.0,1,2026-09-22 00:00:00,2026-09-22 00:00:00,C01502,OPERADORA DE SERVICIOS TORREON,MOTEL LA MANSION,7007.4,0,1121.18,8128.58,0.0,4016-L04,,6,CJA,CERRADA CASCABEL 104,VILLAS LAS PALMAS,TORREON,COA,27023,Cobro Destino,"TORREON, COA.","CERRADA CASCABEL 104, VILLAS LAS PALMAS, 27023, TORREON, COA",,"CALLE D 55   EDUARDO GUERRA_x000D__x000D_TORREON,27280, COA_x000D_MX",871 159 0716,OST1103301MA
244183,MOTEL LA MANSION,194707.0,1,2026-09-22 00:00:00,2026-09-22 00:00:00,C01502,OPERADORA DE SERVICIOS TORREON,MOTEL LA MANSION,5147.6,0,823.62,5971.22,0.0,4016-L07,ELEMENTS EVOLUTION B,4,CJA,CERRADA CASCABEL 104,VILLAS LAS PALMAS,TORREON,COA,27023,Cobro Destino,"TORREON, COA.","CERRADA CASCABEL 104, VILLAS LAS PALMAS, 27023, TORREON, COA",,"CALLE D 55   EDUARDO GUERRA_x000D__x000D_TORREON,27280, COA_x000D_MX",871 159 0716,OST1103301MA
244184,,194689.0,1,2026-09-23 00:00:00,2026-09-23 00:00:00,C09470,SKYLINE BY COSMOPOLITAN,HOLIDAY INN TIJUANA,25862.07,0,4137.93,30000.0,0.0,ANTC,,1,PZA,"DÍAZ MIRÓN, CALLE CUARTA, AV. REVOLUCIÓN",ZONA CENTRO,TIJUANA,BC,22000,Solo Factura,"TIJUANA, BC.","DÍAZ MIRÓN, CALLE CUARTA, AV. REVOLUCIÓN, ZONA CENTRO, 22000, TIJUANA, BC",,"(BLVD.) GENERAL RODOLFO SANCHEZ TABOADA 9551 INT 703A   ZONA URBANA RIO TIJUANA_x000D__x000D_TIJUANA,22010, BC_x000D_MX",664 280 8749,SBC211020912
244185,4700246413,,1,2026-09-23 00:00:00,2026-11-07 00:00:00,C05803,FIDEICOMISO IRREVOCABLE DB/1616,AC MARRIOTT GUADALAJARA EXPO (GDLAR),755.16,0,120.83,875.99,0.0,4018-A27,,1,CJA,AV. LOPEZ MATEOS 2375,CIUDAD DEL SOL,ZAPOPAN,JAL,45050,Transporte LOCAL,"ZAPOPAN, JAL.","AV. LOPEZ MATEOS 2375, CIUDAD DEL SOL, 45050, ZAPOPAN, JAL",,"AV. FUNDADORES Exterior: 1000 INT: PISO 7   VALLE DEL MIRADOR_x000D__x000D_MONTERREY,64750, NL_x000D_MX",33 3880 0600,DBM121023M10
244185,4700246413,,1,2026-09-23 00:00:00,2026-11-07 00:00:00,C05803,FIDEICOMISO IRREVOCABLE DB/1616,AC MARRIOTT GUADALAJARA EXPO (GDLAR),1490.4,0,238.46,1728.86,0.0,4018-A25,,1,CJA,AV. LOPEZ MATEOS 2375,CIUDAD DEL SOL,ZAPOPAN,JAL,45050,Transporte LOCAL,"ZAPOPAN, JAL.","AV. LOPEZ MATEOS 2375, CIUDAD DEL SOL, 45050, ZAPOPAN, JAL",,"AV. FUNDADORES Exterior: 1000 INT: PISO 7   VALLE DEL MIRADOR_x000D__x000D_MONTERREY,64750, NL_x000D_MX",33 3880 0600,DBM121023M10
244185,4700246413,194690.0,1,2026-09-23 00:00:00,2026-11-07 00:00:00,C05803,FIDEICOMISO IRREVOCABLE DB/1616,AC MARRIOTT GUADALAJARA EXPO (GDLAR),872.5,0,139.6,1012.1,0.0,4052-L41,,1,CJA,AV. LOPEZ MATEOS 2375,CIUDAD DEL SOL,ZAPOPAN,JAL,45050,Transporte LOCAL,"ZAPOPAN, JAL.","AV. LOPEZ MATEOS 2375, CIUDAD DEL SOL, 45050, ZAPOPAN, JAL",,"AV. FUNDADORES Exterior: 1000 INT: PISO 7   VALLE DEL MIRADOR_x000D__x000D_MONTERREY,64750, NL_x000D_MX",33 3880 0600,DBM121023M10
244186,SERVICIO DE ALMACENAJE DEL OCT 2025,194661.0,13,2026-09-23 00:00:00,2026-12-22 00:00:00,C05787,TRANSMACRO AMENITIES,TRANSMACRO AMENITIES,3600.42,0,0.0,3600.42,209.08,SCO1,,1,PZA,Transmacro Amenities c/o Memphis Distribution,3893 Crowfarn Dr.,Memphis (901) 259-3900,TN,38118,Exportacion,"Memphis (901) 259-3900, TN.","Transmacro Amenities c/o Memphis Distribution, 3893 Crowfarn Dr., 38118, Memphis (901) 259-3900, TN",,9595 Six Pines Dr. Suite 8210_x000D_The Woodlands TX  77380_x000D_USA,001 281 444 7240,XEXX010101000
244190,,194693.0,1,2026-09-23 00:00:00,2026-09-23 00:00:00,C09893,MAURICIO MIGUEL NIEBLAS GOMEZ,HOTEL NG,2422.99,0,387.68,2810.67,0.0,4052-L38,,1,CJA,AV CENTRAL 500 TORRE 400 DPTO 806,PUERTA DEL VALLE,ZAPOPAN,JAL,45136,Transporte LOCAL,"ZAPOPAN, JAL.","AV CENTRAL 500 TORRE 400 DPTO 806, PUERTA DEL VALLE, 45136, ZAPOPAN, JAL",,"CALLE CASCADA 1-A   EL MANANTIAL_x000D__x000D_AMECA,46640, JAL_x000D_MX",33 33 68 4022,NIGM930311S54
244190,,194693.0,1,2026-09-23 00:00:00,2026-09-23 00:00:00,C09893,MAURICIO MIGUEL NIEBLAS GOMEZ,HOTEL NG,2073.6,0,331.78,2405.38,0.0,4052-L39,,1,CJA,AV CENTRAL 500 TORRE 400 DPTO 806,PUERTA DEL VALLE,ZAPOPAN,JAL,45136,Transporte LOCAL,"ZAPOPAN, JAL.","AV CENTRAL 500 TORRE 400 DPTO 806, PUERTA DEL VALLE, 45136, ZAPOPAN, JAL",,"CALLE CASCADA 1-A   EL MANANTIAL_x000D__x000D_AMECA,46640, JAL_x000D_MX",33 33 68 4022,NIGM930311S54
244190,,194693.0,1,2026-09-23 00:00:00,2026-09-23 00:00:00,C09893,MAURICIO MIGUEL NIEBLAS GOMEZ,HOTEL NG,856.9,0,137.1,994.0,0.0,4052-L44,,1,CJA,AV CENTRAL 500 TORRE 400 DPTO 806,PUERTA DEL VALLE,ZAPOPAN,JAL,45136,Transporte LOCAL,"ZAPOPAN, JAL.","AV CENTRAL 500 TORRE 400 DPTO 806, PUERTA DEL VALLE, 45136, ZAPOPAN, JAL",,"CALLE CASCADA 1-A   EL MANANTIAL_x000D__x000D_AMECA,46640, JAL_x000D_MX",33 33 68 4022,NIGM930311S54
244190,,194693.0,1,2026-09-23 00:00:00,2026-09-23 00:00:00,C09893,MAURICIO MIGUEL NIEBLAS GOMEZ,HOTEL NG,798.9,0,127.83,926.72,0.0,4052-L45,,1,CJA,AV CENTRAL 500 TORRE 400 DPTO 806,PUERTA DEL VALLE,ZAPOPAN,JAL,45136,Transporte LOCAL,"ZAPOPAN, JAL.","AV CENTRAL 500 TORRE 400 DPTO 806, PUERTA DEL VALLE, 45136, ZAPOPAN, JAL",,"CALLE CASCADA 1-A   EL MANANTIAL_x000D__x000D_AMECA,46640, JAL_x000D_MX",33 33 68 4022,NIGM930311S54
244190,,194693.0,1,2026-09-23 00:00:00,2026-09-23 00:00:00,C09893,MAURICIO MIGUEL NIEBLAS GOMEZ,HOTEL NG,786.88,0,125.9,912.78,0.0,4052-L46,,1,CJA,AV CENTRAL 500 TORRE 400 DPTO 806,PUERTA DEL VALLE,ZAPOPAN,JAL,45136,Transporte LOCAL,"ZAPOPAN, JAL.","AV CENTRAL 500 TORRE 400 DPTO 806, PUERTA DEL VALLE, 45136, ZAPOPAN, JAL",,"CALLE CASCADA 1-A   EL MANANTIAL_x000D__x000D_AMECA,46640, JAL_x000D_MX",33 33 68 4022,NIGM930311S54
244190,,194693.0,1,2026-09-23 00:00:00,2026-09-23 00:00:00,C09893,MAURICIO MIGUEL NIEBLAS GOMEZ,HOTEL NG,2616.9,0,418.7,3035.6,0.0,4052-L36,Body Lotion Cava,1,CJA,AV CENTRAL 500 TORRE 400 DPTO 806,PUERTA DEL VALLE,ZAPOPAN,JAL,45136,Transporte LOCAL,"ZAPOPAN, JAL.","AV CENTRAL 500 TORRE 400 DPTO 806, PUERTA DEL VALLE, 45136, ZAPOPAN, JAL",,"CALLE CASCADA 1-A   EL MANANTIAL_x000D__x000D_AMECA,46640, JAL_x000D_MX",33 33 68 4022,NIGM930311S54
244191,VENTA MOSTRADOR,221289.0,3,2026-09-23 00:00:00,2026-09-23 00:00:00,C09658,ROBERTO CARLOS MULEIRO JANEIRO,CASA MACA,1167.9,0,186.86,1354.76,0.0,4016-L04,,1,CJA,AV JUAREZ ENTRE CALLE 30 Y 35,CENTRO,PLAYA DEL CARMEN,QR,77713,CEDIS Cancún,"PLAYA DEL CARMEN, QR.","AV JUAREZ ENTRE CALLE 30 Y 35, CENTRO, 77713, PLAYA DEL CARMEN, QR",,"AV. CHEMUYIL MZ 05 LT 40 LOCAL 5   RESIDENCIAL REAL DEL SOL_x000D__x000D_PLAYA DEL CARMEN,77725, QR_x000D_MX",0,MUJR760625PL8
244191,VENTA MOSTRADOR,221289.0,3,2026-09-23 00:00:00,2026-09-23 00:00:00,C09658,ROBERTO CARLOS MULEIRO JANEIRO,CASA MACA,911.99,0,145.92,1057.91,0.0,4016-J07,,1,CJA,AV JUAREZ ENTRE CALLE 30 Y 35,CENTRO,PLAYA DEL CARMEN,QR,77713,CEDIS Cancún,"PLAYA DEL CARMEN, QR.","AV JUAREZ ENTRE CALLE 30 Y 35, CENTRO, 77713, PLAYA DEL CARMEN, QR",,"AV. CHEMUYIL MZ 05 LT 40 LOCAL 5   RESIDENCIAL REAL DEL SOL_x000D__x000D_PLAYA DEL CARMEN,77725, QR_x000D_MX",0,MUJR760625PL8
244192,HOTEL ALAMEDA,194548.0,1,2026-09-23 00:00:00,2026-09-23 00:00:00,C03950,TURISTICA LATINA,HOTEL ALAMEDA CENTRO HISTORICO,11452.5,0,1832.4,13284.9,0.0,4043-J08,,15,CJA,AV FRANCISCO I MADERO PONIENTE #313,CENTRO,MORELIA,MCH,58000,Cobro Destino,"MORELIA, MCH.","AV FRANCISCO I MADERO PONIENTE #313, CENTRO, 58000, MORELIA, MCH",,"AV FRANCISCO I MADERO PONIENTE 313   CENTRO_x000D__x000D_MORELIA,58000, MCH_x000D_MX",443 312 2023,TLA7909243D8
244192,HOTEL ALAMEDA,,1,2026-09-23 00:00:00,2026-09-23 00:00:00,C03950,TURISTICA LATINA,HOTEL ALAMEDA CENTRO HISTORICO,11496.96,0,1839.51,13336.47,0.0,4043-L47,,8,CJA,AV FRANCISCO I MADERO PONIENTE #313,CENTRO,MORELIA,MCH,58000,Cobro Destino,"MORELIA, MCH.","AV FRANCISCO I MADERO PONIENTE #313, CENTRO, 58000, MORELIA, MCH",,"AV FRANCISCO I MADERO PONIENTE 313   CENTRO_x000D__x000D_MORELIA,58000, MCH_x000D_MX",443 312 2023,TLA7909243D8
244192,HOTEL ALAMEDA,,1,2026-09-23 00:00:00,2026-09-23 00:00:00,C03950,TURISTICA LATINA,HOTEL ALAMEDA CENTRO HISTORICO,8622.72,0,1379.64,10002.36,0.0,4043-L50,,6,CJA,AV FRANCISCO I MADERO PONIENTE #313,CENTRO,MORELIA,MCH,58000,Cobro Destino,"MORELIA, MCH.","AV FRANCISCO I MADERO PONIENTE #313, CENTRO, 58000, MORELIA, MCH",,"AV FRANCISCO I MADERO PONIENTE 313   CENTRO_x000D__x000D_MORELIA,58000, MCH_x000D_MX",443 312 2023,TLA7909243D8
244192,HOTEL ALAMEDA,194548.0,1,2026-09-23 00:00:00,2026-09-23 00:00:00,C03950,TURISTICA LATINA,HOTEL ALAMEDA CENTRO HISTORICO,7940.0,0,1270.4,9210.4,0.0,4043-J07,,8,CJA,AV FRANCISCO I MADERO PONIENTE #313,CENTRO,MORELIA,MCH,58000,Cobro Destino,"MORELIA, MCH.","AV FRANCISCO I MADERO PONIENTE #313, CENTRO, 58000, MORELIA, MCH",,"AV FRANCISCO I MADERO PONIENTE 313   CENTRO_x000D__x000D_MORELIA,58000, MCH_x000D_MX",443 312 2023,TLA7909243D8
244193,Orden de compra 9380500000360,194709.0,1,2026-09-23 00:00:00,2026-10-23 00:00:00,C03135,CH LEON,COURTYARD BY MARRIOTT LEON AT THE POLIFORUM  A0101010,1592.98,0,254.88,1847.86,0.0,C06601-L11,,2,CJA,BLVD FRANCISCO VILLA 102,ORIENTAL,LEON,GTO,37510,Cobro Regreso,"LEON, GTO.","BLVD FRANCISCO VILLA 102, ORIENTAL, 37510, LEON, GTO",,"AV. BOULEVARD FRANCISCO VILLA 102   ORIENTAL_x000D__x000D_LEON,37510, GTO_x000D_MX",477 295 94 00,CLE080708SX4
244193,Orden de compra 9380500000360,194709.0,1,2026-09-23 00:00:00,2026-10-23 00:00:00,C03135,CH LEON,COURTYARD BY MARRIOTT LEON AT THE POLIFORUM  A0101010,2361.99,0,377.92,2739.91,0.0,C06601-L10,,3,CJA,BLVD FRANCISCO VILLA 102,ORIENTAL,LEON,GTO,37510,Cobro Regreso,"LEON, GTO.","BLVD FRANCISCO VILLA 102, ORIENTAL, 37510, LEON, GTO",,"AV. BOULEVARD FRANCISCO VILLA 102   ORIENTAL_x000D__x000D_LEON,37510, GTO_x000D_MX",477 295 94 00,CLE080708SX4
244193,Orden de compra 9380500000360,194709.0,1,2026-09-23 00:00:00,2026-10-23 00:00:00,C03135,CH LEON,COURTYARD BY MARRIOTT LEON AT THE POLIFORUM  A0101010,1574.66,0,251.95,1826.61,0.0,C06601-L09,,2,CJA,BLVD FRANCISCO VILLA 102,ORIENTAL,LEON,GTO,37510,Cobro Regreso,"LEON, GTO.","BLVD FRANCISCO VILLA 102, ORIENTAL, 37510, LEON, GTO",,"AV. BOULEVARD FRANCISCO VILLA 102   ORIENTAL_x000D__x000D_LEON,37510, GTO_x000D_MX",477 295 94 00,CLE080708SX4
244193,Orden de compra 9380500000360,194709.0,1,2026-09-23 00:00:00,2026-10-23 00:00:00,C03135,CH LEON,COURTYARD BY MARRIOTT LEON AT THE POLIFORUM  A0101010,1574.66,0,251.95,1826.61,0.0,C06601-L08,,2,CJA,BLVD FRANCISCO VILLA 102,ORIENTAL,LEON,GTO,37510,Cobro Regreso,"LEON, GTO.","BLVD FRANCISCO VILLA 102, ORIENTAL, 37510, LEON, GTO",,"AV. BOULEVARD FRANCISCO VILLA 102   ORIENTAL_x000D__x000D_LEON,37510, GTO_x000D_MX",477 295 94 00,CLE080708SX4
244193,Orden de compra 9380500000360,194709.0,1,2026-09-23 00:00:00,2026-10-23 00:00:00,C03135,CH LEON,COURTYARD BY MARRIOTT LEON AT THE POLIFORUM  A0101010,1788.0,0,286.07,2074.08,0.0,C06601-J04,,2,CJA,BLVD FRANCISCO VILLA 102,ORIENTAL,LEON,GTO,37510,Cobro Regreso,"LEON, GTO.","BLVD FRANCISCO VILLA 102, ORIENTAL, 37510, LEON, GTO",,"AV. BOULEVARD FRANCISCO VILLA 102   ORIENTAL_x000D__x000D_LEON,37510, GTO_x000D_MX",477 295 94 00,CLE080708SX4
244193,Orden de compra 9380500000360,194709.0,1,2026-09-23 00:00:00,2026-10-23 00:00:00,C03135,CH LEON,COURTYARD BY MARRIOTT LEON AT THE POLIFORUM  A0101010,2215.0,0,354.4,2569.4,0.0,4029-A05,MISCELANEOS,1,CJA,BLVD FRANCISCO VILLA 102,ORIENTAL,LEON,GTO,37510,Cobro Regreso,"LEON, GTO.","BLVD FRANCISCO VILLA 102, ORIENTAL, 37510, LEON, GTO",,"AV. BOULEVARD FRANCISCO VILLA 102   ORIENTAL_x000D__x000D_LEON,37510, GTO_x000D_MX",477 295 94 00,CLE080708SX4
244194,"Refacturación Factura 243096 29/08/2026, por fecha.//8846APR2202608115639268708",193559.0,1,2026-09-23 00:00:00,2026-09-23 00:00:00,C00668,INMOBILIARIA HOTELERA DE YUCATAN,HOLIDAY INN MERIDA (MIDMX),1835.28,0,293.64,2128.92,0.0,68758339,,3,CJA,AV.COLON 498 X 60,MONTEJO,MERIDA,YUC,97127,Solo Factura,"MERIDA, YUC.","AV.COLON 498 X 60, MONTEJO, 97127, MERIDA, YUC",,"AV COLON 498   CENTRO_x000D__x000D_MERIDA,97000, YUC_x000D_MX",999 942 8800,IHY7807116A2
244195,4700243698,,1,2026-09-23 00:00:00,2026-11-07 00:00:00,C05942,FIDEICOMISO IRREVOCABLE DB/1616,"HAMPTON SALTILLO, MEXICO (SLWHA)",6132.0,0,981.12,7113.12,0.0,4011-L27,,4,CJA,Zona Aeropuerto SALTILLO-JARDINES COLONIALES,Carretera Saltillo-Monterrey 6580,SALTILLO,COA,25270,Cobro Regreso,"SALTILLO, COA.","Zona Aeropuerto SALTILLO-JARDINES COLONIALES, Carretera Saltillo-Monterrey 6580, 25270, SALTILLO, COA",,"AV. FUNDADORES Exterior: 1000 INT: PISO 7   VALLE DEL MIRADOR_x000D__x000D_MONTERREY,64750, NL_x000D_MX",844 450 4500,DBM121023M10
244195,4700243698,,1,2026-09-23 00:00:00,2026-11-07 00:00:00,C05942,FIDEICOMISO IRREVOCABLE DB/1616,"HAMPTON SALTILLO, MEXICO (SLWHA)",3066.0,0,490.56,3556.56,0.0,4011-L28,,2,CJA,Zona Aeropuerto SALTILLO-JARDINES COLONIALES,Carretera Saltillo-Monterrey 6580,SALTILLO,COA,25270,Cobro Regreso,"SALTILLO, COA.","Zona Aeropuerto SALTILLO-JARDINES COLONIALES, Carretera Saltillo-Monterrey 6580, 25270, SALTILLO, COA",,"AV. FUNDADORES Exterior: 1000 INT: PISO 7   VALLE DEL MIRADOR_x000D__x000D_MONTERREY,64750, NL_x000D_MX",844 450 4500,DBM121023M10
244195,4700243698,,1,2026-09-23 00:00:00,2026-11-07 00:00:00,C05942,FIDEICOMISO IRREVOCABLE DB/1616,"HAMPTON SALTILLO, MEXICO (SLWHA)",3066.0,0,490.56,3556.56,0.0,4011-L30,,2,CJA,Zona Aeropuerto SALTILLO-JARDINES COLONIALES,Carretera Saltillo-Monterrey 6580,SALTILLO,COA,25270,Cobro Regreso,"SALTILLO, COA.","Zona Aeropuerto SALTILLO-JARDINES COLONIALES, Carretera Saltillo-Monterrey 6580, 25270, SALTILLO, COA",,"AV. FUNDADORES Exterior: 1000 INT: PISO 7   VALLE DEL MIRADOR_x000D__x000D_MONTERREY,64750, NL_x000D_MX",844 450 4500,DBM121023M10
244196,"Refacturación Factura 243055, no relacionada con anticipo 241823.",191756.0,1,2026-09-23 00:00:00,2026-09-23 00:00:00,C01930,HOTEL GALERIAS DE AGUASCALIENTES,WYNDHAM GARDEN AGUASCALIENTES,1942.99,0,310.88,2253.87,0.0,5369-L10,,1,CJA,AV. INDEPENDENCIA 1703,TROJES DE CRISTAL,AGUASCALIENTES,AGS,20118,Solo Factura,"AGUASCALIENTES, AGS.","AV. INDEPENDENCIA 1703, TROJES DE CRISTAL, 20118, AGUASCALIENTES, AGS",,"AV. INDEPENDENCIA 1703   TROJES DE CRISTAL_x000D__x000D_AGUASCALIENTES,20118, AGS_x000D_MX",449 236 0028,HGA0010182T7
244197,124,194710.0,1,2026-09-23 00:00:00,2026-10-23 00:00:00,C00112,FORSA EXPRESS,HOLIDAY INN EXPRESS MORELIA (MLMRA) A0200840,1160.22,0,185.64,1345.86,0.0,69706958,,2,CJA,PERIFERICO PASEO DE LA REPUBLICA No.5000,EJIDAL OCOLUSEN,MORELIA,MCH,58295,Cobro Regreso,"MORELIA, MCH.","PERIFERICO PASEO DE LA REPUBLICA No.5000, EJIDAL OCOLUSEN, 58295, MORELIA, MCH",,"AVENIDA MARIANO OTERO 2397   RESIDENCIAL VICTORIA_x000D__x000D_ZAPOPAN,45089, JAL_x000D_MX",443 315 71 00,FEX970818F83
244198,VP-09985,194712.0,1,2026-09-23 00:00:00,2026-10-08 00:00:00,C02296,IMPULSORA PLAZA TIJUANA,CITY EXPRESS NOGALES (CENOG),1005.73,0,160.92,1166.65,0.0,4051-L11,,1,CJA,PROLONGACION AVENIDA ALVARO OBREGON NUMERO 4200,NUEVO NOGALES,NOGALES,SON,84092,Cobro Regreso,"NOGALES, SON.","PROLONGACION AVENIDA ALVARO OBREGON NUMERO 4200, NUEVO NOGALES, 84092, NOGALES, SON",,"JUAN SALVADOR AGRAZ 69 PISO 12   SANTA FE CUAJIMALPA_x000D__x000D_CUAJIMALPA DE MORELOS,05348, CMX_x000D_MX",01-631-311-65-60,IPT050810HQ4
244198,VP-09985,194712.0,1,2026-09-23 00:00:00,2026-10-08 00:00:00,C02296,IMPULSORA PLAZA TIJUANA,CITY EXPRESS NOGALES (CENOG),1005.73,0,160.92,1166.65,0.0,4051-L12,,1,CJA,PROLONGACION AVENIDA ALVARO OBREGON NUMERO 4200,NUEVO NOGALES,NOGALES,SON,84092,Cobro Regreso,"NOGALES, SON.","PROLONGACION AVENIDA ALVARO OBREGON NUMERO 4200, NUEVO NOGALES, 84092, NOGALES, SON",,"JUAN SALVADOR AGRAZ 69 PISO 12   SANTA FE CUAJIMALPA_x000D__x000D_CUAJIMALPA DE MORELOS,05348, CMX_x000D_MX",01-631-311-65-60,IPT050810HQ4
244198,VP-09985,194712.0,1,2026-09-23 00:00:00,2026-10-08 00:00:00,C02296,IMPULSORA PLAZA TIJUANA,CITY EXPRESS NOGALES (CENOG),1288.56,0,206.17,1494.73,0.0,4051-J03,,2,CJA,PROLONGACION AVENIDA ALVARO OBREGON NUMERO 4200,NUEVO NOGALES,NOGALES,SON,84092,Cobro Regreso,"NOGALES, SON.","PROLONGACION AVENIDA ALVARO OBREGON NUMERO 4200, NUEVO NOGALES, 84092, NOGALES, SON",,"JUAN SALVADOR AGRAZ 69 PISO 12   SANTA FE CUAJIMALPA_x000D__x000D_CUAJIMALPA DE MORELOS,05348, CMX_x000D_MX",01-631-311-65-60,IPT050810HQ4
244198,VP-09985,194712.0,1,2026-09-23 00:00:00,2026-10-08 00:00:00,C02296,IMPULSORA PLAZA TIJUANA,CITY EXPRESS NOGALES (CENOG),1659.84,0,265.57,1925.41,0.0,4051-J04,,4,CJA,PROLONGACION AVENIDA ALVARO OBREGON NUMERO 4200,NUEVO NOGALES,NOGALES,SON,84092,Cobro Regreso,"NOGALES, SON.","PROLONGACION AVENIDA ALVARO OBREGON NUMERO 4200, NUEVO NOGALES, 84092, NOGALES, SON",,"JUAN SALVADOR AGRAZ 69 PISO 12   SANTA FE CUAJIMALPA_x000D__x000D_CUAJIMALPA DE MORELOS,05348, CMX_x000D_MX",01-631-311-65-60,IPT050810HQ4
244198,VP-09985,194712.0,1,2026-09-23 00:00:00,2026-10-08 00:00:00,C02296,IMPULSORA PLAZA TIJUANA,CITY EXPRESS NOGALES (CENOG),5028.65,0,804.58,5833.23,0.0,4051-L10,,5,CJA,PROLONGACION AVENIDA ALVARO OBREGON NUMERO 4200,NUEVO NOGALES,NOGALES,SON,84092,Cobro Regreso,"NOGALES, SON.","PROLONGACION AVENIDA ALVARO OBREGON NUMERO 4200, NUEVO NOGALES, 84092, NOGALES, SON",,"JUAN SALVADOR AGRAZ 69 PISO 12   SANTA FE CUAJIMALPA_x000D__x000D_CUAJIMALPA DE MORELOS,05348, CMX_x000D_MX",01-631-311-65-60,IPT050810HQ4
244199,PO 8731,192896.0,13,2026-09-23 00:00:00,2026-12-22 00:00:00,C07113,NURTURE HOSPITALITY GROUP,NHG NURTURE HOSPITALITY GROUP,196394.08,0,0.0,196394.08,11404.8,C07113-J12,,720,CJA,119 N. Hawkhurst Cir,,Magnolia,TX,77354,Exportacion,"Magnolia, TX.","119 N. Hawkhurst Cir, , 77354, Magnolia, TX",,119 N. Hawkhurst Cir_x000D_Magnolia TX  77354_x000D_USA,800 741 1070,XEXX010101000
244199,PO 8731,192896.0,13,2026-09-23 00:00:00,2026-12-22 00:00:00,C07113,NURTURE HOSPITALITY GROUP,NHG NURTURE HOSPITALITY GROUP,308312.25,0,0.0,308312.25,17904.0,C08412-J05,,600,CJA,119 N. Hawkhurst Cir,,Magnolia,TX,77354,Exportacion,"Magnolia, TX.","119 N. Hawkhurst Cir, , 77354, Magnolia, TX",,119 N. Hawkhurst Cir_x000D_Magnolia TX  77354_x000D_USA,800 741 1070,XEXX010101000
244200,XT-16686,194711.0,1,2026-09-23 00:00:00,2026-10-08 00:00:00,C07391,IMPULSORA PLAZA VILLA HERMOSA,CITY EXPRESS PLUS TIJUANA TOREO (CPTIJ),1371.24,0,219.4,1590.64,0.0,4018-A23,,2,CJA,BLVD. AGUA CALIENTE #9985,CALETTE DE LA DELEFACION ZONA CENTRO,TIJUANA,BC,22024,Cobro Regreso,"TIJUANA, BC.","BLVD. AGUA CALIENTE #9985, CALETTE DE LA DELEFACION ZONA CENTRO, 22024, TIJUANA, BC",,"JUAN SALVADOR AGRAZ 69 PISO 12   SANTA FE CUAJIMALPA_x000D__x000D_CUAJIMALPA DE MORELOS,05348, CMX_x000D_MX",01 664 288 4650,IPV060907T30
244200,XT-16686,194711.0,1,2026-09-23 00:00:00,2026-10-08 00:00:00,C07391,IMPULSORA PLAZA VILLA HERMOSA,CITY EXPRESS PLUS TIJUANA TOREO (CPTIJ),2011.46,0,321.83,2333.29,0.0,4051-L12,,2,CJA,BLVD. AGUA CALIENTE #9985,CALETTE DE LA DELEFACION ZONA CENTRO,TIJUANA,BC,22024,Cobro Regreso,"TIJUANA, BC.","BLVD. AGUA CALIENTE #9985, CALETTE DE LA DELEFACION ZONA CENTRO, 22024, TIJUANA, BC",,"JUAN SALVADOR AGRAZ 69 PISO 12   SANTA FE CUAJIMALPA_x000D__x000D_CUAJIMALPA DE MORELOS,05348, CMX_x000D_MX",01 664 288 4650,IPV060907T30
244200,XT-16686,194711.0,1,2026-09-23 00:00:00,2026-10-08 00:00:00,C07391,IMPULSORA PLAZA VILLA HERMOSA,CITY EXPRESS PLUS TIJUANA TOREO (CPTIJ),2011.46,0,321.83,2333.29,0.0,4051-L11,,2,CJA,BLVD. AGUA CALIENTE #9985,CALETTE DE LA DELEFACION ZONA CENTRO,TIJUANA,BC,22024,Cobro Regreso,"TIJUANA, BC.","BLVD. AGUA CALIENTE #9985, CALETTE DE LA DELEFACION ZONA CENTRO, 22024, TIJUANA, BC",,"JUAN SALVADOR AGRAZ 69 PISO 12   SANTA FE CUAJIMALPA_x000D__x000D_CUAJIMALPA DE MORELOS,05348, CMX_x000D_MX",01 664 288 4650,IPV060907T30
244200,XT-16686,194711.0,1,2026-09-23 00:00:00,2026-10-08 00:00:00,C07391,IMPULSORA PLAZA VILLA HERMOSA,CITY EXPRESS PLUS TIJUANA TOREO (CPTIJ),4022.92,0,643.67,4666.59,0.0,4051-L10,,4,CJA,BLVD. AGUA CALIENTE #9985,CALETTE DE LA DELEFACION ZONA CENTRO,TIJUANA,BC,22024,Cobro Regreso,"TIJUANA, BC.","BLVD. AGUA CALIENTE #9985, CALETTE DE LA DELEFACION ZONA CENTRO, 22024, TIJUANA, BC",,"JUAN SALVADOR AGRAZ 69 PISO 12   SANTA FE CUAJIMALPA_x000D__x000D_CUAJIMALPA DE MORELOS,05348, CMX_x000D_MX",01 664 288 4650,IPV060907T30
244200,XT-16686,194711.0,1,2026-09-23 00:00:00,2026-10-08 00:00:00,C07391,IMPULSORA PLAZA VILLA HERMOSA,CITY EXPRESS PLUS TIJUANA TOREO (CPTIJ),1932.84,0,309.25,2242.09,0.0,4051-J03,,3,CJA,BLVD. AGUA CALIENTE #9985,CALETTE DE LA DELEFACION ZONA CENTRO,TIJUANA,BC,22024,Cobro Regreso,"TIJUANA, BC.","BLVD. AGUA CALIENTE #9985, CALETTE DE LA DELEFACION ZONA CENTRO, 22024, TIJUANA, BC",,"JUAN SALVADOR AGRAZ 69 PISO 12   SANTA FE CUAJIMALPA_x000D__x000D_CUAJIMALPA DE MORELOS,05348, CMX_x000D_MX",01 664 288 4650,IPV060907T30
244200,XT-16686,194711.0,1,2026-09-23 00:00:00,2026-10-08 00:00:00,C07391,IMPULSORA PLAZA VILLA HERMOSA,CITY EXPRESS PLUS TIJUANA TOREO (CPTIJ),2489.76,0,398.37,2888.12,0.0,4051-J04,,6,CJA,BLVD. AGUA CALIENTE #9985,CALETTE DE LA DELEFACION ZONA CENTRO,TIJUANA,BC,22024,Cobro Regreso,"TIJUANA, BC.","BLVD. AGUA CALIENTE #9985, CALETTE DE LA DELEFACION ZONA CENTRO, 22024, TIJUANA, BC",,"JUAN SALVADOR AGRAZ 69 PISO 12   SANTA FE CUAJIMALPA_x000D__x000D_CUAJIMALPA DE MORELOS,05348, CMX_x000D_MX",01 664 288 4650,IPV060907T30
244201,,194715.0,1,2026-09-23 00:00:00,2026-09-23 00:00:00,C03950,TURISTICA LATINA,HOTEL ALAMEDA CENTRO HISTORICO,360.42,0,57.67,418.09,0.0,ANTC,,1,PZA,AV FRANCISCO I MADERO PONIENTE #313,CENTRO,MORELIA,MCH,58000,Solo Factura,"MORELIA, MCH.","AV FRANCISCO I MADERO PONIENTE #313, CENTRO, 58000, MORELIA, MCH",,"AV FRANCISCO I MADERO PONIENTE 313   CENTRO_x000D__x000D_MORELIA,58000, MCH_x000D_MX",443 312 2023,TLA7909243D8
244202,,194718.0,1,2026-09-23 00:00:00,2026-09-23 00:00:00,C08012,CARLOS GONZALEZ MARTINEZ,HOTEL SARA,1823.98,0,291.84,2115.82,0.0,4016-J07,,2,CJA,HIDALGO #96,LOMA DORADA,ZAPOTLANEJO,JAL,45430,Cliente Pasa por Mercancia,"ZAPOTLANEJO, JAL.","HIDALGO #96, LOMA DORADA, 45430, ZAPOTLANEJO, JAL",,"HIDALGO 96   LOMA DORADA_x000D__x000D_ZAPOTLANEJO,45430, JAL_x000D_MX",33 1529 4231,GOMC0109282C8
244202,,194718.0,1,2026-09-23 00:00:00,2026-09-23 00:00:00,C08012,CARLOS GONZALEZ MARTINEZ,HOTEL SARA,3503.7,0,560.59,4064.29,0.0,4016-L04,,3,CJA,HIDALGO #96,LOMA DORADA,ZAPOTLANEJO,JAL,45430,Cliente Pasa por Mercancia,"ZAPOTLANEJO, JAL.","HIDALGO #96, LOMA DORADA, 45430, ZAPOTLANEJO, JAL",,"HIDALGO 96   LOMA DORADA_x000D__x000D_ZAPOTLANEJO,45430, JAL_x000D_MX",33 1529 4231,GOMC0109282C8
244202,,194718.0,1,2026-09-23 00:00:00,2026-09-23 00:00:00,C08012,CARLOS GONZALEZ MARTINEZ,HOTEL SARA,1286.9,0,205.9,1492.8,0.0,4016-L07,ELEMENTS EVOLUTION B,1,CJA,HIDALGO #96,LOMA DORADA,ZAPOTLANEJO,JAL,45430,Cliente Pasa por Mercancia,"ZAPOTLANEJO, JAL.","HIDALGO #96, LOMA DORADA, 45430, ZAPOTLANEJO, JAL",,"HIDALGO 96   LOMA DORADA_x000D__x000D_ZAPOTLANEJO,45430, JAL_x000D_MX",33 1529 4231,GOMC0109282C8
244202,,194718.0,1,2026-09-23 00:00:00,2026-09-23 00:00:00,C08012,CARLOS GONZALEZ MARTINEZ,HOTEL SARA,3090.0,0,494.4,3584.4,0.0,JHEL-0033,,6,PZA,HIDALGO #96,LOMA DORADA,ZAPOTLANEJO,JAL,45430,Cliente Pasa por Mercancia,"ZAPOTLANEJO, JAL.","HIDALGO #96, LOMA DORADA, 45430, ZAPOTLANEJO, JAL",,"HIDALGO 96   LOMA DORADA_x000D__x000D_ZAPOTLANEJO,45430, JAL_x000D_MX",33 1529 4231,GOMC0109282C8
244203,,194706.0,1,2026-09-23 00:00:00,2026-09-23 00:00:00,C09901,CLAUDIA SIMBECK ORTEGA,CLAUDIA SIMBECK ORTEGA,693.5,0,110.96,804.46,0.0,4018-L45,,1,CJA,AV HOMERO 223,POLANCO,CIUDAD DE MEXICO,CMX,11560,Cobro Destino,"CIUDAD DE MEXICO, CMX.","AV HOMERO 223, POLANCO, 11560, CIUDAD DE MEXICO, CMX",,"CZDA CAMARONES 99   NUEVA SANTA MARIA_x000D__x000D_CIUDAD DE MEXICO,02800, CMX_x000D_MX",5534692959,SIOC690709V18
244204,4700256985,194716.0,1,2026-09-23 00:00:00,2026-11-07 00:00:00,C00030,INMO F,ALOFT GUADALAJARA SUR (GDLPU 5528),836.5,0,133.84,970.34,0.0,4016-J08,,1,CJA,AV. PUNTO SUR 235,LOS GAVILANES,TLAJOMULCO DE ZUÑIGA,JAL,45645,Transporte LOCAL,"TLAJOMULCO DE ZUÑIGA, JAL.","AV. PUNTO SUR 235, LOS GAVILANES, 45645, TLAJOMULCO DE ZUÑIGA, JAL",,"CALLE SAN LUIS GONZAGA 4511   JARDINES DE GUADALUPE_x000D__x000D_ZAPOPAN,45030, JAL_x000D_MX",331 062 2718,IFX051129IY5
244205,SERVICIOS TURISTICOS Y HOTELEROS VILLAHERMOSA,194717.0,1,2026-09-23 00:00:00,2026-10-08 00:00:00,C01860,SERVICIOS TURISTICOS Y HOTELEROS VILLAHERMOSA,HOLIDAY INN EXPRESS VILLAHERMOSA TABASCO 2000 (VSASA),622.92,0,99.67,722.59,0.0,68758340,,1,CJA,PERIFERICO CARLOS PELLICER CAMARA 4000,LA CHOCA,VILLAHERMOSA,TAB,86037,Cobro Regreso,"VILLAHERMOSA, TAB.","PERIFERICO CARLOS PELLICER CAMARA 4000, LA CHOCA, 86037, VILLAHERMOSA, TAB",,"CIRCUITO INTERIOR CARLOS PELLICER CAMARA 3916   TABASCO 2000_x000D__x000D_VILLAHERMOSA,86035, TAB_x000D_MX",993 310 4650,STH040316M43
244205,SERVICIOS TURISTICOS Y HOTELEROS VILLAHERMOSA,194717.0,1,2026-09-23 00:00:00,2026-10-08 00:00:00,C01860,SERVICIOS TURISTICOS Y HOTELEROS VILLAHERMOSA,HOLIDAY INN EXPRESS VILLAHERMOSA TABASCO 2000 (VSASA),6645.0,0,1063.2,7708.2,0.0,4029-A05,MISCELANEOS,3,CJA,PERIFERICO CARLOS PELLICER CAMARA 4000,LA CHOCA,VILLAHERMOSA,TAB,86037,Cobro Regreso,"VILLAHERMOSA, TAB.","PERIFERICO CARLOS PELLICER CAMARA 4000, LA CHOCA, 86037, VILLAHERMOSA, TAB",,"CIRCUITO INTERIOR CARLOS PELLICER CAMARA 3916   TABASCO 2000_x000D__x000D_VILLAHERMOSA,86035, TAB_x000D_MX",993 310 4650,STH040316M43
244206,,194719.0,1,2026-09-23 00:00:00,2026-10-23 00:00:00,C08540,INMOBILIARIA PENINSULAR DG,"HAMPTON MERIDA, YUCATAN, MEXICO (MIDHX)",4599.0,0,735.84,5334.84,0.0,4011-L27,,3,CJA,CALLE 20 A POR 3 C Y 5 A NUMERO 288,XCUMPICH,MERIDA,YUC,97204,Cobro Regreso,"MERIDA, YUC.","CALLE 20 A POR 3 C Y 5 A NUMERO 288, XCUMPICH, 97204, MERIDA, YUC",,"AV  PERIFERICO CARLOS PELLICER CAMARA 2820   MIGUEL HIDALGO Y COSTILLA_x000D__x000D_VILLAHERMOSA,86126, TAB_x000D_MX",999 964 2345,IPD130212JH3
244206,,194719.0,1,2026-09-23 00:00:00,2026-10-23 00:00:00,C08540,INMOBILIARIA PENINSULAR DG,"HAMPTON MERIDA, YUCATAN, MEXICO (MIDHX)",2733.16,0,437.31,3170.47,0.0,4011-J08,,4,CJA,CALLE 20 A POR 3 C Y 5 A NUMERO 288,XCUMPICH,MERIDA,YUC,97204,Cobro Regreso,"MERIDA, YUC.","CALLE 20 A POR 3 C Y 5 A NUMERO 288, XCUMPICH, 97204, MERIDA, YUC",,"AV  PERIFERICO CARLOS PELLICER CAMARA 2820   MIGUEL HIDALGO Y COSTILLA_x000D__x000D_VILLAHERMOSA,86126, TAB_x000D_MX",999 964 2345,IPD130212JH3
244206,,194719.0,1,2026-09-23 00:00:00,2026-10-23 00:00:00,C08540,INMOBILIARIA PENINSULAR DG,"HAMPTON MERIDA, YUCATAN, MEXICO (MIDHX)",3066.0,0,490.56,3556.56,0.0,4011-L30,,2,CJA,CALLE 20 A POR 3 C Y 5 A NUMERO 288,XCUMPICH,MERIDA,YUC,97204,Cobro Regreso,"MERIDA, YUC.","CALLE 20 A POR 3 C Y 5 A NUMERO 288, XCUMPICH, 97204, MERIDA, YUC",,"AV  PERIFERICO CARLOS PELLICER CAMARA 2820   MIGUEL HIDALGO Y COSTILLA_x000D__x000D_VILLAHERMOSA,86126, TAB_x000D_MX",999 964 2345,IPD130212JH3
244207,AHCPR0012225,194720.0,1,2026-09-23 00:00:00,2026-10-23 00:00:00,C08593,AHC PROFESSIONALS,"HILTON GRAND VACATIONS CABO AZUL, MX (SJDCA)",2520.0,0,403.2,2923.2,0.0,4029-A95,,2,CJA,CALLE PASEO MALECON LOTE 11,FONATUR LOS CABOS,SAN JOSE DEL CABO,BCS,23400,Cobro Regreso,"SAN JOSE DEL CABO, BCS.","CALLE PASEO MALECON LOTE 11, FONATUR LOS CABOS, 23400, SAN JOSE DEL CABO, BCS",,"CALLE PASEO MALECON LOTE 11   FONATUR_x000D__x000D_LOS CABOS,23400, BCS_x000D_MX",624 163 5100,APR130205UM6
244207,AHCPR0012225,194720.0,1,2026-09-23 00:00:00,2026-10-23 00:00:00,C08593,AHC PROFESSIONALS,"HILTON GRAND VACATIONS CABO AZUL, MX (SJDCA)",2520.0,0,403.2,2923.2,0.0,4029-A94,,2,CJA,CALLE PASEO MALECON LOTE 11,FONATUR LOS CABOS,SAN JOSE DEL CABO,BCS,23400,Cobro Regreso,"SAN JOSE DEL CABO, BCS.","CALLE PASEO MALECON LOTE 11, FONATUR LOS CABOS, 23400, SAN JOSE DEL CABO, BCS",,"CALLE PASEO MALECON LOTE 11   FONATUR_x000D__x000D_LOS CABOS,23400, BCS_x000D_MX",624 163 5100,APR130205UM6
244208,000000000016670,194721.0,3,2026-09-23 00:00:00,2026-10-23 00:00:00,C08392,TRTG RESORTS INV,"HILTON GARDEN INN CANCUN AIRPORT, MEXICO (CUNRO)",3066.0,0,490.56,3556.56,0.0,4011-L28,,2,CJA,CARRETERA  CANCUN-CHETUMAL KM. 22 EN EL EXTERIOR LADO TIERRA CUN20111,OTRA NO ESPECIFICADA EN CATALOGO,CANCUN,QR,77569,CEDIS Cancún,"CANCUN, QR.","CARRETERA  CANCUN-CHETUMAL KM. 22 EN EL EXTERIOR LADO TIERRA CUN20111, OTRA NO ESPECIFICADA EN CATALOGO, 77569, CANCUN, QR",,"AV PRADO SUR 125 PISO 1 OFICINA 5   OTRA SIN ESPECIFICACION EN CATALOGO_x000D__x000D_CIUDAD DE MEXICO,11000, DF2_x000D_MX",998 372 9860,TRI171213HD0
244208,000000000016670,194721.0,3,2026-09-23 00:00:00,2026-10-23 00:00:00,C08392,TRTG RESORTS INV,"HILTON GARDEN INN CANCUN AIRPORT, MEXICO (CUNRO)",3066.0,0,490.56,3556.56,0.0,4011-L29,,2,CJA,CARRETERA  CANCUN-CHETUMAL KM. 22 EN EL EXTERIOR LADO TIERRA CUN20111,OTRA NO ESPECIFICADA EN CATALOGO,CANCUN,QR,77569,CEDIS Cancún,"CANCUN, QR.","CARRETERA  CANCUN-CHETUMAL KM. 22 EN EL EXTERIOR LADO TIERRA CUN20111, OTRA NO ESPECIFICADA EN CATALOGO, 77569, CANCUN, QR",,"AV PRADO SUR 125 PISO 1 OFICINA 5   OTRA SIN ESPECIFICACION EN CATALOGO_x000D__x000D_CIUDAD DE MEXICO,11000, DF2_x000D_MX",998 372 9860,TRI171213HD0
244209,,194722.0,1,2026-09-23 00:00:00,2026-09-23 00:00:00,C09893,MAURICIO MIGUEL NIEBLAS GOMEZ,HOTEL NG,2860.48,0,457.68,3318.16,0.0,ANTC,,1,PZA,AV CENTRAL 500 TORRE 400 DPTO 806,PUERTA DEL VALLE,ZAPOPAN,JAL,45136,Solo Factura,"ZAPOPAN, JAL.","AV CENTRAL 500 TORRE 400 DPTO 806, PUERTA DEL VALLE, 45136, ZAPOPAN, JAL",,"CALLE CASCADA 1-A   EL MANANTIAL_x000D__x000D_AMECA,46640, JAL_x000D_MX",33 33 68 4022,NIGM930311S54
244210,,194724.0,1,2026-09-23 00:00:00,2026-10-08 00:00:00,C09353,UTTSA INN,WYNDHAM CD GUZMAN,1660.0,0,265.6,1925.6,0.0,JHAC-0155,,1,CJA,AV. JOSE MARIA GONZALEZ #552,ZAPOTLATENA Y FRACC CONDE PERIFERIA,CD GUZMAN,JAL,49000,Cobro Destino,"CD GUZMAN, JAL.","AV. JOSE MARIA GONZALEZ #552, ZAPOTLATENA Y FRACC CONDE PERIFERIA, 49000, CD GUZMAN, JAL",,"CARRETERA SANTA ROSA 2.5 KM SIN NUMERO   SAN ANTONIO_x000D__x000D_TAMAZULA DE GORDIANO,49652, JAL_x000D_MX",332 819 8851,UIN240323F11
244211,4700250819,194728.0,1,2026-09-23 00:00:00,2026-11-07 00:00:00,C05942,FIDEICOMISO IRREVOCABLE DB/1616,"HAMPTON SALTILLO, MEXICO (SLWHA)",2913.75,0,466.2,3379.95,0.0,4011-J07,,5,CJA,Zona Aeropuerto SALTILLO-JARDINES COLONIALES,Carretera Saltillo-Monterrey 6580,SALTILLO,COA,25270,Cobro Regreso,"SALTILLO, COA.","Zona Aeropuerto SALTILLO-JARDINES COLONIALES, Carretera Saltillo-Monterrey 6580, 25270, SALTILLO, COA",,"AV. FUNDADORES Exterior: 1000 INT: PISO 7   VALLE DEL MIRADOR_x000D__x000D_MONTERREY,64750, NL_x000D_MX",844 450 4500,DBM121023M10
244212,9149701116,194729.0,1,2026-09-23 00:00:00,2026-09-23 00:00:00,C04135,MA. GRACIELA GUTIERREZ VAZQUEZ,HOTEL VICTORIA,2319.8,0,371.17,2690.97,0.0,4011-J07,,2,CJA,BLVD AGUSTIN OLACHEA AVILES 449,CENTRO,CD. CONSTITUCION,BCS,23600,Cobro Destino,"CD. CONSTITUCION, BCS.","BLVD AGUSTIN OLACHEA AVILES 449, CENTRO, 23600, CD. CONSTITUCION, BCS",,"BLVD AGUSTIN OLACHEA AVILES #449   CENTRO_x000D__x000D_COMONDU,23600, BCS_x000D_MX",613 132 1687,GUVG6511061Q7
244212,9149701116,194729.0,1,2026-09-23 00:00:00,2026-09-23 00:00:00,C04135,MA. GRACIELA GUTIERREZ VAZQUEZ,HOTEL VICTORIA,2899.0,0,463.84,3362.84,0.0,4011-L09,,2,CJA,BLVD AGUSTIN OLACHEA AVILES 449,CENTRO,CD. CONSTITUCION,BCS,23600,Cobro Destino,"CD. CONSTITUCION, BCS.","BLVD AGUSTIN OLACHEA AVILES 449, CENTRO, 23600, CD. CONSTITUCION, BCS",,"BLVD AGUSTIN OLACHEA AVILES #449   CENTRO_x000D__x000D_COMONDU,23600, BCS_x000D_MX",613 132 1687,GUVG6511061Q7
244212,9149701116,194729.0,1,2026-09-23 00:00:00,2026-09-23 00:00:00,C04135,MA. GRACIELA GUTIERREZ VAZQUEZ,HOTEL VICTORIA,3017.0,0,482.72,3499.72,0.0,4011-L10,,2,CJA,BLVD AGUSTIN OLACHEA AVILES 449,CENTRO,CD. CONSTITUCION,BCS,23600,Cobro Destino,"CD. CONSTITUCION, BCS.","BLVD AGUSTIN OLACHEA AVILES 449, CENTRO, 23600, CD. CONSTITUCION, BCS",,"BLVD AGUSTIN OLACHEA AVILES #449   CENTRO_x000D__x000D_COMONDU,23600, BCS_x000D_MX",613 132 1687,GUVG6511061Q7
244213,,194731.0,1,2026-09-23 00:00:00,2026-09-23 00:00:00,CLIESP,VENTAS DE MOSTRADOR,VENTAS DE MOSTRADOR,911.99,0,145.92,1057.91,0.0,4016-J07,,1,CJA,PRIVADA DEL GALLO 1525,LA AURORA,GUADALAJARA,JAL,44460,Cobro Destino,"GUADALAJARA, JAL.","PRIVADA DEL GALLO 1525, LA AURORA, 44460, GUADALAJARA, JAL",,"PRIVADA DEL GALLO 1525   LA AURORA_x000D__x000D_GUADALAJARA,44460, JAL_x000D_MX",38115800,XAXX010101000
244213,,194731.0,1,2026-09-23 00:00:00,2026-09-23 00:00:00,CLIESP,VENTAS DE MOSTRADOR,VENTAS DE MOSTRADOR,836.5,0,133.84,970.34,0.0,4016-J08,,1,CJA,PRIVADA DEL GALLO 1525,LA AURORA,GUADALAJARA,JAL,44460,Cobro Destino,"GUADALAJARA, JAL.","PRIVADA DEL GALLO 1525, LA AURORA, 44460, GUADALAJARA, JAL",,"PRIVADA DEL GALLO 1525   LA AURORA_x000D__x000D_GUADALAJARA,44460, JAL_x000D_MX",38115800,XAXX010101000
244214,0000007247,193691.0,1,2026-09-23 00:00:00,2026-10-23 00:00:00,C01762,DISTRIBUIDORA JOFA,DISTRIBUIDORA JOFA,2357.9,15,377.26,2735.16,0.0,4018-L48,,4,CJA,CALLE VILLASANA #656,20 DE NOVIEMBRE,TIJUANA,BC,22100,Cobro Regreso,"TIJUANA, BC.","CALLE VILLASANA #656, 20 DE NOVIEMBRE, 22100, TIJUANA, BC",,"CALLE F 2473   LIBERTAD_x000D__x000D_MEXICALI,21030, BC_x000D_MX",686 557 1686,DJO031218PI8
244214,0000007247,193691.0,1,2026-09-23 00:00:00,2026-10-23 00:00:00,C01762,DISTRIBUIDORA JOFA,DISTRIBUIDORA JOFA,4320.13,15,691.22,5011.35,0.0,4032-L01,BRISS MOUTHWASH 1.0,5,CJA,CALLE VILLASANA #656,20 DE NOVIEMBRE,TIJUANA,BC,22100,Cobro Regreso,"TIJUANA, BC.","CALLE VILLASANA #656, 20 DE NOVIEMBRE, 22100, TIJUANA, BC",,"CALLE F 2473   LIBERTAD_x000D__x000D_MEXICALI,21030, BC_x000D_MX",686 557 1686,DJO031218PI8
244215,0000007251,193768.0,1,2026-09-23 00:00:00,2026-10-23 00:00:00,C01762,DISTRIBUIDORA JOFA,DISTRIBUIDORA JOFA,8640.25,15,1382.44,10022.69,0.0,4032-L01,BRISS MOUTHWASH 1.0,10,CJA,CALLE VILLASANA #656,20 DE NOVIEMBRE,TIJUANA,BC,22100,Cobro Regreso,"TIJUANA, BC.","CALLE VILLASANA #656, 20 DE NOVIEMBRE, 22100, TIJUANA, BC",,"CALLE F 2473   LIBERTAD_x000D__x000D_MEXICALI,21030, BC_x000D_MX",686 557 1686,DJO031218PI8
244216,0000007284,,1,2026-09-23 00:00:00,2026-10-23 00:00:00,C01762,DISTRIBUIDORA JOFA,DISTRIBUIDORA JOFA,9772.42,15,1563.59,11336.0,0.0,4043-L50,,8,CJA,CALLE VILLASANA #656,20 DE NOVIEMBRE,TIJUANA,BC,22100,Cobro Regreso,"TIJUANA, BC.","CALLE VILLASANA #656, 20 DE NOVIEMBRE, 22100, TIJUANA, BC",,"CALLE F 2473   LIBERTAD_x000D__x000D_MEXICALI,21030, BC_x000D_MX",686 557 1686,DJO031218PI8
244216,0000007284,,1,2026-09-23 00:00:00,2026-10-23 00:00:00,C01762,DISTRIBUIDORA JOFA,DISTRIBUIDORA JOFA,45197.42,15,7231.58,52429.01,0.0,4043-L47,,37,CJA,CALLE VILLASANA #656,20 DE NOVIEMBRE,TIJUANA,BC,22100,Cobro Regreso,"TIJUANA, BC.","CALLE VILLASANA #656, 20 DE NOVIEMBRE, 22100, TIJUANA, BC",,"CALLE F 2473   LIBERTAD_x000D__x000D_MEXICALI,21030, BC_x000D_MX",686 557 1686,DJO031218PI8
244217,,194725.0,1,2026-09-23 00:00:00,2026-10-23 00:00:00,CG0024,FARMASES,FARMASES,11777.84,22,1884.45,13662.3,0.0,4029-A90,,20,CJA,Calle Cabrera #147,Barrio San Carlos,MONTERREY,NL,64102,Cobro Regreso,"MONTERREY, NL.","Calle Cabrera #147, Barrio San Carlos, 64102, MONTERREY, NL",,"CALLE. MONTES SABINOS #4965   VILLA  MITRAS_x000D__x000D_MONTERREY,64170, NL_x000D_MX",818 373 6492,FAR070802755
244217,,194725.0,1,2026-09-23 00:00:00,2026-10-23 00:00:00,CG0024,FARMASES,FARMASES,5112.51,22,818.0,5930.51,0.0,4029-A94,,5,CJA,Calle Cabrera #147,Barrio San Carlos,MONTERREY,NL,64102,Cobro Regreso,"MONTERREY, NL.","Calle Cabrera #147, Barrio San Carlos, 64102, MONTERREY, NL",,"CALLE. MONTES SABINOS #4965   VILLA  MITRAS_x000D__x000D_MONTERREY,64170, NL_x000D_MX",818 373 6492,FAR070802755
244217,,194725.0,1,2026-09-23 00:00:00,2026-10-23 00:00:00,CG0024,FARMASES,FARMASES,49134.54,22,7861.53,56996.07,0.0,4052-L17,,70,CJA,Calle Cabrera #147,Barrio San Carlos,MONTERREY,NL,64102,Cobro Regreso,"MONTERREY, NL.","Calle Cabrera #147, Barrio San Carlos, 64102, MONTERREY, NL",,"CALLE. MONTES SABINOS #4965   VILLA  MITRAS_x000D__x000D_MONTERREY,64170, NL_x000D_MX",818 373 6492,FAR070802755
244217,,194725.0,1,2026-09-23 00:00:00,2026-10-23 00:00:00,CG0024,FARMASES,FARMASES,30167.28,22,4826.76,34994.04,0.0,4052-L20,,40,CJA,Calle Cabrera #147,Barrio San Carlos,MONTERREY,NL,64102,Cobro Regreso,"MONTERREY, NL.","Calle Cabrera #147, Barrio San Carlos, 64102, MONTERREY, NL",,"CALLE. MONTES SABINOS #4965   VILLA  MITRAS_x000D__x000D_MONTERREY,64170, NL_x000D_MX",818 373 6492,FAR070802755
244217,,194725.0,1,2026-09-23 00:00:00,2026-10-23 00:00:00,CG0024,FARMASES,FARMASES,36289.5,22,5806.32,42095.82,0.0,4052-J08,,50,CJA,Calle Cabrera #147,Barrio San Carlos,MONTERREY,NL,64102,Cobro Regreso,"MONTERREY, NL.","Calle Cabrera #147, Barrio San Carlos, 64102, MONTERREY, NL",,"CALLE. MONTES SABINOS #4965   VILLA  MITRAS_x000D__x000D_MONTERREY,64170, NL_x000D_MX",818 373 6492,FAR070802755
244217,,194725.0,1,2026-09-23 00:00:00,2026-10-23 00:00:00,CG0024,FARMASES,FARMASES,3509.61,22,561.54,4071.15,0.0,4052-L19,,5,CJA,Calle Cabrera #147,Barrio San Carlos,MONTERREY,NL,64102,Cobro Regreso,"MONTERREY, NL.","Calle Cabrera #147, Barrio San Carlos, 64102, MONTERREY, NL",,"CALLE. MONTES SABINOS #4965   VILLA  MITRAS_x000D__x000D_MONTERREY,64170, NL_x000D_MX",818 373 6492,FAR070802755
244217,,194725.0,1,2026-09-23 00:00:00,2026-10-23 00:00:00,CG0024,FARMASES,FARMASES,7019.22,22,1123.08,8142.3,0.0,4052-L18,,10,CJA,Calle Cabrera #147,Barrio San Carlos,MONTERREY,NL,64102,Cobro Regreso,"MONTERREY, NL.","Calle Cabrera #147, Barrio San Carlos, 64102, MONTERREY, NL",,"CALLE. MONTES SABINOS #4965   VILLA  MITRAS_x000D__x000D_MONTERREY,64170, NL_x000D_MX",818 373 6492,FAR070802755
244217,,194725.0,1,2026-09-23 00:00:00,2026-10-23 00:00:00,CG0024,FARMASES,FARMASES,56047.68,22,8967.63,65015.31,0.0,4043-L49,,50,CJA,Calle Cabrera #147,Barrio San Carlos,MONTERREY,NL,64102,Cobro Regreso,"MONTERREY, NL.","Calle Cabrera #147, Barrio San Carlos, 64102, MONTERREY, NL",,"CALLE. MONTES SABINOS #4965   VILLA  MITRAS_x000D__x000D_MONTERREY,64170, NL_x000D_MX",818 373 6492,FAR070802755
244217,,194725.0,1,2026-09-23 00:00:00,2026-10-23 00:00:00,CG0024,FARMASES,FARMASES,56047.68,22,8967.63,65015.31,0.0,4043-L47,,50,CJA,Calle Cabrera #147,Barrio San Carlos,MONTERREY,NL,64102,Cobro Regreso,"MONTERREY, NL.","Calle Cabrera #147, Barrio San Carlos, 64102, MONTERREY, NL",,"CALLE. MONTES SABINOS #4965   VILLA  MITRAS_x000D__x000D_MONTERREY,64170, NL_x000D_MX",818 373 6492,FAR070802755
244217,,194725.0,1,2026-09-23 00:00:00,2026-10-23 00:00:00,CG0024,FARMASES,FARMASES,11209.54,22,1793.53,13003.06,0.0,4043-L50,,10,CJA,Calle Cabrera #147,Barrio San Carlos,MONTERREY,NL,64102,Cobro Regreso,"MONTERREY, NL.","Calle Cabrera #147, Barrio San Carlos, 64102, MONTERREY, NL",,"CALLE. MONTES SABINOS #4965   VILLA  MITRAS_x000D__x000D_MONTERREY,64170, NL_x000D_MX",818 373 6492,FAR070802755
244217,,194725.0,1,2026-09-23 00:00:00,2026-10-23 00:00:00,CG0024,FARMASES,FARMASES,10704.33,22,1712.69,12417.02,0.0,4018-J07,,15,CJA,Calle Cabrera #147,Barrio San Carlos,MONTERREY,NL,64102,Cobro Regreso,"MONTERREY, NL.","Calle Cabrera #147, Barrio San Carlos, 64102, MONTERREY, NL",,"CALLE. MONTES SABINOS #4965   VILLA  MITRAS_x000D__x000D_MONTERREY,64170, NL_x000D_MX",818 373 6492,FAR070802755
244217,,194725.0,1,2026-09-23 00:00:00,2026-10-23 00:00:00,CG0024,FARMASES,FARMASES,9301.5,22,1488.24,10789.74,0.0,4018-L14,,10,CJA,Calle Cabrera #147,Barrio San Carlos,MONTERREY,NL,64102,Cobro Regreso,"MONTERREY, NL.","Calle Cabrera #147, Barrio San Carlos, 64102, MONTERREY, NL",,"CALLE. MONTES SABINOS #4965   VILLA  MITRAS_x000D__x000D_MONTERREY,64170, NL_x000D_MX",818 373 6492,FAR070802755
244217,,194725.0,1,2026-09-23 00:00:00,2026-10-23 00:00:00,CG0024,FARMASES,FARMASES,6524.7,22,1043.95,7568.65,0.0,4016-J08,,10,CJA,Calle Cabrera #147,Barrio San Carlos,MONTERREY,NL,64102,Cobro Regreso,"MONTERREY, NL.","Calle Cabrera #147, Barrio San Carlos, 64102, MONTERREY, NL",,"CALLE. MONTES SABINOS #4965   VILLA  MITRAS_x000D__x000D_MONTERREY,64170, NL_x000D_MX",818 373 6492,FAR070802755
244217,,194725.0,1,2026-09-23 00:00:00,2026-10-23 00:00:00,CG0024,FARMASES,FARMASES,7113.52,22,1138.16,8251.69,0.0,4016-J07,,10,CJA,Calle Cabrera #147,Barrio San Carlos,MONTERREY,NL,64102,Cobro Regreso,"MONTERREY, NL.","Calle Cabrera #147, Barrio San Carlos, 64102, MONTERREY, NL",,"CALLE. MONTES SABINOS #4965   VILLA  MITRAS_x000D__x000D_MONTERREY,64170, NL_x000D_MX",818 373 6492,FAR070802755
244217,,194725.0,1,2026-09-23 00:00:00,2026-10-23 00:00:00,CG0024,FARMASES,FARMASES,110750.0,0,17720.0,128470.0,0.0,4029-A05,MISCELANEOS,50,CJA,Calle Cabrera #147,Barrio San Carlos,MONTERREY,NL,64102,Cobro Regreso,"MONTERREY, NL.","Calle Cabrera #147, Barrio San Carlos, 64102, MONTERREY, NL",,"CALLE. MONTES SABINOS #4965   VILLA  MITRAS_x000D__x000D_MONTERREY,64170, NL_x000D_MX",818 373 6492,FAR070802755
244217,,194725.0,1,2026-09-23 00:00:00,2026-10-23 00:00:00,CG0024,FARMASES,FARMASES,3964.35,22,634.3,4598.65,0.0,4032-L01,BRISS MOUTHWASH 1.0,5,CJA,Calle Cabrera #147,Barrio San Carlos,MONTERREY,NL,64102,Cobro Regreso,"MONTERREY, NL.","Calle Cabrera #147, Barrio San Carlos, 64102, MONTERREY, NL",,"CALLE. MONTES SABINOS #4965   VILLA  MITRAS_x000D__x000D_MONTERREY,64170, NL_x000D_MX",818 373 6492,FAR070802755
244217,,194725.0,1,2026-09-23 00:00:00,2026-10-23 00:00:00,CG0024,FARMASES,FARMASES,10037.82,22,1606.05,11643.87,0.0,4016-L07,ELEMENTS EVOLUTION B,10,CJA,Calle Cabrera #147,Barrio San Carlos,MONTERREY,NL,64102,Cobro Regreso,"MONTERREY, NL.","Calle Cabrera #147, Barrio San Carlos, 64102, MONTERREY, NL",,"CALLE. MONTES SABINOS #4965   VILLA  MITRAS_x000D__x000D_MONTERREY,64170, NL_x000D_MX",818 373 6492,FAR070802755
244218,OC: PTO006,194337.0,1,2026-09-23 00:00:00,2026-10-23 00:00:00,C09328,COMERCIALIZADORA SANITARIA,COMSAN,1180.32,25,188.85,1369.17,0.0,4052-L42,,2,CJA,CALLE SARIC Y ALTAR S/N LOCAL No. 9,LAS CONCHAS,PUERTO PEÑASCO,SON,83550,Cobro Regreso,"PUERTO PEÑASCO, SON.","CALLE SARIC Y ALTAR S/N LOCAL No. 9, LAS CONCHAS, 83550, PUERTO PEÑASCO, SON",,"BLVD. LUIS ENCINAS JOHNSON #214   HERMOSILLO CENTRO_x000D__x000D_HERMOSILLO,83000, SON_x000D_MX",662 212 1221,CSA950626BE2
244219,OC: PTO007,194630.0,1,2026-09-23 00:00:00,2026-10-23 00:00:00,C09328,COMERCIALIZADORA SANITARIA,COMSAN,1180.32,25,188.85,1369.17,0.0,4052-L42,,2,CJA,CALLE SARIC Y ALTAR S/N LOCAL No. 9,LAS CONCHAS,PUERTO PEÑASCO,SON,83550,Cobro Regreso,"PUERTO PEÑASCO, SON.","CALLE SARIC Y ALTAR S/N LOCAL No. 9, LAS CONCHAS, 83550, PUERTO PEÑASCO, SON",,"BLVD. LUIS ENCINAS JOHNSON #214   HERMOSILLO CENTRO_x000D__x000D_HERMOSILLO,83000, SON_x000D_MX",662 212 1221,CSA950626BE2
244220,4508819886,194732.0,1,2026-09-23 00:00:00,2026-10-23 00:00:00,C01767,SERVICIOS E INMUEBLES TURISTICOS,BARCELO GUADALAJARA,3100.17,0,496.03,3596.12,180.03,JHRB-1028,,1,PZA,AV.DE LAS ROSAS No.2933,RINCONADA DEL BOSQUE,GUADALAJARA,JAL,44530,Transporte LOCAL,"GUADALAJARA, JAL.","AV.DE LAS ROSAS No.2933, RINCONADA DEL BOSQUE, 44530, GUADALAJARA, JAL",,"AV.DE LAS ROSAS No.2933   RINCONADA DEL BOSQUE_x000D_GUADALAJARA_x000D_GUADALAJARA,44530, JAL_x000D_MX",333 678 0546,SIT930121K30
244221,4509071451,194733.0,1,2026-09-23 00:00:00,2026-10-23 00:00:00,C01767,SERVICIOS E INMUEBLES TURISTICOS,BARCELO GUADALAJARA,3375.0,0,540.0,3915.0,0.0,JHJY-0070,,15,PZA,AV.DE LAS ROSAS No.2933,RINCONADA DEL BOSQUE,GUADALAJARA,JAL,44530,Transporte LOCAL,"GUADALAJARA, JAL.","AV.DE LAS ROSAS No.2933, RINCONADA DEL BOSQUE, 44530, GUADALAJARA, JAL",,"AV.DE LAS ROSAS No.2933   RINCONADA DEL BOSQUE_x000D_GUADALAJARA_x000D_GUADALAJARA,44530, JAL_x000D_MX",333 678 0546,SIT930121K30
244222,221249 maritza,194688.0,1,2026-09-23 00:00:00,2026-09-23 00:00:00,C01732,TAJIN,HOTEL TAJIN,4559.95,0,729.59,5289.54,0.0,4016-J07,,5,CJA,J. DE J.NUÑEZ Y DOMINGUEZ # 104,CENTRO,PAPANTLA,VER,93400,Cobro Destino,"PAPANTLA, VER.","J. DE J.NUÑEZ Y DOMINGUEZ # 104, CENTRO, 93400, PAPANTLA, VER",,"J. DE J.NUÑEZ Y DOMIGUEZ # 104   CENTRO_x000D__x000D_PAPANTLA,93400, VER_x000D_MX",01 784 842 0121,TAJ670527443
244222,221249 maritza,194688.0,1,2026-09-23 00:00:00,2026-09-23 00:00:00,C01732,TAJIN,HOTEL TAJIN,4671.6,0,747.46,5419.06,0.0,4016-L04,,4,CJA,J. DE J.NUÑEZ Y DOMINGUEZ # 104,CENTRO,PAPANTLA,VER,93400,Cobro Destino,"PAPANTLA, VER.","J. DE J.NUÑEZ Y DOMINGUEZ # 104, CENTRO, 93400, PAPANTLA, VER",,"J. DE J.NUÑEZ Y DOMIGUEZ # 104   CENTRO_x000D__x000D_PAPANTLA,93400, VER_x000D_MX",01 784 842 0121,TAJ670527443
244222,221249 maritza,194688.0,1,2026-09-23 00:00:00,2026-09-23 00:00:00,C01732,TAJIN,HOTEL TAJIN,2390.5,0,382.48,2772.98,0.0,4029-A96,,1,CJA,J. DE J.NUÑEZ Y DOMINGUEZ # 104,CENTRO,PAPANTLA,VER,93400,Cobro Destino,"PAPANTLA, VER.","J. DE J.NUÑEZ Y DOMINGUEZ # 104, CENTRO, 93400, PAPANTLA, VER",,"J. DE J.NUÑEZ Y DOMIGUEZ # 104   CENTRO_x000D__x000D_PAPANTLA,93400, VER_x000D_MX",01 784 842 0121,TAJ670527443
244222,221249 maritza,194688.0,1,2026-09-23 00:00:00,2026-09-23 00:00:00,C01732,TAJIN,HOTEL TAJIN,2573.8,0,411.81,2985.61,0.0,4016-L07,ELEMENTS EVOLUTION B,2,CJA,J. DE J.NUÑEZ Y DOMINGUEZ # 104,CENTRO,PAPANTLA,VER,93400,Cobro Destino,"PAPANTLA, VER.","J. DE J.NUÑEZ Y DOMINGUEZ # 104, CENTRO, 93400, PAPANTLA, VER",,"J. DE J.NUÑEZ Y DOMIGUEZ # 104   CENTRO_x000D__x000D_PAPANTLA,93400, VER_x000D_MX",01 784 842 0121,TAJ670527443
244222,221249 maritza,194688.0,1,2026-09-23 00:00:00,2026-09-23 00:00:00,C01732,TAJIN,HOTEL TAJIN,1016.5,0,162.64,1179.14,0.0,4032-L01,BRISS MOUTHWASH 1.0,1,CJA,J. DE J.NUÑEZ Y DOMINGUEZ # 104,CENTRO,PAPANTLA,VER,93400,Cobro Destino,"PAPANTLA, VER.","J. DE J.NUÑEZ Y DOMINGUEZ # 104, CENTRO, 93400, PAPANTLA, VER",,"J. DE J.NUÑEZ Y DOMIGUEZ # 104   CENTRO_x000D__x000D_PAPANTLA,93400, VER_x000D_MX",01 784 842 0121,TAJ670527443
244223,4197362  C07025,194426.0,1,2026-09-23 00:00:00,2026-09-23 00:00:00,C07025,POHASA,HOTEL LA VILLA DEL ENSUEÑO,1933.8,0,309.41,2243.21,0.0,4052-L20,,2,CJA,FLORIDA #305,TLAQUEPAQUE CENTRO,GUADALAJARA,JAL,45500,Transporte LOCAL,"GUADALAJARA, JAL.","FLORIDA #305, TLAQUEPAQUE CENTRO, 45500, GUADALAJARA, JAL",,"FLORIDA 305   TLAQUEPAQUE CENTRO_x000D__x000D_GUADALAJARA,45500, JAL_x000D_MX",333 635 8792,POH171024T8A
244223,4197362  C07025,194426.0,1,2026-09-23 00:00:00,2026-09-23 00:00:00,C07025,POHASA,HOTEL LA VILLA DEL ENSUEÑO,1310.9,0,209.74,1520.64,0.0,4029-A94,,1,CJA,FLORIDA #305,TLAQUEPAQUE CENTRO,GUADALAJARA,JAL,45500,Transporte LOCAL,"GUADALAJARA, JAL.","FLORIDA #305, TLAQUEPAQUE CENTRO, 45500, GUADALAJARA, JAL",,"FLORIDA 305   TLAQUEPAQUE CENTRO_x000D__x000D_GUADALAJARA,45500, JAL_x000D_MX",333 635 8792,POH171024T8A
244223,4197362  C07025,194426.0,1,2026-09-23 00:00:00,2026-09-23 00:00:00,C07025,POHASA,HOTEL LA VILLA DEL ENSUEÑO,1016.5,0,162.64,1179.14,0.0,4032-L01,BRISS MOUTHWASH 1.0,1,CJA,FLORIDA #305,TLAQUEPAQUE CENTRO,GUADALAJARA,JAL,45500,Transporte LOCAL,"GUADALAJARA, JAL.","FLORIDA #305, TLAQUEPAQUE CENTRO, 45500, GUADALAJARA, JAL",,"FLORIDA 305   TLAQUEPAQUE CENTRO_x000D__x000D_GUADALAJARA,45500, JAL_x000D_MX",333 635 8792,POH171024T8A
244224,ABRIL DE OCCIDENTE,194571.0,1,2026-09-23 00:00:00,2026-09-23 00:00:00,C08120,ABRIL DE OCCIDENTE,MOTEL LOMA LINDA,4559.95,0,729.59,5289.54,0.0,4016-J07,,5,CJA,AV  COLON 4292,EL SAUZ,SAN PEDRO TLAQUEPAQUE,JAL,45608,Transporte LOCAL,"SAN PEDRO TLAQUEPAQUE, JAL.","AV  COLON 4292, EL SAUZ, 45608, SAN PEDRO TLAQUEPAQUE, JAL",,"AVENIDA COLON 4292   EL SAUZ_x000D__x000D_SAN PEDRO TLAQUEPAQUE,45608, JAL_x000D_MX",333 563 1111,AOC8905181L2
244224,ABRIL DE OCCIDENTE,194571.0,1,2026-09-23 00:00:00,2026-09-23 00:00:00,C08120,ABRIL DE OCCIDENTE,MOTEL LOMA LINDA,4671.6,0,747.46,5419.06,0.0,4016-L05,,4,CJA,AV  COLON 4292,EL SAUZ,SAN PEDRO TLAQUEPAQUE,JAL,45608,Transporte LOCAL,"SAN PEDRO TLAQUEPAQUE, JAL.","AV  COLON 4292, EL SAUZ, 45608, SAN PEDRO TLAQUEPAQUE, JAL",,"AVENIDA COLON 4292   EL SAUZ_x000D__x000D_SAN PEDRO TLAQUEPAQUE,45608, JAL_x000D_MX",333 563 1111,AOC8905181L2
244224,ABRIL DE OCCIDENTE,194571.0,1,2026-09-23 00:00:00,2026-09-23 00:00:00,C08120,ABRIL DE OCCIDENTE,MOTEL LOMA LINDA,2621.8,0,419.49,3041.29,0.0,4029-A94,,2,CJA,AV  COLON 4292,EL SAUZ,SAN PEDRO TLAQUEPAQUE,JAL,45608,Transporte LOCAL,"SAN PEDRO TLAQUEPAQUE, JAL.","AV  COLON 4292, EL SAUZ, 45608, SAN PEDRO TLAQUEPAQUE, JAL",,"AVENIDA COLON 4292   EL SAUZ_x000D__x000D_SAN PEDRO TLAQUEPAQUE,45608, JAL_x000D_MX",333 563 1111,AOC8905181L2
244224,ABRIL DE OCCIDENTE,194571.0,1,2026-09-23 00:00:00,2026-09-23 00:00:00,C08120,ABRIL DE OCCIDENTE,MOTEL LOMA LINDA,4066.0,0,650.56,4716.56,0.0,4032-L01,BRISS MOUTHWASH 1.0,4,CJA,AV  COLON 4292,EL SAUZ,SAN PEDRO TLAQUEPAQUE,JAL,45608,Transporte LOCAL,"SAN PEDRO TLAQUEPAQUE, JAL.","AV  COLON 4292, EL SAUZ, 45608, SAN PEDRO TLAQUEPAQUE, JAL",,"AVENIDA COLON 4292   EL SAUZ_x000D__x000D_SAN PEDRO TLAQUEPAQUE,45608, JAL_x000D_MX",333 563 1111,AOC8905181L2
244224,ABRIL DE OCCIDENTE,194571.0,1,2026-09-23 00:00:00,2026-09-23 00:00:00,C08120,ABRIL DE OCCIDENTE,MOTEL LOMA LINDA,6434.5,0,1029.52,7464.02,0.0,4016-L07,ELEMENTS EVOLUTION B,5,CJA,AV  COLON 4292,EL SAUZ,SAN PEDRO TLAQUEPAQUE,JAL,45608,Transporte LOCAL,"SAN PEDRO TLAQUEPAQUE, JAL.","AV  COLON 4292, EL SAUZ, 45608, SAN PEDRO TLAQUEPAQUE, JAL",,"AVENIDA COLON 4292   EL SAUZ_x000D__x000D_SAN PEDRO TLAQUEPAQUE,45608, JAL_x000D_MX",333 563 1111,AOC8905181L2
244225,PEDIDO,194577.0,1,2026-09-23 00:00:00,2026-10-01 00:00:00,C01345,GRUPO HOTELERO NAYAR PALACE,MOTEL NUIT,5839.5,0,934.32,6773.82,0.0,4016-L04,,5,CJA,CARR A MORELIA KM 14 1400,RINCONADA SANTA ANITA,TLAJOMULCO DE ZUÑIGA,JAL,45645,Transporte LOCAL,"TLAJOMULCO DE ZUÑIGA, JAL.","CARR A MORELIA KM 14 1400, RINCONADA SANTA ANITA, 45645, TLAJOMULCO DE ZUÑIGA, JAL",,"CARR A MORELIA KM 14 1400   RINCONADA SANTA ANITA_x000D__x000D_TLAJOMULCO DE ZUÑIGA,45645, JAL_x000D_MX",33 3693 5336,GHN040602DI2
244225,PEDIDO,194577.0,1,2026-09-23 00:00:00,2026-10-01 00:00:00,C01345,GRUPO HOTELERO NAYAR PALACE,MOTEL NUIT,10943.88,0,1751.02,12694.9,0.0,4016-J07,,12,CJA,CARR A MORELIA KM 14 1400,RINCONADA SANTA ANITA,TLAJOMULCO DE ZUÑIGA,JAL,45645,Transporte LOCAL,"TLAJOMULCO DE ZUÑIGA, JAL.","CARR A MORELIA KM 14 1400, RINCONADA SANTA ANITA, 45645, TLAJOMULCO DE ZUÑIGA, JAL",,"CARR A MORELIA KM 14 1400   RINCONADA SANTA ANITA_x000D__x000D_TLAJOMULCO DE ZUÑIGA,45645, JAL_x000D_MX",33 3693 5336,GHN040602DI2
244225,PEDIDO,194577.0,1,2026-09-23 00:00:00,2026-10-01 00:00:00,C01345,GRUPO HOTELERO NAYAR PALACE,MOTEL NUIT,2335.8,0,373.73,2709.53,0.0,4016-L05,,2,CJA,CARR A MORELIA KM 14 1400,RINCONADA SANTA ANITA,TLAJOMULCO DE ZUÑIGA,JAL,45645,Transporte LOCAL,"TLAJOMULCO DE ZUÑIGA, JAL.","CARR A MORELIA KM 14 1400, RINCONADA SANTA ANITA, 45645, TLAJOMULCO DE ZUÑIGA, JAL",,"CARR A MORELIA KM 14 1400   RINCONADA SANTA ANITA_x000D__x000D_TLAJOMULCO DE ZUÑIGA,45645, JAL_x000D_MX",33 3693 5336,GHN040602DI2
244225,PEDIDO,194577.0,1,2026-09-23 00:00:00,2026-10-01 00:00:00,C01345,GRUPO HOTELERO NAYAR PALACE,MOTEL NUIT,2621.8,0,419.49,3041.29,0.0,4029-A94,,2,CJA,CARR A MORELIA KM 14 1400,RINCONADA SANTA ANITA,TLAJOMULCO DE ZUÑIGA,JAL,45645,Transporte LOCAL,"TLAJOMULCO DE ZUÑIGA, JAL.","CARR A MORELIA KM 14 1400, RINCONADA SANTA ANITA, 45645, TLAJOMULCO DE ZUÑIGA, JAL",,"CARR A MORELIA KM 14 1400   RINCONADA SANTA ANITA_x000D__x000D_TLAJOMULCO DE ZUÑIGA,45645, JAL_x000D_MX",33 3693 5336,GHN040602DI2
244225,PEDIDO,194577.0,1,2026-09-23 00:00:00,2026-10-01 00:00:00,C01345,GRUPO HOTELERO NAYAR PALACE,MOTEL NUIT,2033.0,0,325.28,2358.28,0.0,4032-L01,BRISS MOUTHWASH 1.0,2,CJA,CARR A MORELIA KM 14 1400,RINCONADA SANTA ANITA,TLAJOMULCO DE ZUÑIGA,JAL,45645,Transporte LOCAL,"TLAJOMULCO DE ZUÑIGA, JAL.","CARR A MORELIA KM 14 1400, RINCONADA SANTA ANITA, 45645, TLAJOMULCO DE ZUÑIGA, JAL",,"CARR A MORELIA KM 14 1400   RINCONADA SANTA ANITA_x000D__x000D_TLAJOMULCO DE ZUÑIGA,45645, JAL_x000D_MX",33 3693 5336,GHN040602DI2
244226,PEDIDO SEPTIEMBRE 2026,194582.0,1,2026-09-23 00:00:00,2026-10-08 00:00:00,C00871,ALVAPOR,MONTE REAL AUTO HOTEL,13679.85,0,2188.78,15868.63,0.0,4016-J07,,15,CJA,CARRETERA A TESISTAN # 1944,FRACC. EL TIGRE,ZAPOPAN,JAL,45130,Transporte LOCAL,"ZAPOPAN, JAL.","CARRETERA A TESISTAN # 1944, FRACC. EL TIGRE, 45130, ZAPOPAN, JAL",,"CARRETERA A TESISTAN  1944   EL TIGRE_x000D__x000D_ZAPOPAN,45203, JAL_x000D_MX",333 834 3033,ALV941101TE8
244226,PEDIDO SEPTIEMBRE 2026,194582.0,1,2026-09-23 00:00:00,2026-10-08 00:00:00,C00871,ALVAPOR,MONTE REAL AUTO HOTEL,23358.0,0,3737.28,27095.28,0.0,4016-L04,,20,CJA,CARRETERA A TESISTAN # 1944,FRACC. EL TIGRE,ZAPOPAN,JAL,45130,Transporte LOCAL,"ZAPOPAN, JAL.","CARRETERA A TESISTAN # 1944, FRACC. EL TIGRE, 45130, ZAPOPAN, JAL",,"CARRETERA A TESISTAN  1944   EL TIGRE_x000D__x000D_ZAPOPAN,45203, JAL_x000D_MX",333 834 3033,ALV941101TE8
244226,PEDIDO SEPTIEMBRE 2026,,1,2026-09-23 00:00:00,2026-10-08 00:00:00,C00871,ALVAPOR,MONTE REAL AUTO HOTEL,15808.32,0,2529.33,18337.65,0.0,4043-L50,,11,CJA,CARRETERA A TESISTAN # 1944,FRACC. EL TIGRE,ZAPOPAN,JAL,45130,Transporte LOCAL,"ZAPOPAN, JAL.","CARRETERA A TESISTAN # 1944, FRACC. EL TIGRE, 45130, ZAPOPAN, JAL",,"CARRETERA A TESISTAN  1944   EL TIGRE_x000D__x000D_ZAPOPAN,45203, JAL_x000D_MX",333 834 3033,ALV941101TE8
244226,PEDIDO SEPTIEMBRE 2026,194582.0,1,2026-09-23 00:00:00,2026-10-08 00:00:00,C00871,ALVAPOR,MONTE REAL AUTO HOTEL,7007.4,0,1121.18,8128.58,0.0,4016-L05,,6,CJA,CARRETERA A TESISTAN # 1944,FRACC. EL TIGRE,ZAPOPAN,JAL,45130,Transporte LOCAL,"ZAPOPAN, JAL.","CARRETERA A TESISTAN # 1944, FRACC. EL TIGRE, 45130, ZAPOPAN, JAL",,"CARRETERA A TESISTAN  1944   EL TIGRE_x000D__x000D_ZAPOPAN,45203, JAL_x000D_MX",333 834 3033,ALV941101TE8
244226,PEDIDO SEPTIEMBRE 2026,194582.0,1,2026-09-23 00:00:00,2026-10-08 00:00:00,C00871,ALVAPOR,MONTE REAL AUTO HOTEL,2033.0,0,325.28,2358.28,0.0,4032-L01,BRISS MOUTHWASH 1.0,2,CJA,CARRETERA A TESISTAN # 1944,FRACC. EL TIGRE,ZAPOPAN,JAL,45130,Transporte LOCAL,"ZAPOPAN, JAL.","CARRETERA A TESISTAN # 1944, FRACC. EL TIGRE, 45130, ZAPOPAN, JAL",,"CARRETERA A TESISTAN  1944   EL TIGRE_x000D__x000D_ZAPOPAN,45203, JAL_x000D_MX",333 834 3033,ALV941101TE8
244227,4700246969,193585.0,1,2026-09-23 00:00:00,2026-11-07 00:00:00,C08059,INMOBILIARIA 2242,JW MARRIOTT GUDALAJARA (GDLJW),4750.0,0,760.0,5510.0,0.0,4032-L01,BRISS MOUTHWASH 1.0,5,CJA,AVENIDA AMERICAS 1905 INT 12,ALDRETE,GUADALAJARA,JAL,44660,Transporte LOCAL,"GUADALAJARA, JAL.","AVENIDA AMERICAS 1905 INT 12, ALDRETE, 44660, GUADALAJARA, JAL",,"AVENIDA AMERICAS 1905 INT 12   ALDRETE_x000D__x000D_GUADALAJARA,44660, JAL_x000D_MX",33 1594 5808,IDM151123DQ6
244228,4700255446,194496.0,1,2026-09-23 00:00:00,2026-11-07 00:00:00,C08059,INMOBILIARIA 2242,JW MARRIOTT GUDALAJARA (GDLJW),2448.0,0,391.68,2839.68,0.0,4029-A90,,5,CJA,AVENIDA AMERICAS 1905 INT 12,ALDRETE,GUADALAJARA,JAL,44660,Transporte LOCAL,"GUADALAJARA, JAL.","AVENIDA AMERICAS 1905 INT 12, ALDRETE, 44660, GUADALAJARA, JAL",,"AVENIDA AMERICAS 1905 INT 12   ALDRETE_x000D__x000D_GUADALAJARA,44660, JAL_x000D_MX",33 1594 5808,IDM151123DQ6
244228,4700255446,194496.0,1,2026-09-23 00:00:00,2026-11-07 00:00:00,C08059,INMOBILIARIA 2242,JW MARRIOTT GUDALAJARA (GDLJW),22150.0,0,3544.0,25694.0,0.0,4029-A05,MISCELANEOS,10,CJA,AVENIDA AMERICAS 1905 INT 12,ALDRETE,GUADALAJARA,JAL,44660,Transporte LOCAL,"GUADALAJARA, JAL.","AVENIDA AMERICAS 1905 INT 12, ALDRETE, 44660, GUADALAJARA, JAL",,"AVENIDA AMERICAS 1905 INT 12   ALDRETE_x000D__x000D_GUADALAJARA,44660, JAL_x000D_MX",33 1594 5808,IDM151123DQ6
244229,,193617.0,1,2026-09-23 00:00:00,2026-10-08 00:00:00,C09629,EQUILIMP,EQUILIMP QUERETARO,1664.4,20,266.3,1930.7,0.0,4018-L48,,3,CJA,AV PEÑUELAS 5 INT:3,SAN PEDRITO PEÑUELAS,QUERETARO,QUE,76148,Cobro Destino,"QUERETARO, QUE.","AV PEÑUELAS 5 INT:3, SAN PEDRITO PEÑUELAS, 76148, QUERETARO, QUE",,"AV PEÑUELAS 21 INT:20B   SAN PEDRITO PEÑUELAS_x000D__x000D_QUERETARO,76148, QUE_x000D_MX",442 247 2725,EQU1701181AA
244229,,193617.0,1,2026-09-23 00:00:00,2026-10-08 00:00:00,C09629,EQUILIMP,EQUILIMP QUERETARO,4438.4,20,710.14,5148.54,0.0,4018-L45,,8,CJA,AV PEÑUELAS 5 INT:3,SAN PEDRITO PEÑUELAS,QUERETARO,QUE,76148,Cobro Destino,"QUERETARO, QUE.","AV PEÑUELAS 5 INT:3, SAN PEDRITO PEÑUELAS, 76148, QUERETARO, QUE",,"AV PEÑUELAS 21 INT:20B   SAN PEDRITO PEÑUELAS_x000D__x000D_QUERETARO,76148, QUE_x000D_MX",442 247 2725,EQU1701181AA
244229,,193617.0,1,2026-09-23 00:00:00,2026-10-08 00:00:00,C09629,EQUILIMP,EQUILIMP QUERETARO,1109.6,20,177.54,1287.14,0.0,4018-L46,,2,CJA,AV PEÑUELAS 5 INT:3,SAN PEDRITO PEÑUELAS,QUERETARO,QUE,76148,Cobro Destino,"QUERETARO, QUE.","AV PEÑUELAS 5 INT:3, SAN PEDRITO PEÑUELAS, 76148, QUERETARO, QUE",,"AV PEÑUELAS 21 INT:20B   SAN PEDRITO PEÑUELAS_x000D__x000D_QUERETARO,76148, QUE_x000D_MX",442 247 2725,EQU1701181AA
244229,,193617.0,1,2026-09-23 00:00:00,2026-10-08 00:00:00,C09629,EQUILIMP,EQUILIMP QUERETARO,3449.28,20,551.89,4001.16,0.0,4043-L02,ALMOND & OLIVE BODY,4,CJA,AV PEÑUELAS 5 INT:3,SAN PEDRITO PEÑUELAS,QUERETARO,QUE,76148,Cobro Destino,"QUERETARO, QUE.","AV PEÑUELAS 5 INT:3, SAN PEDRITO PEÑUELAS, 76148, QUERETARO, QUE",,"AV PEÑUELAS 21 INT:20B   SAN PEDRITO PEÑUELAS_x000D__x000D_QUERETARO,76148, QUE_x000D_MX",442 247 2725,EQU1701181AA
244230,4700251063,194734.0,1,2026-09-23 00:00:00,2026-11-07 00:00:00,C04370,FIDEICOMISO IRREVOCABLE DB/1616,MICROTEL TOLUCA(TLUMI),1880.0,0,300.8,2180.8,0.0,5369-J03,,2,CJA,BLVD. AEROPUERTO MIGUEL ALEMAN 125,REFORMA,TOLUCA,MEX,50200,Cobro Regreso,"TOLUCA, MEX.","BLVD. AEROPUERTO MIGUEL ALEMAN 125, REFORMA, 50200, TOLUCA, MEX",,"AV. FUNDADORES Exterior: 1000 INT: PISO 7   VALLE DEL MIRADOR_x000D__x000D_MONTERREY,64750, NL_x000D_MX",722 275 6666,DBM121023M10
244230,4700251063,194734.0,1,2026-09-23 00:00:00,2026-11-07 00:00:00,C04370,FIDEICOMISO IRREVOCABLE DB/1616,MICROTEL TOLUCA(TLUMI),2318.0,0,370.88,2688.88,0.0,5369-L02,RAINFOREST FOLIAGE B,2,CJA,BLVD. AEROPUERTO MIGUEL ALEMAN 125,REFORMA,TOLUCA,MEX,50200,Cobro Regreso,"TOLUCA, MEX.","BLVD. AEROPUERTO MIGUEL ALEMAN 125, REFORMA, 50200, TOLUCA, MEX",,"AV. FUNDADORES Exterior: 1000 INT: PISO 7   VALLE DEL MIRADOR_x000D__x000D_MONTERREY,64750, NL_x000D_MX",722 275 6666,DBM121023M10
244230,4700251063,194734.0,1,2026-09-23 00:00:00,2026-11-07 00:00:00,C04370,FIDEICOMISO IRREVOCABLE DB/1616,MICROTEL TOLUCA(TLUMI),3477.0,0,556.32,4033.32,0.0,5369-L01,RAINFOREST FOLIAGE S,3,CJA,BLVD. AEROPUERTO MIGUEL ALEMAN 125,REFORMA,TOLUCA,MEX,50200,Cobro Regreso,"TOLUCA, MEX.","BLVD. AEROPUERTO MIGUEL ALEMAN 125, REFORMA, 50200, TOLUCA, MEX",,"AV. FUNDADORES Exterior: 1000 INT: PISO 7   VALLE DEL MIRADOR_x000D__x000D_MONTERREY,64750, NL_x000D_MX",722 275 6666,DBM121023M10
244231,BH-13647,192821.0,1,2026-09-23 00:00:00,2026-10-08 00:00:00,C01721,IMPULSORA PLAZA TAMAULIPAS,CITY EXPRESS TAMPICO (CETAM),1531.74,0,245.08,1776.82,0.0,JHRB-0504,,2,PZA,AV. HIDALGO #5820,LOMAS DEL CHAIREL,TAMPICO,TAM,89360,Cobro Regreso,"TAMPICO, TAM.","AV. HIDALGO #5820, LOMAS DEL CHAIREL, 89360, TAMPICO, TAM",,"JUAN SALVADOR AGRAZ 69 PISO 12   SANTA FE CUAJIMALPA_x000D__x000D_CUAJIMALPA DE MORELOS,05348, CMX_x000D_MX",01 833 230 1350,IPT0507261R5
244232,ORC0001177,194736.0,3,2026-09-23 00:00:00,2026-10-23 00:00:00,C00034,HOTELERA KIN HA,BEACHSCAPE KIN HA VILLAS & SUITES,3503.7,0,560.59,4064.29,0.0,4016-L05,,3,CJA,BLVD. KUKULKAN KM. 8.5 LOC 1,ZONA HOTELERA,CANCUN,QR,77500,CEDIS Cancún,"CANCUN, QR.","BLVD. KUKULKAN KM. 8.5 LOC 1, ZONA HOTELERA, 77500, CANCUN, QR",,"BLVD. KUKULKAN KM. 8.5 LOC 1   ZONA HOTELERA_x000D__x000D_CANCUN,77500, QR_x000D_MX",998 891 54 00,HKH020426UXA
244232,ORC0001177,194736.0,3,2026-09-23 00:00:00,2026-10-23 00:00:00,C00034,HOTELERA KIN HA,BEACHSCAPE KIN HA VILLAS & SUITES,3503.7,0,560.59,4064.29,0.0,4016-L04,,3,CJA,BLVD. KUKULKAN KM. 8.5 LOC 1,ZONA HOTELERA,CANCUN,QR,77500,CEDIS Cancún,"CANCUN, QR.","BLVD. KUKULKAN KM. 8.5 LOC 1, ZONA HOTELERA, 77500, CANCUN, QR",,"BLVD. KUKULKAN KM. 8.5 LOC 1   ZONA HOTELERA_x000D__x000D_CANCUN,77500, QR_x000D_MX",998 891 54 00,HKH020426UXA
244232,ORC0001177,194736.0,3,2026-09-23 00:00:00,2026-10-23 00:00:00,C00034,HOTELERA KIN HA,BEACHSCAPE KIN HA VILLAS & SUITES,1823.98,0,291.84,2115.82,0.0,4016-J07,,2,CJA,BLVD. KUKULKAN KM. 8.5 LOC 1,ZONA HOTELERA,CANCUN,QR,77500,CEDIS Cancún,"CANCUN, QR.","BLVD. KUKULKAN KM. 8.5 LOC 1, ZONA HOTELERA, 77500, CANCUN, QR",,"BLVD. KUKULKAN KM. 8.5 LOC 1   ZONA HOTELERA_x000D__x000D_CANCUN,77500, QR_x000D_MX",998 891 54 00,HKH020426UXA
244232,ORC0001177,194736.0,3,2026-09-23 00:00:00,2026-10-23 00:00:00,C00034,HOTELERA KIN HA,BEACHSCAPE KIN HA VILLAS & SUITES,2335.8,0,373.73,2709.53,0.0,4016-L08,ELEMENTS EVOLUTION S,2,CJA,BLVD. KUKULKAN KM. 8.5 LOC 1,ZONA HOTELERA,CANCUN,QR,77500,CEDIS Cancún,"CANCUN, QR.","BLVD. KUKULKAN KM. 8.5 LOC 1, ZONA HOTELERA, 77500, CANCUN, QR",,"BLVD. KUKULKAN KM. 8.5 LOC 1   ZONA HOTELERA_x000D__x000D_CANCUN,77500, QR_x000D_MX",998 891 54 00,HKH020426UXA
244232,ORC0001177,194736.0,3,2026-09-23 00:00:00,2026-10-23 00:00:00,C00034,HOTELERA KIN HA,BEACHSCAPE KIN HA VILLAS & SUITES,1286.9,0,205.9,1492.8,0.0,4016-L07,ELEMENTS EVOLUTION B,1,CJA,BLVD. KUKULKAN KM. 8.5 LOC 1,ZONA HOTELERA,CANCUN,QR,77500,CEDIS Cancún,"CANCUN, QR.","BLVD. KUKULKAN KM. 8.5 LOC 1, ZONA HOTELERA, 77500, CANCUN, QR",,"BLVD. KUKULKAN KM. 8.5 LOC 1   ZONA HOTELERA_x000D__x000D_CANCUN,77500, QR_x000D_MX",998 891 54 00,HKH020426UXA
244233,,194737.0,1,2026-09-23 00:00:00,2026-09-23 00:00:00,C09134,NUS ADMINISTRADORA DE INMUEBLES,WYNDHAM GARDEN MAZATLAN (MZTWM),2884.5,0,461.52,3346.02,0.0,5369-J03,,3,CJA,BLVD. LA MARINA 2207 INT A,MARINA,MAZATLAN,SIN,82103,Cobro Regreso,"MAZATLAN, SIN.","BLVD. LA MARINA 2207 INT A, MARINA, 82103, MAZATLAN, SIN",,"AV RICARDO MARGAIN ZOZAYA 315 PISO 15 OFNA.1501   SANTA ENGRACIA_x000D__x000D_SAN PEDRO GARZA GARCIA,66267, NL_x000D_MX",669 439 9230,NAI230419427
244233,,194737.0,1,2026-09-23 00:00:00,2026-09-23 00:00:00,C09134,NUS ADMINISTRADORA DE INMUEBLES,WYNDHAM GARDEN MAZATLAN (MZTWM),1854.4,0,296.7,2151.1,0.0,5369-J04,,4,CJA,BLVD. LA MARINA 2207 INT A,MARINA,MAZATLAN,SIN,82103,Cobro Regreso,"MAZATLAN, SIN.","BLVD. LA MARINA 2207 INT A, MARINA, 82103, MAZATLAN, SIN",,"AV RICARDO MARGAIN ZOZAYA 315 PISO 15 OFNA.1501   SANTA ENGRACIA_x000D__x000D_SAN PEDRO GARZA GARCIA,66267, NL_x000D_MX",669 439 9230,NAI230419427
244233,,194737.0,1,2026-09-23 00:00:00,2026-09-23 00:00:00,C09134,NUS ADMINISTRADORA DE INMUEBLES,WYNDHAM GARDEN MAZATLAN (MZTWM),3897.0,0,623.52,4520.52,0.0,5369-L01,RAINFOREST FOLIAGE S,3,CJA,BLVD. LA MARINA 2207 INT A,MARINA,MAZATLAN,SIN,82103,Cobro Regreso,"MAZATLAN, SIN.","BLVD. LA MARINA 2207 INT A, MARINA, 82103, MAZATLAN, SIN",,"AV RICARDO MARGAIN ZOZAYA 315 PISO 15 OFNA.1501   SANTA ENGRACIA_x000D__x000D_SAN PEDRO GARZA GARCIA,66267, NL_x000D_MX",669 439 9230,NAI230419427
244233,,194737.0,1,2026-09-23 00:00:00,2026-09-23 00:00:00,C09134,NUS ADMINISTRADORA DE INMUEBLES,WYNDHAM GARDEN MAZATLAN (MZTWM),2598.0,0,415.68,3013.68,0.0,5369-L02,RAINFOREST FOLIAGE B,2,CJA,BLVD. LA MARINA 2207 INT A,MARINA,MAZATLAN,SIN,82103,Cobro Regreso,"MAZATLAN, SIN.","BLVD. LA MARINA 2207 INT A, MARINA, 82103, MAZATLAN, SIN",,"AV RICARDO MARGAIN ZOZAYA 315 PISO 15 OFNA.1501   SANTA ENGRACIA_x000D__x000D_SAN PEDRO GARZA GARCIA,66267, NL_x000D_MX",669 439 9230,NAI230419427
244234,35345,194749.0,1,2026-09-23 00:00:00,2026-10-23 00:00:00,C08373,OPERADORA BAHIA DE LORETO,VILLAS DEL PALMAR LORETO,7155.0,0,1144.8,8299.8,0.0,4018-L15,,6,CJA,"LOTE 12, MANZANA 25 DEL PREDIO DENOMINADO",ENSENADA BLANCA,LORETO,BCS,23895,Cobro Regreso,"LORETO, BCS.","LOTE 12, MANZANA 25 DEL PREDIO DENOMINADO, ENSENADA BLANCA, 23895, LORETO, BCS",,"CALLE SALVATIERRA S/N LOCAL 6   CENTRO_x000D__x000D_LORETO,23880, BCS_x000D_MX",613 134 1023,OBL091222TP1
244234,35345,194749.0,1,2026-09-23 00:00:00,2026-10-23 00:00:00,C08373,OPERADORA BAHIA DE LORETO,VILLAS DEL PALMAR LORETO,9540.0,0,1526.4,11066.4,0.0,4018-L14,,8,CJA,"LOTE 12, MANZANA 25 DEL PREDIO DENOMINADO",ENSENADA BLANCA,LORETO,BCS,23895,Cobro Regreso,"LORETO, BCS.","LOTE 12, MANZANA 25 DEL PREDIO DENOMINADO, ENSENADA BLANCA, 23895, LORETO, BCS",,"CALLE SALVATIERRA S/N LOCAL 6   CENTRO_x000D__x000D_LORETO,23880, BCS_x000D_MX",613 134 1023,OBL091222TP1
244234,35345,194749.0,1,2026-09-23 00:00:00,2026-10-23 00:00:00,C08373,OPERADORA BAHIA DE LORETO,VILLAS DEL PALMAR LORETO,4774.0,0,763.84,5537.84,0.0,4018-J06,,4,CJA,"LOTE 12, MANZANA 25 DEL PREDIO DENOMINADO",ENSENADA BLANCA,LORETO,BCS,23895,Cobro Regreso,"LORETO, BCS.","LOTE 12, MANZANA 25 DEL PREDIO DENOMINADO, ENSENADA BLANCA, 23895, LORETO, BCS",,"CALLE SALVATIERRA S/N LOCAL 6   CENTRO_x000D__x000D_LORETO,23880, BCS_x000D_MX",613 134 1023,OBL091222TP1
244235,ITBE202609221533030036344078,194748.0,1,2026-09-23 00:00:00,2026-09-23 00:00:00,C02355,OPERADORA LOS APANTLES SA DE CV,HACIENDA SAN GABRIEL DE LAS PALMAS,1310.9,0,209.74,1520.64,0.0,4029-A94,,1,CJA,AV INSURGENTES #104,MOCTEZUMA,CUERNAVACA,MOR,62500,Cobro Destino,"CUERNAVACA, MOR.","AV INSURGENTES #104, MOCTEZUMA, 62500, CUERNAVACA, MOR",,"CARRETERA FEDERAL CUERNAVACA-CHILPANCINGO K. 41.8 S/N   SAN GABRIEL LAS PALMAS_x000D__x000D_AMACUZAC,62642, MOR_x000D_MX",75 13 48 01 13,OAP091217IQ3
244236,13391,194738.0,1,2026-09-23 00:00:00,2026-10-08 00:00:00,C08501,OPERADORA HOTELERA RAYMA,HOLIDAY INN EXPRESS & SUITES ENSENADA A0198992 (TIJEN),3114.6,0,498.34,3612.94,0.0,68758340,,5,CJA,BLANCARTE 151,CENTRO,ENSENADA,BC,22800,Cobro Regreso,"ENSENADA, BC.","BLANCARTE 151, CENTRO, 22800, ENSENADA, BC",,"AVENIDA BLANCARTE 151   SECCION PRIMERA_x000D__x000D_ENSENADA,22800, BC_x000D_MX",646 152 8470,OHR1611153CA
244236,13391,194738.0,1,2026-09-23 00:00:00,2026-10-08 00:00:00,C08501,OPERADORA HOTELERA RAYMA,HOLIDAY INN EXPRESS & SUITES ENSENADA A0198992 (TIJEN),1255.32,0,200.85,1456.17,0.0,68739026,,2,CJA,BLANCARTE 151,CENTRO,ENSENADA,BC,22800,Cobro Regreso,"ENSENADA, BC.","BLANCARTE 151, CENTRO, 22800, ENSENADA, BC",,"AVENIDA BLANCARTE 151   SECCION PRIMERA_x000D__x000D_ENSENADA,22800, BC_x000D_MX",646 152 8470,OHR1611153CA
244236,13391,194738.0,1,2026-09-23 00:00:00,2026-10-08 00:00:00,C08501,OPERADORA HOTELERA RAYMA,HOLIDAY INN EXPRESS & SUITES ENSENADA A0198992 (TIJEN),2900.55,0,464.09,3364.64,0.0,69706958,,5,CJA,BLANCARTE 151,CENTRO,ENSENADA,BC,22800,Cobro Regreso,"ENSENADA, BC.","BLANCARTE 151, CENTRO, 22800, ENSENADA, BC",,"AVENIDA BLANCARTE 151   SECCION PRIMERA_x000D__x000D_ENSENADA,22800, BC_x000D_MX",646 152 8470,OHR1611153CA
244236,13391,194738.0,1,2026-09-23 00:00:00,2026-10-08 00:00:00,C08501,OPERADORA HOTELERA RAYMA,HOLIDAY INN EXPRESS & SUITES ENSENADA A0198992 (TIJEN),4234.23,0,677.47,4911.71,0.0,68739022,,7,CJA,BLANCARTE 151,CENTRO,ENSENADA,BC,22800,Cobro Regreso,"ENSENADA, BC.","BLANCARTE 151, CENTRO, 22800, ENSENADA, BC",,"AVENIDA BLANCARTE 151   SECCION PRIMERA_x000D__x000D_ENSENADA,22800, BC_x000D_MX",646 152 8470,OHR1611153CA
244237,,194743.0,1,2026-09-23 00:00:00,2026-09-23 00:00:00,C03715,PROMOCIONES TURISTICAS BEGREMAR,HOTEL BLING LOVE,15595.2,0,2495.23,18090.43,0.0,4016-J07,,18,CJA,BLVD SAN JUAN BOSCO 4749,PASEOS DEL COUNTRY,LEON,GTO,37358,Cobro Regreso,"LEON, GTO.","BLVD SAN JUAN BOSCO 4749, PASEOS DEL COUNTRY, 37358, LEON, GTO",,"BOULEVARD SAN JUAN BOSCO 4749   PASEOS DEL COUNTRY_x000D__x000D_LEON,37358, GTO_x000D_MX",477 858 6976,PTB100929UP9
244237,,194743.0,1,2026-09-23 00:00:00,2026-09-23 00:00:00,C03715,PROMOCIONES TURISTICAS BEGREMAR,HOTEL BLING LOVE,11095.0,0,1775.2,12870.2,0.0,4016-L04,,10,CJA,BLVD SAN JUAN BOSCO 4749,PASEOS DEL COUNTRY,LEON,GTO,37358,Cobro Regreso,"LEON, GTO.","BLVD SAN JUAN BOSCO 4749, PASEOS DEL COUNTRY, 37358, LEON, GTO",,"BOULEVARD SAN JUAN BOSCO 4749   PASEOS DEL COUNTRY_x000D__x000D_LEON,37358, GTO_x000D_MX",477 858 6976,PTB100929UP9
244237,,194743.0,1,2026-09-23 00:00:00,2026-09-23 00:00:00,C03715,PROMOCIONES TURISTICAS BEGREMAR,HOTEL BLING LOVE,8876.0,0,1420.16,10296.16,0.0,4016-L05,,8,CJA,BLVD SAN JUAN BOSCO 4749,PASEOS DEL COUNTRY,LEON,GTO,37358,Cobro Regreso,"LEON, GTO.","BLVD SAN JUAN BOSCO 4749, PASEOS DEL COUNTRY, 37358, LEON, GTO",,"BOULEVARD SAN JUAN BOSCO 4749   PASEOS DEL COUNTRY_x000D__x000D_LEON,37358, GTO_x000D_MX",477 858 6976,PTB100929UP9
244237,,194743.0,1,2026-09-23 00:00:00,2026-09-23 00:00:00,C03715,PROMOCIONES TURISTICAS BEGREMAR,HOTEL BLING LOVE,12453.55,5,1992.57,14446.12,0.0,4029-A94,,10,CJA,BLVD SAN JUAN BOSCO 4749,PASEOS DEL COUNTRY,LEON,GTO,37358,Cobro Regreso,"LEON, GTO.","BLVD SAN JUAN BOSCO 4749, PASEOS DEL COUNTRY, 37358, LEON, GTO",,"BOULEVARD SAN JUAN BOSCO 4749   PASEOS DEL COUNTRY_x000D__x000D_LEON,37358, GTO_x000D_MX",477 858 6976,PTB100929UP9
244237,,194743.0,1,2026-09-23 00:00:00,2026-09-23 00:00:00,C03715,PROMOCIONES TURISTICAS BEGREMAR,HOTEL BLING LOVE,14671.2,0,2347.39,17018.59,0.0,4016-L07,ELEMENTS EVOLUTION B,12,CJA,BLVD SAN JUAN BOSCO 4749,PASEOS DEL COUNTRY,LEON,GTO,37358,Cobro Regreso,"LEON, GTO.","BLVD SAN JUAN BOSCO 4749, PASEOS DEL COUNTRY, 37358, LEON, GTO",,"BOULEVARD SAN JUAN BOSCO 4749   PASEOS DEL COUNTRY_x000D__x000D_LEON,37358, GTO_x000D_MX",477 858 6976,PTB100929UP9
244238,GF-08055,194739.0,1,2026-09-23 00:00:00,2026-10-08 00:00:00,C07639,GRUPO HOTELERO HISPANOAMERICANO,CITY EXPRESS HERMOSILLO EXPO (CEHME),4022.92,0,643.67,4666.59,0.0,4051-L10,,4,CJA,BLVD GANADEROS 1248 PERISUR HERMOSILLO,,HERMOSILLO,SON,83294,Cobro Regreso,"HERMOSILLO, SON.","BLVD GANADEROS 1248 PERISUR HERMOSILLO, , 83294, HERMOSILLO, SON",,"BLVD MIGUEL DE CERVANTES SAAVEDRA 259   GRANADA_x000D__x000D_MIGUEL HIDALGO,11520, CMX_x000D_MX",662-478 3760,GHH170224AW3
244238,GF-08055,194739.0,1,2026-09-23 00:00:00,2026-10-08 00:00:00,C07639,GRUPO HOTELERO HISPANOAMERICANO,CITY EXPRESS HERMOSILLO EXPO (CEHME),2011.46,0,321.83,2333.29,0.0,4051-L12,,2,CJA,BLVD GANADEROS 1248 PERISUR HERMOSILLO,,HERMOSILLO,SON,83294,Cobro Regreso,"HERMOSILLO, SON.","BLVD GANADEROS 1248 PERISUR HERMOSILLO, , 83294, HERMOSILLO, SON",,"BLVD MIGUEL DE CERVANTES SAAVEDRA 259   GRANADA_x000D__x000D_MIGUEL HIDALGO,11520, CMX_x000D_MX",662-478 3760,GHH170224AW3
244238,GF-08055,194739.0,1,2026-09-23 00:00:00,2026-10-08 00:00:00,C07639,GRUPO HOTELERO HISPANOAMERICANO,CITY EXPRESS HERMOSILLO EXPO (CEHME),2011.46,0,321.83,2333.29,0.0,4051-L11,,2,CJA,BLVD GANADEROS 1248 PERISUR HERMOSILLO,,HERMOSILLO,SON,83294,Cobro Regreso,"HERMOSILLO, SON.","BLVD GANADEROS 1248 PERISUR HERMOSILLO, , 83294, HERMOSILLO, SON",,"BLVD MIGUEL DE CERVANTES SAAVEDRA 259   GRANADA_x000D__x000D_MIGUEL HIDALGO,11520, CMX_x000D_MX",662-478 3760,GHH170224AW3
244238,GF-08055,194739.0,1,2026-09-23 00:00:00,2026-10-08 00:00:00,C07639,GRUPO HOTELERO HISPANOAMERICANO,CITY EXPRESS HERMOSILLO EXPO (CEHME),1932.84,0,309.26,2242.09,0.0,4051-J03,,3,CJA,BLVD GANADEROS 1248 PERISUR HERMOSILLO,,HERMOSILLO,SON,83294,Cobro Regreso,"HERMOSILLO, SON.","BLVD GANADEROS 1248 PERISUR HERMOSILLO, , 83294, HERMOSILLO, SON",,"BLVD MIGUEL DE CERVANTES SAAVEDRA 259   GRANADA_x000D__x000D_MIGUEL HIDALGO,11520, CMX_x000D_MX",662-478 3760,GHH170224AW3
244238,GF-08055,194739.0,1,2026-09-23 00:00:00,2026-10-08 00:00:00,C07639,GRUPO HOTELERO HISPANOAMERICANO,CITY EXPRESS HERMOSILLO EXPO (CEHME),1659.84,0,265.57,1925.41,0.0,4051-J04,,4,CJA,BLVD GANADEROS 1248 PERISUR HERMOSILLO,,HERMOSILLO,SON,83294,Cobro Regreso,"HERMOSILLO, SON.","BLVD GANADEROS 1248 PERISUR HERMOSILLO, , 83294, HERMOSILLO, SON",,"BLVD MIGUEL DE CERVANTES SAAVEDRA 259   GRANADA_x000D__x000D_MIGUEL HIDALGO,11520, CMX_x000D_MX",662-478 3760,GHH170224AW3
244239,septiembre 2026,194740.0,1,2026-09-23 00:00:00,2026-10-23 00:00:00,C08949,PROMOTORA TURISTICA NAUTILIUS,WORLDMARK HOTEL CORAL BAJA,909.58,0,145.53,1055.09,52.82,GENA-ES-LMN-GAL,,2,CJA,CARRETERA TRANSPENINSULAR KM 29.5 HOTEL CORAL BAJA,ZONA HOTELERA,LOS CABOS,BCS,23405,Cobro Regreso,"LOS CABOS, BCS.","CARRETERA TRANSPENINSULAR KM 29.5 HOTEL CORAL BAJA, ZONA HOTELERA, 23405, LOS CABOS, BCS",,"CARRETERA TRANSPENINSULAR KM 29.5 INT:S/N   CAMPO DE GOLF_x000D__x000D_LOS CABOS, SAN JOSE DEL CABO,23405, BCS_x000D_MX",624 142 3171,PTN940712KZ8
244239,septiembre 2026,194740.0,1,2026-09-23 00:00:00,2026-10-23 00:00:00,C08949,PROMOTORA TURISTICA NAUTILIUS,WORLDMARK HOTEL CORAL BAJA,9471.17,0,1515.39,10986.55,550.0,ROOTS-ES-HW-360ML,,5,CJA,CARRETERA TRANSPENINSULAR KM 29.5 HOTEL CORAL BAJA,ZONA HOTELERA,LOS CABOS,BCS,23405,Cobro Regreso,"LOS CABOS, BCS.","CARRETERA TRANSPENINSULAR KM 29.5 HOTEL CORAL BAJA, ZONA HOTELERA, 23405, LOS CABOS, BCS",,"CARRETERA TRANSPENINSULAR KM 29.5 INT:S/N   CAMPO DE GOLF_x000D__x000D_LOS CABOS, SAN JOSE DEL CABO,23405, BCS_x000D_MX",624 142 3171,PTN940712KZ8
244239,septiembre 2026,194740.0,1,2026-09-23 00:00:00,2026-10-23 00:00:00,C08949,PROMOTORA TURISTICA NAUTILIUS,WORLDMARK HOTEL CORAL BAJA,5992.66,0,958.83,6951.49,348.0,ROOTS-ES-REC-BW,,3,CJA,CARRETERA TRANSPENINSULAR KM 29.5 HOTEL CORAL BAJA,ZONA HOTELERA,LOS CABOS,BCS,23405,Cobro Regreso,"LOS CABOS, BCS.","CARRETERA TRANSPENINSULAR KM 29.5 HOTEL CORAL BAJA, ZONA HOTELERA, 23405, LOS CABOS, BCS",,"CARRETERA TRANSPENINSULAR KM 29.5 INT:S/N   CAMPO DE GOLF_x000D__x000D_LOS CABOS, SAN JOSE DEL CABO,23405, BCS_x000D_MX",624 142 3171,PTN940712KZ8
244239,septiembre 2026,194740.0,1,2026-09-23 00:00:00,2026-10-23 00:00:00,C08949,PROMOTORA TURISTICA NAUTILIUS,WORLDMARK HOTEL CORAL BAJA,5992.66,0,958.82,6951.49,348.0,ROOTS-ES-REC-CON,,3,CJA,CARRETERA TRANSPENINSULAR KM 29.5 HOTEL CORAL BAJA,ZONA HOTELERA,LOS CABOS,BCS,23405,Cobro Regreso,"LOS CABOS, BCS.","CARRETERA TRANSPENINSULAR KM 29.5 HOTEL CORAL BAJA, ZONA HOTELERA, 23405, LOS CABOS, BCS",,"CARRETERA TRANSPENINSULAR KM 29.5 INT:S/N   CAMPO DE GOLF_x000D__x000D_LOS CABOS, SAN JOSE DEL CABO,23405, BCS_x000D_MX",624 142 3171,PTN940712KZ8
244239,septiembre 2026,194740.0,1,2026-09-23 00:00:00,2026-10-23 00:00:00,C08949,PROMOTORA TURISTICA NAUTILIUS,WORLDMARK HOTEL CORAL BAJA,5992.66,0,958.83,6951.49,348.0,ROOTS-ES-REC-SHA,,3,CJA,CARRETERA TRANSPENINSULAR KM 29.5 HOTEL CORAL BAJA,ZONA HOTELERA,LOS CABOS,BCS,23405,Cobro Regreso,"LOS CABOS, BCS.","CARRETERA TRANSPENINSULAR KM 29.5 HOTEL CORAL BAJA, ZONA HOTELERA, 23405, LOS CABOS, BCS",,"CARRETERA TRANSPENINSULAR KM 29.5 INT:S/N   CAMPO DE GOLF_x000D__x000D_LOS CABOS, SAN JOSE DEL CABO,23405, BCS_x000D_MX",624 142 3171,PTN940712KZ8
244240,221176 MARITZA,194741.0,1,2026-09-23 00:00:00,2026-09-23 00:00:00,C08632,SMA TURISMO,HOTEL LA LEJONA,836.5,0,133.84,970.34,0.0,4016-J08,,1,CJA,JACARANDAS 2,LA LEJONA,SAN MIGUEL DE ALLENDE,GTO,37765,Cobro Destino,"SAN MIGUEL DE ALLENDE, GTO.","JACARANDAS 2, LA LEJONA, 37765, SAN MIGUEL DE ALLENDE, GTO",,"CALLE JACARANDAS #2   LA LEJONA_x000D__x000D_SAN MIGUEL DE ALLENDE,37765, GTO_x000D_MX",415 148 2685,STU190212TL9
244240,221176 MARITZA,194741.0,1,2026-09-23 00:00:00,2026-09-23 00:00:00,C08632,SMA TURISMO,HOTEL LA LEJONA,1167.9,0,186.86,1354.76,0.0,4016-L04,,1,CJA,JACARANDAS 2,LA LEJONA,SAN MIGUEL DE ALLENDE,GTO,37765,Cobro Destino,"SAN MIGUEL DE ALLENDE, GTO.","JACARANDAS 2, LA LEJONA, 37765, SAN MIGUEL DE ALLENDE, GTO",,"CALLE JACARANDAS #2   LA LEJONA_x000D__x000D_SAN MIGUEL DE ALLENDE,37765, GTO_x000D_MX",415 148 2685,STU190212TL9
244241,221157 maritza,194742.0,1,2026-09-23 00:00:00,2026-09-23 00:00:00,C06651,JOSE MANUEL REYES ALEGRIA,HOTEL SUITES D REYES,1167.9,0,186.86,1354.76,0.0,4016-L04,,1,CJA,PROLONGACIÓN NO. 3243,LAS PLAZAS,IRAPUATO,GTO,36620,Cobro Destino,"IRAPUATO, GTO.","PROLONGACIÓN NO. 3243, LAS PLAZAS, 36620, IRAPUATO, GTO",,"AV PROLONGACION VICENTE GUERRERO 3243   LAS PLAZAS_x000D__x000D_IRAPUATO,36620, GTO_x000D_MX",462 626 1049,REAM510519RD4
244241,221157 maritza,194742.0,1,2026-09-23 00:00:00,2026-09-23 00:00:00,C06651,JOSE MANUEL REYES ALEGRIA,HOTEL SUITES D REYES,1673.0,0,267.68,1940.68,0.0,4016-J08,,2,CJA,PROLONGACIÓN NO. 3243,LAS PLAZAS,IRAPUATO,GTO,36620,Cobro Destino,"IRAPUATO, GTO.","PROLONGACIÓN NO. 3243, LAS PLAZAS, 36620, IRAPUATO, GTO",,"AV PROLONGACION VICENTE GUERRERO 3243   LAS PLAZAS_x000D__x000D_IRAPUATO,36620, GTO_x000D_MX",462 626 1049,REAM510519RD4
244242,221213 maritza,194744.0,1,2026-09-23 00:00:00,2026-09-23 00:00:00,C08202,INMOBILIARIA DE LAS RIAS BAJAS,INMOBILIARIA DE LAS RIAS BAJAS SA DE CV,4559.95,0,729.59,5289.54,0.0,4016-J07,,5,CJA,CARRT AL NTE ENTRE KM 3.5 Y PR,LA PRESITA BADIRAGUATO,CULIACAN,SIN,80935,Cobro Destino,"CULIACAN, SIN.","CARRT AL NTE ENTRE KM 3.5 Y PR, LA PRESITA BADIRAGUATO, 80935, CULIACAN, SIN",,"CARRETERA AL NTE KM 3.5 S/N   N/A_x000D__x000D_CULIACAN,80310, SIN_x000D_MX",667-513-1775,IRB020227B74
244242,221213 maritza,194744.0,1,2026-09-23 00:00:00,2026-09-23 00:00:00,C08202,INMOBILIARIA DE LAS RIAS BAJAS,INMOBILIARIA DE LAS RIAS BAJAS SA DE CV,509.04,0,81.45,590.49,0.0,4018-A24,,1,CJA,CARRT AL NTE ENTRE KM 3.5 Y PR,LA PRESITA BADIRAGUATO,CULIACAN,SIN,80935,Cobro Destino,"CULIACAN, SIN.","CARRT AL NTE ENTRE KM 3.5 Y PR, LA PRESITA BADIRAGUATO, 80935, CULIACAN, SIN",,"CARRETERA AL NTE KM 3.5 S/N   N/A_x000D__x000D_CULIACAN,80310, SIN_x000D_MX",667-513-1775,IRB020227B74
244242,221213 maritza,194744.0,1,2026-09-23 00:00:00,2026-09-23 00:00:00,C08202,INMOBILIARIA DE LAS RIAS BAJAS,INMOBILIARIA DE LAS RIAS BAJAS SA DE CV,1286.9,0,205.9,1492.8,0.0,4016-L07,ELEMENTS EVOLUTION B,1,CJA,CARRT AL NTE ENTRE KM 3.5 Y PR,LA PRESITA BADIRAGUATO,CULIACAN,SIN,80935,Cobro Destino,"CULIACAN, SIN.","CARRT AL NTE ENTRE KM 3.5 Y PR, LA PRESITA BADIRAGUATO, 80935, CULIACAN, SIN",,"CARRETERA AL NTE KM 3.5 S/N   N/A_x000D__x000D_CULIACAN,80310, SIN_x000D_MX",667-513-1775,IRB020227B74
244243,,194745.0,1,2026-09-23 00:00:00,2026-09-23 00:00:00,C01918,ROSA ELVIRA GONZALEZ GONZALEZ,HOTEL LOS GIRASOLES,2735.97,0,437.76,3173.73,0.0,4016-J07,,3,CJA,CALLE LERDO #181,CENTRO,TEPIC,NAY,63000,Cobro Regreso,"TEPIC, NAY.","CALLE LERDO #181, CENTRO, 63000, TEPIC, NAY",,"CALLE LERDO #181   CENTRO_x000D__x000D_TEPIC,63000, NAY_x000D_MX",(311)216 37 36,GOGR6008305S1
244243,,194745.0,1,2026-09-23 00:00:00,2026-09-23 00:00:00,C01918,ROSA ELVIRA GONZALEZ GONZALEZ,HOTEL LOS GIRASOLES,1789.5,0,286.32,2075.82,0.0,4016-L30,,3,CJA,CALLE LERDO #181,CENTRO,TEPIC,NAY,63000,Cobro Regreso,"TEPIC, NAY.","CALLE LERDO #181, CENTRO, 63000, TEPIC, NAY",,"CALLE LERDO #181   CENTRO_x000D__x000D_TEPIC,63000, NAY_x000D_MX",(311)216 37 36,GOGR6008305S1
244243,,194745.0,1,2026-09-23 00:00:00,2026-09-23 00:00:00,C01918,ROSA ELVIRA GONZALEZ GONZALEZ,HOTEL LOS GIRASOLES,390.0,0,62.4,452.4,0.0,SCO,,1,PZA,CALLE LERDO #181,CENTRO,TEPIC,NAY,63000,Cobro Regreso,"TEPIC, NAY.","CALLE LERDO #181, CENTRO, 63000, TEPIC, NAY",,"CALLE LERDO #181   CENTRO_x000D__x000D_TEPIC,63000, NAY_x000D_MX",(311)216 37 36,GOGR6008305S1
244244,,194746.0,1,2026-09-23 00:00:00,2026-10-08 00:00:00,C08634,PROMOTORA DEVI,HOLIDAY INN & SUITES AIFA (MEXZD),5444.01,0,871.04,6315.05,0.0,68739022,,9,CJA,CIRCUITO CIUDAD AEROPUERTARIA LOTE 3 INT SN,AEROPUERTO INTERNACIONAL FELIPE ANGELES,ZUMPANGO,MEX,55640,Cobro Regreso,"ZUMPANGO, MEX.","CIRCUITO CIUDAD AEROPUERTARIA LOTE 3 INT SN, AEROPUERTO INTERNACIONAL FELIPE ANGELES, 55640, ZUMPANGO, MEX",,"BELISARIO DOMINGUEZ 2020 5TO PISO   OBISPADO_x000D__x000D_MONTERREY,64060, NL_x000D_MX",55 9278 9200,PDE1305084L7
244245,NX-14021,194751.0,1,2026-09-23 00:00:00,2026-10-08 00:00:00,C07234,IMPULSORA PLAZA LA UNION,CITY JUNIOR CIUDAD DEL CARMEN (CJCME),2074.8,0,331.97,2406.77,0.0,4051-J04,,5,CJA,CALLE 60 NO. 22,PETROLERA,CARMEN,CAM,24179,Cobro Regreso,"CARMEN, CAM.","CALLE 60 NO. 22, PETROLERA, 24179, CARMEN, CAM",,"JUAN SALVADOR AGRAZ 69 PISO 12   SANTA FE CUAJIMALPA_x000D__x000D_CUAJIMALPA DE MORELOS,05348, CMX_x000D_MX",01 938 131 4975,IPL1301239X4
244245,NX-14021,194751.0,1,2026-09-23 00:00:00,2026-10-08 00:00:00,C07234,IMPULSORA PLAZA LA UNION,CITY JUNIOR CIUDAD DEL CARMEN (CJCME),1932.84,0,309.25,2242.09,0.0,4051-J03,,3,CJA,CALLE 60 NO. 22,PETROLERA,CARMEN,CAM,24179,Cobro Regreso,"CARMEN, CAM.","CALLE 60 NO. 22, PETROLERA, 24179, CARMEN, CAM",,"JUAN SALVADOR AGRAZ 69 PISO 12   SANTA FE CUAJIMALPA_x000D__x000D_CUAJIMALPA DE MORELOS,05348, CMX_x000D_MX",01 938 131 4975,IPL1301239X4
244245,NX-14021,194751.0,1,2026-09-23 00:00:00,2026-10-08 00:00:00,C07234,IMPULSORA PLAZA LA UNION,CITY JUNIOR CIUDAD DEL CARMEN (CJCME),3017.19,0,482.75,3499.94,0.0,4051-L10,,3,CJA,CALLE 60 NO. 22,PETROLERA,CARMEN,CAM,24179,Cobro Regreso,"CARMEN, CAM.","CALLE 60 NO. 22, PETROLERA, 24179, CARMEN, CAM",,"JUAN SALVADOR AGRAZ 69 PISO 12   SANTA FE CUAJIMALPA_x000D__x000D_CUAJIMALPA DE MORELOS,05348, CMX_x000D_MX",01 938 131 4975,IPL1301239X4
244246,SUSTITUYEN LOS PEDIDOS: 192732 Y 193721,194752.0,13,2026-09-23 00:00:00,2026-12-22 00:00:00,C04813,CORPORACION CAFI SA DE CV,CORPORACION CAFI EL SALVADOR,10154.47,0,0.0,10154.47,589.68,0506-L20,,14,CJA,Blvd Vijosa calle L-1 N 44-C ciudad Merliot,Santa Tecla departamento La libertad El salvador,,SLV,0,Exportacion,", SLV.","Blvd Vijosa calle L-1 N 44-C ciudad Merliot, Santa Tecla departamento La libertad El salvador, 00000, , SLV",,Blvd Vijosa calle L-1 N 44-C ciudad Merliot_x000D__x000D_00000 SANTA TECLA DEPARTAMENTO LA LIBERTAD EL SALVADOR_x000D_EL SALVADOR,(503) 2441 1974,XEXX010101000
244246,SUSTITUYEN LOS PEDIDOS: 192732 Y 193721,194752.0,13,2026-09-23 00:00:00,2026-12-22 00:00:00,C04813,CORPORACION CAFI SA DE CV,CORPORACION CAFI EL SALVADOR,5802.55,0,0.0,5802.55,336.96,0506-L21,,8,CJA,Blvd Vijosa calle L-1 N 44-C ciudad Merliot,Santa Tecla departamento La libertad El salvador,,SLV,0,Exportacion,", SLV.","Blvd Vijosa calle L-1 N 44-C ciudad Merliot, Santa Tecla departamento La libertad El salvador, 00000, , SLV",,Blvd Vijosa calle L-1 N 44-C ciudad Merliot_x000D__x000D_00000 SANTA TECLA DEPARTAMENTO LA LIBERTAD EL SALVADOR_x000D_EL SALVADOR,(503) 2441 1974,XEXX010101000
244246,SUSTITUYEN LOS PEDIDOS: 192732 Y 193721,194752.0,13,2026-09-23 00:00:00,2026-12-22 00:00:00,C04813,CORPORACION CAFI SA DE CV,CORPORACION CAFI EL SALVADOR,10154.47,0,0.0,10154.47,589.68,0506-L22,,14,CJA,Blvd Vijosa calle L-1 N 44-C ciudad Merliot,Santa Tecla departamento La libertad El salvador,,SLV,0,Exportacion,", SLV.","Blvd Vijosa calle L-1 N 44-C ciudad Merliot, Santa Tecla departamento La libertad El salvador, 00000, , SLV",,Blvd Vijosa calle L-1 N 44-C ciudad Merliot_x000D__x000D_00000 SANTA TECLA DEPARTAMENTO LA LIBERTAD EL SALVADOR_x000D_EL SALVADOR,(503) 2441 1974,XEXX010101000
244246,SUSTITUYEN LOS PEDIDOS: 192732 Y 193721,194752.0,13,2026-09-23 00:00:00,2026-12-22 00:00:00,C04813,CORPORACION CAFI SA DE CV,CORPORACION CAFI EL SALVADOR,10154.47,0,0.0,10154.47,589.68,0506-L23,,14,CJA,Blvd Vijosa calle L-1 N 44-C ciudad Merliot,Santa Tecla departamento La libertad El salvador,,SLV,0,Exportacion,", SLV.","Blvd Vijosa calle L-1 N 44-C ciudad Merliot, Santa Tecla departamento La libertad El salvador, 00000, , SLV",,Blvd Vijosa calle L-1 N 44-C ciudad Merliot_x000D__x000D_00000 SANTA TECLA DEPARTAMENTO LA LIBERTAD EL SALVADOR_x000D_EL SALVADOR,(503) 2441 1974,XEXX010101000
244246,SUSTITUYEN LOS PEDIDOS: 192732 Y 193721,194752.0,13,2026-09-23 00:00:00,2026-12-22 00:00:00,C04813,CORPORACION CAFI SA DE CV,CORPORACION CAFI EL SALVADOR,36730.9,0,0.0,36730.9,2133.0,4016-J08,,90,CJA,Blvd Vijosa calle L-1 N 44-C ciudad Merliot,Santa Tecla departamento La libertad El salvador,,SLV,0,Exportacion,", SLV.","Blvd Vijosa calle L-1 N 44-C ciudad Merliot, Santa Tecla departamento La libertad El salvador, 00000, , SLV",,Blvd Vijosa calle L-1 N 44-C ciudad Merliot_x000D__x000D_00000 SANTA TECLA DEPARTAMENTO LA LIBERTAD EL SALVADOR_x000D_EL SALVADOR,(503) 2441 1974,XEXX010101000
244246,SUSTITUYEN LOS PEDIDOS: 192732 Y 193721,194752.0,13,2026-09-23 00:00:00,2026-12-22 00:00:00,C04813,CORPORACION CAFI SA DE CV,CORPORACION CAFI EL SALVADOR,25776.72,0,0.0,25776.72,1496.88,4016-L05,,36,CJA,Blvd Vijosa calle L-1 N 44-C ciudad Merliot,Santa Tecla departamento La libertad El salvador,,SLV,0,Exportacion,", SLV.","Blvd Vijosa calle L-1 N 44-C ciudad Merliot, Santa Tecla departamento La libertad El salvador, 00000, , SLV",,Blvd Vijosa calle L-1 N 44-C ciudad Merliot_x000D__x000D_00000 SANTA TECLA DEPARTAMENTO LA LIBERTAD EL SALVADOR_x000D_EL SALVADOR,(503) 2441 1974,XEXX010101000
244246,SUSTITUYEN LOS PEDIDOS: 192732 Y 193721,194752.0,13,2026-09-23 00:00:00,2026-12-22 00:00:00,C04813,CORPORACION CAFI SA DE CV,CORPORACION CAFI EL SALVADOR,5728.16,0,0.0,5728.16,332.64,4016-L07,ELEMENTS EVOLUTION B,8,CJA,Blvd Vijosa calle L-1 N 44-C ciudad Merliot,Santa Tecla departamento La libertad El salvador,,SLV,0,Exportacion,", SLV.","Blvd Vijosa calle L-1 N 44-C ciudad Merliot, Santa Tecla departamento La libertad El salvador, 00000, , SLV",,Blvd Vijosa calle L-1 N 44-C ciudad Merliot_x000D__x000D_00000 SANTA TECLA DEPARTAMENTO LA LIBERTAD EL SALVADOR_x000D_EL SALVADOR,(503) 2441 1974,XEXX010101000
244246,SUSTITUYEN LOS PEDIDOS: 192732 Y 193721,194752.0,13,2026-09-23 00:00:00,2026-12-22 00:00:00,C04813,CORPORACION CAFI SA DE CV,CORPORACION CAFI EL SALVADOR,54243.95,0,0.0,54243.95,3150.0,4016-L08,ELEMENTS EVOLUTION S,90,CJA,Blvd Vijosa calle L-1 N 44-C ciudad Merliot,Santa Tecla departamento La libertad El salvador,,SLV,0,Exportacion,", SLV.","Blvd Vijosa calle L-1 N 44-C ciudad Merliot, Santa Tecla departamento La libertad El salvador, 00000, , SLV",,Blvd Vijosa calle L-1 N 44-C ciudad Merliot_x000D__x000D_00000 SANTA TECLA DEPARTAMENTO LA LIBERTAD EL SALVADOR_x000D_EL SALVADOR,(503) 2441 1974,XEXX010101000
244246,SUSTITUYEN LOS PEDIDOS: 192732 Y 193721,194752.0,13,2026-09-23 00:00:00,2026-12-22 00:00:00,C04813,CORPORACION CAFI SA DE CV,CORPORACION CAFI EL SALVADOR,3015.27,0,0.0,3015.27,175.1,4016-L30,,10,CJA,Blvd Vijosa calle L-1 N 44-C ciudad Merliot,Santa Tecla departamento La libertad El salvador,,SLV,0,Exportacion,", SLV.","Blvd Vijosa calle L-1 N 44-C ciudad Merliot, Santa Tecla departamento La libertad El salvador, 00000, , SLV",,Blvd Vijosa calle L-1 N 44-C ciudad Merliot_x000D__x000D_00000 SANTA TECLA DEPARTAMENTO LA LIBERTAD EL SALVADOR_x000D_EL SALVADOR,(503) 2441 1974,XEXX010101000
244246,SUSTITUYEN LOS PEDIDOS: 192732 Y 193721,194752.0,13,2026-09-23 00:00:00,2026-12-22 00:00:00,C04813,CORPORACION CAFI SA DE CV,CORPORACION CAFI EL SALVADOR,1507.64,0,0.0,1507.64,87.55,4016-L31,,5,CJA,Blvd Vijosa calle L-1 N 44-C ciudad Merliot,Santa Tecla departamento La libertad El salvador,,SLV,0,Exportacion,", SLV.","Blvd Vijosa calle L-1 N 44-C ciudad Merliot, Santa Tecla departamento La libertad El salvador, 00000, , SLV",,Blvd Vijosa calle L-1 N 44-C ciudad Merliot_x000D__x000D_00000 SANTA TECLA DEPARTAMENTO LA LIBERTAD EL SALVADOR_x000D_EL SALVADOR,(503) 2441 1974,XEXX010101000
244246,SUSTITUYEN LOS PEDIDOS: 192732 Y 193721,194752.0,13,2026-09-23 00:00:00,2026-12-22 00:00:00,C04813,CORPORACION CAFI SA DE CV,CORPORACION CAFI EL SALVADOR,18091.65,0,0.0,18091.65,1050.6,4016-L33,,60,CJA,Blvd Vijosa calle L-1 N 44-C ciudad Merliot,Santa Tecla departamento La libertad El salvador,,SLV,0,Exportacion,", SLV.","Blvd Vijosa calle L-1 N 44-C ciudad Merliot, Santa Tecla departamento La libertad El salvador, 00000, , SLV",,Blvd Vijosa calle L-1 N 44-C ciudad Merliot_x000D__x000D_00000 SANTA TECLA DEPARTAMENTO LA LIBERTAD EL SALVADOR_x000D_EL SALVADOR,(503) 2441 1974,XEXX010101000
244246,SUSTITUYEN LOS PEDIDOS: 192732 Y 193721,194752.0,13,2026-09-23 00:00:00,2026-12-22 00:00:00,C04813,CORPORACION CAFI SA DE CV,CORPORACION CAFI EL SALVADOR,5934.12,0,0.0,5934.12,344.6,4018-A23,,10,CJA,Blvd Vijosa calle L-1 N 44-C ciudad Merliot,Santa Tecla departamento La libertad El salvador,,SLV,0,Exportacion,", SLV.","Blvd Vijosa calle L-1 N 44-C ciudad Merliot, Santa Tecla departamento La libertad El salvador, 00000, , SLV",,Blvd Vijosa calle L-1 N 44-C ciudad Merliot_x000D__x000D_00000 SANTA TECLA DEPARTAMENTO LA LIBERTAD EL SALVADOR_x000D_EL SALVADOR,(503) 2441 1974,XEXX010101000
244246,SUSTITUYEN LOS PEDIDOS: 192732 Y 193721,194752.0,13,2026-09-23 00:00:00,2026-12-22 00:00:00,C04813,CORPORACION CAFI SA DE CV,CORPORACION CAFI EL SALVADOR,20595.48,0,0.0,20595.48,1196.0,4018-A24,,50,CJA,Blvd Vijosa calle L-1 N 44-C ciudad Merliot,Santa Tecla departamento La libertad El salvador,,SLV,0,Exportacion,", SLV.","Blvd Vijosa calle L-1 N 44-C ciudad Merliot, Santa Tecla departamento La libertad El salvador, 00000, , SLV",,Blvd Vijosa calle L-1 N 44-C ciudad Merliot_x000D__x000D_00000 SANTA TECLA DEPARTAMENTO LA LIBERTAD EL SALVADOR_x000D_EL SALVADOR,(503) 2441 1974,XEXX010101000
244246,SUSTITUYEN LOS PEDIDOS: 192732 Y 193721,194752.0,13,2026-09-23 00:00:00,2026-12-22 00:00:00,C04813,CORPORACION CAFI SA DE CV,CORPORACION CAFI EL SALVADOR,27015.21,0,0.0,27015.21,1568.8,4018-A25,,20,CJA,Blvd Vijosa calle L-1 N 44-C ciudad Merliot,Santa Tecla departamento La libertad El salvador,,SLV,0,Exportacion,", SLV.","Blvd Vijosa calle L-1 N 44-C ciudad Merliot, Santa Tecla departamento La libertad El salvador, 00000, , SLV",,Blvd Vijosa calle L-1 N 44-C ciudad Merliot_x000D__x000D_00000 SANTA TECLA DEPARTAMENTO LA LIBERTAD EL SALVADOR_x000D_EL SALVADOR,(503) 2441 1974,XEXX010101000
244246,SUSTITUYEN LOS PEDIDOS: 192732 Y 193721,194752.0,13,2026-09-23 00:00:00,2026-12-22 00:00:00,C04813,CORPORACION CAFI SA DE CV,CORPORACION CAFI EL SALVADOR,10766.13,0,0.0,10766.13,625.2,4018-A26,,30,CJA,Blvd Vijosa calle L-1 N 44-C ciudad Merliot,Santa Tecla departamento La libertad El salvador,,SLV,0,Exportacion,", SLV.","Blvd Vijosa calle L-1 N 44-C ciudad Merliot, Santa Tecla departamento La libertad El salvador, 00000, , SLV",,Blvd Vijosa calle L-1 N 44-C ciudad Merliot_x000D__x000D_00000 SANTA TECLA DEPARTAMENTO LA LIBERTAD EL SALVADOR_x000D_EL SALVADOR,(503) 2441 1974,XEXX010101000
244246,SUSTITUYEN LOS PEDIDOS: 192732 Y 193721,194752.0,13,2026-09-23 00:00:00,2026-12-22 00:00:00,C04813,CORPORACION CAFI SA DE CV,CORPORACION CAFI EL SALVADOR,8666.12,0,0.0,8666.12,503.25,4018-A28,,25,CJA,Blvd Vijosa calle L-1 N 44-C ciudad Merliot,Santa Tecla departamento La libertad El salvador,,SLV,0,Exportacion,", SLV.","Blvd Vijosa calle L-1 N 44-C ciudad Merliot, Santa Tecla departamento La libertad El salvador, 00000, , SLV",,Blvd Vijosa calle L-1 N 44-C ciudad Merliot_x000D__x000D_00000 SANTA TECLA DEPARTAMENTO LA LIBERTAD EL SALVADOR_x000D_EL SALVADOR,(503) 2441 1974,XEXX010101000
244246,SUSTITUYEN LOS PEDIDOS: 192732 Y 193721,194752.0,13,2026-09-23 00:00:00,2026-12-22 00:00:00,C04813,CORPORACION CAFI SA DE CV,CORPORACION CAFI EL SALVADOR,3952.06,0,0.0,3952.06,229.5,4018-A29,,5,CJA,Blvd Vijosa calle L-1 N 44-C ciudad Merliot,Santa Tecla departamento La libertad El salvador,,SLV,0,Exportacion,", SLV.","Blvd Vijosa calle L-1 N 44-C ciudad Merliot, Santa Tecla departamento La libertad El salvador, 00000, , SLV",,Blvd Vijosa calle L-1 N 44-C ciudad Merliot_x000D__x000D_00000 SANTA TECLA DEPARTAMENTO LA LIBERTAD EL SALVADOR_x000D_EL SALVADOR,(503) 2441 1974,XEXX010101000
244246,SUSTITUYEN LOS PEDIDOS: 192732 Y 193721,194752.0,13,2026-09-23 00:00:00,2026-12-22 00:00:00,C04813,CORPORACION CAFI SA DE CV,CORPORACION CAFI EL SALVADOR,5677.53,0,0.0,5677.53,329.7,4018-J08,,10,CJA,Blvd Vijosa calle L-1 N 44-C ciudad Merliot,Santa Tecla departamento La libertad El salvador,,SLV,0,Exportacion,", SLV.","Blvd Vijosa calle L-1 N 44-C ciudad Merliot, Santa Tecla departamento La libertad El salvador, 00000, , SLV",,Blvd Vijosa calle L-1 N 44-C ciudad Merliot_x000D__x000D_00000 SANTA TECLA DEPARTAMENTO LA LIBERTAD EL SALVADOR_x000D_EL SALVADOR,(503) 2441 1974,XEXX010101000
244246,SUSTITUYEN LOS PEDIDOS: 192732 Y 193721,194752.0,13,2026-09-23 00:00:00,2026-12-22 00:00:00,C04813,CORPORACION CAFI SA DE CV,CORPORACION CAFI EL SALVADOR,13152.87,0,0.0,13152.87,763.8,4018-J09,,30,CJA,Blvd Vijosa calle L-1 N 44-C ciudad Merliot,Santa Tecla departamento La libertad El salvador,,SLV,0,Exportacion,", SLV.","Blvd Vijosa calle L-1 N 44-C ciudad Merliot, Santa Tecla departamento La libertad El salvador, 00000, , SLV",,Blvd Vijosa calle L-1 N 44-C ciudad Merliot_x000D__x000D_00000 SANTA TECLA DEPARTAMENTO LA LIBERTAD EL SALVADOR_x000D_EL SALVADOR,(503) 2441 1974,XEXX010101000
244246,SUSTITUYEN LOS PEDIDOS: 192732 Y 193721,194752.0,13,2026-09-23 00:00:00,2026-12-22 00:00:00,C04813,CORPORACION CAFI SA DE CV,CORPORACION CAFI EL SALVADOR,3372.6,0,0.0,3372.6,195.85,4018-L15,,5,CJA,Blvd Vijosa calle L-1 N 44-C ciudad Merliot,Santa Tecla departamento La libertad El salvador,,SLV,0,Exportacion,", SLV.","Blvd Vijosa calle L-1 N 44-C ciudad Merliot, Santa Tecla departamento La libertad El salvador, 00000, , SLV",,Blvd Vijosa calle L-1 N 44-C ciudad Merliot_x000D__x000D_00000 SANTA TECLA DEPARTAMENTO LA LIBERTAD EL SALVADOR_x000D_EL SALVADOR,(503) 2441 1974,XEXX010101000
244246,SUSTITUYEN LOS PEDIDOS: 192732 Y 193721,194752.0,13,2026-09-23 00:00:00,2026-12-22 00:00:00,C04813,CORPORACION CAFI SA DE CV,CORPORACION CAFI EL SALVADOR,5207.42,0,0.0,5207.42,302.4,4029-A90,,10,CJA,Blvd Vijosa calle L-1 N 44-C ciudad Merliot,Santa Tecla departamento La libertad El salvador,,SLV,0,Exportacion,", SLV.","Blvd Vijosa calle L-1 N 44-C ciudad Merliot, Santa Tecla departamento La libertad El salvador, 00000, , SLV",,Blvd Vijosa calle L-1 N 44-C ciudad Merliot_x000D__x000D_00000 SANTA TECLA DEPARTAMENTO LA LIBERTAD EL SALVADOR_x000D_EL SALVADOR,(503) 2441 1974,XEXX010101000
244246,SUSTITUYEN LOS PEDIDOS: 192732 Y 193721,194752.0,13,2026-09-23 00:00:00,2026-12-22 00:00:00,C04813,CORPORACION CAFI SA DE CV,CORPORACION CAFI EL SALVADOR,4441.12,0,0.0,4441.12,257.9,4032-L01,BRISS MOUTHWASH 1.0,5,CJA,Blvd Vijosa calle L-1 N 44-C ciudad Merliot,Santa Tecla departamento La libertad El salvador,,SLV,0,Exportacion,", SLV.","Blvd Vijosa calle L-1 N 44-C ciudad Merliot, Santa Tecla departamento La libertad El salvador, 00000, , SLV",,Blvd Vijosa calle L-1 N 44-C ciudad Merliot_x000D__x000D_00000 SANTA TECLA DEPARTAMENTO LA LIBERTAD EL SALVADOR_x000D_EL SALVADOR,(503) 2441 1974,XEXX010101000
244246,SUSTITUYEN LOS PEDIDOS: 192732 Y 193721,194752.0,13,2026-09-23 00:00:00,2026-12-22 00:00:00,C04813,CORPORACION CAFI SA DE CV,CORPORACION CAFI EL SALVADOR,14671.7,0,0.0,14671.7,852.0,4043-J07,,25,CJA,Blvd Vijosa calle L-1 N 44-C ciudad Merliot,Santa Tecla departamento La libertad El salvador,,SLV,0,Exportacion,", SLV.","Blvd Vijosa calle L-1 N 44-C ciudad Merliot, Santa Tecla departamento La libertad El salvador, 00000, , SLV",,Blvd Vijosa calle L-1 N 44-C ciudad Merliot_x000D__x000D_00000 SANTA TECLA DEPARTAMENTO LA LIBERTAD EL SALVADOR_x000D_EL SALVADOR,(503) 2441 1974,XEXX010101000
244246,SUSTITUYEN LOS PEDIDOS: 192732 Y 193721,194752.0,13,2026-09-23 00:00:00,2026-12-22 00:00:00,C04813,CORPORACION CAFI SA DE CV,CORPORACION CAFI EL SALVADOR,18205.3,0,0.0,18205.3,1057.2,4043-J08,,40,CJA,Blvd Vijosa calle L-1 N 44-C ciudad Merliot,Santa Tecla departamento La libertad El salvador,,SLV,0,Exportacion,", SLV.","Blvd Vijosa calle L-1 N 44-C ciudad Merliot, Santa Tecla departamento La libertad El salvador, 00000, , SLV",,Blvd Vijosa calle L-1 N 44-C ciudad Merliot_x000D__x000D_00000 SANTA TECLA DEPARTAMENTO LA LIBERTAD EL SALVADOR_x000D_EL SALVADOR,(503) 2441 1974,XEXX010101000
244246,SUSTITUYEN LOS PEDIDOS: 192732 Y 193721,194752.0,13,2026-09-23 00:00:00,2026-12-22 00:00:00,C04813,CORPORACION CAFI SA DE CV,CORPORACION CAFI EL SALVADOR,40341.82,0,0.0,40341.82,2342.69,4043-L47,,49,CJA,Blvd Vijosa calle L-1 N 44-C ciudad Merliot,Santa Tecla departamento La libertad El salvador,,SLV,0,Exportacion,", SLV.","Blvd Vijosa calle L-1 N 44-C ciudad Merliot, Santa Tecla departamento La libertad El salvador, 00000, , SLV",,Blvd Vijosa calle L-1 N 44-C ciudad Merliot_x000D__x000D_00000 SANTA TECLA DEPARTAMENTO LA LIBERTAD EL SALVADOR_x000D_EL SALVADOR,(503) 2441 1974,XEXX010101000
244246,SUSTITUYEN LOS PEDIDOS: 192732 Y 193721,194752.0,13,2026-09-23 00:00:00,2026-12-22 00:00:00,C04813,CORPORACION CAFI SA DE CV,CORPORACION CAFI EL SALVADOR,6586.42,0,0.0,6586.42,382.48,4043-L50,,8,CJA,Blvd Vijosa calle L-1 N 44-C ciudad Merliot,Santa Tecla departamento La libertad El salvador,,SLV,0,Exportacion,", SLV.","Blvd Vijosa calle L-1 N 44-C ciudad Merliot, Santa Tecla departamento La libertad El salvador, 00000, , SLV",,Blvd Vijosa calle L-1 N 44-C ciudad Merliot_x000D__x000D_00000 SANTA TECLA DEPARTAMENTO LA LIBERTAD EL SALVADOR_x000D_EL SALVADOR,(503) 2441 1974,XEXX010101000
244246,SUSTITUYEN LOS PEDIDOS: 192732 Y 193721,194752.0,13,2026-09-23 00:00:00,2026-12-22 00:00:00,C04813,CORPORACION CAFI SA DE CV,CORPORACION CAFI EL SALVADOR,15642.75,0,0.0,15642.75,908.39,4043-L48,,19,CJA,Blvd Vijosa calle L-1 N 44-C ciudad Merliot,Santa Tecla departamento La libertad El salvador,,SLV,0,Exportacion,", SLV.","Blvd Vijosa calle L-1 N 44-C ciudad Merliot, Santa Tecla departamento La libertad El salvador, 00000, , SLV",,Blvd Vijosa calle L-1 N 44-C ciudad Merliot_x000D__x000D_00000 SANTA TECLA DEPARTAMENTO LA LIBERTAD EL SALVADOR_x000D_EL SALVADOR,(503) 2441 1974,XEXX010101000
244246,SUSTITUYEN LOS PEDIDOS: 192732 Y 193721,194752.0,13,2026-09-23 00:00:00,2026-12-22 00:00:00,C04813,CORPORACION CAFI SA DE CV,CORPORACION CAFI EL SALVADOR,10702.93,0,0.0,10702.93,621.53,4043-L49,,13,CJA,Blvd Vijosa calle L-1 N 44-C ciudad Merliot,Santa Tecla departamento La libertad El salvador,,SLV,0,Exportacion,", SLV.","Blvd Vijosa calle L-1 N 44-C ciudad Merliot, Santa Tecla departamento La libertad El salvador, 00000, , SLV",,Blvd Vijosa calle L-1 N 44-C ciudad Merliot_x000D__x000D_00000 SANTA TECLA DEPARTAMENTO LA LIBERTAD EL SALVADOR_x000D_EL SALVADOR,(503) 2441 1974,XEXX010101000
244246,SUSTITUYEN LOS PEDIDOS: 192732 Y 193721,194752.0,13,2026-09-23 00:00:00,2026-12-22 00:00:00,C04813,CORPORACION CAFI SA DE CV,CORPORACION CAFI EL SALVADOR,10986.55,0,0.0,10986.55,638.0,4052-J07,,25,CJA,Blvd Vijosa calle L-1 N 44-C ciudad Merliot,Santa Tecla departamento La libertad El salvador,,SLV,0,Exportacion,", SLV.","Blvd Vijosa calle L-1 N 44-C ciudad Merliot, Santa Tecla departamento La libertad El salvador, 00000, , SLV",,Blvd Vijosa calle L-1 N 44-C ciudad Merliot_x000D__x000D_00000 SANTA TECLA DEPARTAMENTO LA LIBERTAD EL SALVADOR_x000D_EL SALVADOR,(503) 2441 1974,XEXX010101000
244246,SUSTITUYEN LOS PEDIDOS: 192732 Y 193721,194752.0,13,2026-09-23 00:00:00,2026-12-22 00:00:00,C04813,CORPORACION CAFI SA DE CV,CORPORACION CAFI EL SALVADOR,4413.56,0,0.0,4413.56,256.3,4052-J08,,10,CJA,Blvd Vijosa calle L-1 N 44-C ciudad Merliot,Santa Tecla departamento La libertad El salvador,,SLV,0,Exportacion,", SLV.","Blvd Vijosa calle L-1 N 44-C ciudad Merliot, Santa Tecla departamento La libertad El salvador, 00000, , SLV",,Blvd Vijosa calle L-1 N 44-C ciudad Merliot_x000D__x000D_00000 SANTA TECLA DEPARTAMENTO LA LIBERTAD EL SALVADOR_x000D_EL SALVADOR,(503) 2441 1974,XEXX010101000
244246,SUSTITUYEN LOS PEDIDOS: 192732 Y 193721,194752.0,13,2026-09-23 00:00:00,2026-12-22 00:00:00,C04813,CORPORACION CAFI SA DE CV,CORPORACION CAFI EL SALVADOR,13540.32,0,0.0,13540.32,786.3,4052-L17,,30,CJA,Blvd Vijosa calle L-1 N 44-C ciudad Merliot,Santa Tecla departamento La libertad El salvador,,SLV,0,Exportacion,", SLV.","Blvd Vijosa calle L-1 N 44-C ciudad Merliot, Santa Tecla departamento La libertad El salvador, 00000, , SLV",,Blvd Vijosa calle L-1 N 44-C ciudad Merliot_x000D__x000D_00000 SANTA TECLA DEPARTAMENTO LA LIBERTAD EL SALVADOR_x000D_EL SALVADOR,(503) 2441 1974,XEXX010101000
244246,SUSTITUYEN LOS PEDIDOS: 192732 Y 193721,194752.0,13,2026-09-23 00:00:00,2026-12-22 00:00:00,C04813,CORPORACION CAFI SA DE CV,CORPORACION CAFI EL SALVADOR,9478.23,0,0.0,9478.23,550.41,4052-L18,,21,CJA,Blvd Vijosa calle L-1 N 44-C ciudad Merliot,Santa Tecla departamento La libertad El salvador,,SLV,0,Exportacion,", SLV.","Blvd Vijosa calle L-1 N 44-C ciudad Merliot, Santa Tecla departamento La libertad El salvador, 00000, , SLV",,Blvd Vijosa calle L-1 N 44-C ciudad Merliot_x000D__x000D_00000 SANTA TECLA DEPARTAMENTO LA LIBERTAD EL SALVADOR_x000D_EL SALVADOR,(503) 2441 1974,XEXX010101000
244246,SUSTITUYEN LOS PEDIDOS: 192732 Y 193721,194752.0,13,2026-09-23 00:00:00,2026-12-22 00:00:00,C04813,CORPORACION CAFI SA DE CV,CORPORACION CAFI EL SALVADOR,4513.44,0,0.0,4513.44,262.1,4052-L19,,10,CJA,Blvd Vijosa calle L-1 N 44-C ciudad Merliot,Santa Tecla departamento La libertad El salvador,,SLV,0,Exportacion,", SLV.","Blvd Vijosa calle L-1 N 44-C ciudad Merliot, Santa Tecla departamento La libertad El salvador, 00000, , SLV",,Blvd Vijosa calle L-1 N 44-C ciudad Merliot_x000D__x000D_00000 SANTA TECLA DEPARTAMENTO LA LIBERTAD EL SALVADOR_x000D_EL SALVADOR,(503) 2441 1974,XEXX010101000
244246,SUSTITUYEN LOS PEDIDOS: 192732 Y 193721,194752.0,13,2026-09-23 00:00:00,2026-12-22 00:00:00,C04813,CORPORACION CAFI SA DE CV,CORPORACION CAFI EL SALVADOR,6032.27,0,0.0,6032.27,350.3,4052-L41,,10,CJA,Blvd Vijosa calle L-1 N 44-C ciudad Merliot,Santa Tecla departamento La libertad El salvador,,SLV,0,Exportacion,", SLV.","Blvd Vijosa calle L-1 N 44-C ciudad Merliot, Santa Tecla departamento La libertad El salvador, 00000, , SLV",,Blvd Vijosa calle L-1 N 44-C ciudad Merliot_x000D__x000D_00000 SANTA TECLA DEPARTAMENTO LA LIBERTAD EL SALVADOR_x000D_EL SALVADOR,(503) 2441 1974,XEXX010101000
244246,SUSTITUYEN LOS PEDIDOS: 192732 Y 193721,194752.0,13,2026-09-23 00:00:00,2026-12-22 00:00:00,C04813,CORPORACION CAFI SA DE CV,CORPORACION CAFI EL SALVADOR,3016.14,0,0.0,3016.14,175.15,4052-L43,,5,CJA,Blvd Vijosa calle L-1 N 44-C ciudad Merliot,Santa Tecla departamento La libertad El salvador,,SLV,0,Exportacion,", SLV.","Blvd Vijosa calle L-1 N 44-C ciudad Merliot, Santa Tecla departamento La libertad El salvador, 00000, , SLV",,Blvd Vijosa calle L-1 N 44-C ciudad Merliot_x000D__x000D_00000 SANTA TECLA DEPARTAMENTO LA LIBERTAD EL SALVADOR_x000D_EL SALVADOR,(503) 2441 1974,XEXX010101000
244246,SUSTITUYEN LOS PEDIDOS: 192732 Y 193721,194752.0,13,2026-09-23 00:00:00,2026-12-22 00:00:00,C04813,CORPORACION CAFI SA DE CV,CORPORACION CAFI EL SALVADOR,15080.68,0,0.0,15080.68,875.75,4052-L45,,25,CJA,Blvd Vijosa calle L-1 N 44-C ciudad Merliot,Santa Tecla departamento La libertad El salvador,,SLV,0,Exportacion,", SLV.","Blvd Vijosa calle L-1 N 44-C ciudad Merliot, Santa Tecla departamento La libertad El salvador, 00000, , SLV",,Blvd Vijosa calle L-1 N 44-C ciudad Merliot_x000D__x000D_00000 SANTA TECLA DEPARTAMENTO LA LIBERTAD EL SALVADOR_x000D_EL SALVADOR,(503) 2441 1974,XEXX010101000
244246,SUSTITUYEN LOS PEDIDOS: 192732 Y 193721,194752.0,13,2026-09-23 00:00:00,2026-12-22 00:00:00,C04813,CORPORACION CAFI SA DE CV,CORPORACION CAFI EL SALVADOR,15153.86,0,0.0,15153.86,880.0,8014-J03,,16,CJA,Blvd Vijosa calle L-1 N 44-C ciudad Merliot,Santa Tecla departamento La libertad El salvador,,SLV,0,Exportacion,", SLV.","Blvd Vijosa calle L-1 N 44-C ciudad Merliot, Santa Tecla departamento La libertad El salvador, 00000, , SLV",,Blvd Vijosa calle L-1 N 44-C ciudad Merliot_x000D__x000D_00000 SANTA TECLA DEPARTAMENTO LA LIBERTAD EL SALVADOR_x000D_EL SALVADOR,(503) 2441 1974,XEXX010101000
244246,SUSTITUYEN LOS PEDIDOS: 192732 Y 193721,194752.0,13,2026-09-23 00:00:00,2026-12-22 00:00:00,C04813,CORPORACION CAFI SA DE CV,CORPORACION CAFI EL SALVADOR,21325.62,0,0.0,21325.62,1238.4,8014-L20,,15,CJA,Blvd Vijosa calle L-1 N 44-C ciudad Merliot,Santa Tecla departamento La libertad El salvador,,SLV,0,Exportacion,", SLV.","Blvd Vijosa calle L-1 N 44-C ciudad Merliot, Santa Tecla departamento La libertad El salvador, 00000, , SLV",,Blvd Vijosa calle L-1 N 44-C ciudad Merliot_x000D__x000D_00000 SANTA TECLA DEPARTAMENTO LA LIBERTAD EL SALVADOR_x000D_EL SALVADOR,(503) 2441 1974,XEXX010101000
244246,SUSTITUYEN LOS PEDIDOS: 192732 Y 193721,194752.0,13,2026-09-23 00:00:00,2026-12-22 00:00:00,C04813,CORPORACION CAFI SA DE CV,CORPORACION CAFI EL SALVADOR,14217.08,0,0.0,14217.08,825.6,8014-L21,,10,CJA,Blvd Vijosa calle L-1 N 44-C ciudad Merliot,Santa Tecla departamento La libertad El salvador,,SLV,0,Exportacion,", SLV.","Blvd Vijosa calle L-1 N 44-C ciudad Merliot, Santa Tecla departamento La libertad El salvador, 00000, , SLV",,Blvd Vijosa calle L-1 N 44-C ciudad Merliot_x000D__x000D_00000 SANTA TECLA DEPARTAMENTO LA LIBERTAD EL SALVADOR_x000D_EL SALVADOR,(503) 2441 1974,XEXX010101000
244246,SUSTITUYEN LOS PEDIDOS: 192732 Y 193721,194752.0,13,2026-09-23 00:00:00,2026-12-22 00:00:00,C04813,CORPORACION CAFI SA DE CV,CORPORACION CAFI EL SALVADOR,48338.07,0,0.0,48338.07,2807.04,8014-L22,,34,CJA,Blvd Vijosa calle L-1 N 44-C ciudad Merliot,Santa Tecla departamento La libertad El salvador,,SLV,0,Exportacion,", SLV.","Blvd Vijosa calle L-1 N 44-C ciudad Merliot, Santa Tecla departamento La libertad El salvador, 00000, , SLV",,Blvd Vijosa calle L-1 N 44-C ciudad Merliot_x000D__x000D_00000 SANTA TECLA DEPARTAMENTO LA LIBERTAD EL SALVADOR_x000D_EL SALVADOR,(503) 2441 1974,XEXX010101000
244246,SUSTITUYEN LOS PEDIDOS: 192732 Y 193721,194752.0,13,2026-09-23 00:00:00,2026-12-22 00:00:00,C04813,CORPORACION CAFI SA DE CV,CORPORACION CAFI EL SALVADOR,11373.66,0,0.0,11373.66,660.48,8014-L23,,8,CJA,Blvd Vijosa calle L-1 N 44-C ciudad Merliot,Santa Tecla departamento La libertad El salvador,,SLV,0,Exportacion,", SLV.","Blvd Vijosa calle L-1 N 44-C ciudad Merliot, Santa Tecla departamento La libertad El salvador, 00000, , SLV",,Blvd Vijosa calle L-1 N 44-C ciudad Merliot_x000D__x000D_00000 SANTA TECLA DEPARTAMENTO LA LIBERTAD EL SALVADOR_x000D_EL SALVADOR,(503) 2441 1974,XEXX010101000
244246,SUSTITUYEN LOS PEDIDOS: 192732 Y 193721,194752.0,13,2026-09-23 00:00:00,2026-12-22 00:00:00,C04813,CORPORACION CAFI SA DE CV,CORPORACION CAFI EL SALVADOR,11373.66,0,0.0,11373.66,660.48,8014-L24,,8,CJA,Blvd Vijosa calle L-1 N 44-C ciudad Merliot,Santa Tecla departamento La libertad El salvador,,SLV,0,Exportacion,", SLV.","Blvd Vijosa calle L-1 N 44-C ciudad Merliot, Santa Tecla departamento La libertad El salvador, 00000, , SLV",,Blvd Vijosa calle L-1 N 44-C ciudad Merliot_x000D__x000D_00000 SANTA TECLA DEPARTAMENTO LA LIBERTAD EL SALVADOR_x000D_EL SALVADOR,(503) 2441 1974,XEXX010101000
244247,,194672.0,1,2026-09-23 00:00:00,2026-09-23 00:00:00,C09161,SKYLINE BY COSMOPOLITAN,INDIGO TIJUANA,2797.92,0,447.67,3245.59,0.0,4052-L45,,6,CJA,"DÍAZ MIRÓN, CALLE CUARTA, AV. REVOLUCIÓN",ZONA CENTRO,TIJUANA,BC,22000,Cobro Regreso,"TIJUANA, BC.","DÍAZ MIRÓN, CALLE CUARTA, AV. REVOLUCIÓN, ZONA CENTRO, 22000, TIJUANA, BC",,"(BLVD.) GENERAL RODOLFO SANCHEZ TABOADA 9551 INT 703A   ZONA URBANA RIO TIJUANA_x000D__x000D_TIJUANA,22010, BC_x000D_MX",664 280 8749,SBC211020912
244247,,194672.0,1,2026-09-23 00:00:00,2026-09-23 00:00:00,C09161,SKYLINE BY COSMOPOLITAN,INDIGO TIJUANA,2797.92,0,447.67,3245.59,0.0,4052-L41,,6,CJA,"DÍAZ MIRÓN, CALLE CUARTA, AV. REVOLUCIÓN",ZONA CENTRO,TIJUANA,BC,22000,Cobro Regreso,"TIJUANA, BC.","DÍAZ MIRÓN, CALLE CUARTA, AV. REVOLUCIÓN, ZONA CENTRO, 22000, TIJUANA, BC",,"(BLVD.) GENERAL RODOLFO SANCHEZ TABOADA 9551 INT 703A   ZONA URBANA RIO TIJUANA_x000D__x000D_TIJUANA,22010, BC_x000D_MX",664 280 8749,SBC211020912
244247,,194672.0,1,2026-09-23 00:00:00,2026-09-23 00:00:00,C09161,SKYLINE BY COSMOPOLITAN,INDIGO TIJUANA,1865.28,0,298.44,2163.72,0.0,4052-L44,,4,CJA,"DÍAZ MIRÓN, CALLE CUARTA, AV. REVOLUCIÓN",ZONA CENTRO,TIJUANA,BC,22000,Cobro Regreso,"TIJUANA, BC.","DÍAZ MIRÓN, CALLE CUARTA, AV. REVOLUCIÓN, ZONA CENTRO, 22000, TIJUANA, BC",,"(BLVD.) GENERAL RODOLFO SANCHEZ TABOADA 9551 INT 703A   ZONA URBANA RIO TIJUANA_x000D__x000D_TIJUANA,22010, BC_x000D_MX",664 280 8749,SBC211020912
244247,,194672.0,1,2026-09-23 00:00:00,2026-09-23 00:00:00,C09161,SKYLINE BY COSMOPOLITAN,INDIGO TIJUANA,1865.28,0,298.44,2163.72,0.0,4052-L43,,4,CJA,"DÍAZ MIRÓN, CALLE CUARTA, AV. REVOLUCIÓN",ZONA CENTRO,TIJUANA,BC,22000,Cobro Regreso,"TIJUANA, BC.","DÍAZ MIRÓN, CALLE CUARTA, AV. REVOLUCIÓN, ZONA CENTRO, 22000, TIJUANA, BC",,"(BLVD.) GENERAL RODOLFO SANCHEZ TABOADA 9551 INT 703A   ZONA URBANA RIO TIJUANA_x000D__x000D_TIJUANA,22010, BC_x000D_MX",664 280 8749,SBC211020912
244247,,194672.0,1,2026-09-23 00:00:00,2026-09-23 00:00:00,C09161,SKYLINE BY COSMOPOLITAN,INDIGO TIJUANA,1398.96,0,223.83,1622.79,0.0,4052-L46,,3,CJA,"DÍAZ MIRÓN, CALLE CUARTA, AV. REVOLUCIÓN",ZONA CENTRO,TIJUANA,BC,22000,Cobro Regreso,"TIJUANA, BC.","DÍAZ MIRÓN, CALLE CUARTA, AV. REVOLUCIÓN, ZONA CENTRO, 22000, TIJUANA, BC",,"(BLVD.) GENERAL RODOLFO SANCHEZ TABOADA 9551 INT 703A   ZONA URBANA RIO TIJUANA_x000D__x000D_TIJUANA,22010, BC_x000D_MX",664 280 8749,SBC211020912
244247,,194672.0,1,2026-09-23 00:00:00,2026-09-23 00:00:00,C09161,SKYLINE BY COSMOPOLITAN,INDIGO TIJUANA,1667.88,0,266.86,1934.74,0.0,4052-L38,,1,CJA,"DÍAZ MIRÓN, CALLE CUARTA, AV. REVOLUCIÓN",ZONA CENTRO,TIJUANA,BC,22000,Cobro Regreso,"TIJUANA, BC.","DÍAZ MIRÓN, CALLE CUARTA, AV. REVOLUCIÓN, ZONA CENTRO, 22000, TIJUANA, BC",,"(BLVD.) GENERAL RODOLFO SANCHEZ TABOADA 9551 INT 703A   ZONA URBANA RIO TIJUANA_x000D__x000D_TIJUANA,22010, BC_x000D_MX",664 280 8749,SBC211020912
244247,,194672.0,1,2026-09-23 00:00:00,2026-09-23 00:00:00,C09161,SKYLINE BY COSMOPOLITAN,INDIGO TIJUANA,1667.88,0,266.86,1934.74,0.0,4052-L35,,1,CJA,"DÍAZ MIRÓN, CALLE CUARTA, AV. REVOLUCIÓN",ZONA CENTRO,TIJUANA,BC,22000,Cobro Regreso,"TIJUANA, BC.","DÍAZ MIRÓN, CALLE CUARTA, AV. REVOLUCIÓN, ZONA CENTRO, 22000, TIJUANA, BC",,"(BLVD.) GENERAL RODOLFO SANCHEZ TABOADA 9551 INT 703A   ZONA URBANA RIO TIJUANA_x000D__x000D_TIJUANA,22010, BC_x000D_MX",664 280 8749,SBC211020912
244247,,194672.0,1,2026-09-23 00:00:00,2026-09-23 00:00:00,C09161,SKYLINE BY COSMOPOLITAN,INDIGO TIJUANA,1667.88,0,266.86,1934.74,0.0,4052-L37,,1,CJA,"DÍAZ MIRÓN, CALLE CUARTA, AV. REVOLUCIÓN",ZONA CENTRO,TIJUANA,BC,22000,Cobro Regreso,"TIJUANA, BC.","DÍAZ MIRÓN, CALLE CUARTA, AV. REVOLUCIÓN, ZONA CENTRO, 22000, TIJUANA, BC",,"(BLVD.) GENERAL RODOLFO SANCHEZ TABOADA 9551 INT 703A   ZONA URBANA RIO TIJUANA_x000D__x000D_TIJUANA,22010, BC_x000D_MX",664 280 8749,SBC211020912
244247,,194672.0,1,2026-09-23 00:00:00,2026-09-23 00:00:00,C09161,SKYLINE BY COSMOPOLITAN,INDIGO TIJUANA,1667.88,0,266.87,1934.74,0.0,4052-L36,Body Lotion Cava,1,CJA,"DÍAZ MIRÓN, CALLE CUARTA, AV. REVOLUCIÓN",ZONA CENTRO,TIJUANA,BC,22000,Cobro Regreso,"TIJUANA, BC.","DÍAZ MIRÓN, CALLE CUARTA, AV. REVOLUCIÓN, ZONA CENTRO, 22000, TIJUANA, BC",,"(BLVD.) GENERAL RODOLFO SANCHEZ TABOADA 9551 INT 703A   ZONA URBANA RIO TIJUANA_x000D__x000D_TIJUANA,22010, BC_x000D_MX",664 280 8749,SBC211020912
244248,HG-13561,194753.0,1,2026-09-23 00:00:00,2026-10-08 00:00:00,C07173,DIMISE DESARROLLOS,CITY EXPRESS GUADALAJARA AEROPUERTO (CEGDA),414.96,0,66.39,481.35,0.0,4051-J04,,1,CJA,CARRETERA GUADALAJARA A CHAPALA  #7610,LAS PINTITAS,EL SALTO,JAL,45693,Cobro Destino,"EL SALTO, JAL.","CARRETERA GUADALAJARA A CHAPALA  #7610, LAS PINTITAS, 45693, EL SALTO, JAL",,"CARRETERA GUADALAJARA A CHAPALA  #7610   LAS PINTITAS_x000D__x000D_EL SALTO,45693, JAL_x000D_MX",01-33-80-00-07-60,DDE150929FM8
244248,HG-13561,194753.0,1,2026-09-23 00:00:00,2026-10-08 00:00:00,C07173,DIMISE DESARROLLOS,CITY EXPRESS GUADALAJARA AEROPUERTO (CEGDA),644.28,0,103.09,747.36,0.0,4051-J03,,1,CJA,CARRETERA GUADALAJARA A CHAPALA  #7610,LAS PINTITAS,EL SALTO,JAL,45693,Cobro Destino,"EL SALTO, JAL.","CARRETERA GUADALAJARA A CHAPALA  #7610, LAS PINTITAS, 45693, EL SALTO, JAL",,"CARRETERA GUADALAJARA A CHAPALA  #7610   LAS PINTITAS_x000D__x000D_EL SALTO,45693, JAL_x000D_MX",01-33-80-00-07-60,DDE150929FM8
244249,RR-11723,194754.0,1,2026-09-23 00:00:00,2026-10-08 00:00:00,C07494,IMPULSORA PLAZA TAMAULIPAS,CITY EXPRESS PLUS TAMPICO (CPTAM),644.28,0,103.09,747.36,0.0,4051-J03,,1,CJA,AVENIDA HIDALGO 2005-A,SMITH,TAMPICO,TAM,89140,Cobro Destino,"TAMPICO, TAM.","AVENIDA HIDALGO 2005-A, SMITH, 89140, TAMPICO, TAM",,"AVENIDA HIDALGO 2005-A   SMITH_x000D__x000D_TAMPICO,05348, TAM_x000D_MX",83-34-78-03-40,IPT0507261R5
244249,RR-11723,194754.0,1,2026-09-23 00:00:00,2026-10-08 00:00:00,C07494,IMPULSORA PLAZA TAMAULIPAS,CITY EXPRESS PLUS TAMPICO (CPTAM),1005.73,0,160.91,1166.65,0.0,4051-L12,,1,CJA,AVENIDA HIDALGO 2005-A,SMITH,TAMPICO,TAM,89140,Cobro Destino,"TAMPICO, TAM.","AVENIDA HIDALGO 2005-A, SMITH, 89140, TAMPICO, TAM",,"AVENIDA HIDALGO 2005-A   SMITH_x000D__x000D_TAMPICO,05348, TAM_x000D_MX",83-34-78-03-40,IPT0507261R5
244249,RR-11723,194754.0,1,2026-09-23 00:00:00,2026-10-08 00:00:00,C07494,IMPULSORA PLAZA TAMAULIPAS,CITY EXPRESS PLUS TAMPICO (CPTAM),829.92,0,132.79,962.71,0.0,4051-J04,,2,CJA,AVENIDA HIDALGO 2005-A,SMITH,TAMPICO,TAM,89140,Cobro Destino,"TAMPICO, TAM.","AVENIDA HIDALGO 2005-A, SMITH, 89140, TAMPICO, TAM",,"AVENIDA HIDALGO 2005-A   SMITH_x000D__x000D_TAMPICO,05348, TAM_x000D_MX",83-34-78-03-40,IPT0507261R5
244250,SUSTITUYE PEDIDO 191985,194211.0,1,2026-09-24 00:00:00,2026-11-23 00:00:00,C09421,GRUPO AGC INTERNACIONAL,GRUPO AGC,481320.0,0,77011.2,558331.2,0.0,C09421-L07,,4200,CJA,AV. 18 DE MARZO 704 BODEGA ALCE,LA NOGALERA,GUADALAJARA,JAL,44470,Transporte LOCAL,"GUADALAJARA, JAL.","AV. 18 DE MARZO 704 BODEGA ALCE, LA NOGALERA, 44470, GUADALAJARA, JAL",,"AV LAZARO CARDENAS 2825   ALAMO INDUSTRIAL_x000D__x000D_SAN PEDRO TLAQUEPAQUE,45593, JAL_x000D_MX",33 31 22 78 26,GAI220912B38
